order,m1,m2,m3,m4,m5,m6,m7,m8,m9,m10,m11,m12,m13,m14,m15,m16,m17,m18,m19,m20,m21,m22,m23,m24,m25,m26,m27,m28,m29,m30,m31,m32,m33,m34,m35,m36,m37,m38,m39,m40,m41,m42,m43,m44,m45,m46,m47,m48,m49,m50,m51,m52,m53,m54,m55,m56,m57,m58,m59,m60,m61,m62,m63,m64,m65,m66,m67,m68,m69,m70,m71,m72,m73,m74,m75,m76,m77,m78,m79,m80,m81,m82,m83,m84,m85,m86,m87,m88,m89,m90,m91,m92,m93,m94,m95,m96,m97,m98,m99
1,.0025676817963913,.0000171559717606,.0013684443252034,-.0002486839508643,.00082234311713,.0009111257889395,.0008285471964733,.0006708547431171,.0002459378898657,.0010419692736626,.0027724066803029,.0009169234004551,.00107515149553,.0013945615258035,.0009119768390249,.0006303307116418,.0011149887628934,.0005271934102315,-.000222858726642,.0002474188783425,-.0000738971895528,.0005284882052305,-.0000999937574489,-.0000136460586282,-.0000116733876629,-.0000275874161665,-.0000457461932607,.0000807843738993,.0002051467949756,.0000337754557395,.000041743825297,-.0000552492615836,-.0001060680569763,-.0001362963836467,-.0001231818310214,-.0001572276563543,-.0003275302406932,.0001875083146869,.0000138599837801,-.0000143051280666,-1.33628238140e-06,-.0000141768891657,2.31817998428e-06,-7.05376001870e-06,-6.13437826091e-06,6.70830484155e-06,.0001859416378678,.0001787466543867,.00022783827169,.0001501486265532,.000500616344144,.0009286816389037,.000583782711064,.000822777290057,-1.71927734129e-07,1.31206944176e-07,.0000120759374333,7.41951977736e-06,.0000113975266729,1.64872161179e-06,.000026419533853,.0001507508389576,.0000956808693868,.0000775388066277,-.0003494987771609,.0000819810311251,.0085521231238094,.000037819869688,-.0006200634624482,4.27644395014e-06,-.000211860126885,-6.29187269315e-06,.0003432067353543,.0001696325432636,.0000771145448686,.0003285418977611,.0001379949203348,.000076917848926,.0000545413373757,.000038146223156,.0001476576053952,.1081322545780153,.0624810551900756,.0017875931002767,.027745779756316,.0194551321234724,.0014642367719577,.0011259956039502,.0004977642686502,.0006303028951268,.0002739082288584,.0005273057187029,.0009903141916102,.000111066572861,.0000408347595433,.0002441013684439,.0000435885130204,.0000749794270426,.0001208916987519
2,.0000171559717606,4.87404783599e-06,-.0000339678449245,-.0000105366325153,-.0000567189101747,-3.16979345663e-06,-.000093735118606,-2.79348774298e-06,-8.75039494589e-06,-8.59297352836e-07,.0000132175338591,-8.70886891918e-06,-.0000108406035599,-5.40168358339e-06,.0000336076393466,.0000191962853347,-.0000101008762823,.0000162894350611,-.0000259240522279,3.49272251425e-06,.000011537489885,.0000490287549962,2.98285330205e-06,-4.13670800903e-06,-6.15348830703e-06,-2.18847108106e-06,1.65752085538e-07,3.06316327522e-06,1.71827082677e-06,3.84596045371e-06,4.52776894821e-06,4.63197532871e-06,-2.58804111987e-06,5.08975722340e-07,-1.80555574208e-06,6.70384008613e-06,-1.28754391636e-06,-1.71234131613e-06,-9.84552654508e-08,1.53545429015e-08,-4.26823620619e-07,-2.81878922238e-07,-6.06317523787e-07,-5.47762888197e-07,-3.14390491905e-07,2.38955249568e-07,4.30344733189e-06,1.79165009422e-06,.0000104186038438,.0000104770476761,3.96550519056e-06,4.16120704646e-06,2.05105402270e-06,2.94323272803e-06,-2.16333620868e-07,-1.89897813771e-07,1.60300560403e-07,1.73558994981e-08,-7.21801010162e-08,-2.47655833782e-07,-1.51559697909e-07,2.32336983965e-06,1.13984732270e-06,2.35871108562e-06,-.0000748307468422,1.14950155289e-07,-.000012513487437,1.41243481456e-06,5.73459134412e-06,-7.91611806161e-07,2.62537428918e-07,-.0000697691676964,5.06160339895e-06,5.89513349361e-06,2.40480445995e-07,9.27889475791e-07,2.68344710646e-06,1.31566234207e-06,1.32533170207e-06,1.88560992773e-06,3.48375358132e-07,.0001868756342089,-.0005181044040887,.0000394366165618,.0001775369022516,.0001768397599946,.0000200326810107,.0000145718826726,-4.48199469705e-07,-3.90032504755e-06,1.60354845378e-06,2.91445132579e-06,-2.60056700810e-06,1.70068514933e-06,1.29157722932e-06,-3.60741235910e-06,-4.99931356483e-06,3.26756120303e-06,2.43224719221e-06
3,.0013684443252034,-.0000339678449245,.2442758154570428,.0100308068312716,.0096164049773358,.0181011710197943,-.0115513869877664,-.009135450774114,.0009915700171452,.0057803902984856,.0126786199201922,.0022248207612016,-.0042696702462601,.0068959469692203,.002446442115622,.0073036486223254,.0075115797347407,-.0099267284690263,-.0216707695357188,.003571055849352,-.0020402347991061,-.0180796240221602,.0076865107812339,.000155223556082,-.0007119416660677,-3.76909527838e-06,-.0001597358237365,-.0004772011406644,-.0010811778870632,.0001480220656018,.0006665594151146,.0019679341157321,.0001938882783208,-.0007240776286882,.0005332915553168,-.005479709986923,-.0036863395377654,-.0041811186599129,-.0000248491616431,1.00717982511e-06,-.0001577236202538,.0000182101990632,-.0000364495415398,-.0000927584961958,-.0000516583656309,-.0000556020380627,.0006132936927244,.0000737257255163,.0001110237766912,-.0002257972651982,.0002253062138646,-.0008472107909835,-.0006811613256465,-.0022188081230933,.0000438454040111,.0000327380344703,.0000269476797077,5.80826940896e-06,.0000241614348315,-.0000598418702585,.0000556253041655,-.0000489546694213,.0000196040999398,-.0009648651872408,.0085607285177545,-.0000509320791345,.0015655039834305,-.0001310028268445,-.0024042541359061,.0001993543665889,-.0001643782244826,.0032444939408558,-.0053162627841813,.0000378892731615,-.0002715041340985,.001075629758909,-.0000140065753466,.0002228064583702,-.0010448825879626,-.0000941190779671,-.0003371036483269,-.1590312610104008,-.0668746186483983,.0205904699763102,.2393195625110806,.2438520246527605,.0007118345761684,.00047076297498,-.000010322779757,-.0007088849954978,-.0001218225662525,.0007208661495879,-.0022106482888942,.0003985027942788,-7.97374483417e-06,.002407748817562,-.0001308582773229,-.000372365933758,-.0005045321080673
4,-.0002486839508643,-.0000105366325153,.0100308068312716,.110904636615366,.0015885929460291,.0177913430422427,.0108903594509756,.0013662601489689,.010493521948268,.013370624879916,.005736470755698,.0071521070328517,.0006773888645658,.0083744725343087,.017623503467713,.0001918459908822,.0103431532543644,-.0125795353747631,-.0120168109612498,-.0022381814294276,-.0011829082919813,-.0070915405445541,.005774026426071,-.0006818042738292,-.0015173044265602,-.0002835314398093,-.0000389549031866,.0001508052820384,-.0001547224426133,-.0003892033989525,-.0000557493315665,-.0005104346807781,-.0003256380302816,.001181841532581,-.0008767431500979,5.76865846313e-07,.0019837809280894,-.001621274227671,-.0000620148045178,-.0002115652779598,.000062528090381,-.0000394988316046,.0000797472017475,.0000486322059868,.0000572439857833,-.0000745831001327,-.0001189203242601,-.0002418471531849,.0008229332544282,.000970756824182,.0001884557764297,-.0000269628122549,.0001320407850117,.0009269767021853,-.000023962663417,2.82142181051e-06,.0000473543172487,.0000356474276518,.0000153858263778,-.0000288687134904,.0000122342454938,.00035817660224,.0003103822873912,.000420106772602,.0050603534813132,-.0001232633352802,.0294330780754681,-.0001037453611748,.0003773620392212,-1.43785717931e-06,.0005140051432004,.0033141000255209,-.0017462517968013,-.0003591971453917,-.0000666377052405,.0000758261981912,.0002458904705201,.0001230328194146,.0004631021492378,.0003326249404196,.0003844425467773,-.1098519110842034,-.032876680752396,.0132241866473931,-.0207586769427103,-.021551469869606,-.0000382826628647,-.0001505630127353,.0004359639907973,.000332405036391,.0003024098679698,.0008342024461635,.0007881531864285,.0002240303739358,.0001053963423858,-.0007871858357108,.0001872465060478,.0004032281748731,-.0001320436472403
5,.00082234311713,-.0000567189101747,.0096164049773358,.0015885929460291,.2114635715385558,.0131976807666108,.0098257341568119,-.0089248116797286,.0150072939776128,.0116789412170795,.0138434949928743,-.0001617987113082,.0155474931982343,.010312250792727,.0149393431479201,.0147522761960845,.0126158720461793,-.0121782953798395,.003896168202148,.0029079169288719,-.0112065858343726,-.0195264745075353,.0041152493796575,.0005444587080737,.0012901974861901,.000362050519578,.0001270289998337,.0001216677363903,-.0004942656859365,-.0003504912948672,-.0002429606582859,.00042963842724,-.0002590197745425,-5.17142324308e-06,-.0009885284977628,.0019263836780905,.0022676925771242,.0000767912611355,-.0002475974636219,-.0001031539576042,.0000263432554519,.0000321478568607,-.0000128765020975,.0000251304329066,.0000867137406619,.0000532879494999,.0001706960419961,-.0004547972038431,.0005500750813388,.0010536523165868,.0004030391620743,.0004484836695563,.0005717948719339,.0012576438178825,-.0000195932210631,-6.46184135834e-06,6.65839275214e-06,.0000259747737281,.0000615187783029,.0000692261065163,.000032028019598,-4.14310183275e-06,-.0001811027404028,-.0000318579723272,.009438839445098,.0001412524557573,.0126604484193808,-.0001866914693263,-.0017766399703706,.0001258497601594,-.0003888171470285,.0049012974435966,-.0045375303535806,-.0005786112118954,-.0006070142447981,.0011511513115167,.0001091538531274,-.0001057866012055,.0001464710475023,.0000377949861679,.0000735788441928,.2873777263431244,.0696728090690996,.0089212013894164,.0993387057846879,.0856244032254219,.0004175328522133,.0000132022456935,.0001928326064311,.0004627378807091,-.0006545326961554,.0011301598193197,.0010149054901348,-.000073159870181,.0001828628964548,.0053491816905205,-.000342912344525,-.0004526203022462,-.0001143780622088
6,.0009111257889395,-3.16979345663e-06,.0181011710197943,.0177913430422427,.0131976807666108,.3337550633883528,.0054695057518977,.000613665914449,.0078024665488662,.0088815522258721,.0150004276417516,.0138422172219934,.0097581999891616,.0061749722512238,.0104613044431656,.0131381193053864,.008831371022596,-.0232184792349722,.0510520079835085,-.002080346419703,.0019172452485671,-.0566609984676089,-.0006698601793697,-.0009029800773034,.0009553765693915,.0002116710213117,.0001592785794286,.0002033828443256,.0003714118993346,-.0009652005142505,.0005472406232281,-.0013010704583523,.0006302379919078,-.0011897291943551,-.0003707153773906,-.000605027197728,.0043765249923593,-.0028789137571976,-.0002493088322907,8.09681882668e-06,-.0001028513929088,-.0001324601659475,.0000190122921065,-.000064058745116,-.0000988087847485,-.0001056341498086,.0003912858230901,-.0006322364787528,.0002511901438105,-.0001712787452165,.0011719752097772,.0027390392540395,.0010968482080025,.0014072623967158,.0000688347691183,9.80445736337e-06,.000042072126958,.0000449627141058,.0001047319512102,.0001466274526658,.0000497461933187,.0008327077255462,.0012226307566924,-.0008693584955595,.0175883264380189,.0000573247910353,.0558817064787091,-.0000838120527963,-.0013661878023327,.0002264053197279,.0002067675496102,.0051526296388771,-.0124357266997457,-.0000310361281443,.000682374337062,.0026614783204009,.000584310920429,.0010397212220503,-.0006953578158279,.0011651076665735,3.04104469409e-06,.1066528398658521,.1048517146724975,.0231106762593429,.1252435125455119,.1109398242937072,.001404599820603,.0008662664929306,-.0003413224241952,-.0008667911653181,-.0014458831706189,-.000215059694979,.0012332021917932,.0002435707505211,-7.79513976676e-06,-.0028397038821309,-.0012710240543089,-.0002890731398975,.0003451449916515
7,.0008285471964733,-.000093735118606,-.0115513869877664,.0108903594509756,.0098257341568119,.0054695057518977,.499210295148048,.0187254758629552,.0164379701462721,.0139858454805714,.0025807453768769,.033862372848783,.0200325928187776,-.0075231610572433,.0153100418182013,.0341181425456356,.007862266248638,-.0057206427981812,.1562022406986136,-.0035606007134013,-.0082972664305516,-.0715945501672167,-.008174217384211,-.0002021398681043,.0036921117702426,-.0008889953587945,.000731037343215,-.0008212106353178,-.0003908325010103,-.0012538691180922,-.0000350484656604,-.0030844377975268,.0017355237021593,-.0004435026287999,.0017218023101199,-.0000544924034707,.0002624334316459,-.0005658095434498,-.0003912443909787,-.0003309490270721,-.0001175598060697,-.0000585493904766,.0002185813786108,.0001977643647057,.0001955646441792,-.0000113220768931,-.0000656868085902,-.0000612211846779,-.0001150225201637,.000514847651826,.0002338740038448,-.0000127495242967,-.0004330088126161,-.0012615215078495,.0000917519006597,.0000792850004693,.0000168772386837,.0000800558052415,.0000534880072177,.0000778032703354,-.0000791749146196,.000355794129529,.0007371735924034,-.00062480841387,.0007885499740584,.0004634784614645,.0119130237752412,.0002776489170547,.0003783368057878,.0001494483728282,-.0003867621941917,.0190381558854488,.0182496262234924,.0007925011808119,.0041233275488709,.0005138969518089,.0003738574493097,.0003980643534868,-.0005631994013207,.0004780303165362,-.0001859451917947,.5584640002121101,.3538742218199268,-.0010164528084051,.1087365608516327,.0528900244250259,-.000503573641094,-.000169799916334,-.0005572667428568,-.0005490644670094,-.0011306312586202,.0003439774971246,-.0034603035536995,-.0000277227723438,.0001550019185486,.0006304400047511,-.0029897058067564,-.0023344340062522,-.0023726813351415
8,.0006708547431171,-2.79348774298e-06,-.009135450774114,.0013662601489689,-.0089248116797286,.000613665914449,.0187254758629552,.2482488865512993,.0201181395316542,.0114021608763861,.0176353702988185,.0207653218287566,.0349661601551635,.0286721102637723,.0081856283457796,.0178486824656021,-.0120975031633047,.0014059740026576,.0047590310780286,-.060733070358956,-.011083829393419,.0174939622086589,-.0275187811409539,-.0001225207464804,-.0003481025275036,-.001941003013621,.0008081415598161,-.000274870080683,.000114201691269,-.0010164273570196,-.000611037268386,-.0010403650650709,.0004440032577547,.0006631595306891,.0003920099413673,-.0008831413303278,-.0008478800958188,-.0022704782430381,-.0002227162604392,-.0000779881781816,-.0000444897220484,-.0001146786490267,.0000593764515798,-.0000355028311524,.000251137785553,.0000422362447285,.0004959624615421,.0004670196705793,.0006747486836543,.0005098387819126,-.000165982389881,-.0014662420248713,-.0001717111210369,-.000984018992232,.0000249499469732,-6.10398555103e-06,.0000144505951121,1.78581880399e-06,-.0000525255095756,-.0000793268725207,.0000217192044672,.0007125005551361,.0010735990508032,-.0008455585295633,-.0140349305928852,.0006084026711327,.0386060014315312,.0001994058653692,-.0025613207442755,.0000717389110922,-.0021432565892785,-.002642005315581,.0113929562273376,-.0000179717850141,.0017326847015609,-.0002429377734572,.0003232891955213,.0008212736392968,-.0007047298910183,.0008882004103578,.0001958615244664,.1391112224438914,.0808100576818641,.0048018780945749,-.0141475843240766,-.0131917962520104,-.0002399124611493,-.0001959256736819,.0000658963424637,-.0001924226287748,.000640322433141,-.0009057785922952,.0013254184010427,.0002396712250598,-6.44297128111e-07,.0002982674059736,.0012475362475534,.0000153729701082,-.0012477296031907
9,.0002459378898657,-8.75039494589e-06,.0009915700171452,.010493521948268,.0150072939776128,.0078024665488662,.0164379701462721,.0201181395316542,.2723556187927178,.0110497821921789,.0191843679670565,.0032223099012625,.0030042233673658,.0389424772251587,.0265220414924407,.0025763883994458,.0058662346993715,-.0023648338648491,.0073065582910226,-.0197075758951825,-.000390287959819,.0297500625459823,-.0269541147089653,-.0004189545918253,-.0013517576797489,-.0017949883387464,.0004588635613624,-.0001453098907134,.0007566959294149,-.000172414744818,.0009310261333516,.0002013622985085,.0015100577403956,-.0006936484736549,.0023777168960595,.0025659113933831,.0054653696059121,-.0007702970758396,.0000573420048128,.000046932022813,.0001089603519979,.0000926298164953,.0002477102249225,2.12910581695e-06,.0000107909918769,-.0000456993332405,.0000119869538353,.0006481526698055,-.0000732038097469,-.0003023656564448,.0001285123512822,-.0002241145212413,.0014174756069052,.0019845124355362,2.65580874457e-06,.0000190330613862,.0000437232274698,.0000593412102313,.000074315609635,.000104415911992,.000040216232734,.0003665894111823,.0005374289430415,-.0002445555909573,.0117518778886149,.0001260937889528,.0188950364317187,-.0000908089844131,-.0026605476557804,.0003232402497441,.0001280309051362,.0165482012215131,.0047963287077675,-.0005284312221949,.00014238592042,.0027844995036403,.0004675052233104,.0004035239092248,-.0003875684959996,.0005391564080617,-.0000861610830799,.4635932624187987,.2471941454548856,.0076578336710946,-.2960407396156993,-.2812278901026128,.0002301980676685,.0000514752367705,-.0000721525082997,-.0003617567431747,-.0000800903402149,-.0004571960492964,-.000751954146868,.0001491710639492,.0000480252408875,-.0015876123315582,-.0003636771858405,-.0004265320265641,-.0003059661258796
10,.0010419692736626,-8.59297352836e-07,.0057803902984856,.013370624879916,.0116789412170795,.0088815522258721,.0139858454805714,.0114021608763861,.0110497821921789,.1534118774739295,.0069122912309449,.0118734839071452,.0133640676728439,.0082266875401491,.0318231171726507,.0378675290896561,.0085971455128421,.0047865734328883,-.0007696650158959,.0060139454763689,-.001734378969387,.0127442649054451,-.0158073470267657,-.0002538811771755,-.0026135163382048,.0000475429940618,.0005291957127514,.0008369339948998,-.0003338141653783,-.0005020741448579,-.0001457580510789,-.0012447839991654,-.0011315456200731,-.0003462009895685,-.0019616593364862,-.0008998849194087,.0012967191245096,-.0000682319286033,8.84365054139e-06,-.0000100496178676,-.0001109839065397,-.0001008201160394,.0000945446788502,-.0000193713364572,.0000539899901426,.0000403304539634,.0001243389215059,.0002350247277414,.0003684540319561,.0004881344935861,-.0005263204864631,-.0007156720877981,.0012094463805104,.0030187608819979,4.69270481472e-06,2.82500588561e-06,.0000471746181658,.0000186438182359,.0000983821575831,.0000494279418501,.0000353269038339,.0003548434761504,.000400504897003,.0002844147940526,.0111232917611152,-.000092591683647,.0253966769354038,-.0000971472677185,.0001129961238374,.0000431658964794,.0005459035665186,.0051474506295618,-.0059758283675909,-.0000346952003699,-.0004262410351394,.0008638918285447,.000424062134814,.0003899283881489,.0004459353693357,.000404565042835,-.0001911346089697,.1112605149106589,.0687070305232594,.0134819021752609,.0103505635074114,.0232904401084014,.0005702985349488,.0003033089787428,.0016932690314234,.0022484147979128,.0001633098619362,.0017408478552883,.0046537762927081,.0002912183040804,.0000629972587644,.0002887459047796,-.000585939922864,.0005427916762165,-.0001200848094524
11,.0027724066803029,.0000132175338591,.0126786199201922,.005736470755698,.0138434949928743,.0150004276417516,.0025807453768769,.0176353702988185,.0191843679670565,.0069122912309449,.1692265946516441,.0068029100650514,.0150888106161347,.008328159956707,.0183282549109085,.044742095321248,.0465402650209595,.0084238122438362,-.0010338606315174,.0092378565658611,-.0053367624883393,.0215611442236806,-.0194001403745484,.0004873134677264,-.0001670991736197,-.0002059813989761,.0004025635219352,-.0001219452065535,-.0017782423950041,-.000605203088949,.0002089165916404,.0008022107395047,-.0007589344691001,-.0002888259239227,-.0000284168960641,.0009951531121499,-.0012152347012974,.000699272070153,-7.58892700410e-06,-.0001656779378273,-.0001325686376636,-.0000456592377757,.0001127738229152,.0000691206789238,.0001247918270528,.0000999196597486,.0001646863503535,-.0002930022148058,.0016140857858769,.0028192574886699,.0004921603143624,.0014552336905498,.0021090703029541,.0037532108273598,.0000186618473824,.0000234527461191,.0000895091655991,.0000617406207111,.0000784833773937,-5.98140630435e-06,.0001356260327094,.0005617947870571,.0005890504128504,-.0000641917634471,.0177821234514075,-.0000392958812225,.0229190718323858,.0000433897869066,-.0013069684506089,.0001660339863708,.0008449446501457,.012761235485356,-.0050208878553653,.0003440240127342,.0006366197338928,.0036516305594647,.0003621053848207,.0003044662243965,.0001981231759811,.0001975147542404,.0008036118074242,.4937670242654492,.3474041772860431,-.0003583294376911,-.030940044049867,-.0361868239762072,.0014570435025418,.0008213411896042,.0017598393332607,.0024519193000551,.0004765969220798,.0021192643241577,.0031222952527765,.0002338903354611,-.0000229835873582,.0001376130034233,.0005575850813272,.0001712814428201,.0001199847890825
12,.0009169234004551,-8.70886891918e-06,.0022248207612016,.0071521070328517,-.0001617987113082,.0138422172219934,.033862372848783,.0207653218287566,.0032223099012625,.0118734839071452,.0068029100650514,.1471016561573181,.0097122139424308,.0130383464834288,.0097219923772684,.0087097870255804,.0387412381008419,.0075329414500811,.0060089895413119,-.0058969433019223,-.031134350901396,.0122995769439428,-.0012442806946292,.0008667740465576,.0010356234757741,-.0004116685606928,.0000855192161824,.0004343479572819,.0000703149778691,-.0002050187328424,.0000174769161675,-.001389116343146,.0001467081477871,.0011478775003791,-.0000204037440562,-.0027580229641117,-.0014617167326973,-.003646134833784,.0001443356231941,.0000449006712263,.0001652493725077,.0001609934062942,.0000379305574938,-.0000200422551518,.0001477129042589,.0001537301786693,.0005286815936488,.0001607650636135,.0007167347031938,.0012225316004078,-.0001655060696174,-.0015899946505262,.0003709262463449,-.0001567363354682,-7.18033950220e-06,-.0000211714796655,.0000458800209059,.0001056129608568,.0000618577871096,-.0000124174897805,.0000322587287045,.0008719351200432,.0004095526556171,.000542390115925,-.0094438868352722,-.0002616333939294,.0480427863794248,.0004285852204598,.0016391878432451,.0000780880358494,.0020924970881176,.0127108668504387,.0221547415589802,.0012971586805617,.0025385894999497,.0027153012703973,.0006888905851934,.00047198401602,.000578646186692,.0001550084412879,.0011195611826941,-.0426101041594553,.0807813827278181,.0094292325983118,.0066559129124339,-.027281686292779,.0004895686106989,.0002554576636283,.0012868108684953,.0014726767563774,-2.25707507894e-07,.0030692834999024,.0012453765507187,.0004074541218143,.0000533019448154,.0004119511255278,-.0014842179916806,-.0000267558818421,.0004997873739372
13,.00107515149553,-.0000108406035599,-.0042696702462601,.0006773888645658,.0155474931982343,.0097581999891616,.0200325928187776,.0349661601551635,.0030042233673658,.0133640676728439,.0150888106161347,.0097122139424308,.1654345479093761,.0089595376747593,.0215099721228296,.0174256631305309,.0008902282519762,.0003445342282044,.0050784248934809,-.0034108972208159,-.0401239378101925,.0023058566337484,.0018104638206921,.0004473798522869,.0016363493668048,-.0004697939905405,-.0003102168432469,.0005992795859945,-.0001658992948053,-.0005080432648115,-.0015778094815953,.0001656237845499,-.0005530029328428,.0006718151768833,-.0017112174109596,.001156553498642,.0032465710459871,-.0034592057577801,.0000130057460171,-.000079819288394,.0000419446033377,-.0000576550060364,9.40090203811e-06,.0000336326553734,.0001806152383675,.0000124068128985,-.0004654885962803,-.0009477001341111,.0008406624195018,.0008999850167108,.0005255472362879,.0007582954629346,.0012971883141262,.001892613577954,-.0000165149665157,-8.62936682059e-06,.0000236979273496,.0000458103768316,.0001355244008111,.0001642314827461,.0000514046005148,.0004575653351257,.0003213787166388,.0003417072567571,-.0065123656138106,.000362460731048,.0506190834228332,.0002407861375284,-.0005565242365222,-.0000330256554777,-.000992326580881,.0035899733750519,.0101023272361107,.000906835491963,.0002691926132456,.0008340024696725,.0005765306967624,.0002639193102129,.0004300909769752,.0000226792868517,.0004704107079809,.2407813909621328,.1721983195771585,.0086728738720896,-.0182255896119302,-.025124798579867,.0004573863196179,.0002050812837177,.0014599116837822,.0016165948927181,.0004496924355142,.0015054256493256,.002662139723085,.0004223217431774,-.0000238895715302,-.0008688357129059,-.0004497176465974,.0000720782867778,.0006020889230506
14,.0013945615258035,-5.40168358339e-06,.0068959469692203,.0083744725343087,.010312250792727,.0061749722512238,-.0075231610572433,.0286721102637723,.0389424772251587,.0082266875401491,.008328159956707,.0130383464834288,.0089595376747593,.154145796365927,-.0012693827550259,-.0016501992941271,.0125813538996195,.0051882021339684,-.004589377876892,-.0090316223217001,-.0144224459100389,.0270999218024582,-.0007932045594292,.0001597632571538,-.0005906183568805,-.0014180809580404,-.0003523955609734,.0000430835676443,-.0001950623492894,.0005704376232357,.0009369333195645,-.0008124473445544,.0009774482999782,.0012930576663789,.0009388759175856,-.0004243775575435,.000024106075236,-.0000163059975739,.0000949249327138,4.10348283086e-06,-.0000135530049096,.0000530426298466,.000049392059793,-.0000130987022193,.0000920018447229,-.0000612526246374,.0004573172259044,.0008725629087475,.0004461110231497,.0002003039203778,-.000527704048287,-.0025296050971515,-.000246381362386,-.0007906015646262,-.0000100050132939,-.0000202593164752,.0000154717762231,.0000304999388949,.0000944054429779,.0000483205378317,5.18656720280e-06,.0005561513605324,.0004690801246017,-.0002979204031738,.0098682112950181,-.000646160374515,.0366383584189721,-.0003427527146152,.0023467824411355,.0001806613926425,.0020792641570541,.016160282922185,.0062920917813828,-.0015216676659807,-.0009841697521101,.0009299928998971,.000603021723429,.0004389767656102,-.0002311553680975,.000485887079359,.0001876214583903,.1140383288101935,.0814185479722097,.0113360281279133,.0581516579768617,.0335048128219733,-.0000615126162596,-.0001044530090566,.0008826212945122,.0005840950888998,.0000459664754193,.000633100992504,.0016284674055314,.0005626516216862,.0001151014850808,-.0014681755981061,-.0001199124682831,-.0003514081638042,-.0005252858788415
15,.0009119768390249,.0000336076393466,.002446442115622,.017623503467713,.0149393431479201,.0104613044431656,.0153100418182013,.0081856283457796,.0265220414924407,.0318231171726507,.0183282549109085,.0097219923772684,.0215099721228296,-.0012693827550259,.1276459683345008,.0086409312167172,.0066178142567268,.0034913346891878,.004276169219314,-.0017294465195867,-.0131226296467171,.010129373407761,.0029567065264365,-.0001765963962349,-.0009230987173819,-.0002958566282781,.0000102599889998,.0001907567904889,-.0003282779455033,.0000267247253771,-.0004783679519218,.000077178589728,-.0004039848902106,.0003442159875475,-.000714061783603,.0009013242611156,.0009560216734765,-.0023763173347249,-.0000175079406783,-.0000724332928857,-.0000250637961493,-.0000301815533132,.0000685780184789,-.0000418557683988,-7.59200492968e-06,-.0000356844570806,.0005943004401168,-.0000787502567878,.0005769832622247,.0007762428938745,.0012407974766146,.0030438237339426,.0021505292604342,.0038341284942032,.0000126741621601,.0000306945163463,.0000621009071844,.0000705059369187,.0000468653810159,.0000477701583299,.000099789926044,.0004495668798534,.0003855868799159,-.0002005132947613,.0000892377315332,-.0000884638656774,.0458192252559143,.0000410044747569,-.0006058094702425,.0001340664112362,.0006844733397654,.0121318401440266,.0120425993376454,.0002154657010117,.0009881651184158,.0005776118573454,.0004823487771214,.0001988251643947,.0000328845758661,.0002781495905636,.0000266700691179,.1452709974557021,.1398478925803172,.0198521354894528,-.0238927947396704,-.0332450082764986,.0006621491848509,-7.72402466086e-06,.0013842381408476,.0018803529505276,.0005917653117887,.0018663478310904,.0021813532387265,.000159493785349,.0001675407297317,-.0005682395203425,.0008880723107594,.0006208783378886,-.0004095068096724
16,.0006303307116418,.0000191962853347,.0073036486223254,.0001918459908822,.0147522761960845,.0131381193053864,.0341181425456356,.0178486824656021,.0025763883994458,.0378675290896561,.044742095321248,.0087097870255804,.0174256631305309,-.0016501992941271,.0086409312167172,.1682265964479568,-.0052292104930536,.0040985158375343,.0084114602346302,.0002722454468803,-.0113985613395954,-.0038374186910062,-.0028961501965576,.0010358329582273,-.0004195962397817,-.000095563224146,.0011075881727724,.0004114284330265,-.000558971851461,-.0014454981035714,-.0006131309527108,-.0014604545018391,-.0011179856139652,.0005412604000812,-.001148430446438,.0006476324323173,.0007984686197723,-.0005343877162423,-.0001806176611379,-6.66135070441e-06,-.0000424132172225,-.0000878637308209,.0000702493201331,.0000679141373304,.0001425189521376,.0002722579118185,-.0002578660670199,-.0003989870723201,.0009278435678843,.0024467291895951,-.0004660893621343,-.0001309319946697,.0017695922518646,.0028308840781372,-.0000171563016148,-5.71732770990e-06,.0000341812289903,-3.90952791683e-06,.000066449732576,-4.99814628362e-06,.0000733284571463,.000586668954513,.0006392307857388,-.0004009221804185,.0034106873166725,.000159941119796,.0257436053597143,-.0000878144635089,-.0030494131280773,.0001883507268008,-.0009808301259473,.0056524114657584,.0022417582362427,-.000427096407331,.0002328123246236,-.0000312849568357,.0005851249496694,.0004578394968331,-.0002027386918683,.0003563071218593,.0004125042633234,.2548974124314036,.2979686967252376,.0037744029442491,-.0338562139843849,-.038752340202132,.00004647762619,-.0003320515323005,.0020200610681507,.0025775680000299,.0004318999227403,.0027553968950106,.0026792675362988,.0004043988387077,.0001887819628092,-.0007813265009501,-.0005451771526487,-.0008406743534869,-.0009890565493385
17,.0011149887628934,-.0000101008762823,.0075115797347407,.0103431532543644,.0126158720461793,.008831371022596,.007862266248638,-.0120975031633047,.0058662346993715,.0085971455128421,.0465402650209595,.0387412381008419,.0008902282519762,.0125813538996195,.0066178142567268,-.0052292104930536,.1527950418143385,.0063760778392896,.0000885829160111,.0065466928690353,-.0148902646350546,.0023902135295928,.0046054014293709,.0015434210262244,.0001301467836673,.0011065964705217,-.000336042556989,.0003792671602868,.0008077962710049,-.0011280607255814,-.0019335523929454,-.0006550815436082,-.0003484673619685,.0000701828716614,-.0003313856004781,-.0021195534674368,-.0002667167427953,-.0020875706395414,.0001006943028289,-.0000740815296683,-.0000350860720458,.0000726181346882,.0000740465622259,3.90313941559e-06,.0000753320925701,.000068083883958,.0001511868319654,-.0003674967640982,.0003077548701508,.0004019111139416,-.0003258383491432,-.0017693558493406,.0018955529590551,.0027588651735086,1.50599111373e-06,.0000150408232231,.0000527287583596,.0000749575418834,.0001327734774457,.0000888072904171,.0000597304992037,.0005815874464727,.000166088036451,-.0000339733533091,-.0077847685407484,.0005252608445901,.0454651097201541,.000213919820283,-.0033467106111427,-.0000607626308717,-.0017982589314126,.0169386865113397,.0247234504470647,.0009290447347234,.0005949950592367,.0005301456904505,.0006607763292285,.0002305340262859,5.24602064432e-06,-.0000743579797774,.00081076377297,.0644264170675823,.133877431436695,.0129311211115755,.0124126783821873,-.0011462090296604,.0003458567075583,-.0000677556158909,.0018975113299804,.0021701698908197,.0004943884708016,.0021634450679258,.0030975253979559,.0005200846926379,.0001156913309922,.0000404399681001,-.0010012226389223,.0001693635284807,.0003399608478174
18,.0005271934102315,.0000162894350611,-.0099267284690263,-.0125795353747631,-.0121782953798395,-.0232184792349722,-.0057206427981812,.0014059740026576,-.0023648338648491,.0047865734328883,.0084238122438362,.0075329414500811,.0003445342282044,.0051882021339684,.0034913346891878,.0040985158375343,.0063760778392896,.0353299703183077,-.006554970647874,.0052145097031937,.0024312933862462,.0309867972954877,-.0067956783319921,.0000190891066274,-.0003299517941367,.0003431409743272,-.0007208043465416,.0006347585813189,-.0005640952795158,.0007385409815334,-.0003671742362622,-.0000690461850267,-.0005991184218893,-.0001577682950306,-.0000714474026483,.000496561381186,.0000817642941351,.0001522200114721,.0000337623168743,.000039339885674,3.09809687998e-06,-.0000399402120687,.0000113332688005,-.000021205252342,.0000516172659419,.0000787041453652,.000170080512421,.0003932812900917,.0000988945982782,.0006906623154934,-.0001219281699071,-.0004060563332847,-.0000714147457002,.0000574907052553,-.0000173163649594,-.000021604669142,.0000203447931852,.0000104837006192,.0000400353257722,.0000284712638312,4.95312800446e-06,-.0000488354957731,-.0001669504150928,.0000359101411883,.0027532487903979,-.0000268085541682,.0017028765296431,-.0000879576476651,-.0002447268424442,-.0000243957132121,-.0000538750368548,.0065557741388349,.0038025120151554,-.0002493436436746,-.0007376200508946,.0003610146109532,-.000041178515655,-.0001686934340373,.0000403094675605,-.0002302990192663,.0001790889248412,-.0357596394914117,-.0329683559700169,.0023635786698038,.1102029140292312,.1156908467007448,.000337081444517,.0001887320824623,.0006293738202469,.0010204818472459,.0001781829234312,.0008163754983912,.0013404058076878,1.00562551662e-06,-.0000676462797675,.0002483469218961,.0006967682018664,.0007889609556392,.0008011676448271
19,-.000222858726642,-.0000259240522279,-.0216707695357188,-.0120168109612498,.003896168202148,.0510520079835085,.1562022406986136,.0047590310780286,.0073065582910226,-.0007696650158959,-.0010338606315174,.0060089895413119,.0050784248934809,-.004589377876892,.004276169219314,.0084114602346302,.0000885829160111,-.006554970647874,.0977388921230358,.0001735985830423,.0023751807526698,-.0580893455683259,-.001878884004721,-.0001380306377612,.0018557153993103,-.0003695070059897,.0002710849088992,-.000436992098701,.0001474471753127,-.0001793945878463,.0007788646163185,-.00054333193602,.0012733347039701,.0002829481852484,.0005548557076335,.0001381880349344,.0009532493181574,-.000155196740885,-.0000997520325026,-.0000543640197349,-.0000619055638577,7.95509941429e-06,.0000466738813938,.0000231626127744,.0000117572649457,-.0000486748433229,.0001470260344906,-.0001830643253729,-.0003021461880157,-.0002636806993917,.0001764303937702,.0002787562838755,-.0003447733434637,-.0008199063034713,.0000647762682433,.0000536413196882,-7.08477895984e-06,.0000268396631562,.0000283084900279,.0000501390959708,-.0000600021111717,.0000393841739808,.0004086037479674,-.0005962204372162,.0017634192307206,.0000603396342953,.0156952334739646,-3.50637965904e-06,.0009316899327483,2.52072733578e-06,-.0000675358655709,.0045207451184153,.0027573318297599,-.0004396041166231,.0010691866584187,-.0006829946618348,-.0000141433427852,.0002317959066574,-.0005050584021825,.0003645215898826,-.0004017385026915,.2897327851416847,.1614996257595593,-.0014893930036079,.0065301260522656,-.0210756885930176,-.0004612505071424,-.0002001094196681,-.0006810293126129,-.0008069396996375,-.000689296318546,-.0003423602443239,-.001745469003352,-.0000688468103594,.0000643253518651,.0017747370089536,-.0013451880670706,-.0009049290746967,-.0008788197527652
20,.0002474188783425,3.49272251425e-06,.003571055849352,-.0022381814294276,.0029079169288719,-.002080346419703,-.0035606007134013,-.060733070358956,-.0197075758951825,.0060139454763689,.0092378565658611,-.0058969433019223,-.0034108972208159,-.0090316223217001,-.0017294465195867,.0002722454468803,.0065466928690353,.0052145097031937,.0001735985830423,.0413552449065411,.0071443732104696,-.0074059828354602,-.0001633030760105,-.0002951199166392,-.0004004225903575,.0012175580775716,-.0001433021264886,.0004177299907313,-.0002136754279802,2.60733140655e-06,-.0003367955128879,.0007179040684371,-.0002495032942725,.0006524936767207,-.0006865459334416,.001015431906865,.0017370277201659,.0002782559457387,.0000558365674126,.0000183496304439,-.0000551108041774,.0000257582442803,-.0000227217502002,4.57617939939e-06,-.0000962660444956,-.0000723799333316,-.0003044489514303,-.0006591746860235,-.0003503232763144,-.0000598302572683,.0000569075757575,.0003890815161609,.0002637569701128,.0009279783288088,1.19016795418e-06,6.01799831634e-06,-4.05872679937e-06,-2.42178241216e-06,.0000430909715107,.0000181680732247,-.0000234725996331,-.0003100313119609,-.000394903419203,.0002534572776315,.0106111459031202,-.0000527000681976,-.0104708493730164,-.0000696018150774,-.0003058303020633,.0000364644975588,.0003292666403859,.0046970589525833,-.0059140987491031,.0000159914174776,-.0004974968509894,.001011826612251,-.000187162005611,-.0003907702885648,.0002574803246976,-.0005000629906235,.0000606899802744,.1584062987352696,.0610491498637084,-.0094341485180437,.0065595660079132,.0088385951549593,.0001577576344908,.0001060824819634,.0006316279746587,.0008812761640444,.0000865534083184,.0007880217065053,.000867788005592,.0000633005286728,-.0000916013323034,.0006055224778666,-.0003804957545239,.0007678924346914,.0007112138083936
21,-.0000738971895528,.000011537489885,-.0020402347991061,-.0011829082919813,-.0112065858343726,.0019172452485671,-.0082972664305516,-.011083829393419,-.000390287959819,-.001734378969387,-.0053367624883393,-.031134350901396,-.0401239378101925,-.0144224459100389,-.0131226296467171,-.0113985613395954,-.0148902646350546,.0024312933862462,.0023751807526698,.0071443732104696,.0388694270190508,-.003422773891194,-.0036827164229675,-.00075526839022,-.0005129086441233,.0007355509727566,.0005302728374406,.0002711068842392,.0002393109668795,.0000221989132839,.0005398533240533,-.0002007437237674,.0000110865213908,7.28124734647e-06,.0001431128307411,-.0003133488146307,-.0015715502311568,.002150179188912,-.000044181146467,.000057686935254,-.0000767709213756,-.0000161084639799,-.0000205537576062,-.0000214325742794,-.0000430465871886,-3.78368329780e-06,-.0000111210219987,.0000957163807881,-.0004592953915131,-.0004728462029485,.0001905126081097,.0006188078410787,.0000907550993164,.0005157353053226,-3.25424896851e-06,-1.22695961164e-06,-2.13382243728e-06,-.0000230208137208,-.0000164584951791,-4.95040021498e-06,-.0000101902597082,-.0002680959021317,-.0000696278215136,-9.98816689037e-06,.0127947100583671,.0000120789144978,-.0151433228084485,-.0001856756126711,-.0002552824520237,-.0000101587496875,-.0001185208063723,-.0009429940246138,-.0137377047921215,-.0005272930374747,-.0010738941176905,.0005855556498499,-.0003488072785008,-.0001399723429032,-.0000523150886226,.0000262654736783,-.0002236709627259,-.1041997121937659,-.0575050824868376,-.0034452551355063,.011239953111793,.0138704269578552,.0002826662221046,.0002226503859974,-.0004681433722749,-.0005079921914923,-.000061641585964,-.0007309900404231,-.0004348035681862,-.0001471075303867,-.0000772695374219,.0008471546145534,.0002613198646563,.0010259766343275,-.000039479190134
22,.0005284882052305,.0000490287549962,-.0180796240221602,-.0070915405445541,-.0195264745075353,-.0566609984676089,-.0715945501672167,.0174939622086589,.0297500625459823,.0127442649054451,.0215611442236806,.0122995769439428,.0023058566337484,.0270999218024582,.010129373407761,-.0038374186910062,.0023902135295928,.0309867972954877,-.0580893455683259,-.0074059828354602,-.003422773891194,.2069800169175676,-.0094454686195152,-.0018878754347593,-.002847944462743,-.0007739738365684,-.0013571149591764,.0005039713127817,-.0013936154490579,.0020054243026949,-.0001050606504714,.0000181682356066,-.0011871092107596,-.0013319088708014,.0001223816731737,.0019773052494667,-.0009519458566758,.0003912776391702,.0002410001060127,.0000696169153641,.0000527196626731,.0000449823343772,7.34933218620e-06,-.0000345792905816,.0000262795723312,-.0000741231263986,.0003374364176541,.0007456501671329,.0008107854087017,.0011045597869091,-.0006151086495944,-.0021081587181832,.0006140955770931,.0015836281260799,-.0000475035459668,-.0000636210836115,.0000353226754472,-.0000204316177954,.0000529752546825,.000049399589133,.0000557817295988,.0003747628662224,-.0000496994078054,.0005761913872943,.0005482175874988,-.0004510463762882,-.0254659765507148,-.0002886448310854,.0012197356009991,.000085263899824,.0013526611383816,.0108823315543691,.0103341062410809,-.0006020636931682,-.0024173014194479,.0013012547774499,.0003727745229829,.0002087236292967,.0003234782438112,.0000839897490664,.0004414824206374,-.1637327837335933,-.1311275787837882,.0111035835254816,-.0027151062504605,.0444268855191187,.0006660026749048,.0003163675392121,.0015224255106002,.002203959768936,-.0000315925419043,.0011334736980518,.0044480285281671,.0000235251644718,.0001074546226083,-.0011585458836007,.0009253459997147,.001023797032108,.001271102135439
23,-.0000999937574489,2.98285330205e-06,.0076865107812339,.005774026426071,.0041152493796575,-.0006698601793697,-.008174217384211,-.0275187811409539,-.0269541147089653,-.0158073470267657,-.0194001403745484,-.0012442806946292,.0018104638206921,-.0007932045594292,.0029567065264365,-.0028961501965576,.0046054014293709,-.0067956783319921,-.001878884004721,-.0001633030760105,-.0036827164229675,-.0094454686195152,.0473589370792383,.0009762806362927,.0010051815831577,-.000145680776122,-.0004078348546394,-.0002250511890223,.0002090309997469,.0005400164102356,-.0000790709714912,.0011283583628084,.0000886562145894,.0005526654325326,-.0014415625273774,-5.03010183592e-06,-.0000401439234532,-.0011333945977154,.0000879963854507,-.0000233260969219,.000057897040292,4.19964063959e-06,-.0000370631879339,-.0000575392139982,-.000020373636146,7.25293825628e-06,2.84876612038e-06,-.0001288675675487,-.0003115158415741,-.0001439644848552,-8.37219450751e-06,.0004280935824495,1.24811053814e-06,.0006949379738349,8.66241228735e-06,7.84423642354e-06,-2.75745977436e-06,-2.27262847804e-06,-.0000159292354446,.0000103530046315,-.000014285877009,-.0000285838915378,-.0002603416909909,.0003093402589386,-.0128460934245583,-.0000747276848569,.0039386502080401,.000151866678655,.0014097115957544,-.0001182192037043,.0002167171278995,-.0067630326357866,.006083062299547,.0007710097484063,-.0003233284082533,-.0010421543238569,7.42106108403e-06,-.0001431191549401,.0003421818031781,-.0000838367145168,-.0002457447317153,-.343102931577436,-.1719565447104079,.001093712463609,.005150236730128,.0023410195719756,.0003665865846414,.0002058828147022,8.91334632616e-06,.0000127841362643,-7.88094310216e-06,.0003223966455911,-.0004799052071365,.0000101834015145,.0001036307403234,-.0006539482291407,.0000526148001156,-3.38912721206e-06,-.0002129887123237
24,-.0000136460586282,-4.13670800903e-06,.000155223556082,-.0006818042738292,.0005444587080737,-.0009029800773034,-.0002021398681043,-.0001225207464804,-.0004189545918253,-.0002538811771755,.0004873134677264,.0008667740465576,.0004473798522869,.0001597632571538,-.0001765963962349,.0010358329582273,.0015434210262244,.0000190891066274,-.0001380306377612,-.0002951199166392,-.00075526839022,-.0018878754347593,.0009762806362927,.0003002926327224,.0003261915242926,.0000398413119202,3.66156899150e-06,-.0000256874183839,.0000539431924968,-.0000473363027132,-.000139528748069,-.0000263120764553,.0000253980556859,.0001333912200712,-.0000142868539936,-.000148353003832,-.0001074883139414,-.000015196909252,3.33770823357e-06,6.15906541887e-07,4.88563224936e-06,5.79359603068e-06,4.49264716703e-06,5.62096937391e-06,1.54890608921e-06,.0000102247081555,-.0000129792480641,5.70926118493e-06,-.0000325755490402,-.0000517517817231,-.0000129085414195,-.0000338046991204,2.25302051022e-06,-.0000454126068771,1.02832347177e-06,1.62216731342e-06,9.01263837247e-07,2.92891704635e-06,9.25521325013e-07,1.45673810732e-06,1.41618343013e-06,1.70133327981e-06,5.91122082362e-06,-.0000163087687558,-.0002881057110903,5.10376321102e-06,.0006157395806414,.0000125421748223,-.0000853734391701,4.05118387689e-06,-6.26479062557e-06,.0000391067673741,.0003272126617004,.0000615352096582,.0000154906073245,.0000500644815653,1.08223806047e-06,2.20107848129e-06,-.0000120292791106,-4.95520942194e-06,.0000118676135214,.0079065091670075,.0084071630376614,.0001048841877071,.002042368817081,.0010842610710005,-.0000284451079848,-.0000173085081654,.0000127195417048,.0000288908646702,.0000108194529334,-.0000139732687085,-.0000247131260316,-3.36251678366e-06,-5.52759209221e-06,-1.59225012307e-06,-.000047150870232,-.0000514385785725,-.0000420444885613
25,-.0000116733876629,-6.15348830703e-06,-.0007119416660677,-.0015173044265602,.0012901974861901,.0009553765693915,.0036921117702426,-.0003481025275036,-.0013517576797489,-.0026135163382048,-.0001670991736197,.0010356234757741,.0016363493668048,-.0005906183568805,-.0009230987173819,-.0004195962397817,.0001301467836673,-.0003299517941367,.0018557153993103,-.0004004225903575,-.0005129086441233,-.002847944462743,.0010051815831577,.0003261915242926,.0010994709957476,.0000450083349385,.0000216692397465,-.000012841905154,.0000840730361184,-.0001445377621905,-.0002993789568705,-.0001288233705489,.0000452646811148,.0002133718236924,.0000550694688242,-.0001225312201097,-.0001886124131893,.0000264927832452,-3.24320135510e-06,6.18009389193e-07,5.56099123706e-06,4.22763598785e-06,6.21303470551e-06,8.66171969691e-06,-2.20397398313e-06,3.17190251466e-06,.000012847567975,.0000244477683468,-.0000853004472346,-.0001893411908078,.0000667362385139,.0002168310912109,-.0000198573462264,-.000065287365305,-1.51109538273e-07,-3.78837879115e-07,6.32522020951e-07,4.40365404887e-06,4.17773867328e-06,8.61844124532e-06,7.55544787990e-07,-.0000155081385249,1.98904737733e-06,-.0000481972125313,-.0004826989894406,.0000183505400762,.0010055819381624,.0000227768217058,-.0001125674022798,.0000133299568906,-.0000171841529189,.0000991556539063,.0005818529141612,.0001102904432526,.0001220961853653,.0000926646749058,-.0000213272591516,-1.92573341372e-06,-.0000374731062982,-9.21559066498e-06,-4.30459828585e-06,.0290538378976836,.0151821772279236,-.0001363150205898,.0049486283471423,.0038867100033995,-.0000164646986411,-2.82965477237e-06,9.99235700599e-06,.0000465465324754,9.58545707556e-06,-.0000831017569461,.0000668475731869,-.0000170101459354,-.0000101780788502,.0001081190192498,-.0000514672580891,.0000159086855113,-.0000699973373898
26,-.0000275874161665,-2.18847108106e-06,-3.76909527838e-06,-.0002835314398093,.000362050519578,.0002116710213117,-.0008889953587945,-.001941003013621,-.0017949883387464,.0000475429940618,-.0002059813989761,-.0004116685606928,-.0004697939905405,-.0014180809580404,-.0002958566282781,-.000095563224146,.0011065964705217,.0003431409743272,-.0003695070059897,.0012175580775716,.0007355509727566,-.0007739738365684,-.000145680776122,.0000398413119202,.0000450083349385,.0004146239361407,.0000180863898393,.0000191959402906,-.0000258880340863,-.0000318397802627,-.0001078160377529,-.0001156993228383,-.0000758199630109,-.0000240932725178,-.000084149296422,.0000471495257071,.0001283738968596,-.0000542490843013,5.00988967558e-06,5.23338102794e-06,-7.73469689941e-06,-2.33357590136e-06,4.83288999208e-06,1.40231040092e-06,6.65536443314e-08,8.48465177149e-06,-1.15537389032e-06,-4.00767705289e-06,-.0000355037006368,-9.34042543887e-06,-.0000379842416336,-.0000469123865747,8.09567613920e-06,-2.74019904649e-07,1.52543173853e-06,1.85873348986e-06,3.36374403059e-06,2.68819502449e-06,-3.54475094412e-07,-1.25506830623e-06,-3.65834864497e-06,-.0000142875082965,-.0000108519636819,1.57135540498e-06,.0007147623579889,6.11171261695e-06,-.0000534049649523,-9.54799426997e-06,-.000059616961806,2.78059180173e-06,-.0000223928457329,.0003491820036519,-.0003655813196008,-.0000249052439575,-.0000143308830983,.00003090939486,-.0000153732307692,-.0000168393726709,6.40785504207e-06,-.0000161511208519,8.39761225237e-06,-.0104371533272469,-.0105888440692414,-.0006840283210868,.0039306276643445,.0041338996748879,-.0000117368426975,-7.91438651960e-06,.0000339295669892,.0000456794875896,.0000339108405307,-5.79835700002e-06,.0000852930938131,2.76848893336e-06,6.08040354538e-06,.0000644898536333,-.0000155534461365,.000144963744192,.0000823999188399
27,-.0000457461932607,1.65752085538e-07,-.0001597358237365,-.0000389549031866,.0001270289998337,.0001592785794286,.000731037343215,.0008081415598161,.0004588635613624,.0005291957127514,.0004025635219352,.0000855192161824,-.0003102168432469,-.0003523955609734,.0000102599889998,.0011075881727724,-.000336042556989,-.0007208043465416,.0002710849088992,-.0001433021264886,.0005302728374406,-.0013571149591764,-.0004078348546394,3.66156899150e-06,.0000216692397465,.0000180863898393,.0004856976335962,-.0000337072954678,-.0000152366187403,-.0003628281780091,-.0001947346963757,-.000200570283391,-.0000245756108983,-.0000657489528114,-.0000551421388974,.00013047905996,.0001323095574655,.0000586274158355,-.0000632972731342,-4.47197038382e-06,-.000012812526334,8.65860664477e-07,.0000175832208562,.0000107284067318,.0000487306345754,.0000729779805652,-5.01313394088e-06,-.0000213863503115,-8.86133512814e-06,-.0000280472740355,-8.17288410891e-08,-.0000116143997424,8.20787847610e-06,.0000185740375129,8.81949225246e-08,1.94107733913e-06,-2.46246784229e-07,1.75778433550e-06,-6.24232008555e-06,-2.75940708131e-06,3.38269779366e-06,-.0000142282684026,6.65951889413e-07,-.0000107116997675,-.0001069248176413,3.36176614477e-06,-.0008549025831712,.000014147481503,.0000921083492101,-9.29454083343e-06,2.04759114295e-06,-.0004471048976206,-.0003401789181514,.0000430978601114,.0000679043804405,-.0000118957686466,-.0000186161056627,-.0000182175090359,7.61770593079e-06,-5.87310929560e-06,2.28486755089e-06,.0021924859715152,.0008862609681306,-.0003030153961198,-.002316497476607,-.0022943005836972,-.000018354542474,-6.85051466466e-06,-.0000207941207192,-3.84161413181e-06,.0000613366660029,-.0001176274042994,-.0000116791581773,-.0000150240797925,2.25127488966e-06,-.0000445818012608,-.000094053372504,-.0000166668538891,-.000061471867036
28,.0000807843738993,3.06316327522e-06,-.0004772011406644,.0001508052820384,.0001216677363903,.0002033828443256,-.0008212106353178,-.000274870080683,-.0001453098907134,.0008369339948998,-.0001219452065535,.0004343479572819,.0005992795859945,.0000430835676443,.0001907567904889,.0004114284330265,.0003792671602868,.0006347585813189,-.000436992098701,.0004177299907313,.0002711068842392,.0005039713127817,-.0002250511890223,-.0000256874183839,-.000012841905154,.0000191959402906,-.0000337072954678,.00031954262289,.0000418393266765,.0000191478307134,-.0000102262600033,.0000505553723193,-.0002525133399144,-.0000590869892225,-.0001793928360029,.000103265260039,.0000346658952133,.0001103037738387,-1.25820355939e-06,6.38682500630e-09,6.53107649809e-08,-3.81258102440e-06,-6.80678501969e-06,-4.18452448763e-06,-1.71204896119e-06,-.0000116116070064,2.91692957103e-06,3.54601595339e-06,-2.10333553599e-06,.0000417421917099,.0000226427061133,.0000937290643234,.0000707705685959,.0001667560096663,-8.98824236850e-06,-5.50757571491e-06,3.83748784440e-06,4.36018173618e-06,.0000226101791554,.0000150004921822,7.98487386098e-08,.000027624830167,.0000145807734919,.0000177265576174,.0011764264140674,4.19054158678e-06,.0013566685956339,-.0000101509708887,-.0001517768122238,9.10919619922e-06,-5.93041206605e-06,.0011130229558176,-.0000634038779205,-.0000362087177413,.0000442209055197,.000109185845799,.0000329834852516,.0000138102580605,-4.24610319478e-07,8.42606421707e-06,.0000345542226254,-.0120880190079866,-.0007968574993924,.0006878940463171,.0064020122189244,.005963686936313,.0000793298902554,.0000460936709371,.0001108589254272,.0001527553057302,.0000216462228056,.0001216895236784,.0002698269930577,.0000157874037853,-.0000180193821111,.0000391107598904,-1.28380737304e-06,.000083061948141,.0001141844433548
29,.0002051467949756,1.71827082677e-06,-.0010811778870632,-.0001547224426133,-.0004942656859365,.0003714118993346,-.0003908325010103,.000114201691269,.0007566959294149,-.0003338141653783,-.0017782423950041,.0000703149778691,-.0001658992948053,-.0001950623492894,-.0003282779455033,-.000558971851461,.0008077962710049,-.0005640952795158,.0001474471753127,-.0002136754279802,.0002393109668795,-.0013936154490579,.0002090309997469,.0000539431924968,.0000840730361184,-.0000258880340863,-.0000152366187403,.0000418393266765,.0013632547803777,-.0000120839828972,.0000314163348312,-.0000739044499894,.0000963592067668,.0001107109868584,.0000216288597468,-.001335651175153,-.0006156245950737,-.0002970100656721,.0000119804606044,8.51911137473e-06,-1.81899495380e-06,6.21635566187e-06,6.02624720375e-06,9.51915569811e-07,-2.86381987526e-06,-9.00790527027e-06,-.000111427490997,-.0001192574860028,-.0002720843246715,-.0005376422092609,.0002536666609046,.0007321413811256,.0004655392568732,.0007078654268091,6.36613717684e-07,1.68130803630e-06,-6.10844366092e-07,-2.80985212859e-07,.0000103006418536,6.83507773529e-06,.000012653906032,.0000481126785285,.0000431804087492,.0001222045336391,-.0012185392501193,.0000484957490946,.0017065728695648,.0000260438972699,-.0002812281666234,-2.75366485891e-06,-.0001393996908854,-.0007005915662189,.0005179492975275,.0001348088231117,.0000305059297962,.0000145395537122,.0000488714089948,.0000300618458672,.0000884662240458,.0000434891417819,.0000845968366552,.0565622365122638,.0241616775200277,.0016289607079273,.0121070262787575,.0111047324239576,.0001519274744022,.0000834335784338,.0001508207060834,.0001884426118378,-.000025842694678,-.0000142216830065,.0004922653901248,.0000354815928286,-.0000149304811165,.0001290885788709,-2.40805389089e-06,-.0000140222769665,.0000547704862234
30,.0000337754557395,3.84596045371e-06,.0001480220656018,-.0003892033989525,-.0003504912948672,-.0009652005142505,-.0012538691180922,-.0010164273570196,-.000172414744818,-.0005020741448579,-.000605203088949,-.0002050187328424,-.0005080432648115,.0005704376232357,.0000267247253771,-.0014454981035714,-.0011280607255814,.0007385409815334,-.0001793945878463,2.60733140655e-06,.0000221989132839,.0020054243026949,.0005400164102356,-.0000473363027132,-.0001445377621905,-.0000318397802627,-.0003628281780091,.0000191478307134,-.0000120839828972,.0009780452543721,.0007131482245079,.0004475853689373,-9.00697887441e-06,-.0000799387736896,.0000248050155262,-.0002160606474816,-.00034280415213,-.0000517571806585,.0000732958806456,.0000104930358266,.0000170885977345,5.45047929624e-06,-.0000479808598442,-.0000333985604761,-2.06868375117e-06,9.68315029693e-06,4.00003918751e-06,.0000212361376693,-.0000187020385682,.0000198906630372,-.0000327686483634,-.0001044956314428,-.0000642800218992,-.0000639588945826,-9.25498162904e-07,-2.09237077951e-06,-4.21856990991e-07,-4.13279534399e-06,-3.43369503769e-06,-1.37604569986e-06,-7.81629630059e-06,9.40618839507e-06,-9.66565324986e-06,.0000285645389615,-.0001245586383887,-.0000271005117255,.0013277656657302,-9.79964483845e-06,.0001441551114569,-6.01402323991e-06,.0000816420360299,.000051342290845,.0001759005737819,-6.08568186505e-06,-.0000985863404522,-.0000469248216839,.0000100247622551,8.82666690933e-06,5.44028602796e-06,.0000203273934131,-.0000199343628258,-.0495986833612059,-.0226501614266217,.0004364025306544,-.0049514370544631,-.0051287997531528,-.0000121016267215,-9.15990709702e-06,-.0000192844587755,-.0000591862643881,-.0000405905253573,.0001021212010624,-.0001087168445648,.000013582356577,2.03726034188e-06,-.0000432147769971,.0000339983544838,.0000870254896455,.0001095352193861
31,.000041743825297,4.52776894821e-06,.0006665594151146,-.0000557493315665,-.0002429606582859,.0005472406232281,-.0000350484656604,-.000611037268386,.0009310261333516,-.0001457580510789,.0002089165916404,.0000174769161675,-.0015778094815953,.0009369333195645,-.0004783679519218,-.0006131309527108,-.0019335523929454,-.0003671742362622,.0007788646163185,-.0003367955128879,.0005398533240533,-.0001050606504714,-.0000790709714912,-.000139528748069,-.0002993789568705,-.0001078160377529,-.0001947346963757,-.0000102262600033,.0000314163348312,.0007131482245079,.0016996652064048,.0000695098285755,.0000726854987627,.0001426307589111,.0000471853450751,-.0003352276405882,-.0007357618757703,.000089258077076,.0000791581260438,2.60877313257e-06,-.0000179932530695,2.78244130375e-06,-4.50963428636e-06,3.80468314833e-06,6.83548587470e-07,.0000149654669998,9.72020473544e-06,-.0000376031044527,-.0000144063233682,-.0000155328473755,-.0000120164534431,-.0000172875351116,-.0000313320107847,-.0000114986722468,-1.90191817929e-06,-1.15037102507e-06,-3.34146680653e-06,-5.59772830946e-06,-5.85024064219e-06,-5.09355050600e-06,-2.72742113468e-06,-.0000190623006192,-.0000125549386635,.0000341402312286,.0002576320399621,-.0000324403105323,-.0015409942648724,-.0000246810919001,.0002613153038543,-.0000267900337914,.0000518233207935,-.0008077291035369,-.0010653622461034,-.000066277604896,-.0002161836679975,-.0001195829360126,-.0000249513413837,1.56376445275e-06,.0000248745333322,.0000192060484912,-.0000501524129891,-.0108148355413773,-.0058136462279866,.0001698538092544,-.0074904631478351,-.0063095676599638,-5.66360250989e-06,.0000159634531656,-.0000929166625822,-.0001461775286955,-.0001273042980996,.0000386882907966,-.0002301052803442,-5.20716910122e-06,-.000023731359372,-.0002241562397325,-.0000401812773669,.0000676407733275,.0000507770133949
32,-.0000552492615836,4.63197532871e-06,.0019679341157321,-.0005104346807781,.00042963842724,-.0013010704583523,-.0030844377975268,-.0010403650650709,.0002013622985085,-.0012447839991654,.0008022107395047,-.001389116343146,.0001656237845499,-.0008124473445544,.000077178589728,-.0014604545018391,-.0006550815436082,-.0000690461850267,-.00054333193602,.0007179040684371,-.0002007437237674,.0000181682356066,.0011283583628084,-.0000263120764553,-.0001288233705489,-.0001156993228383,-.000200570283391,.0000505553723193,-.0000739044499894,.0004475853689373,.0000695098285755,.0017495182505662,-.0001067192239291,-.0001950737067183,-.0000885160168933,-.0000739387721018,.0000265138479766,-.0002855041523936,-7.34995786039e-06,-4.14007028449e-06,.000033404481537,.000014002802337,-.0000427903431297,-.0000249108452011,-.0000130043558874,-.0000278430548957,7.95895505229e-06,.00002110367948,.0000229727096489,.0000913767556739,-.0000900645112906,-.0001907770618006,-.000114820607441,-.0001876778987767,1.18861437151e-06,-1.66520890019e-06,5.13127010715e-07,-3.33021715393e-07,-6.12287884217e-07,1.67638031735e-06,-9.72253412211e-06,2.61854205198e-06,-.0000261777385853,-4.21995705959e-06,.0007729638066545,-.0000104315227428,.0008226220593457,5.45425293750e-06,-.000065203710725,2.81193360662e-06,.000067425845977,.0000111205396441,-.0007618420093163,.000012149116833,.0000966215642574,.0001167945176576,2.49841711706e-06,-7.83697816061e-07,-.0000277505207847,8.12422732234e-07,-.0000309651876304,-.05989973472598,-.0248976824304832,.0003995789322339,-.0045369133576089,-.0023040212097107,-.0000133868213272,2.59421073605e-06,-.0000468100115616,-.0000914220246003,.0001295230692531,.0000495237962373,-.0002597849231008,7.58682542277e-06,-8.11055342569e-06,.0000903050527254,.0001696742913166,-.0000695267807878,.0000642421219067
33,-.0001060680569763,-2.58804111987e-06,.0001938882783208,-.0003256380302816,-.0002590197745425,.0006302379919078,.0017355237021593,.0004440032577547,.0015100577403956,-.0011315456200731,-.0007589344691001,.0001467081477871,-.0005530029328428,.0009774482999782,-.0004039848902106,-.0011179856139652,-.0003484673619685,-.0005991184218893,.0012733347039701,-.0002495032942725,.0000110865213908,-.0011871092107596,.0000886562145894,.0000253980556859,.0000452646811148,-.0000758199630109,-.0000245756108983,-.0002525133399144,.0000963592067668,-9.00697887441e-06,.0000726854987627,-.0001067192239291,.0008565905505729,.0007349125705726,.0006095354855049,-.0002519219110713,-.0001069630269666,-.0001673181336711,6.83298118801e-06,5.73846713632e-06,8.57215505172e-06,5.95552851918e-06,.0000103383839258,-2.34864976074e-07,-8.41314117047e-06,-.0000152661492964,-.0000178066209209,-7.15517191220e-06,-.0000179704969024,-.0000685266571382,4.15276414611e-06,-.0000797989537606,-.0000443400115734,-.000148740617941,.0000117559830083,7.37355680980e-06,-.0000192645554985,-8.00245759508e-06,-2.84693141335e-06,-7.48849143911e-07,9.99699139089e-07,-6.91019584845e-06,1.36233535311e-06,6.31134416546e-06,-.001601205551614,.000017121558484,-.0003513298288485,.0000179717067537,.0000744331571656,-.0000118038992539,-.0000795447685005,-.0008463706219367,.0007548360021948,.0000949717613798,-.0000599484476958,-.0000687251237088,-9.61728654988e-06,3.28173249893e-06,.0000111662463193,.0000105104037311,-.0000275398629462,.0382795533659527,.0114757467288211,-.0002349618238208,-.0067962961825929,-.0070593402677685,-.0000713287474231,-.0000473496795558,-.0000547512450363,-.0001139100028925,.0000419426491426,-.0000269754332933,-.0002075498488366,.000014337445421,9.99891313074e-06,-.0000144792351076,-.0000375194276129,-.0001857926550014,-.0001042985398113
34,-.0001362963836467,5.08975722340e-07,-.0007240776286882,.001181841532581,-5.17142324308e-06,-.0011897291943551,-.0004435026287999,.0006631595306891,-.0006936484736549,-.0003462009895685,-.0002888259239227,.0011478775003791,.0006718151768833,.0012930576663789,.0003442159875475,.0005412604000812,.0000701828716614,-.0001577682950306,.0002829481852484,.0006524936767207,7.28124734647e-06,-.0013319088708014,.0005526654325326,.0001333912200712,.0002133718236924,-.0000240932725178,-.0000657489528114,-.0000590869892225,.0001107109868584,-.0000799387736896,.0001426307589111,-.0001950737067183,.0007349125705726,.0040620374734706,.0001191411853929,-.0001577219663396,-.0002303320507161,5.07180283251e-07,.0000295560361255,-1.80243990030e-07,4.30416321834e-06,-4.70848956913e-08,.0000241291164869,.00001272738767,-.0000233206071351,-.000022102351439,5.33688288716e-06,9.34220564885e-06,-.0000649586807512,-.0001557566237763,.0000609666236698,.0001674796176988,-.0000733162604332,-.000187855572638,-.000010204078633,-.0000124225969033,-2.88230430377e-06,9.21116438258e-06,6.17763578405e-06,4.31122605766e-06,-5.20958157316e-06,.0000175564198899,.0000278402115711,-.0000867710953962,.0006096245024753,-.00003497730371,-.0017193246455861,-1.04643770514e-06,.0001029729187194,6.66037261131e-06,.0001248542631929,.0004223734766583,-.0001872493237633,.0000626191231142,-.0000708386847248,.0001391352265265,-6.66111666447e-06,.0000363540108328,-.0000871848446777,.0000295356149823,-.0000105231055678,.0358730192525086,.027740507343506,-.0000275592470472,-.0011509749375069,-.0046673142054909,-.0001067494857389,-.0000513317223492,-.0000256617170647,-.0000836798339806,-.0000316953840184,.0000450189063903,-.0000887786827306,.0000180493564371,-.0000188330300258,-3.03535530788e-06,-.0002087278316381,-.0001702129446669,-.0001670129350414
35,-.0001231818310214,-1.80555574208e-06,.0005332915553168,-.0008767431500979,-.0009885284977628,-.0003707153773906,.0017218023101199,.0003920099413673,.0023777168960595,-.0019616593364862,-.0000284168960641,-.0000204037440562,-.0017112174109596,.0009388759175856,-.000714061783603,-.001148430446438,-.0003313856004781,-.0000714474026483,.0005548557076335,-.0006865459334416,.0001431128307411,.0001223816731737,-.0014415625273774,-.0000142868539936,.0000550694688242,-.000084149296422,-.0000551421388974,-.0001793928360029,.0000216288597468,.0000248050155262,.0000471853450751,-.0000885160168933,.0006095354855049,.0001191411853929,.0014018483465306,-.0001435155457472,.0000277232905554,-.0002817733568065,.000019895170794,4.29753605948e-06,.0000130702817985,.0000121131199321,.0000166398207548,-3.13211725062e-06,-.0000134894196129,-5.54549500868e-06,-.0000310669052432,8.44364623596e-06,-.0000107420719732,.0000344267541186,-.0000550672567109,-.0002131823602376,-.0000747730884714,-.0002637715010632,5.26697912970e-06,8.01307077995e-07,-.0000157770468054,-.0000135827639155,-2.02812889318e-06,-4.71836885522e-06,-2.90429349814e-06,5.33722531283e-06,.0000219763671119,-.0000185477775623,-.0006731101299992,.0000121780903859,-.002090369138961,9.65593702751e-06,-.0000292945869878,-1.21565823418e-06,-.0000536342360922,.0001286169126125,.0008017281418301,.0000304715211621,.0000850923223028,-.0000866363133844,.0000139478691071,.000014466099213,-.0000200854627593,.0000145037153364,-.0000114601480481,.0456034886091618,.0181943444077553,-.0002168706754924,-.0004230998258382,-.0017971349166245,-.0001215262179647,-.0000957645080191,-.0000165421084535,-.0000665162978953,.0000242566262974,.0000911951788039,-.0001648669613155,.000017628443383,.0000121062448465,-.0000542794874958,1.51250479719e-07,-.000222731190794,-.0001144268828355
36,-.0001572276563543,6.70384008613e-06,-.005479709986923,5.76865846313e-07,.0019263836780905,-.000605027197728,-.0000544924034707,-.0008831413303278,.0025659113933831,-.0008998849194087,.0009951531121499,-.0027580229641117,.001156553498642,-.0004243775575435,.0009013242611156,.0006476324323173,-.0021195534674368,.000496561381186,.0001381880349344,.001015431906865,-.0003133488146307,.0019773052494667,-5.03010183592e-06,-.000148353003832,-.0001225312201097,.0000471495257071,.00013047905996,.000103265260039,-.001335651175153,-.0002160606474816,-.0003352276405882,-.0000739387721018,-.0002519219110713,-.0001577219663396,-.0001435155457472,.0052763384604326,.0032152029807023,.002126843274898,-.0000191455829186,-7.16675179287e-06,-6.39611838952e-06,-9.81855228327e-06,5.30323592286e-06,-1.25778983316e-06,7.47279244769e-06,6.85494035770e-06,-8.61855943389e-06,-4.99004247167e-07,.0002895290537963,.0008922402242032,-.0002151594135617,-.000123977296893,.0000405131783464,.0005709226479444,-3.92318776289e-06,-3.80548281443e-06,7.66090312606e-06,-2.86446080924e-06,-6.40419063707e-06,-9.60191921518e-06,-8.69156782596e-06,-9.36884589584e-06,-.0000692072923771,.0000395626042684,.0013798645940592,-.0000799393760779,-.0072831876809114,-.0000168441695116,.0006375751196473,-8.00644071377e-07,.0003397957471376,-.0004490220726764,-.0018288868037119,-.0000567725485027,-.0000547385282124,.0000296067781195,-.000016527003434,-.0000554967695629,.0000276813248432,-.000029630682807,-.0000562590538485,.0088143808539476,-.0101118101731086,-.006452266536993,-.0183562885606262,-.0173091404111841,-.0000531622745435,-.000051295689316,.0000791082512666,.0001589650028575,-.0000226273291334,.0002243622260593,.0001230872051271,-.0000240098590984,.0000728820051919,-.0002693182280317,-.0000188378090703,.0000673979971366,.0002256102722869
37,-.0003275302406932,-1.28754391636e-06,-.0036863395377654,.0019837809280894,.0022676925771242,.0043765249923593,.0002624334316459,-.0008478800958188,.0054653696059121,.0012967191245096,-.0012152347012974,-.0014617167326973,.0032465710459871,.000024106075236,.0009560216734765,.0007984686197723,-.0002667167427953,.0000817642941351,.0009532493181574,.0017370277201659,-.0015715502311568,-.0009519458566758,-.0000401439234532,-.0001074883139414,-.0001886124131893,.0001283738968596,.0001323095574655,.0000346658952133,-.0006156245950737,-.00034280415213,-.0007357618757703,.0000265138479766,-.0001069630269666,-.0002303320507161,.0000277232905554,.0032152029807023,.0064747154895114,-.0002273238605221,-.0000419661284055,-.0000210904839428,-2.05304915620e-06,-6.81028301092e-06,-4.50614250305e-06,-9.10110509125e-06,.0000181446389925,6.53476059680e-06,-.0001203221227012,-.0000465105696753,.0000423997430975,.0004791540128643,-.0001876961193413,.0000123536232133,.000208741385734,.0008204265153125,-9.62423056912e-07,1.68389296720e-06,-1.61620205833e-06,-5.23623860727e-06,-6.38338866710e-06,-.0000170870795382,-8.69276758269e-07,.0000323726278427,-.0000370225682938,.0000707950835896,.0013198796703356,.0000447283285625,.0003438913172448,-5.05082468168e-06,-.0003845048653405,.0000231508238474,-.0001020564526227,.0006407311614061,-.0006791482666363,.0000106364770411,.0001523383850335,.0000961845500534,.0000265300075668,-.0000517010475008,.0000781923736606,-3.51337894349e-06,-.0000430819079232,.003276118979993,-.0113671057682084,-.0043856701123831,-.0173408844815918,-.0167433043068223,-.0002033558971602,-.0001812359350289,.0002263772615512,.0002880212795731,.0002613628897354,.0004014499556924,.0002370625765255,.000029691705078,.0000555183476808,-.0004385483622203,.0001656709179672,.000023966437309,.0001680058372465
38,.0001875083146869,-1.71234131613e-06,-.0041811186599129,-.001621274227671,.0000767912611355,-.0028789137571976,-.0005658095434498,-.0022704782430381,-.0007702970758396,-.0000682319286033,.000699272070153,-.003646134833784,-.0034592057577801,-.0000163059975739,-.0023763173347249,-.0005343877162423,-.0020875706395414,.0001522200114721,-.000155196740885,.0002782559457387,.002150179188912,.0003912776391702,-.0011333945977154,-.000015196909252,.0000264927832452,-.0000542490843013,.0000586274158355,.0001103037738387,-.0002970100656721,-.0000517571806585,.000089258077076,-.0002855041523936,-.0001673181336711,5.07180283251e-07,-.0002817733568065,.002126843274898,-.0002273238605221,.0052338278097827,8.17062429182e-06,.0000150803494752,-4.59562183305e-06,1.99758958452e-07,.00001196398165,.0000158097152494,5.87798620366e-06,.0000215681930615,.0001063003647993,.0002830051878105,-.0000683204699593,-.000153165808412,-.0000784784037889,-.0000477172823411,-.0001689720566208,-.0001902470863596,-3.43182149970e-06,-3.15236259076e-06,8.33879868638e-06,4.48091011577e-07,-2.30520098546e-06,2.02893504244e-06,-2.71811318430e-06,-.0000531220261503,-.000040852487252,-.000023656502791,.0016615157589923,-.00007706806601,-.0027427056993976,-.0000437638810733,.0005829432788632,-.0000193261136607,.0002778872115246,-.0008268397690952,-.0024883530777055,-.0001496964806767,-.0003246807187344,-.0000453214447829,-.0000443052329407,-.0000511253118881,-.0000161928340485,.0000311521730726,-.0000459194675829,-.0009493845337344,.0015860910695567,-.0024051591696738,.0054412853952747,.0032123818994974,.0001385303342682,.0001495085114627,-.0001077764015048,-.000069072121419,-.0001785752273674,-.0001573929668508,-.0000600001985614,-.0000548925447224,.0000322272897942,.0001825539435323,9.84805929862e-06,.0000626334501607,.0000347115254042
39,.0000138599837801,-9.84552654508e-08,-.0000248491616431,-.0000620148045178,-.0002475974636219,-.0002493088322907,-.0003912443909787,-.0002227162604392,.0000573420048128,8.84365054139e-06,-7.58892700410e-06,.0001443356231941,.0000130057460171,.0000949249327138,-.0000175079406783,-.0001806176611379,.0001006943028289,.0000337623168743,-.0000997520325026,.0000558365674126,-.000044181146467,.0002410001060127,.0000879963854507,3.33770823357e-06,-3.24320135510e-06,5.00988967558e-06,-.0000632972731342,-1.25820355939e-06,.0000119804606044,.0000732958806456,.0000791581260438,-7.34995786039e-06,6.83298118801e-06,.0000295560361255,.000019895170794,-.0000191455829186,-.0000419661284055,8.17062429182e-06,.000042068165218,7.78018381554e-06,9.64032857896e-07,1.80254757444e-07,1.90861697331e-06,3.11351022189e-07,-1.65382622326e-07,1.62097242022e-06,-1.09239468806e-06,2.68227899597e-06,-.0000151062614373,-.0000178476238047,5.16372608087e-06,.0000167173699087,.0000145870956434,.0000281900301919,-3.16227574390e-07,-5.65136592491e-07,1.33344016843e-07,-5.90874136908e-07,2.91132259765e-07,-4.15994354482e-07,-8.99626174123e-07,6.22299560509e-06,3.66170673957e-06,.0000102009869234,-3.59421365410e-06,-5.31047020457e-06,.0001453285259257,-2.70577468477e-06,.0000128414281193,8.83641878398e-07,.0000175731850039,.0001166288345306,.0001202226909151,-2.54021849660e-06,-.0000200060278424,-1.10464537302e-06,5.24065033972e-06,5.30979545666e-06,6.74672892992e-06,2.73261451129e-06,8.43035907890e-06,-.0022325846145849,-.0000718144727036,-.0001565417503997,.0005079635999396,.000353982652137,-8.63118292511e-08,-1.05030978789e-06,.0000169939383732,.0000173422400057,-.0000150730117759,.0000279434938736,.0000362191836191,5.28485621938e-06,-4.34794483042e-06,4.23297751439e-06,-7.43417792383e-06,8.32285252220e-06,.000010367613414
40,-.0000143051280666,1.53545429015e-08,1.00717982511e-06,-.0002115652779598,-.0001031539576042,8.09681882668e-06,-.0003309490270721,-.0000779881781816,.000046932022813,-.0000100496178676,-.0001656779378273,.0000449006712263,-.000079819288394,4.10348283086e-06,-.0000724332928857,-6.66135070441e-06,-.0000740815296683,.000039339885674,-.0000543640197349,.0000183496304439,.000057686935254,.0000696169153641,-.0000233260969219,6.15906541887e-07,6.18009389193e-07,5.23338102794e-06,-4.47197038382e-06,6.38682500630e-09,8.51911137473e-06,.0000104930358266,2.60877313257e-06,-4.14007028449e-06,5.73846713632e-06,-1.80243990030e-07,4.29753605948e-06,-7.16675179287e-06,-.0000210904839428,.0000150803494752,7.78018381554e-06,.000016651103486,1.00540608286e-07,1.12020911645e-06,-5.69648102236e-07,1.22890324761e-07,-8.07925567428e-07,-1.70155006155e-07,-8.14145843914e-06,-.0000117402144945,-.0000116631292293,-.0000107298099678,-9.57644894827e-06,-.0000142238445627,-3.26433963900e-06,-5.42517759405e-06,1.79627423504e-07,3.74708103819e-08,-2.73168120231e-08,-2.53493598280e-07,5.53242319732e-07,7.41042813506e-08,-1.20969933913e-07,-1.71094779535e-06,-1.77106539799e-06,4.04185668402e-06,-9.45214242294e-06,-3.48645795990e-06,-.0000441508559146,-1.95620373714e-06,.0000159814988113,-4.36973232516e-07,8.51657849847e-06,.0000476340141394,.0000570863596564,-5.80651142627e-06,-.0000170332638459,-3.29380245717e-06,-2.97882148451e-06,-1.11929872256e-06,1.39762210612e-06,5.30765383988e-07,1.65733868427e-07,-.0031499254875467,-.0014846100330246,-.0000209562700867,-.0009429246269649,-.0008732978475601,-7.57979785694e-06,-2.65496442828e-06,-5.33452546631e-06,-7.60389814125e-06,-1.90813276809e-06,-5.64690623433e-06,-.0000101334616495,-1.08843322745e-06,8.01452126071e-07,2.59162758307e-06,-1.92401592109e-06,-5.45660229003e-06,6.89562545754e-06
41,-1.33628238140e-06,-4.26823620619e-07,-.0001577236202538,.000062528090381,.0000263432554519,-.0001028513929088,-.0001175598060697,-.0000444897220484,.0001089603519979,-.0001109839065397,-.0001325686376636,.0001652493725077,.0000419446033377,-.0000135530049096,-.0000250637961493,-.0000424132172225,-.0000350860720458,3.09809687998e-06,-.0000619055638577,-.0000551108041774,-.0000767709213756,.0000527196626731,.000057897040292,4.88563224936e-06,5.56099123706e-06,-7.73469689941e-06,-.000012812526334,6.53107649809e-08,-1.81899495380e-06,.0000170885977345,-.0000179932530695,.000033404481537,8.57215505172e-06,4.30416321834e-06,.0000130702817985,-6.39611838952e-06,-2.05304915620e-06,-4.59562183305e-06,9.64032857896e-07,1.00540608286e-07,.0000176186825266,3.32495612287e-06,2.31515388800e-06,2.87955411453e-07,1.34485789463e-06,2.48465220537e-07,-4.14950361436e-06,1.66342224977e-06,5.26746885827e-06,1.82789665046e-06,-5.02491497717e-06,-9.57115836462e-06,-3.26091743431e-06,-6.76578158519e-06,2.45904156527e-07,1.56795753560e-08,7.84263656331e-08,2.77141701089e-07,8.91035430593e-07,9.49907967458e-07,-2.12969467035e-07,7.46933079140e-06,5.38323957004e-06,6.51628004803e-06,-.0000725739958378,1.26486678440e-06,.0004344852108201,2.24072738344e-06,-.0000103886110405,2.43452499114e-06,4.09175896800e-06,5.58047394140e-06,.0000781547648803,8.28733792706e-06,.0000165851043677,.0000138858223647,6.68323661772e-06,5.42778008376e-06,4.39686042439e-06,1.51084837328e-06,6.25485159778e-06,-.0011429387127435,.0012481775677448,.0000876487585894,.0000491213581382,-.0002211803845841,-5.39238703786e-06,-4.84535687795e-06,8.66293467603e-06,9.92461512734e-06,5.00390228568e-06,7.42220427272e-06,.000010932977138,2.42922644484e-06,1.35977806394e-07,.0000148398721746,3.83888211335e-06,-8.39212922337e-06,4.01141854851e-06
42,-.0000141768891657,-2.81878922238e-07,.0000182101990632,-.0000394988316046,.0000321478568607,-.0001324601659475,-.0000585493904766,-.0001146786490267,.0000926298164953,-.0001008201160394,-.0000456592377757,.0001609934062942,-.0000576550060364,.0000530426298466,-.0000301815533132,-.0000878637308209,.0000726181346882,-.0000399402120687,7.95509941429e-06,.0000257582442803,-.0000161084639799,.0000449823343772,4.19964063959e-06,5.79359603068e-06,4.22763598785e-06,-2.33357590136e-06,8.65860664477e-07,-3.81258102440e-06,6.21635566187e-06,5.45047929624e-06,2.78244130375e-06,.000014002802337,5.95552851918e-06,-4.70848956913e-08,.0000121131199321,-9.81855228327e-06,-6.81028301092e-06,1.99758958452e-07,1.80254757444e-07,1.12020911645e-06,3.32495612287e-06,.0000107865353292,-5.53908383810e-08,9.79493331392e-07,-8.53178138752e-09,-2.35834030630e-07,-1.45917818621e-06,2.43227104380e-07,-9.56271862444e-06,-8.57655972276e-06,-8.38470631682e-06,-.0000126017019559,-3.21170886857e-06,-8.94980367545e-06,-8.79984458015e-08,1.90276631076e-09,-1.29634913932e-07,2.32272587392e-08,-2.18127770814e-07,1.27793345145e-07,-4.53848763350e-07,-8.72076967233e-07,-5.37060076574e-07,-5.62586821354e-07,.0000790733478144,-8.64022085777e-07,.0001187403067681,-7.93408151118e-07,-.0000104068895544,7.67655284378e-07,3.53616996086e-06,.0000517706594542,-.0000273027236532,-8.86369676920e-07,-2.58129227014e-06,2.07752815046e-06,-9.27417552075e-07,4.80943010788e-07,-2.92650311959e-06,-9.04877768401e-07,8.95431314731e-07,.001060975510071,.0014089122566642,-.000112414623753,.0004753868561215,.0003566077506108,-.0000121781211691,-9.36388762729e-06,-6.26242658619e-06,-9.07819879603e-06,-4.04586380717e-06,-6.72791759412e-06,-.0000118746366163,-1.28539437949e-06,-1.09643232393e-06,.0000106134126661,-9.75269874666e-06,8.59244976087e-07,3.50316865295e-07
43,2.31817998428e-06,-6.06317523787e-07,-.0000364495415398,.0000797472017475,-.0000128765020975,.0000190122921065,.0002185813786108,.0000593764515798,.0002477102249225,.0000945446788502,.0001127738229152,.0000379305574938,9.40090203811e-06,.000049392059793,.0000685780184789,.0000702493201331,.0000740465622259,.0000113332688005,.0000466738813938,-.0000227217502002,-.0000205537576062,7.34933218620e-06,-.0000370631879339,4.49264716703e-06,6.21303470551e-06,4.83288999208e-06,.0000175832208562,-6.80678501969e-06,6.02624720375e-06,-.0000479808598442,-4.50963428636e-06,-.0000427903431297,.0000103383839258,.0000241291164869,.0000166398207548,5.30323592286e-06,-4.50614250305e-06,.00001196398165,1.90861697331e-06,-5.69648102236e-07,2.31515388800e-06,-5.53908383810e-08,.0000153126783368,5.78098781977e-06,2.40074557022e-06,9.61301385286e-07,-1.09080402971e-06,1.36007234257e-06,-4.10950999822e-06,-.0000108753846253,.0000100274566038,.0000257614664905,.0000140871041647,.0000201964758684,3.98220493087e-07,2.05129431574e-07,3.28556915801e-07,1.83413788645e-07,4.04812254407e-07,6.84519960147e-07,5.50249519731e-07,3.05764410669e-06,4.63575008786e-06,-1.24301443126e-06,-.0000664833564173,8.78365484525e-07,-.0000889772090801,2.21793743627e-06,-5.16913205414e-06,3.53945790669e-07,1.35421492624e-06,-.0000258378714971,.0000406456087118,8.82755747709e-06,.0000146602961608,-2.94041771595e-06,2.09804680655e-06,1.18428875211e-06,5.26621659017e-07,7.96465367204e-07,5.24010843360e-06,.0040042645488953,.0022537915047139,-.0001882451647175,-.0000996651382545,-.000084877838239,3.76996920786e-06,2.24795113789e-07,.0000113630964766,.0000188739623947,2.60891379421e-06,3.76643836638e-06,.000023712388817,1.11211404337e-06,-6.11357078554e-07,2.62670254438e-06,-1.71800220921e-06,-.0000112413208541,-6.22086098628e-06
44,-7.05376001870e-06,-5.47762888197e-07,-.0000927584961958,.0000486322059868,.0000251304329066,-.000064058745116,.0001977643647057,-.0000355028311524,2.12910581695e-06,-.0000193713364572,.0000691206789238,-.0000200422551518,.0000336326553734,-.0000130987022193,-.0000418557683988,.0000679141373304,3.90313941559e-06,-.000021205252342,.0000231626127744,4.57617939939e-06,-.0000214325742794,-.0000345792905816,-.0000575392139982,5.62096937391e-06,8.66171969691e-06,1.40231040092e-06,.0000107284067318,-4.18452448763e-06,9.51915569811e-07,-.0000333985604761,3.80468314833e-06,-.0000249108452011,-2.34864976074e-07,.00001272738767,-3.13211725062e-06,-1.25778983316e-06,-9.10110509125e-06,.0000158097152494,3.11351022189e-07,1.22890324761e-07,2.87955411453e-07,9.79493331392e-07,5.78098781977e-06,.0000105702075991,3.66314028636e-07,-4.64665737221e-08,-4.30478757617e-06,-3.19433689884e-06,-6.89441283130e-06,-.0000112904150529,-1.71393282549e-06,1.88685761264e-06,-3.22540589908e-06,-8.62693683069e-06,-1.04177733082e-07,-5.69971095596e-08,2.48993509226e-08,2.05200745066e-07,1.12483053764e-07,7.58451880403e-07,1.10082682083e-07,-1.50821053030e-06,9.01829375191e-07,-3.13035106950e-06,.0000620277014858,-3.54640092885e-07,-.0002181001150119,-8.97892337588e-07,-8.85444872479e-06,1.46302819983e-06,1.02821952616e-06,.0000776763887388,.0000156485335166,-2.67326436005e-06,-3.50460404487e-06,.0000110258923381,-3.31196114428e-07,-1.89612203725e-07,-3.77021137029e-06,-1.21773641047e-06,2.71389303450e-06,.0046905941796372,.0020713929872371,-.0001281773545644,.0003266156735841,.0004522337430511,-5.32172858859e-06,-2.91852827576e-06,7.45578084261e-07,6.16789477323e-06,-1.87653783166e-06,-4.93855682289e-06,6.89231496761e-06,-2.63068455527e-06,-8.45469881103e-07,-9.21221086045e-07,1.07189870639e-06,-.0000135865132074,-6.99074837179e-06
45,-6.13437826091e-06,-3.14390491905e-07,-.0000516583656309,.0000572439857833,.0000867137406619,-.0000988087847485,.0001955646441792,.000251137785553,.0000107909918769,.0000539899901426,.0001247918270528,.0001477129042589,.0001806152383675,.0000920018447229,-7.59200492968e-06,.0001425189521376,.0000753320925701,.0000516172659419,.0000117572649457,-.0000962660444956,-.0000430465871886,.0000262795723312,-.000020373636146,1.54890608921e-06,-2.20397398313e-06,6.65536443314e-08,.0000487306345754,-1.71204896119e-06,-2.86381987526e-06,-2.06868375117e-06,6.83548587470e-07,-.0000130043558874,-8.41314117047e-06,-.0000233206071351,-.0000134894196129,7.47279244769e-06,.0000181446389925,5.87798620366e-06,-1.65382622326e-07,-8.07925567428e-07,1.34485789463e-06,-8.53178138752e-09,2.40074557022e-06,3.66314028636e-07,.000017917885027,.0000168471575581,-2.09215099394e-06,-8.08847301196e-07,-3.23907186502e-06,-3.08939029808e-06,-1.93915318655e-06,-7.52750622015e-06,-4.15877603869e-06,-4.33982342773e-06,-2.82026422636e-07,2.64674725569e-08,-1.26791086146e-07,2.62625411152e-07,-1.01130607716e-06,-3.84369611984e-07,-4.46326655350e-08,4.37256735643e-06,5.01390030672e-06,-1.86063374744e-06,-.0000199858940113,-8.23616913715e-07,.0000887139870039,1.32123039366e-06,.0000172146167457,-2.51969659843e-07,7.21052288245e-06,.0000141971724565,.0000341832881852,4.40575325436e-06,9.60834259764e-06,.0000143728686383,3.07200498144e-06,2.56591505103e-06,5.98159318651e-07,3.81927964996e-06,5.50005980141e-06,-.0049890158604838,-.0012354370941627,-.0001321241981522,-.0000703775384201,-.000158055940117,-6.47364183513e-06,-3.74088037019e-06,6.88193436210e-06,.0000115140009682,.0000110374375684,-2.96298216765e-06,8.23938000452e-06,-2.54512369221e-08,1.24827154682e-06,-6.02760587722e-06,-.0000125579940648,-3.29938903779e-06,-6.93162070468e-06
46,6.70830484155e-06,2.38955249568e-07,-.0000556020380627,-.0000745831001327,.0000532879494999,-.0001056341498086,-.0000113220768931,.0000422362447285,-.0000456993332405,.0000403304539634,.0000999196597486,.0001537301786693,.0000124068128985,-.0000612526246374,-.0000356844570806,.0002722579118185,.000068083883958,.0000787041453652,-.0000486748433229,-.0000723799333316,-3.78368329780e-06,-.0000741231263986,7.25293825628e-06,.0000102247081555,3.17190251466e-06,8.48465177149e-06,.0000729779805652,-.0000116116070064,-9.00790527027e-06,9.68315029693e-06,.0000149654669998,-.0000278430548957,-.0000152661492964,-.000022102351439,-5.54549500868e-06,6.85494035770e-06,6.53476059680e-06,.0000215681930615,1.62097242022e-06,-1.70155006155e-07,2.48465220537e-07,-2.35834030630e-07,9.61301385286e-07,-4.64665737221e-08,.0000168471575581,.0000395575835422,-.0000107202393965,-4.02844108136e-06,-3.58313035770e-06,-2.67681274958e-06,1.31501246762e-06,-3.42830402653e-06,-4.93613522652e-06,-.00001832282878,-4.35659627323e-07,-1.24116976767e-07,2.77293062068e-07,3.62211920921e-07,-2.75426635103e-06,-1.10508284982e-06,-8.84728414704e-08,-2.56910885903e-06,-1.97586806514e-06,-3.04049082867e-06,-.0000254554646281,-3.31832130683e-06,-.0001344631677882,5.02148077512e-07,.000041920022225,-2.44203553856e-06,.0000118255467796,-.0000228034432479,2.65247839324e-06,3.30131086285e-06,-1.18710512665e-06,-8.71075886505e-06,-2.10270969678e-06,-4.46152976871e-06,-1.93469872924e-06,-2.25884192260e-06,-1.23395299289e-06,-.0015825126903732,-.0009307818308806,-.0001357743807146,-.0000228182648099,-.0001831828817215,-1.73928162133e-06,6.11460506714e-07,8.31551475769e-06,.0000147048147021,.0000156007712932,-.000013641618077,.0000225085474451,-1.39596710065e-06,-1.97617789107e-07,-.0000152083761808,-.0000237683393823,5.60045562482e-06,-8.13162961073e-06
47,.0001859416378678,4.30344733189e-06,.0006132936927244,-.0001189203242601,.0001706960419961,.0003912858230901,-.0000656868085902,.0004959624615421,.0000119869538353,.0001243389215059,.0001646863503535,.0005286815936488,-.0004654885962803,.0004573172259044,.0005943004401168,-.0002578660670199,.0001511868319654,.000170080512421,.0001470260344906,-.0003044489514303,-.0000111210219987,.0003374364176541,2.84876612038e-06,-.0000129792480641,.000012847567975,-1.15537389032e-06,-5.01313394088e-06,2.91692957103e-06,-.000111427490997,4.00003918751e-06,9.72020473544e-06,7.95895505229e-06,-.0000178066209209,5.33688288716e-06,-.0000310669052432,-8.61855943389e-06,-.0001203221227012,.0001063003647993,-1.09239468806e-06,-8.14145843914e-06,-4.14950361436e-06,-1.45917818621e-06,-1.09080402971e-06,-4.30478757617e-06,-2.09215099394e-06,-.0000107202393965,.0005105351797819,.0005057522773057,.0001334810852613,.0000469034261335,.0000539226560509,9.49897965353e-06,.0000166547307105,.0000201602090967,-1.06374758912e-06,-6.40272810230e-07,3.45451708802e-06,3.32040607880e-06,-2.99508669246e-06,-1.77983019771e-06,.0000108693611022,.0000236448298013,7.98978570078e-06,9.56000427551e-06,.0000135829556962,7.00982390938e-06,.0010966465987919,5.03764828741e-06,-.0000717230152675,-3.89917205215e-06,-.0000229835617426,-.0000924386178481,-.0001060230201515,.0000234495724429,-.000010852187628,.000017333644335,.0000218935912388,.0000167581383389,.0000195139867101,.0000164087992648,4.28682761929e-06,.0100453908189129,.0047877749711167,.0004144424557872,.0011175655713225,.0007983343669611,.0001565171040878,.0000932226000285,8.19464042844e-06,1.38726206481e-06,-.0000130298352125,-.0000553512248988,.0001225715588326,9.77324060744e-06,.0000142303267023,.0000141879896438,.0000113036365538,.0000721877552164,.0000115115283597
48,.0001787466543867,1.79165009422e-06,.0000737257255163,-.0002418471531849,-.0004547972038431,-.0006322364787528,-.0000612211846779,.0004670196705793,.0006481526698055,.0002350247277414,-.0002930022148058,.0001607650636135,-.0009477001341111,.0008725629087475,-.0000787502567878,-.0003989870723201,-.0003674967640982,.0003932812900917,-.0001830643253729,-.0006591746860235,.0000957163807881,.0007456501671329,-.0001288675675487,5.70926118493e-06,.0000244477683468,-4.00767705289e-06,-.0000213863503115,3.54601595339e-06,-.0001192574860028,.0000212361376693,-.0000376031044527,.00002110367948,-7.15517191220e-06,9.34220564885e-06,8.44364623596e-06,-4.99004247167e-07,-.0000465105696753,.0002830051878105,2.68227899597e-06,-.0000117402144945,1.66342224977e-06,2.43227104380e-07,1.36007234257e-06,-3.19433689884e-06,-8.08847301196e-07,-4.02844108136e-06,.0005057522773057,.000924807598753,.000120577879344,.0000964376247574,1.64725741635e-06,-.0000723098569977,-.0000609990271041,-.0001216714536224,-1.95464923850e-06,-9.24541227457e-07,3.58241464155e-06,3.31357274516e-06,-4.90231565169e-06,-2.47946108409e-06,9.77254169833e-06,.0000176757433924,-1.60932970271e-07,7.20850352871e-06,.0005460674202784,3.56041264785e-06,.0001673508252895,-2.92221267777e-06,-.0000793750463006,-7.52185390580e-07,-5.20161953648e-06,-.0001419265810764,-.0006879951964614,-.0000209164397059,2.28228418914e-06,-.000017664571647,.0000190831418908,4.86591291556e-06,.0000158321629935,1.44024512159e-06,4.37904366444e-06,.003123283445515,.0033147888480797,.0002711255350782,.0125366541725993,.0113971023690908,.0001238493165817,.0000700990459763,-.0000221743307284,-.0000304084386521,-.0000101748696249,-.0000849649072683,.000087161332935,-1.11418486954e-06,.0000308693403959,.0000684894848005,.0000155186291809,.0000217952876822,-.0000236293536398
49,.00022783827169,.0000104186038438,.0001110237766912,.0008229332544282,.0005500750813388,.0002511901438105,-.0001150225201637,.0006747486836543,-.0000732038097469,.0003684540319561,.0016140857858769,.0007167347031938,.0008406624195018,.0004461110231497,.0005769832622247,.0009278435678843,.0003077548701508,.0000988945982782,-.0003021461880157,-.0003503232763144,-.0004592953915131,.0008107854087017,-.0003115158415741,-.0000325755490402,-.0000853004472346,-.0000355037006368,-8.86133512814e-06,-2.10333553599e-06,-.0002720843246715,-.0000187020385682,-.0000144063233682,.0000229727096489,-.0000179704969024,-.0000649586807512,-.0000107420719732,.0002895290537963,.0000423997430975,-.0000683204699593,-.0000151062614373,-.0000116631292293,5.26746885827e-06,-9.56271862444e-06,-4.10950999822e-06,-6.89441283130e-06,-3.23907186502e-06,-3.58313035770e-06,.0001334810852613,.000120577879344,.0008378417581579,.0010686738039473,.0002659172709064,.0002355561886175,.0000382162653147,.0000558678020952,1.95447167807e-07,2.24017821471e-08,3.92648751160e-06,2.03257308491e-06,2.39322504366e-06,1.56563531188e-06,.0000166771682577,.0000148935402965,.0000194824289062,-.0000690221921249,-.0001916235526549,.0000208111609233,.000756121552555,.0000101104928744,-.0000374201723237,-2.65949106884e-06,-.0000711999648113,-.0004655055443099,-.000273881787846,.0000367084410603,-.0000118061106399,.0000785576581913,.0000149845664396,.0000144520636541,-.0000527636411333,5.35585708972e-06,-.0000138550412417,-.0061450779472647,-.0046355531561965,.0003200921208817,.0051395903382434,.0054349816088913,.0002051075745376,.0001034120173263,-2.95027034658e-06,-.0000165259730868,.0000674937613275,.0000614328192745,-.0000637539502337,5.24063726864e-06,8.29585907162e-06,-.0000826777174923,-.0000324474599723,-.0000739313511644,.0000339186281167
50,.0001501486265532,.0000104770476761,-.0002257972651982,.000970756824182,.0010536523165868,-.0001712787452165,.000514847651826,.0005098387819126,-.0003023656564448,.0004881344935861,.0028192574886699,.0012225316004078,.0008999850167108,.0002003039203778,.0007762428938745,.0024467291895951,.0004019111139416,.0006906623154934,-.0002636806993917,-.0000598302572683,-.0004728462029485,.0011045597869091,-.0001439644848552,-.0000517517817231,-.0001893411908078,-9.34042543887e-06,-.0000280472740355,.0000417421917099,-.0005376422092609,.0000198906630372,-.0000155328473755,.0000913767556739,-.0000685266571382,-.0001557566237763,.0000344267541186,.0008922402242032,.0004791540128643,-.000153165808412,-.0000178476238047,-.0000107298099678,1.82789665046e-06,-8.57655972276e-06,-.0000108753846253,-.0000112904150529,-3.08939029808e-06,-2.67681274958e-06,.0000469034261335,.0000964376247574,.0010686738039473,.0023424729437392,.0001646958353998,.0002137564396279,.0001475462723282,.0003063456570475,-2.98028238428e-06,6.92973423253e-07,3.48079696819e-06,1.16643724251e-06,5.31282247162e-06,1.47139180122e-06,.0000181955336651,.0000262101706064,.0000296460993057,-.000109573990181,-.000097296114862,.0000259553180082,.0022841993725653,1.12917371416e-06,-.0001512859757827,3.36132998424e-06,-.0001196408450417,.0001209298141887,.0002182254028591,-1.29140379853e-06,-.000017657197436,.0000262545558428,.0000262258054087,.0000237522512648,-.0001014005341982,-7.10832091542e-06,-.0000181755583726,-.0426178271727125,-.0215287830849621,-.0001208078771671,.008959179043946,.0090903344504161,.0001885186272141,.0000635887014265,.0000792702973058,.0000988149602786,.0002230261688442,.0002739374701126,-.000029914458623,.0000107021869925,.0000141883880017,-.0000854031207157,-.0000383392699865,-.0001553969478441,.0000911065924083
51,.000500616344144,3.96550519056e-06,.0002253062138646,.0001884557764297,.0004030391620743,.0011719752097772,.0002338740038448,-.000165982389881,.0001285123512822,-.0005263204864631,.0004921603143624,-.0001655060696174,.0005255472362879,-.000527704048287,.0012407974766146,-.0004660893621343,-.0003258383491432,-.0001219281699071,.0001764303937702,.0000569075757575,.0001905126081097,-.0006151086495944,-8.37219450751e-06,-.0000129085414195,.0000667362385139,-.0000379842416336,-8.17288410891e-08,.0000226427061133,.0002536666609046,-.0000327686483634,-.0000120164534431,-.0000900645112906,4.15276414611e-06,.0000609666236698,-.0000550672567109,-.0002151594135617,-.0001876961193413,-.0000784784037889,5.16372608087e-06,-9.57644894827e-06,-5.02491497717e-06,-8.38470631682e-06,.0000100274566038,-1.71393282549e-06,-1.93915318655e-06,1.31501246762e-06,.0000539226560509,1.64725741635e-06,.0002659172709064,.0001646958353998,.0010691402141155,.0023775552192157,.00042412403689,.0006780724216781,9.59245724376e-07,3.97055834429e-07,6.42125930486e-06,3.40804595045e-06,6.10866618629e-06,2.31122025541e-06,.0000277746730038,.0000355259889478,.0000455499292659,-.0000401757054964,.0003054659810684,.0000557657704792,5.26076339587e-06,3.25604603650e-06,-.0003626273861302,.0000110768627449,-.0001816590803963,.0002325148031348,-.0000729502049377,-.0000107814423722,.0000750736404651,.0000835049336247,.0000376504265587,.0000285854126382,-.0000471339928413,.0000129330019707,.0000279912556199,.0292888573081964,.0139317967759231,.0003971712719734,.0047850274537608,.0061326051601989,.0004420789123681,.0002392722444172,.0001850042636369,.0002539732498869,.0001574099312151,.0000224085107157,.0004523194930519,.0000308807579463,-2.44372164050e-06,.0001002528593042,7.67279479322e-06,.0000165102827225,-.0000433572035758
52,.0009286816389037,4.16120704646e-06,-.0008472107909835,-.0000269628122549,.0004484836695563,.0027390392540395,-.0000127495242967,-.0014662420248713,-.0002241145212413,-.0007156720877981,.0014552336905498,-.0015899946505262,.0007582954629346,-.0025296050971515,.0030438237339426,-.0001309319946697,-.0017693558493406,-.0004060563332847,.0002787562838755,.0003890815161609,.0006188078410787,-.0021081587181832,.0004280935824495,-.0000338046991204,.0002168310912109,-.0000469123865747,-.0000116143997424,.0000937290643234,.0007321413811256,-.0001044956314428,-.0000172875351116,-.0001907770618006,-.0000797989537606,.0001674796176988,-.0002131823602376,-.000123977296893,.0000123536232133,-.0000477172823411,.0000167173699087,-.0000142238445627,-9.57115836462e-06,-.0000126017019559,.0000257614664905,1.88685761264e-06,-7.52750622015e-06,-3.42830402653e-06,9.49897965353e-06,-.0000723098569977,.0002355561886175,.0002137564396279,.0023775552192157,.0074573770598586,.0013563687198851,.0025700280315425,-1.25384588287e-06,-9.66026000335e-07,.000012134326204,2.40996769447e-06,.0000145632486356,5.01760433587e-06,.0000527614198475,.0000741060327448,.0000627849132951,.0000472448725967,.0015238850885344,.0001206102813408,.002306507966699,1.24231035412e-06,-.0008688950332372,.0000581872743207,-.0003491419744744,.0012521808615476,-.0002717038775286,-.0000185271074613,.0004212698824209,.0002031948814956,.0000883200728529,.0000335779571249,.0000483597162204,.0000123674584859,.0000926536931492,.0982153503187995,.0508680234128365,.0009474371319323,.0241482066271659,.0267123452083092,.0009337383307012,.0004305794877581,.0006394771123735,.0009262811783265,.000414128138566,.0000947208522662,.001633748068373,.0000749653056738,-.0000218837605247,.0002938062488821,.0001061309837025,.0001331439901431,-.0001397549968497
53,.000583782711064,2.05105402270e-06,-.0006811613256465,.0001320407850117,.0005717948719339,.0010968482080025,-.0004330088126161,-.0001717111210369,.0014174756069052,.0012094463805104,.0021090703029541,.0003709262463449,.0012971883141262,-.000246381362386,.0021505292604342,.0017695922518646,.0018955529590551,-.0000714147457002,-.0003447733434637,.0002637569701128,.0000907550993164,.0006140955770931,1.24811053814e-06,2.25302051022e-06,-.0000198573462264,8.09567613920e-06,8.20787847610e-06,.0000707705685959,.0004655392568732,-.0000642800218992,-.0000313320107847,-.000114820607441,-.0000443400115734,-.0000733162604332,-.0000747730884714,.0000405131783464,.000208741385734,-.0001689720566208,.0000145870956434,-3.26433963900e-06,-3.26091743431e-06,-3.21170886857e-06,.0000140871041647,-3.22540589908e-06,-4.15877603869e-06,-4.93613522652e-06,.0000166547307105,-.0000609990271041,.0000382162653147,.0001475462723282,.00042412403689,.0013563687198851,.0013840893028302,.0025664518273088,4.54014974977e-07,9.78839834323e-07,4.87578228749e-06,3.99997551957e-07,.000013197086537,2.67194295024e-06,.0000489969936368,.0001400387667806,.000090809167505,.0000726451912468,.000624464421828,.0000534034527631,.0037246987772795,.0000224443759641,-.0004918199878275,.0000154926784156,-.0001101548225472,.0006185189639802,-5.94555600815e-06,.0000934507830615,.0001876520690506,.0002119181184073,.0001356088714766,.000065541595161,.0000896028040885,.0000565160015865,.0001379779264238,.0978761977525654,.0493278564210273,.0007993282596742,.0004633921855717,-.0004817504209349,.0004987214424591,.0002205694319085,.00056750870282,.0007650098749355,.0002078944934216,.0003579086816624,.0013448814364814,.0000930674565791,-5.47854634133e-06,-.0000675077881184,.0000494290856428,.0001042795228592,.0001302055994918
54,.000822777290057,2.94323272803e-06,-.0022188081230933,.0009269767021853,.0012576438178825,.0014072623967158,-.0012615215078495,-.000984018992232,.0019845124355362,.0030187608819979,.0037532108273598,-.0001567363354682,.001892613577954,-.0007906015646262,.0038341284942032,.0028308840781372,.0027588651735086,.0000574907052553,-.0008199063034713,.0009279783288088,.0005157353053226,.0015836281260799,.0006949379738349,-.0000454126068771,-.000065287365305,-2.74019904649e-07,.0000185740375129,.0001667560096663,.0007078654268091,-.0000639588945826,-.0000114986722468,-.0001876778987767,-.000148740617941,-.000187855572638,-.0002637715010632,.0005709226479444,.0008204265153125,-.0001902470863596,.0000281900301919,-5.42517759405e-06,-6.76578158519e-06,-8.94980367545e-06,.0000201964758684,-8.62693683069e-06,-4.33982342773e-06,-.00001832282878,.0000201602090967,-.0001216714536224,.0000558678020952,.0003063456570475,.0006780724216781,.0025700280315425,.0025664518273088,.0058714797056615,-1.49349330493e-06,1.37415513532e-07,9.40198662966e-06,-2.33943461941e-06,.0000166424430093,-4.91037779378e-06,.0000786251349014,.0001990948616225,.0000781846750254,.000188113137529,.0015989185080437,.0000479045747994,.0055975328331542,.0000217215843643,-.0004310400817243,.0000203137232586,-.0000187572642803,.0012650402259604,-.0003338802947964,.0001993438896737,.000074496633239,.0004125167347961,.0001904544633547,.0000492023626208,.0002373307046495,.0000589954270715,.0001945840105936,.1567507240244393,.0630477554365261,.0006889298793519,-.0009897644741286,-.0025673821613832,.0007599613773171,.0002585895244536,.0010346321016405,.0014436621153091,.0002371270709383,.0005854854613856,.0026560955628072,.0001423592565505,-6.85631954998e-06,-.0002088541322062,.0000733941797191,.0002961551283769,.000317848365838
55,-1.71927734129e-07,-2.16333620868e-07,.0000438454040111,-.000023962663417,-.0000195932210631,.0000688347691183,.0000917519006597,.0000249499469732,2.65580874457e-06,4.69270481472e-06,.0000186618473824,-7.18033950220e-06,-.0000165149665157,-.0000100050132939,.0000126741621601,-.0000171563016148,1.50599111373e-06,-.0000173163649594,.0000647762682433,1.19016795418e-06,-3.25424896851e-06,-.0000475035459668,8.66241228735e-06,1.02832347177e-06,-1.51109538273e-07,1.52543173853e-06,8.81949225246e-08,-8.98824236850e-06,6.36613717684e-07,-9.25498162904e-07,-1.90191817929e-06,1.18861437151e-06,.0000117559830083,-.000010204078633,5.26697912970e-06,-3.92318776289e-06,-9.62423056912e-07,-3.43182149970e-06,-3.16227574390e-07,1.79627423504e-07,2.45904156527e-07,-8.79984458015e-08,3.98220493087e-07,-1.04177733082e-07,-2.82026422636e-07,-4.35659627323e-07,-1.06374758912e-06,-1.95464923850e-06,1.95447167807e-07,-2.98028238428e-06,9.59245724376e-07,-1.25384588287e-06,4.54014974977e-07,-1.49349330493e-06,1.50621353912e-06,9.37307046638e-07,8.24245448926e-08,-9.01225309115e-08,1.85443502976e-07,1.43110907485e-07,-7.87486438963e-08,2.70413794797e-08,4.04950979586e-07,-1.72387689854e-06,-.0000902559201492,1.51385341205e-06,.0000267249059676,1.22385340522e-06,-1.10504815751e-07,-7.69233201624e-07,-4.89103821397e-06,-.0000619580554911,.0000282978712596,4.35024544861e-06,1.60523070398e-06,-4.40741349506e-06,-3.05525394970e-07,-1.80161377328e-08,-8.01372610984e-07,-4.70505343081e-07,-3.55491932126e-07,.0001391946547205,-.0002148388051338,-1.51037081924e-06,.0002904261333846,.0003116330441725,-7.73693702231e-07,-7.01701980763e-07,-7.49998676820e-07,-1.32732614251e-06,-1.01115239980e-06,-2.69429195325e-06,-8.94974632803e-07,1.57022934227e-07,8.58758380134e-07,3.23142008684e-06,2.99998929039e-06,-1.01600452634e-06,5.81379178206e-08
56,1.31206944176e-07,-1.89897813771e-07,.0000327380344703,2.82142181051e-06,-6.46184135834e-06,9.80445736337e-06,.0000792850004693,-6.10398555103e-06,.0000190330613862,2.82500588561e-06,.0000234527461191,-.0000211714796655,-8.62936682059e-06,-.0000202593164752,.0000306945163463,-5.71732770990e-06,.0000150408232231,-.000021604669142,.0000536413196882,6.01799831634e-06,-1.22695961164e-06,-.0000636210836115,7.84423642354e-06,1.62216731342e-06,-3.78837879115e-07,1.85873348986e-06,1.94107733913e-06,-5.50757571491e-06,1.68130803630e-06,-2.09237077951e-06,-1.15037102507e-06,-1.66520890019e-06,7.37355680980e-06,-.0000124225969033,8.01307077995e-07,-3.80548281443e-06,1.68389296720e-06,-3.15236259076e-06,-5.65136592491e-07,3.74708103819e-08,1.56795753560e-08,1.90276631076e-09,2.05129431574e-07,-5.69971095596e-08,2.64674725569e-08,-1.24116976767e-07,-6.40272810230e-07,-9.24541227457e-07,2.24017821471e-08,6.92973423253e-07,3.97055834429e-07,-9.66026000335e-07,9.78839834323e-07,1.37415513532e-07,9.37307046638e-07,1.43752575847e-06,4.46978293243e-08,-1.65298584153e-08,-1.00285455038e-09,1.80865551840e-08,-8.35234465245e-08,-1.60425323217e-08,6.54650743348e-07,-2.18082825369e-06,-.0000633260312254,1.08013090121e-06,.0001022598766139,9.54314470258e-07,-5.10017526231e-07,-7.62928153308e-07,-3.87567597788e-06,-.0000512645267776,.0000120615131316,4.18021913598e-06,-9.67063462797e-07,-3.10690774917e-06,-2.54632947520e-07,1.52556354166e-07,-1.78321402660e-06,4.94065151700e-07,-6.32099023740e-07,.0004601792550152,.0001593022052456,.0000125052914708,.0002933054099057,.0002673598614375,-3.61420303264e-07,7.27537314870e-08,-6.98496587180e-07,-1.01419061100e-06,2.43063569301e-07,-4.40600940813e-06,1.26216974357e-06,-5.84120425857e-08,9.26053451846e-07,1.61385417889e-06,3.51405883883e-06,-1.54813492779e-06,9.26859249338e-09
57,.0000120759374333,1.60300560403e-07,.0000269476797077,.0000473543172487,6.65839275214e-06,.000042072126958,.0000168772386837,.0000144505951121,.0000437232274698,.0000471746181658,.0000895091655991,.0000458800209059,.0000236979273496,.0000154717762231,.0000621009071844,.0000341812289903,.0000527287583596,.0000203447931852,-7.08477895984e-06,-4.05872679937e-06,-2.13382243728e-06,.0000353226754472,-2.75745977436e-06,9.01263837247e-07,6.32522020951e-07,3.36374403059e-06,-2.46246784229e-07,3.83748784440e-06,-6.10844366092e-07,-4.21856990991e-07,-3.34146680653e-06,5.13127010715e-07,-.0000192645554985,-2.88230430377e-06,-.0000157770468054,7.66090312606e-06,-1.61620205833e-06,8.33879868638e-06,1.33344016843e-07,-2.73168120231e-08,7.84263656331e-08,-1.29634913932e-07,3.28556915801e-07,2.48993509226e-08,-1.26791086146e-07,2.77293062068e-07,3.45451708802e-06,3.58241464155e-06,3.92648751160e-06,3.48079696819e-06,6.42125930486e-06,.000012134326204,4.87578228749e-06,9.40198662966e-06,8.24245448926e-08,4.46978293243e-08,2.43416191252e-06,1.47338023618e-06,2.56044105385e-07,1.81931216795e-07,3.35197997619e-08,2.51242455347e-06,2.55246887661e-06,9.53588798743e-07,.0000196800440388,1.08014056330e-06,.000087834388036,3.31892974367e-07,-5.64657354576e-06,-1.49697945515e-07,-1.94760035691e-06,-3.54130276914e-06,-.0000232213240438,-7.94967777996e-08,2.88908975629e-06,2.15984126320e-06,2.31379524389e-06,1.82656103508e-06,2.01225210352e-07,1.31508952109e-06,2.27593798867e-06,-.0005908062365405,-.0006059296064291,.0000175646458031,.0000377619073821,.0000119843208656,6.85013287348e-06,3.31294298160e-06,4.91309670500e-06,7.08128715681e-06,-6.52319435764e-07,1.04844178072e-06,.0000138048649164,5.44343792757e-07,1.15868940584e-07,3.29861412952e-06,-1.79354182368e-06,7.28352972855e-06,5.92552976999e-06
58,7.41951977736e-06,1.73558994981e-08,5.80826940896e-06,.0000356474276518,.0000259747737281,.0000449627141058,.0000800558052415,1.78581880399e-06,.0000593412102313,.0000186438182359,.0000617406207111,.0001056129608568,.0000458103768316,.0000304999388949,.0000705059369187,-3.90952791683e-06,.0000749575418834,.0000104837006192,.0000268396631562,-2.42178241216e-06,-.0000230208137208,-.0000204316177954,-2.27262847804e-06,2.92891704635e-06,4.40365404887e-06,2.68819502449e-06,1.75778433550e-06,4.36018173618e-06,-2.80985212859e-07,-4.13279534399e-06,-5.59772830946e-06,-3.33021715393e-07,-8.00245759508e-06,9.21116438258e-06,-.0000135827639155,-2.86446080924e-06,-5.23623860727e-06,4.48091011577e-07,-5.90874136908e-07,-2.53493598280e-07,2.77141701089e-07,2.32272587392e-08,1.83413788645e-07,2.05200745066e-07,2.62625411152e-07,3.62211920921e-07,3.32040607880e-06,3.31357274516e-06,2.03257308491e-06,1.16643724251e-06,3.40804595045e-06,2.40996769447e-06,3.99997551957e-07,-2.33943461941e-06,-9.01225309115e-08,-1.65298584153e-08,1.47338023618e-06,2.48564400440e-06,4.25223739061e-07,6.67003767113e-07,-8.46148088408e-08,1.74212525479e-06,1.66434445100e-06,-6.52446487097e-07,.0000424438055445,3.87563238592e-07,.0002509456635306,-1.84934780020e-07,-7.87576142462e-06,5.53766621259e-07,9.98119355615e-08,.0000474704571659,5.02672134402e-06,-1.25540621544e-06,1.43037576810e-06,8.28799708674e-06,1.47055841177e-06,1.10888893055e-06,-1.14568634057e-06,5.29426389111e-08,1.84253484002e-06,.0005145159619462,-.0000478358051055,.0000830573050482,.0002386597449716,.0000737888610605,4.51999127700e-06,2.63219400547e-06,3.19505320385e-06,5.42010156292e-06,3.19014982725e-07,1.57929619625e-06,7.69871017911e-06,-1.35295979806e-07,-1.60828925624e-07,3.09369698997e-06,-1.81800848895e-06,5.21591189469e-06,7.57982072871e-06
59,.0000113975266729,-7.21801010162e-08,.0000241614348315,.0000153858263778,.0000615187783029,.0001047319512102,.0000534880072177,-.0000525255095756,.000074315609635,.0000983821575831,.0000784833773937,.0000618577871096,.0001355244008111,.0000944054429779,.0000468653810159,.000066449732576,.0001327734774457,.0000400353257722,.0000283084900279,.0000430909715107,-.0000164584951791,.0000529752546825,-.0000159292354446,9.25521325013e-07,4.17773867328e-06,-3.54475094412e-07,-6.24232008555e-06,.0000226101791554,.0000103006418536,-3.43369503769e-06,-5.85024064219e-06,-6.12287884217e-07,-2.84693141335e-06,6.17763578405e-06,-2.02812889318e-06,-6.40419063707e-06,-6.38338866710e-06,-2.30520098546e-06,2.91132259765e-07,5.53242319732e-07,8.91035430593e-07,-2.18127770814e-07,4.04812254407e-07,1.12483053764e-07,-1.01130607716e-06,-2.75426635103e-06,-2.99508669246e-06,-4.90231565169e-06,2.39322504366e-06,5.31282247162e-06,6.10866618629e-06,.0000145632486356,.000013197086537,.0000166424430093,1.85443502976e-07,-1.00285455038e-09,2.56044105385e-07,4.25223739061e-07,5.96243772601e-06,4.90155507570e-06,5.73372094970e-07,6.51882048799e-06,4.78251861143e-06,3.79572521409e-06,.0000282186873415,1.86984716834e-06,.0004541509017346,5.42407663565e-07,-.0000245853207043,9.15870431692e-07,-4.32524351838e-06,.0001111599565695,.0000829413010106,2.56505965253e-06,5.62280011900e-06,.0000140138627903,6.81968785022e-06,3.97992577852e-06,2.10594531072e-06,3.16862084502e-06,6.54618213354e-06,-.001178574988567,.0004198035342679,.000126345799681,.0014728301482934,.0012703822047382,8.29152235603e-06,4.19622368065e-06,.0000143717271239,.0000174138842172,1.52966828778e-06,.0000169273245732,.0000270183764552,3.71809840283e-06,-1.58734137002e-06,5.95859507231e-06,9.38138368215e-07,-1.45385644603e-06,.0000116001379933
60,1.64872161179e-06,-2.47655833782e-07,-.0000598418702585,-.0000288687134904,.0000692261065163,.0001466274526658,.0000778032703354,-.0000793268725207,.000104415911992,.0000494279418501,-5.98140630435e-06,-.0000124174897805,.0001642314827461,.0000483205378317,.0000477701583299,-4.99814628362e-06,.0000888072904171,.0000284712638312,.0000501390959708,.0000181680732247,-4.95040021498e-06,.000049399589133,.0000103530046315,1.45673810732e-06,8.61844124532e-06,-1.25506830623e-06,-2.75940708131e-06,.0000150004921822,6.83507773529e-06,-1.37604569986e-06,-5.09355050600e-06,1.67638031735e-06,-7.48849143911e-07,4.31122605766e-06,-4.71836885522e-06,-9.60191921518e-06,-.0000170870795382,2.02893504244e-06,-4.15994354482e-07,7.41042813506e-08,9.49907967458e-07,1.27793345145e-07,6.84519960147e-07,7.58451880403e-07,-3.84369611984e-07,-1.10508284982e-06,-1.77983019771e-06,-2.47946108409e-06,1.56563531188e-06,1.47139180122e-06,2.31122025541e-06,5.01760433587e-06,2.67194295024e-06,-4.91037779378e-06,1.43110907485e-07,1.80865551840e-08,1.81931216795e-07,6.67003767113e-07,4.90155507570e-06,7.40115910993e-06,2.13913161614e-07,3.90882022268e-06,2.60010887717e-06,4.64703718587e-07,.0001196520556724,2.91728060739e-07,.000314325371777,-1.07485578842e-06,-.0000196210772286,1.61894653723e-06,1.03551556966e-06,.0001392549295199,.0000196028905946,-5.02287591206e-06,4.01808944020e-06,.000012512978343,4.68019453006e-06,1.82420426461e-06,-7.13138308729e-07,1.63245056276e-06,4.09374043806e-06,-.0015376828413546,-.0001427966840907,.0000942574693588,.0007463752471233,.000671400107103,4.04490666770e-06,1.84672816584e-06,6.71560184294e-06,7.92212233048e-06,-6.78817404987e-07,.0000116226322659,7.20353628262e-06,2.25231037188e-06,-1.52300184916e-06,-3.08979435652e-06,2.66141950498e-06,1.82341589786e-06,.0000101002084874
61,.000026419533853,-1.51559697909e-07,.0000556253041655,.0000122342454938,.000032028019598,.0000497461933187,-.0000791749146196,.0000217192044672,.000040216232734,.0000353269038339,.0001356260327094,.0000322587287045,.0000514046005148,5.18656720280e-06,.000099789926044,.0000733284571463,.0000597304992037,4.95312800446e-06,-.0000600021111717,-.0000234725996331,-.0000101902597082,.0000557817295988,-.000014285877009,1.41618343013e-06,7.55544787990e-07,-3.65834864497e-06,3.38269779366e-06,7.98487386098e-08,.000012653906032,-7.81629630059e-06,-2.72742113468e-06,-9.72253412211e-06,9.99699139089e-07,-5.20958157316e-06,-2.90429349814e-06,-8.69156782596e-06,-8.69276758269e-07,-2.71811318430e-06,-8.99626174123e-07,-1.20969933913e-07,-2.12969467035e-07,-4.53848763350e-07,5.50249519731e-07,1.10082682083e-07,-4.46326655350e-08,-8.84728414704e-08,.0000108693611022,9.77254169833e-06,.0000166771682577,.0000181955336651,.0000277746730038,.0000527614198475,.0000489969936368,.0000786251349014,-7.87486438963e-08,-8.35234465245e-08,3.35197997619e-08,-8.46148088408e-08,5.73372094970e-07,2.13913161614e-07,5.14507580582e-06,4.68372857501e-06,4.06486179863e-06,1.03698707898e-06,.0000362648404058,2.46988820629e-06,.000092332556903,6.19590475260e-07,-.0000215041057921,6.90475234722e-07,-6.09226874136e-06,.0000459143586544,9.64960742794e-06,2.79042049440e-06,2.41632618436e-06,.0000121536699829,4.99105815374e-06,3.29204817347e-06,1.25572250523e-06,2.36950989789e-06,4.18189188214e-06,.0019107509718546,.0020156594393511,.0000374967815501,.0000476249373135,.0000331908079691,.0000244379289659,.0000126260778981,.0000133943155289,.0000185693568977,8.01869286313e-06,5.76494127479e-06,.0000278631717364,2.30866936139e-06,1.26084101162e-07,-3.33579729213e-06,3.83820957785e-06,-2.78147176254e-06,1.33387206266e-06
62,.0001507508389576,2.32336983965e-06,-.0000489546694213,.00035817660224,-4.14310183275e-06,.0008327077255462,.000355794129529,.0007125005551361,.0003665894111823,.0003548434761504,.0005617947870571,.0008719351200432,.0004575653351257,.0005561513605324,.0004495668798534,.000586668954513,.0005815874464727,-.0000488354957731,.0000393841739808,-.0003100313119609,-.0002680959021317,.0003747628662224,-.0000285838915378,1.70133327981e-06,-.0000155081385249,-.0000142875082965,-.0000142282684026,.000027624830167,.0000481126785285,9.40618839507e-06,-.0000190623006192,2.61854205198e-06,-6.91019584845e-06,.0000175564198899,5.33722531283e-06,-9.36884589584e-06,.0000323726278427,-.0000531220261503,6.22299560509e-06,-1.71094779535e-06,7.46933079140e-06,-8.72076967233e-07,3.05764410669e-06,-1.50821053030e-06,4.37256735643e-06,-2.56910885903e-06,.0000236448298013,.0000176757433924,.0000148935402965,.0000262101706064,.0000355259889478,.0000741060327448,.0001400387667806,.0001990948616225,2.70413794797e-08,-1.60425323217e-08,2.51242455347e-06,1.74212525479e-06,6.51882048799e-06,3.90882022268e-06,4.68372857501e-06,.0001704724116555,.0001416433903073,.0000965852815692,.0001238015830289,.0000258762281395,.0020349430316407,.0000359668524473,-.0001591030696147,.0000138699591674,-3.90333818275e-06,.0004277714284482,.0003039704155741,.0001268831959141,.0002423896198164,.0002493150812274,.0001335109875812,.0001346564068029,.0000841510709998,.0001097679844603,.0001640776569752,.0019424211608965,.0125020737393769,.0009537884370424,.0003537247457874,-.0001962944495176,.0001079702538084,.000056907333927,.0001652263469465,.000177244506245,.0000980935137336,.0001985543392456,.0002066298061345,.000050977769424,.000014305931463,-3.43656959002e-06,-.0000195192114512,-9.13716464928e-06,7.35726868578e-06
63,.0000956808693868,1.13984732270e-06,.0000196040999398,.0003103822873912,-.0001811027404028,.0012226307566924,.0007371735924034,.0010735990508032,.0005374289430415,.000400504897003,.0005890504128504,.0004095526556171,.0003213787166388,.0004690801246017,.0003855868799159,.0006392307857388,.000166088036451,-.0001669504150928,.0004086037479674,-.000394903419203,-.0000696278215136,-.0000496994078054,-.0002603416909909,5.91122082362e-06,1.98904737733e-06,-.0000108519636819,6.65951889413e-07,.0000145807734919,.0000431804087492,-9.66565324986e-06,-.0000125549386635,-.0000261777385853,1.36233535311e-06,.0000278402115711,.0000219763671119,-.0000692072923771,-.0000370225682938,-.000040852487252,3.66170673957e-06,-1.77106539799e-06,5.38323957004e-06,-5.37060076574e-07,4.63575008786e-06,9.01829375191e-07,5.01390030672e-06,-1.97586806514e-06,7.98978570078e-06,-1.60932970271e-07,.0000194824289062,.0000296460993057,.0000455499292659,.0000627849132951,.000090809167505,.0000781846750254,4.04950979586e-07,6.54650743348e-07,2.55246887661e-06,1.66434445100e-06,4.78251861143e-06,2.60010887717e-06,4.06486179863e-06,.0001416433903073,.0002211467247646,-.000016164219622,.0003520503511399,.0000623125896533,.0012995213862682,.0000275619275195,-.0003823368549583,.0000219116461103,-.0001568969772571,.000475342382023,.0001232927354617,.0001166615181321,.0001644496723217,.000254048308308,.0001058113261325,.0001661046365534,-.0000208325744322,.0001649306286954,.0001118094669563,-.009631876149149,.0089219149859162,.0005303776642226,1.44723852001e-06,-.0003651259653017,.0000720627978524,.0000396306259765,.0000941756884594,.0000959453224761,.0000875025420969,.0001033713144327,.0000865968743644,.0000316710093001,-2.51763052138e-06,.000017709497981,-.0000322371753297,-.000063216618505,-.0000529478864055
64,.0000775388066277,2.35871108562e-06,-.0009648651872408,.000420106772602,-.0000318579723272,-.0008693584955595,-.00062480841387,-.0008455585295633,-.0002445555909573,.0002844147940526,-.0000641917634471,.000542390115925,.0003417072567571,-.0002979204031738,-.0002005132947613,-.0004009221804185,-.0000339733533091,.0000359101411883,-.0005962204372162,.0002534572776315,-9.98816689037e-06,.0005761913872943,.0003093402589386,-.0000163087687558,-.0000481972125313,1.57135540498e-06,-.0000107116997675,.0000177265576174,.0001222045336391,.0000285645389615,.0000341402312286,-4.21995705959e-06,6.31134416546e-06,-.0000867710953962,-.0000185477775623,.0000395626042684,.0000707950835896,-.000023656502791,.0000102009869234,4.04185668402e-06,6.51628004803e-06,-5.62586821354e-07,-1.24301443126e-06,-3.13035106950e-06,-1.86063374744e-06,-3.04049082867e-06,9.56000427551e-06,7.20850352871e-06,-.0000690221921249,-.000109573990181,-.0000401757054964,.0000472448725967,.0000726451912468,.000188113137529,-1.72387689854e-06,-2.18082825369e-06,9.53588798743e-07,-6.52446487097e-07,3.79572521409e-06,4.64703718587e-07,1.03698707898e-06,.0000965852815692,-.000016164219622,.0005977893971656,-.0004433736872078,-.0000602902068924,.0006513027788752,.0000289256888356,.0005948332311843,-5.89243470091e-06,.0003292048993584,-.0001110522129114,.0003323215316925,.0001490753631766,.0000831084791243,.0001233058187982,.0000664649374072,5.55015515622e-07,.0005380880104747,9.41560593742e-07,.0002628819457431,.0111198590992171,-.0013692187196815,.0001273140334139,-.0050812049988861,-.0051225782442837,.0000492255007933,.0000328624501392,.0000416574946459,.0000494856491869,-.0000510408572755,.0000952622069892,.0000875133113686,.0000104634307634,-2.52365724563e-06,.0000242499792653,-.0000287814648737,.0001164898601534,.0001266505052309
65,-.0003494987771609,-.0000748307468422,.0085607285177545,.0050603534813132,.009438839445098,.0175883264380189,.0007885499740584,-.0140349305928852,.0117518778886149,.0111232917611152,.0177821234514075,-.0094438868352722,-.0065123656138106,.0098682112950181,.0000892377315332,.0034106873166725,-.0077847685407484,.0027532487903979,.0017634192307206,.0106111459031202,.0127947100583671,.0005482175874988,-.0128460934245583,-.0002881057110903,-.0004826989894406,.0007147623579889,-.0001069248176413,.0011764264140674,-.0012185392501193,-.0001245586383887,.0002576320399621,.0007729638066545,-.001601205551614,.0006096245024753,-.0006731101299992,.0013798645940592,.0013198796703356,.0016615157589923,-3.59421365410e-06,-9.45214242294e-06,-.0000725739958378,.0000790733478144,-.0000664833564173,.0000620277014858,-.0000199858940113,-.0000254554646281,.0000135829556962,.0005460674202784,-.0001916235526549,-.000097296114862,.0003054659810684,.0015238850885344,.000624464421828,.0015989185080437,-.0000902559201492,-.0000633260312254,.0000196800440388,.0000424438055445,.0000282186873415,.0001196520556724,.0000362648404058,.0001238015830289,.0003520503511399,-.0004433736872078,.3060528830322269,-.0032294835322085,-.0068954208528706,-.0036857536999253,-.0053610208663266,.0024037938030768,.0140506215384405,.1399114795652825,-.1661413549785642,-.015811337762704,.0028269038885092,.0187896667195142,.0002655052785163,.0002020100907305,-.0003866797077102,.0000827885852905,.0007218983477403,.211773148270176,.1373427978072634,-.00813421638414,-.0164976114145,-.029382221132165,.0001841007651781,-.0000270027765373,.0002677612557781,.0006413681376608,-.0003972982605839,.0012220984164348,.000961597035071,-.0000419385311534,-.0001036875201343,-.0008786069490057,-.0001248793804341,.0007712811538693,-.0002020113938658
66,.0000819810311251,1.14950155289e-07,-.0000509320791345,-.0001232633352802,.0001412524557573,.0000573247910353,.0004634784614645,.0006084026711327,.0001260937889528,-.000092591683647,-.0000392958812225,-.0002616333939294,.000362460731048,-.000646160374515,-.0000884638656774,.000159941119796,.0005252608445901,-.0000268085541682,.0000603396342953,-.0000527000681976,.0000120789144978,-.0004510463762882,-.0000747276848569,5.10376321102e-06,.0000183505400762,6.11171261695e-06,3.36176614477e-06,4.19054158678e-06,.0000484957490946,-.0000271005117255,-.0000324403105323,-.0000104315227428,.000017121558484,-.00003497730371,.0000121780903859,-.0000799393760779,.0000447283285625,-.00007706806601,-5.31047020457e-06,-3.48645795990e-06,1.26486678440e-06,-8.64022085777e-07,8.78365484525e-07,-3.54640092885e-07,-8.23616913715e-07,-3.31832130683e-06,7.00982390938e-06,3.56041264785e-06,.0000208111609233,.0000259553180082,.0000557657704792,.0001206102813408,.0000534034527631,.0000479045747994,1.51385341205e-06,1.08013090121e-06,1.08014056330e-06,3.87563238592e-07,1.86984716834e-06,2.91728060739e-07,2.46988820629e-06,.0000258762281395,.0000623125896533,-.0000602902068924,-.0032294835322085,.0002231562555955,.001225162301766,.0000746146187461,-.0009869866737495,-.0000162087797902,-.000812668738838,-.001574736284259,.0016547471275625,.0002911343198338,.0001254753765364,-.0001123747525028,.0000242028203268,.0000450889452865,-.0000560264806136,.0000395837304078,-5.30164519497e-06,-.0057217595885349,.0038184501485305,.0005468918326735,.0002079457888548,-.0001964679782,.0000347450727857,.000011462508909,.0000772518744482,.0000988836976333,.0001249712175677,.000025519040236,.0001353627465732,.000013248874635,-4.80703797227e-06,.0000235824486224,-.0000191110002861,-.0000305836484987,.0000144185362673
67,.0085521231238094,-.000012513487437,.0015655039834305,.0294330780754681,.0126604484193808,.0558817064787091,.0119130237752412,.0386060014315312,.0188950364317187,.0253966769354038,.0229190718323858,.0480427863794248,.0506190834228332,.0366383584189721,.0458192252559143,.0257436053597143,.0454651097201541,.0017028765296431,.0156952334739646,-.0104708493730164,-.0151433228084485,-.0254659765507148,.0039386502080401,.0006157395806414,.0010055819381624,-.0000534049649523,-.0008549025831712,.0013566685956339,.0017065728695648,.0013277656657302,-.0015409942648724,.0008226220593457,-.0003513298288485,-.0017193246455861,-.002090369138961,-.0072831876809114,.0003438913172448,-.0027427056993976,.0001453285259257,-.0000441508559146,.0004344852108201,.0001187403067681,-.0000889772090801,-.0002181001150119,.0000887139870039,-.0001344631677882,.0010966465987919,.0001673508252895,.000756121552555,.0022841993725653,5.26076339587e-06,.002306507966699,.0037246987772795,.0055975328331542,.0000267249059676,.0001022598766139,.000087834388036,.0002509456635306,.0004541509017346,.000314325371777,.000092332556903,.0020349430316407,.0012995213862682,.0006513027788752,-.0068954208528706,.001225162301766,1.674884970212721,.0001888181691301,-.0062346585315541,-.0000859240297892,-.0039341100581195,.0111708572570962,.0180662388535091,.0018766391105553,-.0012509062786168,.0012158125380208,.0019425438715993,.0013529471681844,.0010063980597681,.0013372468449505,.0014221738474436,.1956632810112998,.9952438742058619,.5151214445984786,2.457635869965344,1.864277030785169,.0027649914009553,.0012566761317792,.0042448913309484,.0047672238821988,.0003397152407454,.0095683583050524,.0040344949573911,.0014771304157659,.0011053523550852,.0004096954374804,.0010962265007685,.0008774189860445,.0015459761218408
68,.000037819869688,1.41243481456e-06,-.0001310028268445,-.0001037453611748,-.0001866914693263,-.0000838120527963,.0002776489170547,.0001994058653692,-.0000908089844131,-.0000971472677185,.0000433897869066,.0004285852204598,.0002407861375284,-.0003427527146152,.0000410044747569,-.0000878144635089,.000213919820283,-.0000879576476651,-3.50637965904e-06,-.0000696018150774,-.0001856756126711,-.0002886448310854,.000151866678655,.0000125421748223,.0000227768217058,-9.54799426997e-06,.000014147481503,-.0000101509708887,.0000260438972699,-9.79964483845e-06,-.0000246810919001,5.45425293750e-06,.0000179717067537,-1.04643770514e-06,9.65593702751e-06,-.0000168441695116,-5.05082468168e-06,-.0000437638810733,-2.70577468477e-06,-1.95620373714e-06,2.24072738344e-06,-7.93408151118e-07,2.21793743627e-06,-8.97892337588e-07,1.32123039366e-06,5.02148077512e-07,5.03764828741e-06,-2.92221267777e-06,.0000101104928744,1.12917371416e-06,3.25604603650e-06,1.24231035412e-06,.0000224443759641,.0000217215843643,1.22385340522e-06,9.54314470258e-07,3.31892974367e-07,-1.84934780020e-07,5.42407663565e-07,-1.07485578842e-06,6.19590475260e-07,.0000359668524473,.0000275619275195,.0000289256888356,-.0036857536999253,.0000746146187461,.0001888181691301,.0000949415808696,-.0000297660490073,-.0000247235471642,-.0001930216014387,-.0017961924914798,.001889560409841,.0003641556881363,.0002209101745508,-.0000192443628874,.0000242190568353,.0000275285799962,.0000285664150341,.0000204688807192,.0000302065805014,-.0042751995496122,-.000495472013432,.0000382212753141,-.000464199191611,-.0003321596024009,.000024114441572,.0000160117101263,.0000181464973465,.00001325868759,.0000125619480863,-2.72847018771e-06,.0000245705872073,9.35431402174e-06,3.77137244079e-06,1.92274012752e-06,-.0000216850606786,-8.34832985100e-06,3.83117034828e-06
69,-.0006200634624482,5.73459134412e-06,-.0024042541359061,.0003773620392212,-.0017766399703706,-.0013661878023327,.0003783368057878,-.0025613207442755,-.0026605476557804,.0001129961238374,-.0013069684506089,.0016391878432451,-.0005565242365222,.0023467824411355,-.0006058094702425,-.0030494131280773,-.0033467106111427,-.0002447268424442,.0009316899327483,-.0003058303020633,-.0002552824520237,.0012197356009991,.0014097115957544,-.0000853734391701,-.0001125674022798,-.000059616961806,.0000921083492101,-.0001517768122238,-.0002812281666234,.0001441551114569,.0002613153038543,-.000065203710725,.0000744331571656,.0001029729187194,-.0000292945869878,.0006375751196473,-.0003845048653405,.0005829432788632,.0000128414281193,.0000159814988113,-.0000103886110405,-.0000104068895544,-5.16913205414e-06,-8.85444872479e-06,.0000172146167457,.000041920022225,-.0000717230152675,-.0000793750463006,-.0000374201723237,-.0001512859757827,-.0003626273861302,-.0008688950332372,-.0004918199878275,-.0004310400817243,-1.10504815751e-07,-5.10017526231e-07,-5.64657354576e-06,-7.87576142462e-06,-.0000245853207043,-.0000196210772286,-.0000215041057921,-.0001591030696147,-.0003823368549583,.0005948332311843,-.0053610208663266,-.0009869866737495,-.0062346585315541,-.0000297660490073,.0083710467821613,-.0001869279769668,.003719098055476,-.0042557419800404,.0011052737506722,-.0000842114081741,-.000796076284134,-.0006227183383154,-.0001904545279071,-.0002816937975327,.0005822579733387,-.0001922842898255,-.0000440233368747,.0001001273905474,-.0683503319533172,-.0024878620004476,-.0121072256627972,-.0072597075868846,-.0002949587344989,-.0001031359873982,-.0007283201659632,-.001003416099334,-.0009711538260339,-.0005547841253758,-.0011971077742637,-.0000926085704617,.0000380171863196,-.0001505028232636,.0000906647219779,.0002191303658209,-.0000963975009923
70,4.27644395014e-06,-7.91611806161e-07,.0001993543665889,-1.43785717931e-06,.0001258497601594,.0002264053197279,.0001494483728282,.0000717389110922,.0003232402497441,.0000431658964794,.0001660339863708,.0000780880358494,-.0000330256554777,.0001806613926425,.0001340664112362,.0001883507268008,-.0000607626308717,-.0000243957132121,2.52072733578e-06,.0000364644975588,-.0000101587496875,.000085263899824,-.0001182192037043,4.05118387689e-06,.0000133299568906,2.78059180173e-06,-9.29454083343e-06,9.10919619922e-06,-2.75366485891e-06,-6.01402323991e-06,-.0000267900337914,2.81193360662e-06,-.0000118038992539,6.66037261131e-06,-1.21565823418e-06,-8.00644071377e-07,.0000231508238474,-.0000193261136607,8.83641878398e-07,-4.36973232516e-07,2.43452499114e-06,7.67655284378e-07,3.53945790669e-07,1.46302819983e-06,-2.51969659843e-07,-2.44203553856e-06,-3.89917205215e-06,-7.52185390580e-07,-2.65949106884e-06,3.36132998424e-06,.0000110768627449,.0000581872743207,.0000154926784156,.0000203137232586,-7.69233201624e-07,-7.62928153308e-07,-1.49697945515e-07,5.53766621259e-07,9.15870431692e-07,1.61894653723e-06,6.90475234722e-07,.0000138699591674,.0000219116461103,-5.89243470091e-06,.0024037938030768,-.0000162087797902,-.0000859240297892,-.0000247235471642,-.0001869279769668,.000043989151453,.0001042343052035,.0015758616215117,-.0008279316125294,-.0001006194109515,.0000900081844959,.0002583494905683,.000013278087461,.0000185230475974,-5.47873679181e-06,.0000100742000892,.0000213429506656,.0024043956493636,.0042476649705957,-.0001214642647912,.0000449887075044,-.0002593551733369,3.85647686361e-06,-1.83049242424e-06,.0000232978646105,.000032581888648,7.57739623921e-06,.0000224853557163,.0000449142674394,3.92698783594e-06,-2.58219147427e-06,-8.49777822872e-06,-.0000103224769309,-.0000105959482469,-.000011475783343
71,-.000211860126885,2.62537428918e-07,-.0001643782244826,.0005140051432004,-.0003888171470285,.0002067675496102,-.0003867621941917,-.0021432565892785,.0001280309051362,.0005459035665186,.0008449446501457,.0020924970881176,-.000992326580881,.0020792641570541,.0006844733397654,-.0009808301259473,-.0017982589314126,-.0000538750368548,-.0000675358655709,.0003292666403859,-.0001185208063723,.0013526611383816,.0002167171278995,-6.26479062557e-06,-.0000171841529189,-.0000223928457329,2.04759114295e-06,-5.93041206605e-06,-.0001393996908854,.0000816420360299,.0000518233207935,.000067425845977,-.0000795447685005,.0001248542631929,-.0000536342360922,.0003397957471376,-.0001020564526227,.0002778872115246,.0000175731850039,8.51657849847e-06,4.09175896800e-06,3.53616996086e-06,1.35421492624e-06,1.02821952616e-06,7.21052288245e-06,.0000118255467796,-.0000229835617426,-5.20161953648e-06,-.0000711999648113,-.0001196408450417,-.0001816590803963,-.0003491419744744,-.0001101548225472,-.0000187572642803,-4.89103821397e-06,-3.87567597788e-06,-1.94760035691e-06,9.98119355615e-08,-4.32524351838e-06,1.03551556966e-06,-6.09226874136e-06,-3.90333818275e-06,-.0001568969772571,.0003292048993584,.0140506215384405,-.000812668738838,-.0039341100581195,-.0001930216014387,.003719098055476,.0001042343052035,.0033441263679793,.0071931906205895,-.0068574293471521,-.000793742054398,.0001230493327771,.0011855808090681,-.0000229075941356,-.0001089190158661,.0003091722194992,-.0001021889407901,.0001396088185983,.0196975239649662,-.0134216177501655,-.0023332591689513,-.0028428869626807,-.0020045407107432,-.0000587603429122,7.47010804382e-07,-.0002309163791822,-.0003158693394571,-.0004696186844935,-.000036775379838,-.0004161296766636,-.0000241893123443,.0000245142907068,-.0000869500932425,.0000251042481702,.0001412627187852,-.0000487321472187
72,-6.29187269315e-06,-.0000697691676964,.0032444939408558,.0033141000255209,.0049012974435966,.0051526296388771,.0190381558854488,-.002642005315581,.0165482012215131,.0051474506295618,.012761235485356,.0127108668504387,.0035899733750519,.016160282922185,.0121318401440266,.0056524114657584,.0169386865113397,.0065557741388349,.0045207451184153,.0046970589525833,-.0009429940246138,.0108823315543691,-.0067630326357866,.0000391067673741,.0000991556539063,.0003491820036519,-.0004471048976206,.0011130229558176,-.0007005915662189,.000051342290845,-.0008077291035369,.0000111205396441,-.0008463706219367,.0004223734766583,.0001286169126125,-.0004490220726764,.0006407311614061,-.0008268397690952,.0001166288345306,.0000476340141394,5.58047394140e-06,.0000517706594542,-.0000258378714971,.0000776763887388,.0000141971724565,-.0000228034432479,-.0000924386178481,-.0001419265810764,-.0004655055443099,.0001209298141887,.0002325148031348,.0012521808615476,.0006185189639802,.0012650402259604,-.0000619580554911,-.0000512645267776,-3.54130276914e-06,.0000474704571659,.0001111599565695,.0001392549295199,.0000459143586544,.0004277714284482,.000475342382023,-.0001110522129114,.1399114795652825,-.001574736284259,.0111708572570962,-.0017961924914798,-.0042557419800404,.0015758616215117,.0071931906205895,.125283000154888,-.0146284484759275,-.0073408490950263,.0021276651586366,.0116486098597394,.0005628723276505,.0003139343860791,-.0000518430533153,.000211682009737,.0007777193004434,.0775019987634687,.1576310140967886,.004998998926969,.0819755872358628,.0686891318201142,-.0001780697284693,-.0004330391409381,.0013379905602861,.0020007647925187,.0001838747315062,.0021487879309919,.0017534427211997,.0001584520310477,-.0000231493435197,-.0003185305139768,-.0003722920111842,.0005159627601545,.0000487128586906
73,.0003432067353543,5.06160339895e-06,-.0053162627841813,-.0017462517968013,-.0045375303535806,-.0124357266997457,.0182496262234924,.0113929562273376,.0047963287077675,-.0059758283675909,-.0050208878553653,.0221547415589802,.0101023272361107,.0062920917813828,.0120425993376454,.0022417582362427,.0247234504470647,.0038025120151554,.0027573318297599,-.0059140987491031,-.0137377047921215,.0103341062410809,.006083062299547,.0003272126617004,.0005818529141612,-.0003655813196008,-.0003401789181514,-.0000634038779205,.0005179492975275,.0001759005737819,-.0010653622461034,-.0007618420093163,.0007548360021948,-.0001872493237633,.0008017281418301,-.0018288868037119,-.0006791482666363,-.0024883530777055,.0001202226909151,.0000570863596564,.0000781547648803,-.0000273027236532,.0000406456087118,.0000156485335166,.0000341832881852,2.65247839324e-06,-.0001060230201515,-.0006879951964614,-.000273881787846,.0002182254028591,-.0000729502049377,-.0002717038775286,-5.94555600815e-06,-.0003338802947964,.0000282978712596,.0000120615131316,-.0000232213240438,5.02672134402e-06,.0000829413010106,.0000196028905946,9.64960742794e-06,.0003039704155741,.0001232927354617,.0003323215316925,-.1661413549785642,.0016547471275625,.0180662388535091,.001889560409841,.0011052737506722,-.0008279316125294,-.0068574293471521,-.0146284484759275,.1515128889511822,.0084704867504668,-.00069924092083,-.0071410501673318,.0002973675338494,.0001119248643598,.0003348365408235,.0001288941495927,.0000558217489341,-.1342708068638478,.0202882764256186,.0131331787032537,.0984728458886495,.098071069007017,-.0003621715985937,-.0004060377003956,.0010702290111261,.0013593969220711,.0005811761348256,.0009266897402067,.0007918422879156,.0002003901908439,.0000805376458912,.0005600763929865,-.0002474131382182,-.0002553207618472,.0002507235617425
74,.0001696325432636,5.89513349361e-06,.0000378892731615,-.0003591971453917,-.0005786112118954,-.0000310361281443,.0007925011808119,-.0000179717850141,-.0005284312221949,-.0000346952003699,.0003440240127342,.0012971586805617,.000906835491963,-.0015216676659807,.0002154657010117,-.000427096407331,.0009290447347234,-.0002493436436746,-.0004396041166231,.0000159914174776,-.0005272930374747,-.0006020636931682,.0007710097484063,.0000615352096582,.0001102904432526,-.0000249052439575,.0000430978601114,-.0000362087177413,.0001348088231117,-6.08568186505e-06,-.000066277604896,.000012149116833,.0000949717613798,.0000626191231142,.0000304715211621,-.0000567725485027,.0000106364770411,-.0001496964806767,-2.54021849660e-06,-5.80651142627e-06,8.28733792706e-06,-8.86369676920e-07,8.82755747709e-06,-2.67326436005e-06,4.40575325436e-06,3.30131086285e-06,.0000234495724429,-.0000209164397059,.0000367084410603,-1.29140379853e-06,-.0000107814423722,-.0000185271074613,.0000934507830615,.0001993438896737,4.35024544861e-06,4.18021913598e-06,-7.94967777996e-08,-1.25540621544e-06,2.56505965253e-06,-5.02287591206e-06,2.79042049440e-06,.0001268831959141,.0001166615181321,.0001490753631766,-.015811337762704,.0002911343198338,.0018766391105553,.0003641556881363,-.0000842114081741,-.0001006194109515,-.000793742054398,-.0073408490950263,.0084704867504668,.0020019545455407,.0001453637453396,.0000640633198391,.0000811008317079,.0001060312715506,.0001520389972262,.0000926198307245,.0001189151593011,.0071745938639789,-.0000410642362702,.0002135741387966,.0012823738493944,.0021424704517423,.0001241457301192,.0000928115095469,.0000123557955668,-.000026594039509,3.56375727474e-06,-.0000192619744251,-.0000366936488562,.0000282992459085,-2.30000177613e-06,.0000394230306624,-.000071247589291,.0000165855942515,.0000425687224984
75,.0000771145448686,2.40480445995e-07,-.0002715041340985,-.0000666377052405,-.0006070142447981,.000682374337062,.0041233275488709,.0017326847015609,.00014238592042,-.0004262410351394,.0006366197338928,.0025385894999497,.0002691926132456,-.0009841697521101,.0009881651184158,.0002328123246236,.0005949950592367,-.0007376200508946,.0010691866584187,-.0004974968509894,-.0010738941176905,-.0024173014194479,-.0003233284082533,.0000154906073245,.0001220961853653,-.0000143308830983,.0000679043804405,.0000442209055197,.0000305059297962,-.0000985863404522,-.0002161836679975,.0000966215642574,-.0000599484476958,-.0000708386847248,.0000850923223028,-.0000547385282124,.0001523383850335,-.0003246807187344,-.0000200060278424,-.0000170332638459,.0000165851043677,-2.58129227014e-06,.0000146602961608,-3.50460404487e-06,9.60834259764e-06,-1.18710512665e-06,-.000010852187628,2.28228418914e-06,-.0000118061106399,-.000017657197436,.0000750736404651,.0004212698824209,.0001876520690506,.000074496633239,1.60523070398e-06,-9.67063462797e-07,2.88908975629e-06,1.43037576810e-06,5.62280011900e-06,4.01808944020e-06,2.41632618436e-06,.0002423896198164,.0001644496723217,.0000831084791243,.0028269038885092,.0001254753765364,-.0012509062786168,.0002209101745508,-.000796076284134,.0000900081844959,.0001230493327771,.0021276651586366,-.00069924092083,.0001453637453396,.0033608260466766,.0004737803240241,.0001992258907946,.0001712700512023,.0000776665852166,.0001061893662628,.0002505367813576,-.0310052563083294,.0103912756919644,-.0007142392410302,.0049770829681005,.0041157907845823,.000069908028161,8.54186454641e-06,.0002545824567171,.0002941280749567,.0001328448874068,.0001447781913934,.0005261900675408,.000076258906544,.0000426598810439,-.0001258886991812,-.0001293189035822,-.0000551497370229,-.0000567314145054
76,.0003285418977611,9.27889475791e-07,.001075629758909,.0000758261981912,.0011511513115167,.0026614783204009,.0005138969518089,-.0002429377734572,.0027844995036403,.0008638918285447,.0036516305594647,.0027153012703973,.0008340024696725,.0009299928998971,.0005776118573454,-.0000312849568357,.0005301456904505,.0003610146109532,-.0006829946618348,.001011826612251,.0005855556498499,.0013012547774499,-.0010421543238569,.0000500644815653,.0000926646749058,.00003090939486,-.0000118957686466,.000109185845799,.0000145395537122,-.0000469248216839,-.0001195829360126,.0001167945176576,-.0000687251237088,.0001391352265265,-.0000866363133844,.0000296067781195,.0000961845500534,-.0000453214447829,-1.10464537302e-06,-3.29380245717e-06,.0000138858223647,2.07752815046e-06,-2.94041771595e-06,.0000110258923381,.0000143728686383,-8.71075886505e-06,.000017333644335,-.000017664571647,.0000785576581913,.0000262545558428,.0000835049336247,.0002031948814956,.0002119181184073,.0004125167347961,-4.40741349506e-06,-3.10690774917e-06,2.15984126320e-06,8.28799708674e-06,.0000140138627903,.000012512978343,.0000121536699829,.0002493150812274,.000254048308308,.0001233058187982,.0187896667195142,-.0001123747525028,.0012158125380208,-.0000192443628874,-.0006227183383154,.0002583494905683,.0011855808090681,.0116486098597394,-.0071410501673318,.0000640633198391,.0004737803240241,.0039536069846809,.0001924693605533,.0002241011791597,.0001337267781088,.0001667807295641,.0003042822568806,.0350482657630511,.0315303558078019,.0002933239094738,-.010236615137434,-.0120622343271031,.0002808612841321,.0001900944247295,.0001886148818966,.0001923831717457,-3.32730738208e-06,.0003050929136231,.0001532250285105,.0000693268799272,-3.63138142884e-06,-.0000388197076896,-.0001657675782202,.0000475206495732,-.0000143112692563
77,.0001379949203348,2.68344710646e-06,-.0000140065753466,.0002458904705201,.0001091538531274,.000584310920429,.0003738574493097,.0003232891955213,.0004675052233104,.000424062134814,.0003621053848207,.0006888905851934,.0005765306967624,.000603021723429,.0004823487771214,.0005851249496694,.0006607763292285,-.000041178515655,-.0000141433427852,-.000187162005611,-.0003488072785008,.0003727745229829,7.42106108403e-06,1.08223806047e-06,-.0000213272591516,-.0000153732307692,-.0000186161056627,.0000329834852516,.0000488714089948,.0000100247622551,-.0000249513413837,2.49841711706e-06,-9.61728654988e-06,-6.66111666447e-06,.0000139478691071,-.000016527003434,.0000265300075668,-.0000443052329407,5.24065033972e-06,-2.97882148451e-06,6.68323661772e-06,-9.27417552075e-07,2.09804680655e-06,-3.31196114428e-07,3.07200498144e-06,-2.10270969678e-06,.0000218935912388,.0000190831418908,.0000149845664396,.0000262258054087,.0000376504265587,.0000883200728529,.0001356088714766,.0001904544633547,-3.05525394970e-07,-2.54632947520e-07,2.31379524389e-06,1.47055841177e-06,6.81968785022e-06,4.68019453006e-06,4.99105815374e-06,.0001335109875812,.0001058113261325,.0000664649374072,.0002655052785163,.0000242028203268,.0019425438715993,.0000242190568353,-.0001904545279071,.000013278087461,-.0000229075941356,.0005628723276505,.0002973675338494,.0000811008317079,.0001992258907946,.0001924693605533,.0001383997967562,.0001027618002493,.0000559999640001,.0000823997255456,.0001188960257041,.0080357283197781,.0134782053465503,.0008626952213388,.0009184512807042,.0001009998528951,.0000962296554232,.0000486700862937,.0001669457877168,.0001808521247251,.0000879264269488,.0002029829828434,.0002225961601013,.0000516745220672,.0000139744266813,-.0000151486923267,2.32084338628e-07,-4.05019062075e-06,8.51096191048e-06
78,.000076917848926,1.31566234207e-06,.0002228064583702,.0001230328194146,-.0001057866012055,.0010397212220503,.0003980643534868,.0008212736392968,.0004035239092248,.0003899283881489,.0003044662243965,.00047198401602,.0002639193102129,.0004389767656102,.0001988251643947,.0004578394968331,.0002305340262859,-.0001686934340373,.0002317959066574,-.0003907702885648,-.0001399723429032,.0002087236292967,-.0001431191549401,2.20107848129e-06,-1.92573341372e-06,-.0000168393726709,-.0000182175090359,.0000138102580605,.0000300618458672,8.82666690933e-06,1.56376445275e-06,-7.83697816061e-07,3.28173249893e-06,.0000363540108328,.000014466099213,-.0000554967695629,-.0000517010475008,-.0000511253118881,5.30979545666e-06,-1.11929872256e-06,5.42778008376e-06,4.80943010788e-07,1.18428875211e-06,-1.89612203725e-07,2.56591505103e-06,-4.46152976871e-06,.0000167581383389,4.86591291556e-06,.0000144520636541,.0000237522512648,.0000285854126382,.0000335779571249,.000065541595161,.0000492023626208,-1.80161377328e-08,1.52556354166e-07,1.82656103508e-06,1.10888893055e-06,3.97992577852e-06,1.82420426461e-06,3.29204817347e-06,.0001346564068029,.0001661046365534,5.55015515622e-07,.0002020100907305,.0000450889452865,.0013529471681844,.0000275285799962,-.0002816937975327,.0000185230475974,-.0001089190158661,.0003139343860791,.0001119248643598,.0001060312715506,.0001712700512023,.0002241011791597,.0001027618002493,.0001555042467283,-.0000186289700973,.0001301593570352,.0000963819858189,-.0087656196561125,.0075982206056991,.0006626240627949,.0006361600418997,.0002995161982161,.0000644931937304,.0000369410541932,.000077358615449,.0000660743353556,.0000689037176047,.0000865311508968,.0000550826911808,.0000324199541763,4.81136621726e-06,2.46081005022e-06,-.0000397741144967,-.0000425943422722,-.0000443219637131
79,.0000545413373757,1.32533170207e-06,-.0010448825879626,.0004631021492378,.0001464710475023,-.0006953578158279,-.0005631994013207,-.0007047298910183,-.0003875684959996,.0004459353693357,.0001981231759811,.000578646186692,.0004300909769752,-.0002311553680975,.0000328845758661,-.0002027386918683,5.24602064432e-06,.0000403094675605,-.0005050584021825,.0002574803246976,-.0000523150886226,.0003234782438112,.0003421818031781,-.0000120292791106,-.0000374731062982,6.40785504207e-06,7.61770593079e-06,-4.24610319478e-07,.0000884662240458,5.44028602796e-06,.0000248745333322,-.0000277505207847,.0000111662463193,-.0000871848446777,-.0000200854627593,.0000276813248432,.0000781923736606,-.0000161928340485,6.74672892992e-06,1.39762210612e-06,4.39686042439e-06,-2.92650311959e-06,5.26621659017e-07,-3.77021137029e-06,5.98159318651e-07,-1.93469872924e-06,.0000195139867101,.0000158321629935,-.0000527636411333,-.0001014005341982,-.0000471339928413,.0000483597162204,.0000896028040885,.0002373307046495,-8.01372610984e-07,-1.78321402660e-06,2.01225210352e-07,-1.14568634057e-06,2.10594531072e-06,-7.13138308729e-07,1.25572250523e-06,.0000841510709998,-.0000208325744322,.0005380880104747,-.0003866797077102,-.0000560264806136,.0010063980597681,.0000285664150341,.0005822579733387,-5.47873679181e-06,.0003091722194992,-.0000518430533153,.0003348365408235,.0001520389972262,.0000776665852166,.0001337267781088,.0000559999640001,-.0000186289700973,.0005930810685736,-6.61371569226e-06,.0002434759771248,.0146652384734289,.0005682103705617,.0000355013271356,-.004905600141621,-.003977104315215,.0000357899897606,.0000163127662056,.0000348235053389,.0000485150556313,-.0000507654678314,.0000714920960063,.0000663969404914,4.48041622283e-06,-4.93944294171e-06,-7.92301220364e-06,2.01603589063e-06,.0001128770593408,.0000967167941216
80,.000038146223156,1.88560992773e-06,-.0000941190779671,.0003326249404196,.0000377949861679,.0011651076665735,.0004780303165362,.0008882004103578,.0005391564080617,.000404565042835,.0001975147542404,.0001550084412879,.0000226792868517,.000485887079359,.0002781495905636,.0003563071218593,-.0000743579797774,-.0002302990192663,.0003645215898826,-.0005000629906235,.0000262654736783,.0000839897490664,-.0000838367145168,-4.95520942194e-06,-9.21559066498e-06,-.0000161511208519,-5.87310929560e-06,8.42606421707e-06,.0000434891417819,.0000203273934131,.0000192060484912,8.12422732234e-07,.0000105104037311,.0000295356149823,.0000145037153364,-.000029630682807,-3.51337894349e-06,.0000311521730726,2.73261451129e-06,5.30765383988e-07,1.51084837328e-06,-9.04877768401e-07,7.96465367204e-07,-1.21773641047e-06,3.81927964996e-06,-2.25884192260e-06,.0000164087992648,1.44024512159e-06,5.35585708972e-06,-7.10832091542e-06,.0000129330019707,.0000123674584859,.0000565160015865,.0000589954270715,-4.70505343081e-07,4.94065151700e-07,1.31508952109e-06,5.29426389111e-08,3.16862084502e-06,1.63245056276e-06,2.36950989789e-06,.0001097679844603,.0001649306286954,9.41560593742e-07,.0000827885852905,.0000395837304078,.0013372468449505,.0000204688807192,-.0001922842898255,.0000100742000892,-.0001021889407901,.000211682009737,.0001288941495927,.0000926198307245,.0001061893662628,.0001667807295641,.0000823997255456,.0001301593570352,-6.61371569226e-06,.0002196580595479,.0000127218950836,-.013308902358096,.0021020790218829,.0008230787267425,-.0013776059403386,-.0016349779089706,.0000307158513749,.0000194777340654,.0000240932333288,.0000109238879495,.0000195467929416,.0000262356102514,.0000134454286091,.0000149124185469,2.12631862434e-06,-5.10850393556e-06,-.0000341781608397,-.0000608379633889,-.0000351784578089
81,.0001476576053952,3.48375358132e-07,-.0003371036483269,.0003844425467773,.0000735788441928,3.04104469409e-06,-.0001859451917947,.0001958615244664,-.0000861610830799,-.0001911346089697,.0008036118074242,.0011195611826941,.0004704107079809,.0001876214583903,.0000266700691179,.0004125042633234,.00081076377297,.0001790889248412,-.0004017385026915,.0000606899802744,-.0002236709627259,.0004414824206374,-.0002457447317153,.0000118676135214,-4.30459828585e-06,8.39761225237e-06,2.28486755089e-06,.0000345542226254,.0000845968366552,-.0000199343628258,-.0000501524129891,-.0000309651876304,-.0000275398629462,-.0000105231055678,-.0000114601480481,-.0000562590538485,-.0000430819079232,-.0000459194675829,8.43035907890e-06,1.65733868427e-07,6.25485159778e-06,8.95431314731e-07,5.24010843360e-06,2.71389303450e-06,5.50005980141e-06,-1.23395299289e-06,4.28682761929e-06,4.37904366444e-06,-.0000138550412417,-.0000181755583726,.0000279912556199,.0000926536931492,.0001379779264238,.0001945840105936,-3.55491932126e-07,-6.32099023740e-07,2.27593798867e-06,1.84253484002e-06,6.54618213354e-06,4.09374043806e-06,4.18189188214e-06,.0001640776569752,.0001118094669563,.0002628819457431,.0007218983477403,-5.30164519497e-06,.0014221738474436,.0000302065805014,-.0000440233368747,.0000213429506656,.0001396088185983,.0007777193004434,.0000558217489341,.0001189151593011,.0002505367813576,.0003042822568806,.0001188960257041,.0000963819858189,.0002434759771248,.0000127218950836,.0004000479083656,.0110165783576328,.0143162617964251,.0002229441994983,.0020290795601652,.0013248965131664,.0000961926956092,.0000468087474975,.000166440664917,.0002048370403092,.0001083223882792,.0002201628628009,.0002269978861739,.0000376281236855,-5.68497381368e-06,.0000350625329668,-.0000112119712705,.0000535446115642,.0000556772379397
82,.1081322545780153,.0001868756342089,-.1590312610104008,-.1098519110842034,.2873777263431244,.1066528398658521,.5584640002121101,.1391112224438914,.4635932624187987,.1112605149106589,.4937670242654492,-.0426101041594553,.2407813909621328,.1140383288101935,.1452709974557021,.2548974124314036,.0644264170675823,-.0357596394914117,.2897327851416847,.1584062987352696,-.1041997121937659,-.1637327837335933,-.343102931577436,.0079065091670075,.0290538378976836,-.0104371533272469,.0021924859715152,-.0120880190079866,.0565622365122638,-.0495986833612059,-.0108148355413773,-.05989973472598,.0382795533659527,.0358730192525086,.0456034886091618,.0088143808539476,.003276118979993,-.0009493845337344,-.0022325846145849,-.0031499254875467,-.0011429387127435,.001060975510071,.0040042645488953,.0046905941796372,-.0049890158604838,-.0015825126903732,.0100453908189129,.003123283445515,-.0061450779472647,-.0426178271727125,.0292888573081964,.0982153503187995,.0978761977525654,.1567507240244393,.0001391946547205,.0004601792550152,-.0005908062365405,.0005145159619462,-.001178574988567,-.0015376828413546,.0019107509718546,.0019424211608965,-.009631876149149,.0111198590992171,.211773148270176,-.0057217595885349,.1956632810112998,-.0042751995496122,.0001001273905474,.0024043956493636,.0196975239649662,.0775019987634687,-.1342708068638478,.0071745938639789,-.0310052563083294,.0350482657630511,.0080357283197781,-.0087656196561125,.0146652384734289,-.013308902358096,.0110165783576328,162.5080690485991,61.60406558689266,-.15203386010719,-2.653811417938986,-2.506940932277842,.0667283105272621,.0373795978463518,.0734290726411008,.1186516944004387,-.0281679745216312,.0680998018808168,.2422282480423835,.0038252001759149,.0070728309315495,.0499241042125449,.0148019702582978,.0118962528255029,.0186662875678321
83,.0624810551900756,-.0005181044040887,-.0668746186483983,-.032876680752396,.0696728090690996,.1048517146724975,.3538742218199268,.0808100576818641,.2471941454548856,.0687070305232594,.3474041772860431,.0807813827278181,.1721983195771585,.0814185479722097,.1398478925803172,.2979686967252376,.133877431436695,-.0329683559700169,.1614996257595593,.0610491498637084,-.0575050824868376,-.1311275787837882,-.1719565447104079,.0084071630376614,.0151821772279236,-.0105888440692414,.0008862609681306,-.0007968574993924,.0241616775200277,-.0226501614266217,-.0058136462279866,-.0248976824304832,.0114757467288211,.027740507343506,.0181943444077553,-.0101118101731086,-.0113671057682084,.0015860910695567,-.0000718144727036,-.0014846100330246,.0012481775677448,.0014089122566642,.0022537915047139,.0020713929872371,-.0012354370941627,-.0009307818308806,.0047877749711167,.0033147888480797,-.0046355531561965,-.0215287830849621,.0139317967759231,.0508680234128365,.0493278564210273,.0630477554365261,-.0002148388051338,.0001593022052456,-.0006059296064291,-.0000478358051055,.0004198035342679,-.0001427966840907,.0020156594393511,.0125020737393769,.0089219149859162,-.0013692187196815,.1373427978072634,.0038184501485305,.9952438742058619,-.000495472013432,-.0683503319533172,.0042476649705957,-.0134216177501655,.1576310140967886,.0202882764256186,-.0000410642362702,.0103912756919644,.0315303558078019,.0134782053465503,.0075982206056991,.0005682103705617,.0021020790218829,.0143162617964251,61.60406558689266,37.84570114449649,.2782230069560516,1.289515772807041,.8111112830899011,.0329144002633841,.0184477203008711,.0526279160998421,.0756632850502263,.0011981705970878,.0625205354762121,.1192672948972343,.0074019053642417,.0020628866199721,.0161430316093056,.0000179206252194,-.0050242175109656,-.0017201646523266
84,.0017875931002767,.0000394366165618,.0205904699763102,.0132241866473931,.0089212013894164,.0231106762593429,-.0010164528084051,.0048018780945749,.0076578336710946,.0134819021752609,-.0003583294376911,.0094292325983118,.0086728738720896,.0113360281279133,.0198521354894528,.0037744029442491,.0129311211115755,.0023635786698038,-.0014893930036079,-.0094341485180437,-.0034452551355063,.0111035835254816,.001093712463609,.0001048841877071,-.0001363150205898,-.0006840283210868,-.0003030153961198,.0006878940463171,.0016289607079273,.0004364025306544,.0001698538092544,.0003995789322339,-.0002349618238208,-.0000275592470472,-.0002168706754924,-.006452266536993,-.0043856701123831,-.0024051591696738,-.0001565417503997,-.0000209562700867,.0000876487585894,-.000112414623753,-.0001882451647175,-.0001281773545644,-.0001321241981522,-.0001357743807146,.0004144424557872,.0002711255350782,.0003200921208817,-.0001208078771671,.0003971712719734,.0009474371319323,.0007993282596742,.0006889298793519,-1.51037081924e-06,.0000125052914708,.0000175646458031,.0000830573050482,.000126345799681,.0000942574693588,.0000374967815501,.0009537884370424,.0005303776642226,.0001273140334139,-.00813421638414,.0005468918326735,.5151214445984786,.0000382212753141,-.0024878620004476,-.0001214642647912,-.0023332591689513,.004998998926969,.0131331787032537,.0002135741387966,-.0007142392410302,.0002933239094738,.0008626952213388,.0006626240627949,.0000355013271356,.0008230787267425,.0002229441994983,-.15203386010719,.2782230069560516,.4031943193304308,1.151094948943992,.9997261002776011,.0006104662414237,.0000606980482477,.0011106033978656,.0011438275917868,-.0010564117525591,.002702860309278,.0011051854403178,.0003874445926061,.0006193821551278,-.0004166272403254,-.0002262421926436,-.0005174366724781,.0001725391831563
85,.027745779756316,.0001775369022516,.2393195625110806,-.0207586769427103,.0993387057846879,.1252435125455119,.1087365608516327,-.0141475843240766,-.2960407396156993,.0103505635074114,-.030940044049867,.0066559129124339,-.0182255896119302,.0581516579768617,-.0238927947396704,-.0338562139843849,.0124126783821873,.1102029140292312,.0065301260522656,.0065595660079132,.011239953111793,-.0027151062504605,.005150236730128,.002042368817081,.0049486283471423,.0039306276643445,-.002316497476607,.0064020122189244,.0121070262787575,-.0049514370544631,-.0074904631478351,-.0045369133576089,-.0067962961825929,-.0011509749375069,-.0004230998258382,-.0183562885606262,-.0173408844815918,.0054412853952747,.0005079635999396,-.0009429246269649,.0000491213581382,.0004753868561215,-.0000996651382545,.0003266156735841,-.0000703775384201,-.0000228182648099,.0011175655713225,.0125366541725993,.0051395903382434,.008959179043946,.0047850274537608,.0241482066271659,.0004633921855717,-.0009897644741286,.0002904261333846,.0002933054099057,.0000377619073821,.0002386597449716,.0014728301482934,.0007463752471233,.0000476249373135,.0003537247457874,1.44723852001e-06,-.0050812049988861,-.0164976114145,.0002079457888548,2.457635869965344,-.000464199191611,-.0121072256627972,.0000449887075044,-.0028428869626807,.0819755872358628,.0984728458886495,.0012823738493944,.0049770829681005,-.010236615137434,.0009184512807042,.0006361600418997,-.004905600141621,-.0013776059403386,.0020290795601652,-2.653811417938986,1.289515772807041,1.151094948943992,37.205299457621,35.01422580077142,.0146552018741885,.0097821136312752,.0022140323938886,.0063574721703015,-.0022753112762489,-.0040953117408391,.0143838177970637,-.000624038452941,-.0009822211845034,.0162650511050161,.0012190641470119,-.0111308474750741,.0027942832102073
86,.0194551321234724,.0001768397599946,.2438520246527605,-.021551469869606,.0856244032254219,.1109398242937072,.0528900244250259,-.0131917962520104,-.2812278901026128,.0232904401084014,-.0361868239762072,-.027281686292779,-.025124798579867,.0335048128219733,-.0332450082764986,-.038752340202132,-.0011462090296604,.1156908467007448,-.0210756885930176,.0088385951549593,.0138704269578552,.0444268855191187,.0023410195719756,.0010842610710005,.0038867100033995,.0041338996748879,-.0022943005836972,.005963686936313,.0111047324239576,-.0051287997531528,-.0063095676599638,-.0023040212097107,-.0070593402677685,-.0046673142054909,-.0017971349166245,-.0173091404111841,-.0167433043068223,.0032123818994974,.000353982652137,-.0008732978475601,-.0002211803845841,.0003566077506108,-.000084877838239,.0004522337430511,-.000158055940117,-.0001831828817215,.0007983343669611,.0113971023690908,.0054349816088913,.0090903344504161,.0061326051601989,.0267123452083092,-.0004817504209349,-.0025673821613832,.0003116330441725,.0002673598614375,.0000119843208656,.0000737888610605,.0012703822047382,.000671400107103,.0000331908079691,-.0001962944495176,-.0003651259653017,-.0051225782442837,-.029382221132165,-.0001964679782,1.864277030785169,-.0003321596024009,-.0072597075868846,-.0002593551733369,-.0020045407107432,.0686891318201142,.098071069007017,.0021424704517423,.0041157907845823,-.0120622343271031,.0001009998528951,.0002995161982161,-.003977104315215,-.0016349779089706,.0013248965131664,-2.506940932277842,.8111112830899011,.9997261002776011,35.01422580077142,33.71548167045838,.0122420879934437,.0077748354502809,-.0001286612852871,.0032663290497204,-.0049056974903408,-.0115383911051046,.0150283518934069,-.001206783436697,-.0012769796215113,.0134986879663579,.0026263522471692,-.0086088215553147,.001523337637966
87,.0014642367719577,.0000200326810107,.0007118345761684,-.0000382826628647,.0004175328522133,.001404599820603,-.000503573641094,-.0002399124611493,.0002301980676685,.0005702985349488,.0014570435025418,.0004895686106989,.0004573863196179,-.0000615126162596,.0006621491848509,.00004647762619,.0003458567075583,.000337081444517,-.0004612505071424,.0001577576344908,.0002826662221046,.0006660026749048,.0003665865846414,-.0000284451079848,-.0000164646986411,-.0000117368426975,-.000018354542474,.0000793298902554,.0001519274744022,-.0000121016267215,-5.66360250989e-06,-.0000133868213272,-.0000713287474231,-.0001067494857389,-.0001215262179647,-.0000531622745435,-.0002033558971602,.0001385303342682,-8.63118292511e-08,-7.57979785694e-06,-5.39238703786e-06,-.0000121781211691,3.76996920786e-06,-5.32172858859e-06,-6.47364183513e-06,-1.73928162133e-06,.0001565171040878,.0001238493165817,.0002051075745376,.0001885186272141,.0004420789123681,.0009337383307012,.0004987214424591,.0007599613773171,-7.73693702231e-07,-3.61420303264e-07,6.85013287348e-06,4.51999127700e-06,8.29152235603e-06,4.04490666770e-06,.0000244379289659,.0001079702538084,.0000720627978524,.0000492255007933,.0001841007651781,.0000347450727857,.0027649914009553,.000024114441572,-.0002949587344989,3.85647686361e-06,-.0000587603429122,-.0001780697284693,-.0003621715985937,.0001241457301192,.000069908028161,.0002808612841321,.0000962296554232,.0000644931937304,.0000357899897606,.0000307158513749,.0000961926956092,.0667283105272621,.0329144002633841,.0006104662414237,.0146552018741885,.0122420879934437,.0012041895277191,.0008822388110654,.0003416423448531,.0004279254839094,.0001823054781059,.0003273630212524,.0007062214785346,.000075307656804,.0000192816488705,.000128478304071,-.0000265632425699,.0000757695761937,.0000840422143242
88,.0011259956039502,.0000145718826726,.00047076297498,-.0001505630127353,.0000132022456935,.0008662664929306,-.000169799916334,-.0001959256736819,.0000514752367705,.0003033089787428,.0008213411896042,.0002554576636283,.0002050812837177,-.0001044530090566,-7.72402466086e-06,-.0003320515323005,-.0000677556158909,.0001887320824623,-.0002001094196681,.0001060824819634,.0002226503859974,.0003163675392121,.0002058828147022,-.0000173085081654,-2.82965477237e-06,-7.91438651960e-06,-6.85051466466e-06,.0000460936709371,.0000834335784338,-9.15990709702e-06,.0000159634531656,2.59421073605e-06,-.0000473496795558,-.0000513317223492,-.0000957645080191,-.000051295689316,-.0001812359350289,.0001495085114627,-1.05030978789e-06,-2.65496442828e-06,-4.84535687795e-06,-9.36388762729e-06,2.24795113789e-07,-2.91852827576e-06,-3.74088037019e-06,6.11460506714e-07,.0000932226000285,.0000700990459763,.0001034120173263,.0000635887014265,.0002392722444172,.0004305794877581,.0002205694319085,.0002585895244536,-7.01701980763e-07,7.27537314870e-08,3.31294298160e-06,2.63219400547e-06,4.19622368065e-06,1.84672816584e-06,.0000126260778981,.000056907333927,.0000396306259765,.0000328624501392,-.0000270027765373,.000011462508909,.0012566761317792,.0000160117101263,-.0001031359873982,-1.83049242424e-06,7.47010804382e-07,-.0004330391409381,-.0004060377003956,.0000928115095469,8.54186454641e-06,.0001900944247295,.0000486700862937,.0000369410541932,.0000163127662056,.0000194777340654,.0000468087474975,.0373795978463518,.0184477203008711,.0000606980482477,.0097821136312752,.0077748354502809,.0008822388110654,.0007353368005332,.000161053589399,.0001852411171938,.0001027852304988,.0001701711202348,.0002801330108041,.000044905234396,.000016174667523,.0000971009742084,-.000016756421604,.000052850931513,.0000453720246859
89,.0004977642686502,-4.48199469705e-07,-.000010322779757,.0004359639907973,.0001928326064311,-.0003413224241952,-.0005572667428568,.0000658963424637,-.0000721525082997,.0016932690314234,.0017598393332607,.0012868108684953,.0014599116837822,.0008826212945122,.0013842381408476,.0020200610681507,.0018975113299804,.0006293738202469,-.0006810293126129,.0006316279746587,-.0004681433722749,.0015224255106002,8.91334632616e-06,.0000127195417048,9.99235700599e-06,.0000339295669892,-.0000207941207192,.0001108589254272,.0001508207060834,-.0000192844587755,-.0000929166625822,-.0000468100115616,-.0000547512450363,-.0000256617170647,-.0000165421084535,.0000791082512666,.0002263772615512,-.0001077764015048,.0000169939383732,-5.33452546631e-06,8.66293467603e-06,-6.26242658619e-06,.0000113630964766,7.45578084261e-07,6.88193436210e-06,8.31551475769e-06,8.19464042844e-06,-.0000221743307284,-2.95027034658e-06,.0000792702973058,.0001850042636369,.0006394771123735,.00056750870282,.0010346321016405,-7.49998676820e-07,-6.98496587180e-07,4.91309670500e-06,3.19505320385e-06,.0000143717271239,6.71560184294e-06,.0000133943155289,.0001652263469465,.0000941756884594,.0000416574946459,.0002677612557781,.0000772518744482,.0042448913309484,.0000181464973465,-.0007283201659632,.0000232978646105,-.0002309163791822,.0013379905602861,.0010702290111261,.0000123557955668,.0002545824567171,.0001886148818966,.0001669457877168,.000077358615449,.0000348235053389,.0000240932333288,.000166440664917,.0734290726411008,.0526279160998421,.0011106033978656,.0022140323938886,-.0001286612852871,.0003416423448531,.000161053589399,.0009110368337289,.0012001260619383,.0004351147103809,.0008691553427751,.0017422371513302,.0001600235414705,.0000129242095363,.0000481725652862,8.96150442165e-06,.0000856115525916,.0001642508472025
90,.0006303028951268,-3.90032504755e-06,-.0007088849954978,.000332405036391,.0004627378807091,-.0008667911653181,-.0005490644670094,-.0001924226287748,-.0003617567431747,.0022484147979128,.0024519193000551,.0014726767563774,.0016165948927181,.0005840950888998,.0018803529505276,.0025775680000299,.0021701698908197,.0010204818472459,-.0008069396996375,.0008812761640444,-.0005079921914923,.002203959768936,.0000127841362643,.0000288908646702,.0000465465324754,.0000456794875896,-3.84161413181e-06,.0001527553057302,.0001884426118378,-.0000591862643881,-.0001461775286955,-.0000914220246003,-.0001139100028925,-.0000836798339806,-.0000665162978953,.0001589650028575,.0002880212795731,-.000069072121419,.0000173422400057,-7.60389814125e-06,9.92461512734e-06,-9.07819879603e-06,.0000188739623947,6.16789477323e-06,.0000115140009682,.0000147048147021,1.38726206481e-06,-.0000304084386521,-.0000165259730868,.0000988149602786,.0002539732498869,.0009262811783265,.0007650098749355,.0014436621153091,-1.32732614251e-06,-1.01419061100e-06,7.08128715681e-06,5.42010156292e-06,.0000174138842172,7.92212233048e-06,.0000185693568977,.000177244506245,.0000959453224761,.0000494856491869,.0006413681376608,.0000988836976333,.0047672238821988,.00001325868759,-.001003416099334,.000032581888648,-.0003158693394571,.0020007647925187,.0013593969220711,-.000026594039509,.0002941280749567,.0001923831717457,.0001808521247251,.0000660743353556,.0000485150556313,.0000109238879495,.0002048370403092,.1186516944004387,.0756632850502263,.0011438275917868,.0063574721703015,.0032663290497204,.0004279254839094,.0001852411171938,.0012001260619383,.0017480091747587,.0005251803304831,.0010907289325904,.002484679832823,.0001229764691277,-1.60114570759e-06,.0000595496387974,.0000379043981216,.0001175841115223,.0002433365242155
91,.0002739082288584,1.60354845378e-06,-.0001218225662525,.0003024098679698,-.0006545326961554,-.0014458831706189,-.0011306312586202,.000640322433141,-.0000800903402149,.0001633098619362,.0004765969220798,-2.25707507894e-07,.0004496924355142,.0000459664754193,.0005917653117887,.0004318999227403,.0004943884708016,.0001781829234312,-.000689296318546,.0000865534083184,-.000061641585964,-.0000315925419043,-7.88094310216e-06,.0000108194529334,9.58545707556e-06,.0000339108405307,.0000613366660029,.0000216462228056,-.000025842694678,-.0000405905253573,-.0001273042980996,.0001295230692531,.0000419426491426,-.0000316953840184,.0000242566262974,-.0000226273291334,.0002613628897354,-.0001785752273674,-.0000150730117759,-1.90813276809e-06,5.00390228568e-06,-4.04586380717e-06,2.60891379421e-06,-1.87653783166e-06,.0000110374375684,.0000156007712932,-.0000130298352125,-.0000101748696249,.0000674937613275,.0002230261688442,.0001574099312151,.000414128138566,.0002078944934216,.0002371270709383,-1.01115239980e-06,2.43063569301e-07,-6.52319435764e-07,3.19014982725e-07,1.52966828778e-06,-6.78817404987e-07,8.01869286313e-06,.0000980935137336,.0000875025420969,-.0000510408572755,-.0003972982605839,.0001249712175677,.0003397152407454,.0000125619480863,-.0009711538260339,7.57739623921e-06,-.0004696186844935,.0001838747315062,.0005811761348256,3.56375727474e-06,.0001328448874068,-3.32730738208e-06,.0000879264269488,.0000689037176047,-.0000507654678314,.0000195467929416,.0001083223882792,-.0281679745216312,.0011981705970878,-.0010564117525591,-.0022753112762489,-.0049056974903408,.0001823054781059,.0001027852304988,.0004351147103809,.0005251803304831,.0014286508742506,.0002198746465608,.0001950282898426,.0000970566938021,3.75276884554e-06,.0000119808503385,-.0000138180066797,-.000027254569188,.0000214340705374
92,.0005273057187029,2.91445132579e-06,.0007208661495879,.0008342024461635,.0011301598193197,-.000215059694979,.0003439774971246,-.0009057785922952,-.0004571960492964,.0017408478552883,.0021192643241577,.0030692834999024,.0015054256493256,.000633100992504,.0018663478310904,.0027553968950106,.0021634450679258,.0008163754983912,-.0003423602443239,.0007880217065053,-.0007309900404231,.0011334736980518,.0003223966455911,-.0000139732687085,-.0000831017569461,-5.79835700002e-06,-.0001176274042994,.0001216895236784,-.0000142216830065,.0001021212010624,.0000386882907966,.0000495237962373,-.0000269754332933,.0000450189063903,.0000911951788039,.0002243622260593,.0004014499556924,-.0001573929668508,.0000279434938736,-5.64690623433e-06,7.42220427272e-06,-6.72791759412e-06,3.76643836638e-06,-4.93855682289e-06,-2.96298216765e-06,-.000013641618077,-.0000553512248988,-.0000849649072683,.0000614328192745,.0002739374701126,.0000224085107157,.0000947208522662,.0003579086816624,.0005854854613856,-2.69429195325e-06,-4.40600940813e-06,1.04844178072e-06,1.57929619625e-06,.0000169273245732,.0000116226322659,5.76494127479e-06,.0001985543392456,.0001033713144327,.0000952622069892,.0012220984164348,.000025519040236,.0095683583050524,-2.72847018771e-06,-.0005547841253758,.0000224853557163,-.000036775379838,.0021487879309919,.0009266897402067,-.0000192619744251,.0001447781913934,.0003050929136231,.0002029829828434,.0000865311508968,.0000714920960063,.0000262356102514,.0002201628628009,.0680998018808168,.0625205354762121,.002702860309278,-.0040953117408391,-.0115383911051046,.0003273630212524,.0001701711202348,.0008691553427751,.0010907289325904,.0002198746465608,.002601048826988,.0006136848892675,.0001830195443447,.0000542898689654,.0001712410556144,.0001025893427462,-.0000389921418098,.0002315666716405
93,.0009903141916102,-2.60056700810e-06,-.0022106482888942,.0007881531864285,.0010149054901348,.0012332021917932,-.0034603035536995,.0013254184010427,-.000751954146868,.0046537762927081,.0031222952527765,.0012453765507187,.002662139723085,.0016284674055314,.0021813532387265,.0026792675362988,.0030975253979559,.0013404058076878,-.001745469003352,.000867788005592,-.0004348035681862,.0044480285281671,-.0004799052071365,-.0000247131260316,.0000668475731869,.0000852930938131,-.0000116791581773,.0002698269930577,.0004922653901248,-.0001087168445648,-.0002301052803442,-.0002597849231008,-.0002075498488366,-.0000887786827306,-.0001648669613155,.0001230872051271,.0002370625765255,-.0000600001985614,.0000362191836191,-.0000101334616495,.000010932977138,-.0000118746366163,.000023712388817,6.89231496761e-06,8.23938000452e-06,.0000225085474451,.0001225715588326,.000087161332935,-.0000637539502337,-.000029914458623,.0004523194930519,.001633748068373,.0013448814364814,.0026560955628072,-8.94974632803e-07,1.26216974357e-06,.0000138048649164,7.69871017911e-06,.0000270183764552,7.20353628262e-06,.0000278631717364,.0002066298061345,.0000865968743644,.0000875133113686,.000961597035071,.0001353627465732,.0040344949573911,.0000245705872073,-.0011971077742637,.0000449142674394,-.0004161296766636,.0017534427211997,.0007918422879156,-.0000366936488562,.0005261900675408,.0001532250285105,.0002225961601013,.0000550826911808,.0000663969404914,.0000134454286091,.0002269978861739,.2422282480423835,.1192672948972343,.0011051854403178,.0143838177970637,.0150283518934069,.0007062214785346,.0002801330108041,.0017422371513302,.002484679832823,.0001950282898426,.0006136848892675,.0057920902801528,.0002035928781243,-.0000234635898335,-.0000335176047243,-.0000333861732,.0002552747980296,.0003684172568456
94,.000111066572861,1.70068514933e-06,.0003985027942788,.0002240303739358,-.000073159870181,.0002435707505211,-.0000277227723438,.0002396712250598,.0001491710639492,.0002912183040804,.0002338903354611,.0004074541218143,.0004223217431774,.0005626516216862,.000159493785349,.0004043988387077,.0005200846926379,1.00562551662e-06,-.0000688468103594,.0000633005286728,-.0001471075303867,.0000235251644718,.0000101834015145,-3.36251678366e-06,-.0000170101459354,2.76848893336e-06,-.0000150240797925,.0000157874037853,.0000354815928286,.000013582356577,-5.20716910122e-06,7.58682542277e-06,.000014337445421,.0000180493564371,.000017628443383,-.0000240098590984,.000029691705078,-.0000548925447224,5.28485621938e-06,-1.08843322745e-06,2.42922644484e-06,-1.28539437949e-06,1.11211404337e-06,-2.63068455527e-06,-2.54512369221e-08,-1.39596710065e-06,9.77324060744e-06,-1.11418486954e-06,5.24063726864e-06,.0000107021869925,.0000308807579463,.0000749653056738,.0000930674565791,.0001423592565505,1.57022934227e-07,-5.84120425857e-08,5.44343792757e-07,-1.35295979806e-07,3.71809840283e-06,2.25231037188e-06,2.30866936139e-06,.000050977769424,.0000316710093001,.0000104634307634,-.0000419385311534,.000013248874635,.0014771304157659,9.35431402174e-06,-.0000926085704617,3.92698783594e-06,-.0000241893123443,.0001584520310477,.0002003901908439,.0000282992459085,.000076258906544,.0000693268799272,.0000516745220672,.0000324199541763,4.48041622283e-06,.0000149124185469,.0000376281236855,.0038252001759149,.0074019053642417,.0003874445926061,-.000624038452941,-.001206783436697,.000075307656804,.000044905234396,.0001600235414705,.0001229764691277,.0000970566938021,.0001830195443447,.0002035928781243,.000080855344952,.0000131355315946,.000016969540363,-9.26044721185e-06,8.65860069819e-06,.000011089895627
95,.0000408347595433,1.29157722932e-06,-7.97374483417e-06,.0001053963423858,.0001828628964548,-7.79513976676e-06,.0001550019185486,-6.44297128111e-07,.0000480252408875,.0000629972587644,-.0000229835873582,.0000533019448154,-.0000238895715302,.0001151014850808,.0001675407297317,.0001887819628092,.0001156913309922,-.0000676462797675,.0000643253518651,-.0000916013323034,-.0000772695374219,.0001074546226083,.0001036307403234,-5.52759209221e-06,-.0000101780788502,6.08040354538e-06,2.25127488966e-06,-.0000180193821111,-.0000149304811165,2.03726034188e-06,-.000023731359372,-8.11055342569e-06,9.99891313074e-06,-.0000188330300258,.0000121062448465,.0000728820051919,.0000555183476808,.0000322272897942,-4.34794483042e-06,8.01452126071e-07,1.35977806394e-07,-1.09643232393e-06,-6.11357078554e-07,-8.45469881103e-07,1.24827154682e-06,-1.97617789107e-07,.0000142303267023,.0000308693403959,8.29585907162e-06,.0000141883880017,-2.44372164050e-06,-.0000218837605247,-5.47854634133e-06,-6.85631954998e-06,8.58758380134e-07,9.26053451846e-07,1.15868940584e-07,-1.60828925624e-07,-1.58734137002e-06,-1.52300184916e-06,1.26084101162e-07,.000014305931463,-2.51763052138e-06,-2.52365724563e-06,-.0001036875201343,-4.80703797227e-06,.0011053523550852,3.77137244079e-06,.0000380171863196,-2.58219147427e-06,.0000245142907068,-.0000231493435197,.0000805376458912,-2.30000177613e-06,.0000426598810439,-3.63138142884e-06,.0000139744266813,4.81136621726e-06,-4.93944294171e-06,2.12631862434e-06,-5.68497381368e-06,.0070728309315495,.0020628866199721,.0006193821551278,-.0009822211845034,-.0012769796215113,.0000192816488705,.000016174667523,.0000129242095363,-1.60114570759e-06,3.75276884554e-06,.0000542898689654,-.0000234635898335,.0000131355315946,.0000865834276629,-.0000224049213937,.0000201662139771,-.0000198242502376,-.000014980144981
96,.0002441013684439,-3.60741235910e-06,.002407748817562,-.0007871858357108,.0053491816905205,-.0028397038821309,.0006304400047511,.0002982674059736,-.0015876123315582,.0002887459047796,.0001376130034233,.0004119511255278,-.0008688357129059,-.0014681755981061,-.0005682395203425,-.0007813265009501,.0000404399681001,.0002483469218961,.0017747370089536,.0006055224778666,.0008471546145534,-.0011585458836007,-.0006539482291407,-1.59225012307e-06,.0001081190192498,.0000644898536333,-.0000445818012608,.0000391107598904,.0001290885788709,-.0000432147769971,-.0002241562397325,.0000903050527254,-.0000144792351076,-3.03535530788e-06,-.0000542794874958,-.0002693182280317,-.0004385483622203,.0001825539435323,4.23297751439e-06,2.59162758307e-06,.0000148398721746,.0000106134126661,2.62670254438e-06,-9.21221086045e-07,-6.02760587722e-06,-.0000152083761808,.0000141879896438,.0000684894848005,-.0000826777174923,-.0000854031207157,.0001002528593042,.0002938062488821,-.0000675077881184,-.0002088541322062,3.23142008684e-06,1.61385417889e-06,3.29861412952e-06,3.09369698997e-06,5.95859507231e-06,-3.08979435652e-06,-3.33579729213e-06,-3.43656959002e-06,.000017709497981,.0000242499792653,-.0008786069490057,.0000235824486224,.0004096954374804,1.92274012752e-06,-.0001505028232636,-8.49777822872e-06,-.0000869500932425,-.0003185305139768,.0005600763929865,.0000394230306624,-.0001258886991812,-.0000388197076896,-.0000151486923267,2.46081005022e-06,-7.92301220364e-06,-5.10850393556e-06,.0000350625329668,.0499241042125449,.0161430316093056,-.0004166272403254,.0162650511050161,.0134986879663579,.000128478304071,.0000971009742084,.0000481725652862,.0000595496387974,.0000119808503385,.0001712410556144,-.0000335176047243,.000016969540363,-.0000224049213937,.002761735705016,.0001336710988296,.0001121860925208,.0000168927776193
97,.0000435885130204,-4.99931356483e-06,-.0001308582773229,.0001872465060478,-.000342912344525,-.0012710240543089,-.0029897058067564,.0012475362475534,-.0003636771858405,-.000585939922864,.0005575850813272,-.0014842179916806,-.0004497176465974,-.0001199124682831,.0008880723107594,-.0005451771526487,-.0010012226389223,.0006967682018664,-.0013451880670706,-.0003804957545239,.0002613198646563,.0009253459997147,.0000526148001156,-.000047150870232,-.0000514672580891,-.0000155534461365,-.000094053372504,-1.28380737304e-06,-2.40805389089e-06,.0000339983544838,-.0000401812773669,.0001696742913166,-.0000375194276129,-.0002087278316381,1.51250479719e-07,-.0000188378090703,.0001656709179672,9.84805929862e-06,-7.43417792383e-06,-1.92401592109e-06,3.83888211335e-06,-9.75269874666e-06,-1.71800220921e-06,1.07189870639e-06,-.0000125579940648,-.0000237683393823,.0000113036365538,.0000155186291809,-.0000324474599723,-.0000383392699865,7.67279479322e-06,.0001061309837025,.0000494290856428,.0000733941797191,2.99998929039e-06,3.51405883883e-06,-1.79354182368e-06,-1.81800848895e-06,9.38138368215e-07,2.66141950498e-06,3.83820957785e-06,-.0000195192114512,-.0000322371753297,-.0000287814648737,-.0001248793804341,-.0000191110002861,.0010962265007685,-.0000216850606786,.0000906647219779,-.0000103224769309,.0000251042481702,-.0003722920111842,-.0002474131382182,-.000071247589291,-.0001293189035822,-.0001657675782202,2.32084338628e-07,-.0000397741144967,2.01603589063e-06,-.0000341781608397,-.0000112119712705,.0148019702582978,.0000179206252194,-.0002262421926436,.0012190641470119,.0026263522471692,-.0000265632425699,-.000016756421604,8.96150442165e-06,.0000379043981216,-.0000138180066797,.0001025893427462,-.0000333861732,-9.26044721185e-06,.0000201662139771,.0001336710988296,.0015706259981344,.0001293142823646,.0000957308230734
98,.0000749794270426,3.26756120303e-06,-.000372365933758,.0004032281748731,-.0004526203022462,-.0002890731398975,-.0023344340062522,.0000153729701082,-.0004265320265641,.0005427916762165,.0001712814428201,-.0000267558818421,.0000720782867778,-.0003514081638042,.0006208783378886,-.0008406743534869,.0001693635284807,.0007889609556392,-.0009049290746967,.0007678924346914,.0010259766343275,.001023797032108,-3.38912721206e-06,-.0000514385785725,.0000159086855113,.000144963744192,-.0000166668538891,.000083061948141,-.0000140222769665,.0000870254896455,.0000676407733275,-.0000695267807878,-.0001857926550014,-.0001702129446669,-.000222731190794,.0000673979971366,.000023966437309,.0000626334501607,8.32285252220e-06,-5.45660229003e-06,-8.39212922337e-06,8.59244976087e-07,-.0000112413208541,-.0000135865132074,-3.29938903779e-06,5.60045562482e-06,.0000721877552164,.0000217952876822,-.0000739313511644,-.0001553969478441,.0000165102827225,.0001331439901431,.0001042795228592,.0002961551283769,-1.01600452634e-06,-1.54813492779e-06,7.28352972855e-06,5.21591189469e-06,-1.45385644603e-06,1.82341589786e-06,-2.78147176254e-06,-9.13716464928e-06,-.000063216618505,.0001164898601534,.0007712811538693,-.0000305836484987,.0008774189860445,-8.34832985100e-06,.0002191303658209,-.0000105959482469,.0001412627187852,.0005159627601545,-.0002553207618472,.0000165855942515,-.0000551497370229,.0000475206495732,-4.05019062075e-06,-.0000425943422722,.0001128770593408,-.0000608379633889,.0000535446115642,.0118962528255029,-.0050242175109656,-.0005174366724781,-.0111308474750741,-.0086088215553147,.0000757695761937,.000052850931513,.0000856115525916,.0001175841115223,-.000027254569188,-.0000389921418098,.0002552747980296,8.65860069819e-06,-.0000198242502376,.0001121860925208,.0001293142823646,.0011428219230218,.0003178685449746
99,.0001208916987519,2.43224719221e-06,-.0005045321080673,-.0001320436472403,-.0001143780622088,.0003451449916515,-.0023726813351415,-.0012477296031907,-.0003059661258796,-.0001200848094524,.0001199847890825,.0004997873739372,.0006020889230506,-.0005252858788415,-.0004095068096724,-.0009890565493385,.0003399608478174,.0008011676448271,-.0008788197527652,.0007112138083936,-.000039479190134,.001271102135439,-.0002129887123237,-.0000420444885613,-.0000699973373898,.0000823999188399,-.000061471867036,.0001141844433548,.0000547704862234,.0001095352193861,.0000507770133949,.0000642421219067,-.0001042985398113,-.0001670129350414,-.0001144268828355,.0002256102722869,.0001680058372465,.0000347115254042,.000010367613414,6.89562545754e-06,4.01141854851e-06,3.50316865295e-07,-6.22086098628e-06,-6.99074837179e-06,-6.93162070468e-06,-8.13162961073e-06,.0000115115283597,-.0000236293536398,.0000339186281167,.0000911065924083,-.0000433572035758,-.0001397549968497,.0001302055994918,.000317848365838,5.81379178206e-08,9.26859249338e-09,5.92552976999e-06,7.57982072871e-06,.0000116001379933,.0000101002084874,1.33387206266e-06,7.35726868578e-06,-.0000529478864055,.0001266505052309,-.0002020113938658,.0000144185362673,.0015459761218408,3.83117034828e-06,-.0000963975009923,-.000011475783343,-.0000487321472187,.0000487128586906,.0002507235617425,.0000425687224984,-.0000567314145054,-.0000143112692563,8.51096191048e-06,-.0000443219637131,.0000967167941216,-.0000351784578089,.0000556772379397,.0186662875678321,-.0017201646523266,.0001725391831563,.0027942832102073,.001523337637966,.0000840422143242,.0000453720246859,.0001642508472025,.0002433365242155,.0000214340705374,.0002315666716405,.0003684172568456,.000011089895627,-.000014980144981,.0000168927776193,.0000957308230734,.0003178685449746,.0007948275065029
