
============================================================================
SMM: parent-block moments
============================================================================
started    2026-09-07 20:50:33
host       haflinger.ceu.edu
machine    112 cores, 503 GB RAM, load average 1.4
workers    20 of 112 cores (18%) -- capped by shared-server budget
budget     4000 Sobol points, 8 restarts (<= 1000 evals each, polish 1000)
grids      Na=Nhc=30 for both the search and the report
writing to output/smm_runs/2026-09-07_205033
           (also reachable as output/smm_runs/latest -- tail that, no timestamp needed)
6.0s
running on 21 process(es): 1 master + 20 worker(s), 1 BLAS thread each
10.0s
30.0s (all processes at once)

============================================================================
Targets  (output/smm_runs/2026-09-07_205033/targets.toml)
============================================================================
10 moments, 9 parameters -- OVER-identified, Q cannot reach 0 and weights matter
parameters: phi_2, phi_3, lambda_2, R_0, sigma_1_0, sigma_1_1, sigma_2_0, sigma_2_1, sigma_4_0
moment           mean         sd        N   source
mean_c_p       3.1155     1.6993     6742   cons_exhous_real_w99
mean_h_p       0.3073     0.0999    15665   (wh_mom + wh_dad)/2 / 112
mean_t_p_early     0.4544     0.1656      475   par_time_tot / 112, child ages 1-9
mean_t_p_late     0.3333     0.1669      590   par_time_tot / 112, child ages 10-17
mean_e_p_early     0.3429     0.4794     8178   m_method2_final_w99, child ages 1-9
mean_e_p_late     0.3911     0.6638     7182   m_method2_final_w99, child ages 10-17
mean_i_c_early     0.3649     0.0389      476   c_time_hrs / 112 (school + own study), child ages 6-9
mean_i_c_late     0.3872     0.0517     1500   c_time_hrs / 112 (school + own study), child ages 10-17
mean_hc_early     6.0737     0.1081      252   x_gach (log PCA composite), child ages 3-9
mean_hc_late     6.2508     0.0323      549   x_gach (log PCA composite), child ages 10-17

SDs are shown but NOT targeted: the model's cross-sectional dispersion comes
from a 5-node wage shock plus initial draws and cannot reach the data's
(leisure SD is 7.4x too small). Targeting them would distort the means.

settings written to output/smm_runs/2026-09-07_205033/run_record.toml  (status = started)
16.1s

projected runtime
  sobol stage     4001 evals / 20 workers  =   53.7 min   (parallel)
  local stage     1320 evals, sequential    =  354.4 min   (cannot be parallelised)
  total                                     408.2 min

The local stage dominates because TikTak's restarts are sequential by
construction. More workers shorten the first line only -- to use a wide
machine well, raise --sobol (better seeds), not --restarts.

============================================================================
Incumbent calibration
============================================================================
Q = 1.649564

Parameters
--------------------------------------------------------------
  phi_2            0.1437   (was 0.1437)
  phi_3            1.0201   (was 1.0201)
  lambda_2         8.6793   (was 8.6793)
  R_0             50.6032   (was 50.6032)
  sigma_1_0       -0.2232   (was -0.2232)
  sigma_1_1       -0.1413   (was -0.1413)
  sigma_2_0       -3.7551   (was -3.7551)
  sigma_2_1       -0.0500   (was -0.0500)
  sigma_4_0       -5.9852   (was -5.9852)

Targeted moments
----------------------------------------------------------------------------
  moment          model       data     gap %   source
  mean_c_p       3.2870     3.1155      5.5%   cons_exhous_real_w99
  mean_h_p       0.3073     0.3073     -0.0%   (wh_mom + wh_dad)/2 / 112
  mean_t_p_early     0.5244     0.4544     15.4%   par_time_tot / 112, child ages 1-9
  mean_t_p_late     0.3202     0.3333     -3.9%   par_time_tot / 112, child ages 10-17
  mean_e_p_early     0.2925     0.3429    -14.7%   m_method2_final_w99, child ages 1-9
  mean_e_p_late     0.4360     0.3911     11.5%   m_method2_final_w99, child ages 10-17
  mean_i_c_early     0.0512     0.3649    -86.0%   c_time_hrs / 112 (school + own study), child ages 6-9
  mean_i_c_late     0.0319     0.3872    -91.8%   c_time_hrs / 112 (school + own study), child ages 10-17
  mean_hc_early     6.0192     6.0737     -5.3%   x_gach (log PCA composite), child ages 3-9
  mean_hc_late     6.2984     6.2508      4.9%   x_gach (log PCA composite), child ages 10-17
  Q                                  1.6496    (gap % is in LEVELS for log moments)

  c_p           32870 USD/yr  vs data 31155
  h_p            34.4 hrs/wk  vs data 34.4
  t_p  1-9       58.7 hrs/wk  vs data 50.9
  t_p 10-17      35.9 hrs/wk  vs data 37.3
  e_p  1-9       2925 USD/yr  vs data 3429
  e_p 10-17      4360 USD/yr  vs data 3911

  t_p late/early  model 0.61x  vs data 0.73x
  e_p late/early  model 1.49x  vs data 1.14x
  l_p (residual)  model 29.6 hrs/wk  vs 33.1 implied by the h_p/t_p targets
                  (measured leisure is 59.2 hrs/wk -- par_time_tot overlaps it)

Untargeted -- does the fit stay believable?
--------------------------------------------------------------
  after-tax income        4.7065  (47065 USD/yr)
  implied saving rate       31.3%
  terminal assets        37.0858  (370858 USD)
  leisure l_p             0.2644  (29.6 hrs/wk)
  invalid sim cells            0
  assets above a_max=100  max 254.0  (households: 2 ever (0.10%), 2 at t=1, 2 at handoff)
  HC in [50, 1500]      range 297.7 - 633.0  (households: 0 ever above, 0 ever below, 0 above at handoff)

  off-grid states by period (n = 2000 households)
    t      a>a_max      max a    hc>hi    hc<lo     max hc
    1            2      214.4        0        0      464.2
    2            2      216.5        0        0      443.7
    3            2      218.7        0        0      452.2
    4            2      221.0        0        0      473.0
    5            2      223.2        0        0      495.9
    6            2      225.4        0        0      526.9
    7            2      227.4        0        0      547.3
    8            2      229.4        0        0      564.7
    9            2      231.4        0        0      579.4
    10           2      233.4        0        0      591.6
    11           2      235.3        0        0      603.7
    12           2      237.2        0        0      613.1
    13           2      239.1        0        0      621.9
    14           2      241.0        0        0      628.2
    15           2      243.1        0        0      632.1
    16           2      245.6        0        0      633.0
    17           2      249.5        0        0      622.4
    T+1          2      254.0        0        0      553.9
    (rows with no off-grid state are omitted; T+1 is the age-18 handoff)

============================================================================
TikTak search
============================================================================
  sobol        1/4001    0%   best Q       82.16     0.3 min elapsed, ~1110 min left
  sobol        4/4001    0%   best Q       82.16     0.3 min elapsed, ~313 min left
  sobol       17/4001    0%   best Q       3.548     0.3 min elapsed, ~81 min left
  sobol       21/4001    1%   best Q       3.548     0.4 min elapsed, ~77 min left
  sobol       22/4001    1%   best Q       3.548     0.5 min elapsed, ~83 min left
  sobol       36/4001    1%   best Q       3.548     0.5 min elapsed, ~55 min left
  sobol       41/4001    1%   best Q       3.548     0.5 min elapsed, ~52 min left
  sobol       43/4001    1%   best Q       3.548     0.6 min elapsed, ~55 min left
  sobol       49/4001    1%   best Q       0.863     0.6 min elapsed, ~51 min left
  sobol       57/4001    1%   best Q       0.863     0.7 min elapsed, ~46 min left
  sobol       64/4001    2%   best Q       0.863     0.7 min elapsed, ~45 min left
  sobol       69/4001    2%   best Q       0.863     0.8 min elapsed, ~44 min left
  sobol       74/4001    2%   best Q       0.863     0.8 min elapsed, ~43 min left
  sobol       80/4001    2%   best Q       0.863     0.8 min elapsed, ~42 min left
  sobol       86/4001    2%   best Q       0.863     0.9 min elapsed, ~40 min left
  sobol       89/4001    2%   best Q       0.863     0.9 min elapsed, ~41 min left
  sobol       95/4001    2%   best Q       0.863     1.0 min elapsed, ~40 min left
  sobol      101/4001    3%   best Q       0.863     1.0 min elapsed, ~39 min left
  sobol      105/4001    3%   best Q       0.863     1.0 min elapsed, ~39 min left
  sobol      110/4001    3%   best Q       0.863     1.1 min elapsed, ~38 min left
  sobol      117/4001    3%   best Q       0.863     1.1 min elapsed, ~37 min left
  sobol      121/4001    3%   best Q       0.863     1.2 min elapsed, ~38 min left
  sobol      128/4001    3%   best Q       0.863     1.2 min elapsed, ~37 min left
  sobol      132/4001    3%   best Q       0.863     1.2 min elapsed, ~37 min left
  sobol      138/4001    3%   best Q       0.863     1.3 min elapsed, ~36 min left
  sobol      142/4001    4%   best Q       0.863     1.3 min elapsed, ~36 min left
  sobol      149/4001    4%   best Q       0.863     1.4 min elapsed, ~35 min left
  sobol      153/4001    4%   best Q       0.863     1.4 min elapsed, ~35 min left
  sobol      160/4001    4%   best Q       0.863     1.5 min elapsed, ~35 min left
  sobol      166/4001    4%   best Q       0.863     1.5 min elapsed, ~34 min left
  sobol      171/4001    4%   best Q       0.863     1.5 min elapsed, ~34 min left
  sobol      175/4001    4%   best Q       0.863     1.6 min elapsed, ~34 min left
  sobol      181/4001    5%   best Q       0.863     1.6 min elapsed, ~34 min left
  sobol      183/4001    5%   best Q       0.863     1.6 min elapsed, ~34 min left
  sobol      192/4001    5%   best Q       0.863     1.7 min elapsed, ~33 min left
  sobol      197/4001    5%   best Q       0.863     1.7 min elapsed, ~33 min left
  sobol      202/4001    5%   best Q       0.863     1.8 min elapsed, ~33 min left
  sobol      208/4001    5%   best Q       0.863     1.8 min elapsed, ~33 min left
  sobol      211/4001    5%   best Q       0.863     1.8 min elapsed, ~33 min left
  sobol      217/4001    5%   best Q       0.863     1.9 min elapsed, ~33 min left
  sobol      221/4001    6%   best Q       0.863     1.9 min elapsed, ~33 min left
  sobol      227/4001    6%   best Q       0.863     1.9 min elapsed, ~32 min left
  sobol      232/4001    6%   best Q       0.863     2.0 min elapsed, ~32 min left
  sobol      235/4001    6%   best Q       0.863     2.0 min elapsed, ~32 min left
  sobol      245/4001    6%   best Q       0.863     2.1 min elapsed, ~32 min left
  sobol      251/4001    6%   best Q       0.863     2.1 min elapsed, ~32 min left
  sobol      255/4001    6%   best Q       0.863     2.2 min elapsed, ~32 min left
  sobol      261/4001    7%   best Q       0.863     2.2 min elapsed, ~31 min left
  sobol      266/4001    7%   best Q       0.863     2.2 min elapsed, ~31 min left
  sobol      272/4001    7%   best Q       0.863     2.3 min elapsed, ~31 min left
  sobol      278/4001    7%   best Q       0.863     2.3 min elapsed, ~31 min left
  sobol      283/4001    7%   best Q       0.863     2.4 min elapsed, ~31 min left
  sobol      288/4001    7%   best Q       0.863     2.4 min elapsed, ~31 min left
  sobol      294/4001    7%   best Q       0.863     2.4 min elapsed, ~31 min left
  sobol      302/4001    8%   best Q       0.863     2.5 min elapsed, ~30 min left
  sobol      304/4001    8%   best Q       0.863     2.5 min elapsed, ~30 min left
  sobol      311/4001    8%   best Q       0.863     2.5 min elapsed, ~30 min left
  sobol      314/4001    8%   best Q       0.863     2.6 min elapsed, ~30 min left
  sobol      318/4001    8%   best Q       0.863     2.6 min elapsed, ~30 min left
  sobol      324/4001    8%   best Q       0.863     2.7 min elapsed, ~30 min left
  sobol      330/4001    8%   best Q       0.863     2.7 min elapsed, ~30 min left
  sobol      335/4001    8%   best Q       0.863     2.7 min elapsed, ~30 min left
  sobol      340/4001    8%   best Q       0.863     2.8 min elapsed, ~30 min left
  sobol      344/4001    9%   best Q       0.863     2.8 min elapsed, ~30 min left
  sobol      350/4001    9%   best Q       0.863     2.8 min elapsed, ~30 min left
  sobol      355/4001    9%   best Q       0.863     2.9 min elapsed, ~30 min left
  sobol      360/4001    9%   best Q       0.863     2.9 min elapsed, ~30 min left
  sobol      367/4001    9%   best Q       0.863     3.0 min elapsed, ~29 min left
  sobol      372/4001    9%   best Q       0.863     3.0 min elapsed, ~29 min left
  sobol      376/4001    9%   best Q       0.863     3.0 min elapsed, ~29 min left
  sobol      380/4001    9%   best Q       0.863     3.1 min elapsed, ~29 min left
  sobol      386/4001   10%   best Q       0.863     3.1 min elapsed, ~29 min left
  sobol      393/4001   10%   best Q       0.863     3.2 min elapsed, ~29 min left
  sobol      398/4001   10%   best Q       0.863     3.2 min elapsed, ~29 min left
  sobol      406/4001   10%   best Q       0.863     3.3 min elapsed, ~29 min left
  sobol      408/4001   10%   best Q       0.863     3.3 min elapsed, ~29 min left
  sobol      414/4001   10%   best Q       0.863     3.3 min elapsed, ~29 min left
  sobol      417/4001   10%   best Q       0.863     3.4 min elapsed, ~29 min left
  sobol      424/4001   11%   best Q       0.863     3.4 min elapsed, ~29 min left
  sobol      430/4001   11%   best Q       0.863     3.4 min elapsed, ~29 min left
  sobol      434/4001   11%   best Q       0.863     3.5 min elapsed, ~29 min left
  sobol      440/4001   11%   best Q       0.863     3.5 min elapsed, ~29 min left
  sobol      445/4001   11%   best Q       0.863     3.6 min elapsed, ~29 min left
  sobol      452/4001   11%   best Q       0.863     3.6 min elapsed, ~28 min left
  sobol      457/4001   11%   best Q       0.863     3.7 min elapsed, ~28 min left
  sobol      462/4001   12%   best Q       0.863     3.7 min elapsed, ~28 min left
  sobol      469/4001   12%   best Q       0.863     3.7 min elapsed, ~28 min left
  sobol      474/4001   12%   best Q       0.863     3.8 min elapsed, ~28 min left
  sobol      480/4001   12%   best Q       0.863     3.8 min elapsed, ~28 min left
  sobol      486/4001   12%   best Q       0.863     3.9 min elapsed, ~28 min left
  sobol      492/4001   12%   best Q       0.863     3.9 min elapsed, ~28 min left
  sobol      495/4001   12%   best Q       0.863     4.0 min elapsed, ~28 min left
  sobol      501/4001   13%   best Q       0.863     4.0 min elapsed, ~28 min left
  sobol      509/4001   13%   best Q       0.863     4.0 min elapsed, ~28 min left
  sobol      515/4001   13%   best Q       0.863     4.1 min elapsed, ~28 min left
  sobol      520/4001   13%   best Q       0.863     4.1 min elapsed, ~28 min left
  sobol      528/4001   13%   best Q       0.863     4.2 min elapsed, ~28 min left
  sobol      533/4001   13%   best Q       0.863     4.2 min elapsed, ~28 min left
  sobol      536/4001   13%   best Q       0.863     4.3 min elapsed, ~28 min left
  sobol      544/4001   14%   best Q       0.863     4.3 min elapsed, ~27 min left
  sobol      550/4001   14%   best Q       0.863     4.3 min elapsed, ~27 min left
  sobol      556/4001   14%   best Q       0.863     4.4 min elapsed, ~27 min left
  sobol      566/4001   14%   best Q       0.863     4.5 min elapsed, ~27 min left
  sobol      571/4001   14%   best Q       0.863     4.5 min elapsed, ~27 min left
  sobol      576/4001   14%   best Q       0.863     4.5 min elapsed, ~27 min left
  sobol      579/4001   14%   best Q       0.863     4.6 min elapsed, ~27 min left
  sobol      586/4001   15%   best Q       0.863     4.6 min elapsed, ~27 min left
  sobol      593/4001   15%   best Q       0.863     4.7 min elapsed, ~27 min left
  sobol      598/4001   15%   best Q       0.863     4.7 min elapsed, ~27 min left
  sobol      604/4001   15%   best Q       0.863     4.7 min elapsed, ~27 min left
  sobol      609/4001   15%   best Q       0.863     4.8 min elapsed, ~27 min left
  sobol      615/4001   15%   best Q       0.863     4.8 min elapsed, ~27 min left
  sobol      622/4001   16%   best Q       0.863     4.9 min elapsed, ~26 min left
  sobol      628/4001   16%   best Q       0.863     4.9 min elapsed, ~26 min left
  sobol      634/4001   16%   best Q       0.863     5.0 min elapsed, ~26 min left
  sobol      638/4001   16%   best Q       0.863     5.0 min elapsed, ~26 min left
  sobol      645/4001   16%   best Q       0.863     5.1 min elapsed, ~26 min left
  sobol      650/4001   16%   best Q       0.863     5.1 min elapsed, ~26 min left
  sobol      657/4001   16%   best Q       0.863     5.1 min elapsed, ~26 min left
  sobol      662/4001   17%   best Q       0.863     5.2 min elapsed, ~26 min left
  sobol      667/4001   17%   best Q       0.863     5.2 min elapsed, ~26 min left
  sobol      676/4001   17%   best Q       0.863     5.3 min elapsed, ~26 min left
  sobol      680/4001   17%   best Q       0.863     5.3 min elapsed, ~26 min left
  sobol      688/4001   17%   best Q       0.863     5.4 min elapsed, ~26 min left
  sobol      693/4001   17%   best Q       0.863     5.4 min elapsed, ~26 min left
  sobol      702/4001   18%   best Q       0.863     5.5 min elapsed, ~26 min left
  sobol      706/4001   18%   best Q       0.863     5.5 min elapsed, ~26 min left
  sobol      712/4001   18%   best Q       0.863     5.5 min elapsed, ~26 min left
  sobol      717/4001   18%   best Q       0.863     5.6 min elapsed, ~26 min left
  sobol      725/4001   18%   best Q       0.863     5.6 min elapsed, ~25 min left
  sobol      731/4001   18%   best Q       0.863     5.7 min elapsed, ~25 min left
  sobol      734/4001   18%   best Q       0.863     5.7 min elapsed, ~25 min left
  sobol      738/4001   18%   best Q       0.863     5.7 min elapsed, ~25 min left
  sobol      746/4001   19%   best Q       0.863     5.8 min elapsed, ~25 min left
  sobol      750/4001   19%   best Q       0.863     5.8 min elapsed, ~25 min left
  sobol      754/4001   19%   best Q       0.863     5.9 min elapsed, ~25 min left
  sobol      759/4001   19%   best Q       0.863     5.9 min elapsed, ~25 min left
  sobol      766/4001   19%   best Q       0.863     5.9 min elapsed, ~25 min left
  sobol      772/4001   19%   best Q       0.863     6.0 min elapsed, ~25 min left
  sobol      776/4001   19%   best Q       0.863     6.0 min elapsed, ~25 min left
  sobol      784/4001   20%   best Q       0.863     6.1 min elapsed, ~25 min left
  sobol      791/4001   20%   best Q       0.863     6.1 min elapsed, ~25 min left
  sobol      795/4001   20%   best Q       0.863     6.2 min elapsed, ~25 min left
  sobol      804/4001   20%   best Q       0.863     6.2 min elapsed, ~25 min left
  sobol      809/4001   20%   best Q       0.863     6.3 min elapsed, ~25 min left
  sobol      814/4001   20%   best Q       0.863     6.3 min elapsed, ~25 min left
  sobol      822/4001   21%   best Q       0.863     6.3 min elapsed, ~25 min left
  sobol      826/4001   21%   best Q       0.863     6.4 min elapsed, ~25 min left
  sobol      831/4001   21%   best Q       0.863     6.4 min elapsed, ~24 min left
  sobol      837/4001   21%   best Q       0.863     6.5 min elapsed, ~24 min left
  sobol      842/4001   21%   best Q       0.863     6.5 min elapsed, ~24 min left
  sobol      849/4001   21%   best Q       0.863     6.5 min elapsed, ~24 min left
  sobol      853/4001   21%   best Q       0.863     6.6 min elapsed, ~24 min left
  sobol      859/4001   21%   best Q       0.863     6.6 min elapsed, ~24 min left
  sobol      864/4001   22%   best Q       0.863     6.7 min elapsed, ~24 min left
  sobol      870/4001   22%   best Q       0.863     6.7 min elapsed, ~24 min left
  sobol      874/4001   22%   best Q       0.863     6.7 min elapsed, ~24 min left
  sobol      879/4001   22%   best Q       0.863     6.8 min elapsed, ~24 min left
  sobol      886/4001   22%   best Q       0.863     6.8 min elapsed, ~24 min left
  sobol      892/4001   22%   best Q       0.863     6.9 min elapsed, ~24 min left
  sobol      898/4001   22%   best Q       0.863     6.9 min elapsed, ~24 min left
  sobol      902/4001   23%   best Q       0.863     7.0 min elapsed, ~24 min left
  sobol      909/4001   23%   best Q       0.863     7.0 min elapsed, ~24 min left
  sobol      913/4001   23%   best Q       0.863     7.0 min elapsed, ~24 min left
  sobol      921/4001   23%   best Q       0.863     7.1 min elapsed, ~24 min left
  sobol      925/4001   23%   best Q       0.863     7.1 min elapsed, ~24 min left
  sobol      932/4001   23%   best Q       0.863     7.2 min elapsed, ~24 min left
  sobol      939/4001   23%   best Q       0.863     7.2 min elapsed, ~24 min left
  sobol      944/4001   24%   best Q       0.863     7.3 min elapsed, ~23 min left
  sobol      948/4001   24%   best Q       0.863     7.3 min elapsed, ~24 min left
  sobol      953/4001   24%   best Q       0.863     7.3 min elapsed, ~23 min left
  sobol      961/4001   24%   best Q       0.863     7.4 min elapsed, ~23 min left
  sobol      968/4001   24%   best Q       0.863     7.4 min elapsed, ~23 min left
  sobol      972/4001   24%   best Q       0.863     7.5 min elapsed, ~23 min left
  sobol      976/4001   24%   best Q       0.863     7.5 min elapsed, ~23 min left
  sobol      982/4001   25%   best Q       0.863     7.6 min elapsed, ~23 min left
  sobol      989/4001   25%   best Q       0.863     7.6 min elapsed, ~23 min left
  sobol      994/4001   25%   best Q       0.863     7.6 min elapsed, ~23 min left
  sobol      999/4001   25%   best Q       0.863     7.7 min elapsed, ~23 min left
  sobol     1003/4001   25%   best Q       0.863     7.7 min elapsed, ~23 min left
  sobol     1011/4001   25%   best Q       0.863     7.8 min elapsed, ~23 min left
  sobol     1015/4001   25%   best Q       0.863     7.8 min elapsed, ~23 min left
  sobol     1022/4001   26%   best Q       0.863     7.8 min elapsed, ~23 min left
  sobol     1026/4001   26%   best Q       0.863     7.9 min elapsed, ~23 min left
  sobol     1031/4001   26%   best Q       0.863     7.9 min elapsed, ~23 min left
  sobol     1037/4001   26%   best Q       0.863     8.0 min elapsed, ~23 min left
  sobol     1042/4001   26%   best Q       0.863     8.0 min elapsed, ~23 min left
  sobol     1047/4001   26%   best Q       0.863     8.0 min elapsed, ~23 min left
  sobol     1053/4001   26%   best Q       0.863     8.1 min elapsed, ~23 min left
  sobol     1056/4001   26%   best Q       0.863     8.1 min elapsed, ~23 min left
  sobol     1060/4001   26%   best Q       0.863     8.1 min elapsed, ~23 min left
  sobol     1068/4001   27%   best Q       0.863     8.2 min elapsed, ~22 min left
  sobol     1072/4001   27%   best Q       0.863     8.2 min elapsed, ~22 min left
  sobol     1080/4001   27%   best Q       0.863     8.3 min elapsed, ~22 min left
  sobol     1086/4001   27%   best Q       0.863     8.3 min elapsed, ~22 min left
  sobol     1093/4001   27%   best Q       0.863     8.4 min elapsed, ~22 min left
  sobol     1096/4001   27%   best Q       0.863     8.4 min elapsed, ~22 min left
  sobol     1101/4001   28%   best Q       0.863     8.4 min elapsed, ~22 min left
  sobol     1107/4001   28%   best Q       0.863     8.5 min elapsed, ~22 min left
  sobol     1113/4001   28%   best Q       0.863     8.5 min elapsed, ~22 min left
  sobol     1119/4001   28%   best Q       0.863     8.5 min elapsed, ~22 min left
  sobol     1122/4001   28%   best Q       0.863     8.6 min elapsed, ~22 min left
  sobol     1127/4001   28%   best Q       0.863     8.6 min elapsed, ~22 min left
  sobol     1136/4001   28%   best Q       0.863     8.7 min elapsed, ~22 min left
  sobol     1140/4001   28%   best Q       0.863     8.7 min elapsed, ~22 min left
  sobol     1144/4001   29%   best Q       0.863     8.7 min elapsed, ~22 min left
  sobol     1150/4001   29%   best Q       0.863     8.8 min elapsed, ~22 min left
  sobol     1153/4001   29%   best Q       0.863     8.8 min elapsed, ~22 min left
  sobol     1160/4001   29%   best Q       0.863     8.9 min elapsed, ~22 min left
  sobol     1166/4001   29%   best Q       0.863     8.9 min elapsed, ~22 min left
  sobol     1172/4001   29%   best Q       0.863     8.9 min elapsed, ~22 min left
  sobol     1176/4001   29%   best Q       0.863     9.0 min elapsed, ~22 min left
  sobol     1180/4001   29%   best Q       0.863     9.0 min elapsed, ~22 min left
  sobol     1186/4001   30%   best Q       0.863     9.1 min elapsed, ~22 min left
  sobol     1192/4001   30%   best Q       0.863     9.1 min elapsed, ~21 min left
  sobol     1196/4001   30%   best Q       0.863     9.1 min elapsed, ~21 min left
  sobol     1200/4001   30%   best Q       0.863     9.2 min elapsed, ~21 min left
  sobol     1206/4001   30%   best Q       0.863     9.2 min elapsed, ~21 min left
  sobol     1211/4001   30%   best Q       0.863     9.2 min elapsed, ~21 min left
  sobol     1214/4001   30%   best Q       0.863     9.3 min elapsed, ~21 min left
  sobol     1221/4001   31%   best Q       0.863     9.3 min elapsed, ~21 min left
  sobol     1223/4001   31%   best Q       0.863     9.4 min elapsed, ~21 min left
  sobol     1231/4001   31%   best Q       0.863     9.4 min elapsed, ~21 min left
  sobol     1238/4001   31%   best Q       0.863     9.4 min elapsed, ~21 min left
  sobol     1242/4001   31%   best Q       0.863     9.5 min elapsed, ~21 min left
  sobol     1247/4001   31%   best Q       0.863     9.5 min elapsed, ~21 min left
  sobol     1251/4001   31%   best Q       0.863     9.5 min elapsed, ~21 min left
  sobol     1257/4001   31%   best Q       0.863     9.6 min elapsed, ~21 min left
  sobol     1261/4001   32%   best Q       0.863     9.6 min elapsed, ~21 min left
  sobol     1268/4001   32%   best Q       0.863     9.7 min elapsed, ~21 min left
  sobol     1272/4001   32%   best Q       0.863     9.7 min elapsed, ~21 min left
  sobol     1281/4001   32%   best Q       0.863     9.8 min elapsed, ~21 min left
  sobol     1284/4001   32%   best Q       0.863     9.8 min elapsed, ~21 min left
  sobol     1290/4001   32%   best Q       0.863     9.8 min elapsed, ~21 min left
  sobol     1297/4001   32%   best Q       0.863     9.9 min elapsed, ~21 min left
  sobol     1301/4001   33%   best Q       0.863     9.9 min elapsed, ~21 min left
  sobol     1304/4001   33%   best Q       0.863     9.9 min elapsed, ~21 min left
  sobol     1312/4001   33%   best Q       0.863    10.0 min elapsed, ~20 min left
  sobol     1313/4001   33%   best Q       0.863    10.0 min elapsed, ~21 min left
  sobol     1320/4001   33%   best Q       0.863    10.1 min elapsed, ~20 min left
  sobol     1328/4001   33%   best Q       0.863    10.1 min elapsed, ~20 min left
  sobol     1333/4001   33%   best Q       0.863    10.1 min elapsed, ~20 min left
  sobol     1335/4001   33%   best Q       0.863    10.2 min elapsed, ~20 min left
  sobol     1344/4001   34%   best Q       0.863    10.2 min elapsed, ~20 min left
  sobol     1349/4001   34%   best Q       0.863    10.3 min elapsed, ~20 min left
  sobol     1352/4001   34%   best Q       0.863    10.3 min elapsed, ~20 min left
  sobol     1358/4001   34%   best Q       0.863    10.3 min elapsed, ~20 min left
  sobol     1365/4001   34%   best Q       0.863    10.4 min elapsed, ~20 min left
  sobol     1368/4001   34%   best Q       0.863    10.4 min elapsed, ~20 min left
  sobol     1375/4001   34%   best Q       0.863    10.5 min elapsed, ~20 min left
  sobol     1380/4001   34%   best Q       0.863    10.5 min elapsed, ~20 min left
  sobol     1384/4001   35%   best Q       0.863    10.5 min elapsed, ~20 min left
  sobol     1391/4001   35%   best Q       0.863    10.6 min elapsed, ~20 min left
  sobol     1395/4001   35%   best Q       0.863    10.6 min elapsed, ~20 min left
  sobol     1400/4001   35%   best Q       0.863    10.6 min elapsed, ~20 min left
  sobol     1405/4001   35%   best Q       0.863    10.7 min elapsed, ~20 min left
  sobol     1411/4001   35%   best Q       0.863    10.7 min elapsed, ~20 min left
  sobol     1415/4001   35%   best Q       0.863    10.8 min elapsed, ~20 min left
  sobol     1419/4001   35%   best Q       0.863    10.8 min elapsed, ~20 min left
  sobol     1424/4001   36%   best Q       0.863    10.8 min elapsed, ~20 min left
  sobol     1428/4001   36%   best Q       0.863    10.9 min elapsed, ~20 min left
  sobol     1436/4001   36%   best Q       0.863    10.9 min elapsed, ~19 min left
  sobol     1440/4001   36%   best Q       0.863    11.0 min elapsed, ~19 min left
  sobol     1445/4001   36%   best Q       0.863    11.0 min elapsed, ~19 min left
  sobol     1448/4001   36%   best Q       0.863    11.0 min elapsed, ~19 min left
  sobol     1455/4001   36%   best Q       0.863    11.1 min elapsed, ~19 min left
  sobol     1461/4001   37%   best Q       0.863    11.1 min elapsed, ~19 min left
  sobol     1466/4001   37%   best Q       0.863    11.2 min elapsed, ~19 min left
  sobol     1475/4001   37%   best Q       0.863    11.2 min elapsed, ~19 min left
  sobol     1480/4001   37%   best Q       0.863    11.2 min elapsed, ~19 min left
  sobol     1485/4001   37%   best Q       0.863    11.3 min elapsed, ~19 min left
  sobol     1489/4001   37%   best Q       0.863    11.3 min elapsed, ~19 min left
  sobol     1497/4001   37%   best Q       0.863    11.4 min elapsed, ~19 min left
  sobol     1504/4001   38%   best Q       0.863    11.4 min elapsed, ~19 min left
  sobol     1510/4001   38%   best Q       0.863    11.5 min elapsed, ~19 min left
  sobol     1514/4001   38%   best Q       0.863    11.5 min elapsed, ~19 min left
  sobol     1520/4001   38%   best Q       0.863    11.5 min elapsed, ~19 min left
  sobol     1525/4001   38%   best Q       0.863    11.6 min elapsed, ~19 min left
  sobol     1529/4001   38%   best Q       0.863    11.6 min elapsed, ~19 min left
  sobol     1533/4001   38%   best Q       0.863    11.7 min elapsed, ~19 min left
  sobol     1541/4001   39%   best Q       0.863    11.7 min elapsed, ~19 min left
  sobol     1550/4001   39%   best Q       0.863    11.7 min elapsed, ~19 min left
  sobol     1552/4001   39%   best Q       0.863    11.8 min elapsed, ~19 min left
  sobol     1559/4001   39%   best Q       0.863    11.8 min elapsed, ~19 min left
  sobol     1563/4001   39%   best Q       0.863    11.9 min elapsed, ~18 min left
  sobol     1569/4001   39%   best Q       0.863    11.9 min elapsed, ~18 min left
  sobol     1573/4001   39%   best Q       0.863    11.9 min elapsed, ~18 min left
  sobol     1579/4001   39%   best Q       0.863    12.0 min elapsed, ~18 min left
  sobol     1585/4001   40%   best Q       0.863    12.0 min elapsed, ~18 min left
  sobol     1591/4001   40%   best Q       0.863    12.1 min elapsed, ~18 min left
  sobol     1598/4001   40%   best Q       0.863    12.1 min elapsed, ~18 min left
  sobol     1601/4001   40%   best Q       0.863    12.1 min elapsed, ~18 min left
  sobol     1608/4001   40%   best Q       0.863    12.2 min elapsed, ~18 min left
  sobol     1611/4001   40%   best Q       0.863    12.2 min elapsed, ~18 min left
  sobol     1618/4001   40%   best Q       0.863    12.3 min elapsed, ~18 min left
  sobol     1623/4001   41%   best Q       0.863    12.3 min elapsed, ~18 min left
  sobol     1629/4001   41%   best Q       0.863    12.3 min elapsed, ~18 min left
  sobol     1634/4001   41%   best Q       0.863    12.4 min elapsed, ~18 min left
  sobol     1638/4001   41%   best Q       0.863    12.4 min elapsed, ~18 min left
  sobol     1643/4001   41%   best Q       0.863    12.4 min elapsed, ~18 min left
  sobol     1649/4001   41%   best Q       0.863    12.5 min elapsed, ~18 min left
  sobol     1656/4001   41%   best Q       0.863    12.5 min elapsed, ~18 min left
  sobol     1658/4001   41%   best Q       0.863    12.6 min elapsed, ~18 min left
  sobol     1668/4001   42%   best Q       0.863    12.6 min elapsed, ~18 min left
  sobol     1673/4001   42%   best Q       0.863    12.7 min elapsed, ~18 min left
  sobol     1677/4001   42%   best Q       0.863    12.7 min elapsed, ~18 min left
  sobol     1679/4001   42%   best Q       0.863    12.7 min elapsed, ~18 min left
  sobol     1684/4001   42%   best Q       0.863    12.8 min elapsed, ~18 min left
  sobol     1692/4001   42%   best Q       0.863    12.8 min elapsed, ~17 min left
  sobol     1697/4001   42%   best Q       0.863    12.8 min elapsed, ~17 min left
  sobol     1698/4001   42%   best Q       0.863    12.9 min elapsed, ~17 min left
  sobol     1704/4001   43%   best Q       0.863    12.9 min elapsed, ~17 min left
  sobol     1709/4001   43%   best Q       0.863    12.9 min elapsed, ~17 min left
  sobol     1716/4001   43%   best Q       0.863    13.0 min elapsed, ~17 min left
  sobol     1718/4001   43%   best Q       0.863    13.0 min elapsed, ~17 min left
  sobol     1724/4001   43%   best Q       0.863    13.1 min elapsed, ~17 min left
  sobol     1729/4001   43%   best Q       0.863    13.1 min elapsed, ~17 min left
  sobol     1736/4001   43%   best Q       0.863    13.1 min elapsed, ~17 min left
  sobol     1738/4001   43%   best Q       0.863    13.2 min elapsed, ~17 min left
  sobol     1745/4001   44%   best Q       0.863    13.2 min elapsed, ~17 min left
  sobol     1751/4001   44%   best Q       0.863    13.3 min elapsed, ~17 min left
  sobol     1754/4001   44%   best Q       0.863    13.3 min elapsed, ~17 min left
  sobol     1759/4001   44%   best Q       0.863    13.3 min elapsed, ~17 min left
  sobol     1768/4001   44%   best Q       0.863    13.4 min elapsed, ~17 min left
  sobol     1774/4001   44%   best Q       0.863    13.4 min elapsed, ~17 min left
  sobol     1777/4001   44%   best Q       0.863    13.5 min elapsed, ~17 min left
  sobol     1783/4001   45%   best Q       0.863    13.5 min elapsed, ~17 min left
  sobol     1790/4001   45%   best Q       0.863    13.6 min elapsed, ~17 min left
  sobol     1797/4001   45%   best Q       0.863    13.6 min elapsed, ~17 min left
  sobol     1800/4001   45%   best Q       0.863    13.6 min elapsed, ~17 min left
  sobol     1805/4001   45%   best Q       0.863    13.7 min elapsed, ~17 min left
  sobol     1811/4001   45%   best Q       0.863    13.7 min elapsed, ~17 min left
  sobol     1816/4001   45%   best Q       0.863    13.8 min elapsed, ~17 min left
  sobol     1820/4001   45%   best Q       0.863    13.8 min elapsed, ~17 min left
  sobol     1825/4001   46%   best Q       0.863    13.8 min elapsed, ~16 min left
  sobol     1831/4001   46%   best Q       0.863    13.9 min elapsed, ~16 min left
  sobol     1837/4001   46%   best Q       0.863    13.9 min elapsed, ~16 min left
  sobol     1841/4001   46%   best Q       0.863    13.9 min elapsed, ~16 min left
  sobol     1847/4001   46%   best Q       0.863    14.0 min elapsed, ~16 min left
  sobol     1851/4001   46%   best Q       0.863    14.0 min elapsed, ~16 min left
  sobol     1861/4001   47%   best Q       0.863    14.1 min elapsed, ~16 min left
  sobol     1866/4001   47%   best Q       0.863    14.1 min elapsed, ~16 min left
  sobol     1870/4001   47%   best Q       0.863    14.2 min elapsed, ~16 min left
  sobol     1873/4001   47%   best Q       0.863    14.2 min elapsed, ~16 min left
  sobol     1881/4001   47%   best Q       0.863    14.2 min elapsed, ~16 min left
  sobol     1886/4001   47%   best Q       0.863    14.3 min elapsed, ~16 min left
  sobol     1893/4001   47%   best Q       0.863    14.3 min elapsed, ~16 min left
  sobol     1902/4001   48%   best Q       0.863    14.4 min elapsed, ~16 min left
  sobol     1906/4001   48%   best Q       0.863    14.4 min elapsed, ~16 min left
  sobol     1909/4001   48%   best Q       0.863    14.5 min elapsed, ~16 min left
  sobol     1916/4001   48%   best Q       0.863    14.5 min elapsed, ~16 min left
  sobol     1922/4001   48%   best Q       0.863    14.5 min elapsed, ~16 min left
  sobol     1925/4001   48%   best Q       0.863    14.6 min elapsed, ~16 min left
  sobol     1932/4001   48%   best Q       0.863    14.6 min elapsed, ~16 min left
  sobol     1937/4001   48%   best Q       0.863    14.7 min elapsed, ~16 min left
  sobol     1942/4001   49%   best Q       0.863    14.7 min elapsed, ~16 min left
  sobol     1948/4001   49%   best Q       0.863    14.7 min elapsed, ~16 min left
  sobol     1953/4001   49%   best Q       0.863    14.8 min elapsed, ~15 min left
  sobol     1963/4001   49%   best Q       0.863    14.8 min elapsed, ~15 min left
  sobol     1967/4001   49%   best Q       0.863    14.9 min elapsed, ~15 min left
  sobol     1973/4001   49%   best Q       0.863    14.9 min elapsed, ~15 min left
  sobol     1977/4001   49%   best Q       0.863    14.9 min elapsed, ~15 min left
  sobol     1982/4001   50%   best Q       0.863    15.0 min elapsed, ~15 min left
  sobol     1986/4001   50%   best Q       0.863    15.0 min elapsed, ~15 min left
  sobol     1992/4001   50%   best Q       0.863    15.0 min elapsed, ~15 min left
  sobol     1996/4001   50%   best Q       0.863    15.1 min elapsed, ~15 min left
  sobol     2001/4001   50%   best Q       0.863    15.1 min elapsed, ~15 min left
  sobol     2004/4001   50%   best Q       0.863    15.2 min elapsed, ~15 min left
  sobol     2010/4001   50%   best Q       0.863    15.2 min elapsed, ~15 min left
  sobol     2016/4001   50%   best Q       0.863    15.2 min elapsed, ~15 min left
  sobol     2021/4001   51%   best Q       0.863    15.3 min elapsed, ~15 min left
  sobol     2024/4001   51%   best Q       0.863    15.3 min elapsed, ~15 min left
  sobol     2032/4001   51%   best Q       0.863    15.4 min elapsed, ~15 min left
  sobol     2038/4001   51%   best Q       0.863    15.4 min elapsed, ~15 min left
  sobol     2042/4001   51%   best Q       0.863    15.4 min elapsed, ~15 min left
  sobol     2050/4001   51%   best Q       0.863    15.5 min elapsed, ~15 min left
  sobol     2055/4001   51%   best Q       0.863    15.5 min elapsed, ~15 min left
  sobol     2060/4001   51%   best Q       0.863    15.6 min elapsed, ~15 min left
  sobol     2066/4001   52%   best Q       0.863    15.6 min elapsed, ~15 min left
  sobol     2071/4001   52%   best Q       0.863    15.6 min elapsed, ~15 min left
  sobol     2080/4001   52%   best Q       0.863    15.7 min elapsed, ~15 min left
  sobol     2084/4001   52%   best Q       0.863    15.7 min elapsed, ~14 min left
  sobol     2090/4001   52%   best Q       0.863    15.8 min elapsed, ~14 min left
  sobol     2096/4001   52%   best Q       0.863    15.8 min elapsed, ~14 min left
  sobol     2101/4001   53%   best Q       0.863    15.9 min elapsed, ~14 min left
  sobol     2107/4001   53%   best Q       0.863    15.9 min elapsed, ~14 min left
  sobol     2113/4001   53%   best Q       0.863    16.0 min elapsed, ~14 min left
  sobol     2121/4001   53%   best Q       0.863    16.0 min elapsed, ~14 min left
  sobol     2127/4001   53%   best Q       0.863    16.1 min elapsed, ~14 min left
  sobol     2132/4001   53%   best Q       0.863    16.1 min elapsed, ~14 min left
  sobol     2136/4001   53%   best Q       0.863    16.1 min elapsed, ~14 min left
  sobol     2142/4001   54%   best Q       0.863    16.2 min elapsed, ~14 min left
  sobol     2150/4001   54%   best Q       0.863    16.2 min elapsed, ~14 min left
  sobol     2154/4001   54%   best Q       0.863    16.3 min elapsed, ~14 min left
  sobol     2158/4001   54%   best Q       0.863    16.3 min elapsed, ~14 min left
  sobol     2162/4001   54%   best Q       0.863    16.3 min elapsed, ~14 min left
  sobol     2168/4001   54%   best Q       0.863    16.4 min elapsed, ~14 min left
  sobol     2175/4001   54%   best Q       0.863    16.4 min elapsed, ~14 min left
  sobol     2179/4001   54%   best Q       0.863    16.4 min elapsed, ~14 min left
  sobol     2184/4001   55%   best Q       0.863    16.5 min elapsed, ~14 min left
  sobol     2192/4001   55%   best Q       0.863    16.5 min elapsed, ~14 min left
  sobol     2196/4001   55%   best Q       0.863    16.6 min elapsed, ~14 min left
  sobol     2201/4001   55%   best Q       0.863    16.6 min elapsed, ~14 min left
  sobol     2206/4001   55%   best Q       0.863    16.6 min elapsed, ~14 min left
  sobol     2212/4001   55%   best Q       0.863    16.7 min elapsed, ~13 min left
  sobol     2215/4001   55%   best Q       0.863    16.7 min elapsed, ~13 min left
  sobol     2220/4001   55%   best Q       0.863    16.7 min elapsed, ~13 min left
  sobol     2224/4001   56%   best Q       0.863    16.8 min elapsed, ~13 min left
  sobol     2230/4001   56%   best Q       0.863    16.8 min elapsed, ~13 min left
  sobol     2238/4001   56%   best Q       0.863    16.9 min elapsed, ~13 min left
  sobol     2241/4001   56%   best Q       0.863    16.9 min elapsed, ~13 min left
  sobol     2245/4001   56%   best Q       0.863    16.9 min elapsed, ~13 min left
  sobol     2250/4001   56%   best Q       0.863    17.0 min elapsed, ~13 min left
  sobol     2257/4001   56%   best Q       0.863    17.0 min elapsed, ~13 min left
  sobol     2261/4001   57%   best Q       0.863    17.1 min elapsed, ~13 min left
  sobol     2270/4001   57%   best Q       0.863    17.1 min elapsed, ~13 min left
  sobol     2279/4001   57%   best Q       0.863    17.2 min elapsed, ~13 min left
  sobol     2283/4001   57%   best Q       0.863    17.2 min elapsed, ~13 min left
  sobol     2287/4001   57%   best Q       0.863    17.3 min elapsed, ~13 min left
  sobol     2291/4001   57%   best Q       0.863    17.3 min elapsed, ~13 min left
  sobol     2298/4001   57%   best Q       0.863    17.3 min elapsed, ~13 min left
  sobol     2304/4001   58%   best Q       0.863    17.4 min elapsed, ~13 min left
  sobol     2307/4001   58%   best Q       0.863    17.4 min elapsed, ~13 min left
  sobol     2316/4001   58%   best Q       0.863    17.5 min elapsed, ~13 min left
  sobol     2320/4001   58%   best Q       0.863    17.5 min elapsed, ~13 min left
  sobol     2325/4001   58%   best Q       0.863    17.5 min elapsed, ~13 min left
  sobol     2328/4001   58%   best Q       0.863    17.6 min elapsed, ~13 min left
  sobol     2334/4001   58%   best Q       0.863    17.6 min elapsed, ~13 min left
  sobol     2342/4001   59%   best Q       0.863    17.6 min elapsed, ~12 min left
  sobol     2345/4001   59%   best Q       0.863    17.7 min elapsed, ~13 min left
  sobol     2351/4001   59%   best Q       0.863    17.7 min elapsed, ~12 min left
  sobol     2358/4001   59%   best Q       0.863    17.8 min elapsed, ~12 min left
  sobol     2364/4001   59%   best Q       0.863    17.8 min elapsed, ~12 min left
  sobol     2368/4001   59%   best Q       0.863    17.9 min elapsed, ~12 min left
  sobol     2374/4001   59%   best Q       0.863    17.9 min elapsed, ~12 min left
  sobol     2379/4001   59%   best Q       0.863    17.9 min elapsed, ~12 min left
  sobol     2383/4001   60%   best Q       0.863    18.0 min elapsed, ~12 min left
  sobol     2388/4001   60%   best Q       0.863    18.0 min elapsed, ~12 min left
  sobol     2392/4001   60%   best Q       0.863    18.1 min elapsed, ~12 min left
  sobol     2400/4001   60%   best Q       0.863    18.1 min elapsed, ~12 min left
  sobol     2405/4001   60%   best Q       0.863    18.1 min elapsed, ~12 min left
  sobol     2408/4001   60%   best Q       0.863    18.2 min elapsed, ~12 min left
  sobol     2414/4001   60%   best Q       0.863    18.2 min elapsed, ~12 min left
  sobol     2420/4001   60%   best Q       0.863    18.2 min elapsed, ~12 min left
  sobol     2424/4001   61%   best Q       0.863    18.3 min elapsed, ~12 min left
  sobol     2430/4001   61%   best Q       0.863    18.3 min elapsed, ~12 min left
  sobol     2433/4001   61%   best Q       0.863    18.4 min elapsed, ~12 min left
  sobol     2438/4001   61%   best Q       0.863    18.4 min elapsed, ~12 min left
  sobol     2443/4001   61%   best Q       0.863    18.4 min elapsed, ~12 min left
  sobol     2447/4001   61%   best Q       0.863    18.5 min elapsed, ~12 min left
  sobol     2452/4001   61%   best Q       0.863    18.5 min elapsed, ~12 min left
  sobol     2458/4001   61%   best Q       0.863    18.5 min elapsed, ~12 min left
  sobol     2463/4001   62%   best Q       0.863    18.6 min elapsed, ~12 min left
  sobol     2467/4001   62%   best Q       0.863    18.6 min elapsed, ~12 min left
  sobol     2475/4001   62%   best Q       0.863    18.7 min elapsed, ~12 min left
  sobol     2482/4001   62%   best Q       0.863    18.7 min elapsed, ~11 min left
  sobol     2486/4001   62%   best Q       0.863    18.8 min elapsed, ~11 min left
  sobol     2490/4001   62%   best Q       0.863    18.8 min elapsed, ~11 min left
  sobol     2498/4001   62%   best Q       0.863    18.8 min elapsed, ~11 min left
  sobol     2505/4001   63%   best Q       0.863    18.9 min elapsed, ~11 min left
  sobol     2508/4001   63%   best Q       0.863    18.9 min elapsed, ~11 min left
  sobol     2512/4001   63%   best Q       0.863    19.0 min elapsed, ~11 min left
  sobol     2518/4001   63%   best Q       0.863    19.0 min elapsed, ~11 min left
  sobol     2524/4001   63%   best Q       0.863    19.0 min elapsed, ~11 min left
  sobol     2528/4001   63%   best Q       0.863    19.1 min elapsed, ~11 min left
  sobol     2535/4001   63%   best Q       0.863    19.1 min elapsed, ~11 min left
  sobol     2543/4001   64%   best Q       0.863    19.2 min elapsed, ~11 min left
  sobol     2547/4001   64%   best Q       0.863    19.2 min elapsed, ~11 min left
  sobol     2554/4001   64%   best Q       0.863    19.3 min elapsed, ~11 min left
  sobol     2559/4001   64%   best Q       0.863    19.3 min elapsed, ~11 min left
  sobol     2562/4001   64%   best Q       0.863    19.3 min elapsed, ~11 min left
  sobol     2569/4001   64%   best Q       0.863    19.4 min elapsed, ~11 min left
  sobol     2575/4001   64%   best Q       0.863    19.4 min elapsed, ~11 min left
  sobol     2581/4001   65%   best Q       0.863    19.5 min elapsed, ~11 min left
  sobol     2583/4001   65%   best Q       0.863    19.5 min elapsed, ~11 min left
  sobol     2590/4001   65%   best Q       0.863    19.5 min elapsed, ~11 min left
  sobol     2597/4001   65%   best Q       0.863    19.6 min elapsed, ~11 min left
  sobol     2602/4001   65%   best Q       0.863    19.6 min elapsed, ~11 min left
  sobol     2606/4001   65%   best Q       0.863    19.7 min elapsed, ~11 min left
  sobol     2614/4001   65%   best Q       0.863    19.7 min elapsed, ~10 min left
  sobol     2618/4001   65%   best Q       0.863    19.8 min elapsed, ~10 min left
  sobol     2624/4001   66%   best Q       0.863    19.8 min elapsed, ~10 min left
  sobol     2631/4001   66%   best Q       0.863    19.8 min elapsed, ~10 min left
  sobol     2636/4001   66%   best Q       0.863    19.9 min elapsed, ~10 min left
  sobol     2640/4001   66%   best Q       0.863    19.9 min elapsed, ~10 min left
  sobol     2645/4001   66%   best Q       0.863    19.9 min elapsed, ~10 min left
  sobol     2650/4001   66%   best Q       0.863    20.0 min elapsed, ~10 min left
  sobol     2656/4001   66%   best Q       0.863    20.0 min elapsed, ~10 min left
  sobol     2660/4001   66%   best Q       0.863    20.1 min elapsed, ~10 min left
  sobol     2664/4001   67%   best Q       0.863    20.1 min elapsed, ~10 min left
  sobol     2671/4001   67%   best Q       0.863    20.1 min elapsed, ~10 min left
  sobol     2676/4001   67%   best Q       0.863    20.2 min elapsed, ~10 min left
  sobol     2680/4001   67%   best Q       0.863    20.2 min elapsed, ~10 min left
  sobol     2686/4001   67%   best Q       0.863    20.3 min elapsed, ~10 min left
  sobol     2693/4001   67%   best Q       0.863    20.3 min elapsed, ~10 min left
  sobol     2698/4001   67%   best Q       0.863    20.3 min elapsed, ~10 min left
  sobol     2703/4001   68%   best Q       0.863    20.4 min elapsed, ~10 min left
  sobol     2708/4001   68%   best Q       0.863    20.4 min elapsed, ~10 min left
  sobol     2715/4001   68%   best Q       0.863    20.5 min elapsed, ~10 min left
  sobol     2718/4001   68%   best Q       0.863    20.5 min elapsed, ~10 min left
  sobol     2725/4001   68%   best Q       0.863    20.5 min elapsed, ~10 min left
  sobol     2731/4001   68%   best Q       0.863    20.6 min elapsed, ~10 min left
  sobol     2736/4001   68%   best Q       0.863    20.6 min elapsed, ~10 min left
  sobol     2743/4001   69%   best Q       0.863    20.7 min elapsed, ~9 min left
  sobol     2748/4001   69%   best Q       0.863    20.7 min elapsed, ~9 min left
  sobol     2753/4001   69%   best Q       0.863    20.7 min elapsed, ~9 min left
  sobol     2758/4001   69%   best Q       0.863    20.8 min elapsed, ~9 min left
  sobol     2763/4001   69%   best Q       0.863    20.8 min elapsed, ~9 min left
  sobol     2771/4001   69%   best Q       0.863    20.9 min elapsed, ~9 min left
  sobol     2776/4001   69%   best Q       0.863    20.9 min elapsed, ~9 min left
  sobol     2782/4001   70%   best Q       0.863    20.9 min elapsed, ~9 min left
  sobol     2788/4001   70%   best Q       0.863    21.0 min elapsed, ~9 min left
  sobol     2792/4001   70%   best Q       0.863    21.0 min elapsed, ~9 min left
  sobol     2795/4001   70%   best Q       0.863    21.1 min elapsed, ~9 min left
  sobol     2801/4001   70%   best Q       0.863    21.1 min elapsed, ~9 min left
  sobol     2808/4001   70%   best Q       0.863    21.1 min elapsed, ~9 min left
  sobol     2814/4001   70%   best Q       0.863    21.2 min elapsed, ~9 min left
  sobol     2817/4001   70%   best Q       0.863    21.2 min elapsed, ~9 min left
  sobol     2825/4001   71%   best Q       0.863    21.3 min elapsed, ~9 min left
  sobol     2831/4001   71%   best Q       0.863    21.3 min elapsed, ~9 min left
  sobol     2835/4001   71%   best Q       0.863    21.3 min elapsed, ~9 min left
  sobol     2839/4001   71%   best Q       0.863    21.4 min elapsed, ~9 min left
  sobol     2845/4001   71%   best Q       0.863    21.4 min elapsed, ~9 min left
  sobol     2852/4001   71%   best Q       0.863    21.5 min elapsed, ~9 min left
  sobol     2857/4001   71%   best Q       0.863    21.5 min elapsed, ~9 min left
  sobol     2862/4001   72%   best Q       0.863    21.5 min elapsed, ~9 min left
  sobol     2866/4001   72%   best Q       0.863    21.6 min elapsed, ~9 min left
  sobol     2873/4001   72%   best Q       0.863    21.6 min elapsed, ~8 min left
  sobol     2876/4001   72%   best Q       0.863    21.7 min elapsed, ~8 min left
  sobol     2879/4001   72%   best Q       0.863    21.7 min elapsed, ~8 min left
  sobol     2885/4001   72%   best Q       0.863    21.7 min elapsed, ~8 min left
  sobol     2893/4001   72%   best Q       0.863    21.8 min elapsed, ~8 min left
  sobol     2895/4001   72%   best Q       0.863    21.8 min elapsed, ~8 min left
  sobol     2899/4001   72%   best Q       0.863    21.8 min elapsed, ~8 min left
  sobol     2908/4001   73%   best Q       0.863    21.9 min elapsed, ~8 min left
  sobol     2914/4001   73%   best Q       0.863    21.9 min elapsed, ~8 min left
  sobol     2918/4001   73%   best Q       0.863    22.0 min elapsed, ~8 min left
  sobol     2925/4001   73%   best Q       0.863    22.0 min elapsed, ~8 min left
  sobol     2932/4001   73%   best Q       0.863    22.0 min elapsed, ~8 min left
  sobol     2934/4001   73%   best Q       0.863    22.1 min elapsed, ~8 min left
  sobol     2938/4001   73%   best Q       0.863    22.1 min elapsed, ~8 min left
  sobol     2945/4001   74%   best Q       0.863    22.2 min elapsed, ~8 min left
  sobol     2954/4001   74%   best Q       0.863    22.2 min elapsed, ~8 min left
  sobol     2958/4001   74%   best Q       0.863    22.3 min elapsed, ~8 min left
  sobol     2965/4001   74%   best Q       0.863    22.3 min elapsed, ~8 min left
  sobol     2970/4001   74%   best Q       0.863    22.3 min elapsed, ~8 min left
  sobol     2975/4001   74%   best Q       0.863    22.4 min elapsed, ~8 min left
  sobol     2978/4001   74%   best Q       0.863    22.4 min elapsed, ~8 min left
  sobol     2986/4001   75%   best Q       0.863    22.4 min elapsed, ~8 min left
  sobol     2991/4001   75%   best Q       0.863    22.5 min elapsed, ~8 min left
  sobol     2995/4001   75%   best Q       0.863    22.5 min elapsed, ~8 min left
  sobol     3000/4001   75%   best Q       0.863    22.6 min elapsed, ~8 min left
  sobol     3004/4001   75%   best Q       0.863    22.6 min elapsed, ~7 min left
  sobol     3012/4001   75%   best Q       0.863    22.6 min elapsed, ~7 min left
  sobol     3014/4001   75%   best Q       0.863    22.7 min elapsed, ~7 min left
  sobol     3019/4001   75%   best Q       0.863    22.7 min elapsed, ~7 min left
  sobol     3026/4001   76%   best Q       0.863    22.7 min elapsed, ~7 min left
  sobol     3028/4001   76%   best Q       0.863    22.8 min elapsed, ~7 min left
  sobol     3035/4001   76%   best Q       0.863    22.8 min elapsed, ~7 min left
  sobol     3041/4001   76%   best Q       0.863    22.9 min elapsed, ~7 min left
  sobol     3046/4001   76%   best Q       0.863    22.9 min elapsed, ~7 min left
  sobol     3050/4001   76%   best Q       0.863    22.9 min elapsed, ~7 min left
  sobol     3055/4001   76%   best Q       0.863    23.0 min elapsed, ~7 min left
  sobol     3062/4001   77%   best Q       0.863    23.0 min elapsed, ~7 min left
  sobol     3066/4001   77%   best Q       0.863    23.1 min elapsed, ~7 min left
  sobol     3073/4001   77%   best Q       0.863    23.1 min elapsed, ~7 min left
  sobol     3076/4001   77%   best Q       0.863    23.1 min elapsed, ~7 min left
  sobol     3080/4001   77%   best Q       0.863    23.2 min elapsed, ~7 min left
  sobol     3088/4001   77%   best Q       0.863    23.2 min elapsed, ~7 min left
  sobol     3094/4001   77%   best Q       0.863    23.3 min elapsed, ~7 min left
  sobol     3099/4001   77%   best Q       0.863    23.3 min elapsed, ~7 min left
  sobol     3107/4001   78%   best Q       0.863    23.4 min elapsed, ~7 min left
  sobol     3114/4001   78%   best Q       0.863    23.4 min elapsed, ~7 min left
  sobol     3117/4001   78%   best Q       0.863    23.4 min elapsed, ~7 min left
  sobol     3121/4001   78%   best Q       0.863    23.5 min elapsed, ~7 min left
  sobol     3128/4001   78%   best Q       0.863    23.5 min elapsed, ~7 min left
  sobol     3136/4001   78%   best Q       0.863    23.6 min elapsed, ~7 min left
  sobol     3144/4001   79%   best Q       0.863    23.6 min elapsed, ~6 min left
  sobol     3148/4001   79%   best Q       0.863    23.7 min elapsed, ~6 min left
  sobol     3154/4001   79%   best Q       0.863    23.7 min elapsed, ~6 min left
  sobol     3158/4001   79%   best Q       0.863    23.7 min elapsed, ~6 min left
  sobol     3164/4001   79%   best Q       0.863    23.8 min elapsed, ~6 min left
  sobol     3169/4001   79%   best Q       0.863    23.8 min elapsed, ~6 min left
  sobol     3176/4001   79%   best Q       0.863    23.9 min elapsed, ~6 min left
  sobol     3180/4001   79%   best Q       0.863    23.9 min elapsed, ~6 min left
  sobol     3186/4001   80%   best Q       0.863    23.9 min elapsed, ~6 min left
  sobol     3192/4001   80%   best Q       0.863    24.0 min elapsed, ~6 min left
  sobol     3198/4001   80%   best Q       0.863    24.0 min elapsed, ~6 min left
  sobol     3202/4001   80%   best Q       0.863    24.1 min elapsed, ~6 min left
  sobol     3207/4001   80%   best Q       0.863    24.1 min elapsed, ~6 min left
  sobol     3215/4001   80%   best Q       0.863    24.2 min elapsed, ~6 min left
  sobol     3220/4001   80%   best Q       0.863    24.2 min elapsed, ~6 min left
  sobol     3225/4001   81%   best Q       0.863    24.2 min elapsed, ~6 min left
  sobol     3229/4001   81%   best Q       0.863    24.3 min elapsed, ~6 min left
  sobol     3235/4001   81%   best Q       0.863    24.3 min elapsed, ~6 min left
  sobol     3241/4001   81%   best Q       0.863    24.4 min elapsed, ~6 min left
  sobol     3246/4001   81%   best Q       0.863    24.4 min elapsed, ~6 min left
  sobol     3254/4001   81%   best Q       0.863    24.5 min elapsed, ~6 min left
  sobol     3259/4001   81%   best Q       0.863    24.5 min elapsed, ~6 min left
  sobol     3265/4001   82%   best Q       0.863    24.5 min elapsed, ~6 min left
  sobol     3271/4001   82%   best Q       0.863    24.6 min elapsed, ~5 min left
  sobol     3275/4001   82%   best Q       0.863    24.6 min elapsed, ~5 min left
  sobol     3278/4001   82%   best Q       0.863    24.6 min elapsed, ~5 min left
  sobol     3284/4001   82%   best Q       0.863    24.7 min elapsed, ~5 min left
  sobol     3288/4001   82%   best Q       0.863    24.7 min elapsed, ~5 min left
  sobol     3294/4001   82%   best Q       0.863    24.7 min elapsed, ~5 min left
  sobol     3298/4001   82%   best Q       0.863    24.8 min elapsed, ~5 min left
  sobol     3305/4001   83%   best Q       0.863    24.8 min elapsed, ~5 min left
  sobol     3309/4001   83%   best Q       0.863    24.9 min elapsed, ~5 min left
  sobol     3315/4001   83%   best Q       0.863    24.9 min elapsed, ~5 min left
  sobol     3321/4001   83%   best Q       0.863    24.9 min elapsed, ~5 min left
  sobol     3324/4001   83%   best Q       0.863    25.0 min elapsed, ~5 min left
  sobol     3331/4001   83%   best Q       0.863    25.0 min elapsed, ~5 min left
  sobol     3334/4001   83%   best Q       0.863    25.1 min elapsed, ~5 min left
  sobol     3341/4001   84%   best Q       0.863    25.1 min elapsed, ~5 min left
  sobol     3344/4001   84%   best Q       0.863    25.1 min elapsed, ~5 min left
  sobol     3352/4001   84%   best Q       0.863    25.2 min elapsed, ~5 min left
  sobol     3353/4001   84%   best Q       0.863    25.2 min elapsed, ~5 min left
  sobol     3361/4001   84%   best Q       0.863    25.2 min elapsed, ~5 min left
  sobol     3367/4001   84%   best Q       0.863    25.3 min elapsed, ~5 min left
  sobol     3373/4001   84%   best Q       0.863    25.3 min elapsed, ~5 min left
  sobol     3377/4001   84%   best Q       0.863    25.4 min elapsed, ~5 min left
  sobol     3384/4001   85%   best Q       0.863    25.4 min elapsed, ~5 min left
  sobol     3390/4001   85%   best Q       0.863    25.5 min elapsed, ~5 min left
  sobol     3396/4001   85%   best Q       0.863    25.5 min elapsed, ~5 min left
  sobol     3402/4001   85%   best Q       0.863    25.5 min elapsed, ~4 min left
  sobol     3408/4001   85%   best Q       0.863    25.6 min elapsed, ~4 min left
  sobol     3413/4001   85%   best Q       0.863    25.6 min elapsed, ~4 min left
  sobol     3417/4001   85%   best Q       0.863    25.7 min elapsed, ~4 min left
  sobol     3424/4001   86%   best Q       0.863    25.7 min elapsed, ~4 min left
  sobol     3429/4001   86%   best Q       0.863    25.8 min elapsed, ~4 min left
  sobol     3434/4001   86%   best Q       0.863    25.8 min elapsed, ~4 min left
  sobol     3439/4001   86%   best Q       0.863    25.8 min elapsed, ~4 min left
  sobol     3443/4001   86%   best Q       0.863    25.9 min elapsed, ~4 min left
  sobol     3449/4001   86%   best Q       0.863    25.9 min elapsed, ~4 min left
  sobol     3454/4001   86%   best Q       0.863    25.9 min elapsed, ~4 min left
  sobol     3458/4001   86%   best Q       0.863    26.0 min elapsed, ~4 min left
  sobol     3462/4001   87%   best Q       0.863    26.0 min elapsed, ~4 min left
  sobol     3470/4001   87%   best Q       0.863    26.1 min elapsed, ~4 min left
  sobol     3473/4001   87%   best Q       0.863    26.1 min elapsed, ~4 min left
  sobol     3479/4001   87%   best Q       0.863    26.1 min elapsed, ~4 min left
  sobol     3484/4001   87%   best Q       0.863    26.2 min elapsed, ~4 min left
  sobol     3492/4001   87%   best Q       0.863    26.2 min elapsed, ~4 min left
  sobol     3495/4001   87%   best Q       0.863    26.2 min elapsed, ~4 min left
  sobol     3500/4001   87%   best Q       0.863    26.3 min elapsed, ~4 min left
  sobol     3505/4001   88%   best Q       0.863    26.3 min elapsed, ~4 min left
  sobol     3509/4001   88%   best Q       0.863    26.4 min elapsed, ~4 min left
  sobol     3517/4001   88%   best Q       0.863    26.4 min elapsed, ~4 min left
  sobol     3519/4001   88%   best Q       0.863    26.4 min elapsed, ~4 min left
  sobol     3529/4001   88%   best Q       0.863    26.5 min elapsed, ~4 min left
  sobol     3534/4001   88%   best Q       0.863    26.5 min elapsed, ~4 min left
  sobol     3540/4001   88%   best Q       0.863    26.6 min elapsed, ~3 min left
  sobol     3543/4001   89%   best Q       0.863    26.6 min elapsed, ~3 min left
  sobol     3551/4001   89%   best Q       0.863    26.7 min elapsed, ~3 min left
  sobol     3556/4001   89%   best Q       0.863    26.7 min elapsed, ~3 min left
  sobol     3562/4001   89%   best Q       0.863    26.7 min elapsed, ~3 min left
  sobol     3566/4001   89%   best Q       0.863    26.8 min elapsed, ~3 min left
  sobol     3571/4001   89%   best Q       0.863    26.8 min elapsed, ~3 min left
  sobol     3574/4001   89%   best Q       0.863    26.8 min elapsed, ~3 min left
  sobol     3582/4001   90%   best Q       0.863    26.9 min elapsed, ~3 min left
  sobol     3586/4001   90%   best Q       0.863    26.9 min elapsed, ~3 min left
  sobol     3592/4001   90%   best Q       0.863    27.0 min elapsed, ~3 min left
  sobol     3594/4001   90%   best Q       0.863    27.0 min elapsed, ~3 min left
  sobol     3600/4001   90%   best Q       0.863    27.0 min elapsed, ~3 min left
  sobol     3606/4001   90%   best Q       0.863    27.1 min elapsed, ~3 min left
  sobol     3613/4001   90%   best Q       0.863    27.1 min elapsed, ~3 min left
  sobol     3615/4001   90%   best Q       0.863    27.1 min elapsed, ~3 min left
  sobol     3622/4001   91%   best Q       0.863    27.2 min elapsed, ~3 min left
  sobol     3630/4001   91%   best Q       0.863    27.2 min elapsed, ~3 min left
  sobol     3633/4001   91%   best Q       0.863    27.3 min elapsed, ~3 min left
  sobol     3637/4001   91%   best Q       0.863    27.3 min elapsed, ~3 min left
  sobol     3644/4001   91%   best Q       0.863    27.4 min elapsed, ~3 min left
  sobol     3652/4001   91%   best Q       0.863    27.4 min elapsed, ~3 min left
  sobol     3654/4001   91%   best Q       0.863    27.4 min elapsed, ~3 min left
  sobol     3657/4001   91%   best Q       0.863    27.5 min elapsed, ~3 min left
  sobol     3663/4001   92%   best Q       0.863    27.5 min elapsed, ~3 min left
  sobol     3669/4001   92%   best Q       0.863    27.5 min elapsed, ~2 min left
  sobol     3673/4001   92%   best Q       0.863    27.6 min elapsed, ~2 min left
  sobol     3678/4001   92%   best Q       0.863    27.6 min elapsed, ~2 min left
  sobol     3683/4001   92%   best Q       0.863    27.7 min elapsed, ~2 min left
  sobol     3689/4001   92%   best Q       0.863    27.7 min elapsed, ~2 min left
  sobol     3696/4001   92%   best Q       0.863    27.7 min elapsed, ~2 min left
  sobol     3701/4001   93%   best Q       0.863    27.8 min elapsed, ~2 min left
  sobol     3705/4001   93%   best Q       0.863    27.8 min elapsed, ~2 min left
  sobol     3712/4001   93%   best Q       0.863    27.9 min elapsed, ~2 min left
  sobol     3717/4001   93%   best Q       0.863    27.9 min elapsed, ~2 min left
  sobol     3720/4001   93%   best Q       0.863    27.9 min elapsed, ~2 min left
  sobol     3725/4001   93%   best Q       0.863    28.0 min elapsed, ~2 min left
  sobol     3734/4001   93%   best Q       0.863    28.0 min elapsed, ~2 min left
  sobol     3738/4001   93%   best Q       0.863    28.1 min elapsed, ~2 min left
  sobol     3742/4001   94%   best Q       0.863    28.1 min elapsed, ~2 min left
  sobol     3749/4001   94%   best Q       0.863    28.1 min elapsed, ~2 min left
  sobol     3754/4001   94%   best Q       0.863    28.2 min elapsed, ~2 min left
  sobol     3758/4001   94%   best Q       0.863    28.2 min elapsed, ~2 min left
  sobol     3763/4001   94%   best Q       0.863    28.2 min elapsed, ~2 min left
  sobol     3767/4001   94%   best Q       0.863    28.3 min elapsed, ~2 min left
  sobol     3774/4001   94%   best Q       0.863    28.3 min elapsed, ~2 min left
  sobol     3778/4001   94%   best Q       0.863    28.4 min elapsed, ~2 min left
  sobol     3783/4001   95%   best Q       0.863    28.4 min elapsed, ~2 min left
  sobol     3790/4001   95%   best Q       0.863    28.5 min elapsed, ~2 min left
  sobol     3796/4001   95%   best Q       0.863    28.5 min elapsed, ~2 min left
  sobol     3802/4001   95%   best Q       0.863    28.5 min elapsed, ~1 min left
  sobol     3808/4001   95%   best Q       0.863    28.6 min elapsed, ~1 min left
  sobol     3812/4001   95%   best Q       0.863    28.6 min elapsed, ~1 min left
  sobol     3818/4001   95%   best Q       0.863    28.7 min elapsed, ~1 min left
  sobol     3824/4001   96%   best Q       0.863    28.7 min elapsed, ~1 min left
  sobol     3830/4001   96%   best Q       0.863    28.7 min elapsed, ~1 min left
  sobol     3835/4001   96%   best Q       0.863    28.8 min elapsed, ~1 min left
  sobol     3840/4001   96%   best Q       0.863    28.8 min elapsed, ~1 min left
  sobol     3846/4001   96%   best Q       0.863    28.9 min elapsed, ~1 min left
  sobol     3850/4001   96%   best Q       0.863    28.9 min elapsed, ~1 min left
  sobol     3856/4001   96%   best Q       0.863    28.9 min elapsed, ~1 min left
  sobol     3861/4001   97%   best Q       0.863    29.0 min elapsed, ~1 min left
  sobol     3865/4001   97%   best Q       0.863    29.0 min elapsed, ~1 min left
  sobol     3872/4001   97%   best Q       0.863    29.0 min elapsed, ~1 min left
  sobol     3877/4001   97%   best Q       0.863    29.1 min elapsed, ~1 min left
  sobol     3881/4001   97%   best Q       0.863    29.1 min elapsed, ~1 min left
  sobol     3886/4001   97%   best Q       0.863    29.2 min elapsed, ~1 min left
  sobol     3893/4001   97%   best Q       0.863    29.2 min elapsed, ~1 min left
  sobol     3897/4001   97%   best Q       0.863    29.2 min elapsed, ~1 min left
  sobol     3903/4001   98%   best Q       0.863    29.3 min elapsed, ~1 min left
  sobol     3908/4001   98%   best Q       0.863    29.3 min elapsed, ~1 min left
  sobol     3916/4001   98%   best Q       0.863    29.4 min elapsed, ~1 min left
  sobol     3921/4001   98%   best Q       0.863    29.4 min elapsed, ~1 min left
  sobol     3925/4001   98%   best Q       0.863    29.4 min elapsed, ~1 min left
  sobol     3931/4001   98%   best Q       0.863    29.5 min elapsed, ~1 min left
  sobol     3939/4001   98%   best Q       0.863    29.5 min elapsed, ~0 min left
  sobol     3944/4001   99%   best Q       0.863    29.6 min elapsed, ~0 min left
  sobol     3948/4001   99%   best Q       0.863    29.6 min elapsed, ~0 min left
  sobol     3954/4001   99%   best Q       0.863    29.7 min elapsed, ~0 min left
  sobol     3958/4001   99%   best Q       0.863    29.7 min elapsed, ~0 min left
  sobol     3964/4001   99%   best Q       0.863    29.7 min elapsed, ~0 min left
  sobol     3967/4001   99%   best Q       0.863    29.8 min elapsed, ~0 min left
  sobol     3974/4001   99%   best Q       0.863    29.8 min elapsed, ~0 min left
  sobol     3977/4001   99%   best Q       0.863    29.9 min elapsed, ~0 min left
  sobol     3986/4001  100%   best Q       0.863    29.9 min elapsed, ~0 min left
  sobol     3990/4001  100%   best Q       0.863    29.9 min elapsed, ~0 min left
  sobol     3994/4001  100%   best Q       0.863    30.0 min elapsed, ~0 min left
  sobol     3999/4001  100%   best Q       0.863    30.0 min elapsed, ~0 min left
  sobol     4001/4001  100%   best Q       0.863    30.0 min elapsed, ~0 min left
  sobol    complete: 4001 evaluations, best Q 0.863, 30.0 min
  restart   1/8    eval     1   this Q       0.863   best Q       0.863    30.2 min
  restart   1/8    eval     2   this Q       0.863   best Q       0.863    30.4 min
  restart   1/8    eval     3   this Q      0.7074   best Q      0.7074    30.5 min
  restart   1/8    eval     4   this Q       9.145   best Q      0.7074    30.7 min
  restart   1/8    eval     5   this Q      0.7026   best Q      0.7026    30.8 min
  restart   1/8    eval     6   this Q       2.265   best Q      0.7026    31.0 min
  restart   1/8    eval     7   this Q       1.128   best Q      0.7026    31.1 min
  restart   1/8    eval     8   this Q      0.5285   best Q      0.5285    31.3 min
  restart   1/8    eval     9   this Q       1.376   best Q      0.5285    31.4 min
  restart   1/8    eval    10   this Q      0.5409   best Q      0.5285    31.6 min
  restart   1/8    eval    11   this Q       1.558   best Q      0.5285    31.7 min
  restart   1/8    eval    12   this Q       2.801   best Q      0.5285    31.8 min
  restart   1/8    eval    13   this Q       1.188   best Q      0.5285    32.0 min
  restart   1/8    eval    14   this Q       3.569   best Q      0.5285    32.2 min
  restart   1/8    eval    15   this Q      0.8713   best Q      0.5285    32.3 min
  restart   1/8    eval    16   this Q      0.9057   best Q      0.5285    32.4 min
  restart   1/8    eval    17   this Q      0.6422   best Q      0.5285    32.6 min
  restart   1/8    eval    18   this Q       1.156   best Q      0.5285    32.7 min
  restart   1/8    eval    19   this Q      0.6098   best Q      0.5285    32.9 min
  restart   1/8    eval    20   this Q       2.247   best Q      0.5285    33.1 min
  restart   1/8    eval    21   this Q      0.5072   best Q      0.5072    33.2 min
  restart   1/8    eval    22   this Q       1.252   best Q      0.5072    33.4 min
  restart   1/8    eval    23   this Q      0.6056   best Q      0.5072    33.5 min
  restart   1/8    eval    24   this Q      0.9367   best Q      0.5072    33.7 min
  restart   1/8    eval    25   this Q      0.5722   best Q      0.5072    33.8 min
  restart   1/8    eval    26   this Q      0.3703   best Q      0.3703    33.9 min
  restart   1/8    eval    27   this Q      0.5463   best Q      0.3703    34.1 min
  restart   1/8    eval    28   this Q      0.5162   best Q      0.3703    34.2 min
  restart   1/8    eval    29   this Q      0.6761   best Q      0.3703    34.4 min
  restart   1/8    eval    30   this Q      0.4791   best Q      0.3703    34.5 min
  restart   1/8    eval    31   this Q       1.172   best Q      0.3703    34.7 min
  restart   1/8    eval    32   this Q      0.4573   best Q      0.3703    34.8 min
  restart   1/8    eval    33   this Q      0.5393   best Q      0.3703    35.0 min
  restart   1/8    eval    34   this Q      0.4207   best Q      0.3703    35.1 min
  restart   1/8    eval    35   this Q      0.7297   best Q      0.3703    35.3 min
  restart   1/8    eval    36   this Q      0.4236   best Q      0.3703    35.4 min
  restart   1/8    eval    37   this Q      0.5877   best Q      0.3703    35.5 min
  restart   1/8    eval    38   this Q      0.4269   best Q      0.3703    35.7 min
  restart   1/8    eval    39   this Q      0.4772   best Q      0.3703    35.8 min
  restart   1/8    eval    40   this Q      0.5904   best Q      0.3703    36.0 min
  restart   1/8    eval    41   this Q      0.4199   best Q      0.3703    36.1 min
  restart   1/8    eval    42   this Q      0.4195   best Q      0.3703    36.3 min
  restart   1/8    eval    43   this Q      0.4127   best Q      0.3703    36.4 min
  restart   1/8    eval    44   this Q      0.4536   best Q      0.3703    36.6 min
  restart   1/8    eval    45   this Q      0.5694   best Q      0.3703    36.7 min
  restart   1/8    eval    46   this Q      0.3906   best Q      0.3703    36.9 min
  restart   1/8    eval    47   this Q      0.4626   best Q      0.3703    37.0 min
  restart   1/8    eval    48   this Q      0.3965   best Q      0.3703    37.2 min
  restart   1/8    eval    49   this Q      0.4606   best Q      0.3703    37.3 min
  restart   1/8    eval    50   this Q      0.3921   best Q      0.3703    37.5 min
  restart   1/8    eval    51   this Q      0.3382   best Q      0.3382    37.6 min
  restart   1/8    eval    52   this Q      0.3308   best Q      0.3308    37.8 min
  restart   1/8    eval    53   this Q      0.3457   best Q      0.3308    37.9 min
  restart   1/8    eval    54   this Q      0.4503   best Q      0.3308    38.0 min
  restart   1/8    eval    55   this Q      0.3677   best Q      0.3308    38.2 min
  restart   1/8    eval    56   this Q       0.318   best Q       0.318    38.3 min
  restart   1/8    eval    57   this Q      0.3257   best Q       0.318    38.5 min
  restart   1/8    eval    58   this Q      0.3569   best Q       0.318    38.6 min
  restart   1/8    eval    59   this Q      0.3952   best Q       0.318    38.8 min
  restart   1/8    eval    60   this Q      0.3139   best Q      0.3139    38.9 min
  restart   1/8    eval    61   this Q      0.3354   best Q      0.3139    39.1 min
  restart   1/8    eval    62   this Q       0.374   best Q      0.3139    39.2 min
  restart   1/8    eval    63   this Q      0.3648   best Q      0.3139    39.4 min
  restart   1/8    eval    64   this Q      0.3495   best Q      0.3139    39.5 min
  restart   1/8    eval    65   this Q      0.4331   best Q      0.3139    39.6 min
  restart   1/8    eval    66   this Q      0.3261   best Q      0.3139    39.8 min
  restart   1/8    eval    67   this Q      0.3672   best Q      0.3139    39.9 min
  restart   1/8    eval    68   this Q       0.313   best Q       0.313    40.1 min
  restart   1/8    eval    69   this Q      0.3536   best Q       0.313    40.2 min
  restart   1/8    eval    70   this Q      0.3542   best Q       0.313    40.4 min
  restart   1/8    eval    71   this Q      0.3221   best Q       0.313    40.5 min
  restart   1/8    eval    72   this Q      0.3002   best Q      0.3002    40.6 min
  restart   1/8    eval    73   this Q      0.3383   best Q      0.3002    40.8 min
  restart   1/8    eval    74   this Q        0.41   best Q      0.3002    40.9 min
  restart   1/8    eval    75   this Q      0.3131   best Q      0.3002    41.1 min
  restart   1/8    eval    76   this Q      0.3468   best Q      0.3002    41.2 min
  restart   1/8    eval    77   this Q      0.3124   best Q      0.3002    41.4 min
  restart   1/8    eval    78   this Q      0.3267   best Q      0.3002    41.5 min
  restart   1/8    eval    79   this Q      0.2787   best Q      0.2787    41.7 min
  restart   1/8    eval    80   this Q      0.2708   best Q      0.2708    41.8 min
  restart   1/8    eval    81   this Q      0.3438   best Q      0.2708    42.0 min
  restart   1/8    eval    82   this Q      0.3009   best Q      0.2708    42.1 min
  restart   1/8    eval    83   this Q      0.2753   best Q      0.2708    42.2 min
  restart   1/8    eval    84   this Q      0.2977   best Q      0.2708    42.4 min
  restart   1/8    eval    85   this Q      0.2748   best Q      0.2708    42.5 min
  restart   1/8    eval    86   this Q      0.2729   best Q      0.2708    42.7 min
  restart   1/8    eval    87   this Q      0.2677   best Q      0.2677    42.8 min
  restart   1/8    eval    88   this Q      0.2918   best Q      0.2677    43.0 min
  restart   1/8    eval    89   this Q      0.2954   best Q      0.2677    43.1 min
  restart   1/8    eval    90   this Q      0.2649   best Q      0.2649    43.3 min
  restart   1/8    eval    91   this Q      0.3116   best Q      0.2649    43.4 min
  restart   1/8    eval    92   this Q      0.2766   best Q      0.2649    43.5 min
  restart   1/8    eval    93   this Q      0.2644   best Q      0.2644    43.7 min
  restart   1/8    eval    94   this Q      0.3035   best Q      0.2644    43.8 min
  restart   1/8    eval    95   this Q      0.2588   best Q      0.2588    44.0 min
  restart   1/8    eval    96   this Q      0.2989   best Q      0.2588    44.1 min
  restart   1/8    eval    97   this Q      0.2798   best Q      0.2588    44.3 min
  restart   1/8    eval    98   this Q      0.2598   best Q      0.2588    44.4 min
  restart   1/8    eval    99   this Q      0.2794   best Q      0.2588    44.5 min
  restart   1/8    eval   100   this Q      0.2606   best Q      0.2588    44.7 min
  restart   1/8    eval   101   this Q      0.2447   best Q      0.2447    44.8 min
  restart   1/8    eval   102   this Q      0.2529   best Q      0.2447    45.0 min
  restart   1/8    eval   103   this Q      0.2527   best Q      0.2447    45.1 min
  restart   1/8    eval   104   this Q      0.2823   best Q      0.2447    45.3 min
  restart   1/8    eval   105   this Q      0.2546   best Q      0.2447    45.4 min
  restart   1/8    eval   106   this Q      0.2541   best Q      0.2447    45.5 min
  restart   1/8    eval   107   this Q      0.2602   best Q      0.2447    45.7 min
  restart   1/8    eval   108   this Q      0.2362   best Q      0.2362    45.8 min
  restart   1/8    eval   109   this Q      0.2359   best Q      0.2359    46.0 min
  restart   1/8    eval   110   this Q      0.2723   best Q      0.2359    46.1 min
  restart   1/8    eval   111   this Q      0.2476   best Q      0.2359    46.3 min
  restart   1/8    eval   112   this Q      0.2413   best Q      0.2359    46.4 min
  restart   1/8    eval   113   this Q      0.2591   best Q      0.2359    46.6 min
  restart   1/8    eval   114   this Q      0.2427   best Q      0.2359    46.7 min
  restart   1/8    eval   115   this Q      0.2531   best Q      0.2359    46.8 min
  restart   1/8    eval   116   this Q      0.2427   best Q      0.2359    47.0 min
  restart   1/8    eval   117   this Q       0.242   best Q      0.2359    47.1 min
  restart   1/8    eval   118   this Q      0.2579   best Q      0.2359    47.3 min
  restart   1/8    eval   119   this Q       0.241   best Q      0.2359    47.4 min
  restart   1/8    eval   120   this Q      0.2409   best Q      0.2359    47.5 min
  restart   1/8    eval   121   this Q      0.2331   best Q      0.2331    47.7 min
  restart   1/8    eval   122   this Q      0.2511   best Q      0.2331    47.8 min
  restart   1/8    eval   123   this Q       0.236   best Q      0.2331    48.0 min
  restart   1/8    eval   124   this Q      0.2242   best Q      0.2242    48.1 min
  restart   1/8    eval   125   this Q      0.2244   best Q      0.2242    48.3 min
  restart   1/8    eval   126   this Q      0.2459   best Q      0.2242    48.4 min
  restart   1/8    eval   127   this Q      0.2325   best Q      0.2242    48.5 min
  restart   1/8    eval   128   this Q      0.2382   best Q      0.2242    48.7 min
  restart   1/8    eval   129   this Q      0.2426   best Q      0.2242    48.8 min
  restart   1/8    eval   130   this Q      0.2319   best Q      0.2242    49.0 min
  restart   1/8    eval   131   this Q      0.2237   best Q      0.2237    49.1 min
  restart   1/8    eval   132   this Q      0.2283   best Q      0.2237    49.3 min
  restart   1/8    eval   133   this Q       0.226   best Q      0.2237    49.4 min
  restart   1/8    eval   134   this Q      0.2316   best Q      0.2237    49.5 min
  restart   1/8    eval   135   this Q      0.2381   best Q      0.2237    49.7 min
  restart   1/8    eval   136   this Q      0.2279   best Q      0.2237    49.8 min
  restart   1/8    eval   137   this Q      0.2307   best Q      0.2237    50.0 min
  restart   1/8    eval   138   this Q      0.2326   best Q      0.2237    50.1 min
  restart   1/8    eval   139   this Q      0.2234   best Q      0.2234    50.3 min
  restart   1/8    eval   140   this Q       0.234   best Q      0.2234    50.4 min
  restart   1/8    eval   141   this Q      0.2362   best Q      0.2234    50.5 min
  restart   1/8    eval   142   this Q      0.2249   best Q      0.2234    50.7 min
  restart   1/8    eval   143   this Q      0.2223   best Q      0.2223    50.8 min
  restart   1/8    eval   144   this Q      0.2333   best Q      0.2223    51.0 min
  restart   1/8    eval   145   this Q      0.2208   best Q      0.2208    51.1 min
  restart   1/8    eval   146   this Q      0.2312   best Q      0.2208    51.3 min
  restart   1/8    eval   147   this Q      0.2279   best Q      0.2208    51.4 min
  restart   1/8    eval   148   this Q      0.2362   best Q      0.2208    51.5 min
  restart   1/8    eval   149   this Q      0.2223   best Q      0.2208    51.7 min
  restart   1/8    eval   150   this Q      0.2309   best Q      0.2208    51.8 min
  restart   1/8    eval   151   this Q       0.222   best Q      0.2208    52.0 min
  restart   1/8    eval   152   this Q      0.2155   best Q      0.2155    52.1 min
  restart   1/8    eval   153   this Q      0.2146   best Q      0.2146    52.3 min
  restart   1/8    eval   154   this Q      0.2161   best Q      0.2146    52.4 min
  restart   1/8    eval   155   this Q      0.2176   best Q      0.2146    52.5 min
  restart   1/8    eval   156   this Q      0.2217   best Q      0.2146    52.7 min
  restart   1/8    eval   157   this Q      0.2148   best Q      0.2146    52.8 min
  restart   1/8    eval   158   this Q      0.2214   best Q      0.2146    53.0 min
  restart   1/8    eval   159   this Q      0.2117   best Q      0.2117    53.1 min
  restart   1/8    eval   160   this Q      0.2122   best Q      0.2117    53.3 min
  restart   1/8    eval   161   this Q      0.2112   best Q      0.2112    53.4 min
  restart   1/8    eval   162   this Q      0.2145   best Q      0.2112    53.5 min
  restart   1/8    eval   163   this Q      0.2115   best Q      0.2112    53.7 min
  restart   1/8    eval   164   this Q      0.2102   best Q      0.2102    53.8 min
  restart   1/8    eval   165   this Q      0.2169   best Q      0.2102    54.0 min
  restart   1/8    eval   166   this Q      0.2154   best Q      0.2102    54.1 min
  restart   1/8    eval   167   this Q      0.2079   best Q      0.2079    54.3 min
  restart   1/8    eval   168   this Q      0.2079   best Q      0.2079    54.4 min
  restart   1/8    eval   169   this Q      0.2135   best Q      0.2079    54.5 min
  restart   1/8    eval   170   this Q      0.2138   best Q      0.2079    54.7 min
  restart   1/8    eval   171   this Q       0.214   best Q      0.2079    54.8 min
  restart   1/8    eval   172   this Q      0.2159   best Q      0.2079    55.0 min
  restart   1/8    eval   173   this Q      0.2098   best Q      0.2079    55.1 min
  restart   1/8    eval   174   this Q      0.2072   best Q      0.2072    55.3 min
  restart   1/8    eval   175   this Q      0.2149   best Q      0.2072    55.4 min
  restart   1/8    eval   176   this Q      0.2123   best Q      0.2072    55.6 min
  restart   1/8    eval   177   this Q      0.2144   best Q      0.2072    55.7 min
  restart   1/8    eval   178   this Q      0.2083   best Q      0.2072    55.8 min
  restart   1/8    eval   179   this Q      0.2173   best Q      0.2072    56.0 min
  restart   1/8    eval   180   this Q      0.2079   best Q      0.2072    56.1 min
  restart   1/8    eval   181   this Q      0.2132   best Q      0.2072    56.3 min
  restart   1/8    eval   182   this Q      0.2079   best Q      0.2072    56.4 min
  restart   1/8    eval   183   this Q      0.2072   best Q      0.2072    56.6 min
  restart   1/8    eval   184   this Q      0.2117   best Q      0.2072    56.7 min
  restart   1/8    eval   185   this Q      0.2074   best Q      0.2072    56.9 min
  restart   1/8    eval   186   this Q      0.2104   best Q      0.2072    57.0 min
  restart   1/8    eval   187   this Q      0.2069   best Q      0.2069    57.1 min
  restart   1/8    eval   188   this Q      0.2055   best Q      0.2055    57.3 min
  restart   1/8    eval   189   this Q      0.2147   best Q      0.2055    57.4 min
  restart   1/8    eval   190   this Q      0.2045   best Q      0.2045    57.6 min
  restart   1/8    eval   191   this Q      0.2112   best Q      0.2045    57.7 min
  restart   1/8    eval   192   this Q      0.2058   best Q      0.2045    57.9 min
  restart   1/8    eval   193   this Q      0.2028   best Q      0.2028    58.0 min
  restart   1/8    eval   194   this Q      0.2032   best Q      0.2028    58.2 min
  restart   1/8    eval   195   this Q      0.2054   best Q      0.2028    58.3 min
  restart   1/8    eval   196   this Q      0.2114   best Q      0.2028    58.4 min
  restart   1/8    eval   197   this Q      0.2046   best Q      0.2028    58.6 min
  restart   1/8    eval   198   this Q      0.2053   best Q      0.2028    58.7 min
  restart   1/8    eval   199   this Q      0.2087   best Q      0.2028    58.9 min
  restart   1/8    eval   200   this Q      0.2044   best Q      0.2028    59.0 min
  restart   1/8    eval   201   this Q        0.21   best Q      0.2028    59.2 min
  restart   1/8    eval   202   this Q      0.2042   best Q      0.2028    59.3 min
  restart   1/8    eval   203   this Q      0.2041   best Q      0.2028    59.5 min
  restart   1/8    eval   204   this Q      0.2082   best Q      0.2028    59.6 min
  restart   1/8    eval   205   this Q       0.204   best Q      0.2028    59.7 min
  restart   1/8    eval   206   this Q       0.204   best Q      0.2028    59.9 min
  restart   1/8    eval   207   this Q      0.2045   best Q      0.2028    60.0 min
  restart   1/8    eval   208   this Q      0.2041   best Q      0.2028    60.2 min
  restart   1/8    eval   209   this Q      0.2032   best Q      0.2028    60.3 min
  restart   1/8    eval   210   this Q      0.2028   best Q      0.2028    60.5 min
  restart   1/8    eval   211   this Q      0.2043   best Q      0.2028    60.6 min
  restart   1/8    eval   212   this Q      0.2045   best Q      0.2028    60.8 min
  restart   1/8    eval   213   this Q      0.2032   best Q      0.2028    60.9 min
  restart   1/8    eval   214   this Q       0.203   best Q      0.2028    61.0 min
  restart   1/8    eval   215   this Q       0.203   best Q      0.2028    61.2 min
  restart   1/8    eval   216   this Q       0.204   best Q      0.2028    61.3 min
  restart   1/8    eval   217   this Q      0.2047   best Q      0.2028    61.5 min
  restart   1/8    eval   218   this Q      0.2029   best Q      0.2028    61.6 min
  restart   1/8    eval   219   this Q      0.2042   best Q      0.2028    61.8 min
  restart   1/8    eval   220   this Q      0.2029   best Q      0.2028    61.9 min
  restart   1/8    eval   221   this Q       0.203   best Q      0.2028    62.1 min
  restart   1/8    eval   222   this Q      0.2029   best Q      0.2028    62.2 min
  restart   1/8    eval   223   this Q      0.2028   best Q      0.2028    62.3 min
  restart   1/8    eval   224   this Q      0.2047   best Q      0.2028    62.5 min
  restart   1/8    eval   225   this Q      0.2029   best Q      0.2028    62.6 min
  restart   1/8    eval   226   this Q      0.2043   best Q      0.2028    62.8 min
  restart   1/8    eval   227   this Q      0.2023   best Q      0.2023    62.9 min
  restart   1/8    eval   228   this Q      0.2035   best Q      0.2023    63.1 min
  restart   1/8    eval   229   this Q      0.2025   best Q      0.2023    63.2 min
  restart   1/8    eval   230   this Q      0.2021   best Q      0.2021    63.4 min
  restart   1/8    eval   231   this Q      0.2026   best Q      0.2021    63.5 min
  restart   1/8    eval   232   this Q      0.2025   best Q      0.2021    63.7 min
  restart   1/8    eval   233   this Q      0.2032   best Q      0.2021    63.8 min
  restart   1/8    eval   234   this Q      0.2023   best Q      0.2021    63.9 min
  restart   1/8    eval   235   this Q      0.2028   best Q      0.2021    64.1 min
  restart   1/8    eval   236   this Q      0.2025   best Q      0.2021    64.2 min
  restart   1/8    eval   237   this Q      0.2028   best Q      0.2021    64.4 min
  restart   1/8    eval   238   this Q      0.2023   best Q      0.2021    64.5 min
  restart   1/8    eval   239   this Q      0.2025   best Q      0.2021    64.7 min
  restart   1/8    eval   240   this Q      0.2028   best Q      0.2021    64.8 min
  restart   1/8    eval   241   this Q      0.2022   best Q      0.2021    65.0 min
  restart   1/8    eval   242   this Q      0.2027   best Q      0.2021    65.1 min
  restart   1/8    eval   243   this Q      0.2022   best Q      0.2021    65.2 min
  restart   1/8    eval   244   this Q      0.2029   best Q      0.2021    65.4 min
  restart   1/8    eval   245   this Q      0.2021   best Q      0.2021    65.5 min
  restart   1/8    eval   246   this Q      0.2028   best Q      0.2021    65.7 min
  restart   1/8    eval   247   this Q      0.2021   best Q      0.2021    65.8 min
  restart   1/8    eval   248   this Q      0.2028   best Q      0.2021    66.0 min
  restart   1/8    eval   249   this Q      0.2021   best Q      0.2021    66.1 min
  restart   1/8    eval   250   this Q      0.2024   best Q      0.2021    66.3 min
  restart   1/8    eval   251   this Q      0.2021   best Q      0.2021    66.4 min
  restart   1/8    eval   252   this Q      0.2022   best Q      0.2021    66.6 min
  restart   1/8   DONE   this      0.2021   best Q      0.2021    66.6 min, ~466 min left
  restart   2/8    eval     1   this Q      0.4603   best Q      0.2021    66.7 min
  restart   2/8    eval     2   this Q      0.4603   best Q      0.2021    66.9 min
  restart   2/8    eval     3   this Q      0.9238   best Q      0.2021    67.0 min
  restart   2/8    eval     4   this Q       1.247   best Q      0.2021    67.2 min
  restart   2/8    eval     5   this Q      0.4238   best Q      0.2021    67.4 min
  restart   2/8    eval     6   this Q       2.439   best Q      0.2021    67.5 min
  restart   2/8    eval     7   this Q      0.9437   best Q      0.2021    67.7 min
  restart   2/8    eval     8   this Q      0.3581   best Q      0.2021    67.8 min
  restart   2/8    eval     9   this Q      0.3513   best Q      0.2021    68.0 min
  restart   2/8    eval    10   this Q      0.5388   best Q      0.2021    68.1 min
  restart   2/8    eval    11   this Q      0.6797   best Q      0.2021    68.3 min
  restart   2/8    eval    12   this Q       2.961   best Q      0.2021    68.4 min
  restart   2/8    eval    13   this Q      0.7709   best Q      0.2021    68.6 min
  restart   2/8    eval    14   this Q      0.4896   best Q      0.2021    68.7 min
  restart   2/8    eval    15   this Q       1.139   best Q      0.2021    68.9 min
  restart   2/8    eval    16   this Q      0.4148   best Q      0.2021    69.0 min
  restart   2/8    eval    17   this Q       0.584   best Q      0.2021    69.2 min
  restart   2/8    eval    18   this Q       1.038   best Q      0.2021    69.4 min
  restart   2/8    eval    19   this Q      0.3676   best Q      0.2021    69.5 min
  restart   2/8    eval    20   this Q      0.7466   best Q      0.2021    69.7 min
  restart   2/8    eval    21   this Q      0.3354   best Q      0.2021    69.8 min
  restart   2/8    eval    22   this Q      0.8854   best Q      0.2021    70.0 min
  restart   2/8    eval    23   this Q       0.347   best Q      0.2021    70.1 min
  restart   2/8    eval    24   this Q      0.6413   best Q      0.2021    70.3 min
  restart   2/8    eval    25   this Q      0.2794   best Q      0.2021    70.4 min
  restart   2/8    eval    26   this Q       1.292   best Q      0.2021    70.6 min
  restart   2/8    eval    27   this Q      0.3307   best Q      0.2021    70.8 min
  restart   2/8    eval    28   this Q       0.606   best Q      0.2021    70.9 min
  restart   2/8    eval    29   this Q      0.3339   best Q      0.2021    71.1 min
  restart   2/8    eval    30   this Q      0.5856   best Q      0.2021    71.2 min
  restart   2/8    eval    31   this Q      0.3075   best Q      0.2021    71.4 min
  restart   2/8    eval    32   this Q      0.4038   best Q      0.2021    71.5 min
  restart   2/8    eval    33   this Q       0.299   best Q      0.2021    71.7 min
  restart   2/8    eval    34   this Q      0.4569   best Q      0.2021    71.8 min
  restart   2/8    eval    35   this Q      0.2856   best Q      0.2021    72.0 min
  restart   2/8    eval    36   this Q       0.338   best Q      0.2021    72.1 min
  restart   2/8    eval    37   this Q      0.3913   best Q      0.2021    72.3 min
  restart   2/8    eval    38   this Q      0.2845   best Q      0.2021    72.5 min
  restart   2/8    eval    39   this Q      0.3871   best Q      0.2021    72.6 min
  restart   2/8    eval    40   this Q      0.2854   best Q      0.2021    72.8 min
  restart   2/8    eval    41   this Q      0.3261   best Q      0.2021    72.9 min
  restart   2/8    eval    42   this Q      0.3752   best Q      0.2021    73.1 min
  restart   2/8    eval    43   this Q      0.2793   best Q      0.2021    73.2 min
  restart   2/8    eval    44   this Q      0.2614   best Q      0.2021    73.4 min
  restart   2/8    eval    45   this Q      0.4432   best Q      0.2021    73.5 min
  restart   2/8    eval    46   this Q      0.5001   best Q      0.2021    73.7 min
  restart   2/8    eval    47   this Q      0.2707   best Q      0.2021    73.8 min
  restart   2/8    eval    48   this Q      0.2968   best Q      0.2021    74.0 min
  restart   2/8    eval    49   this Q       0.269   best Q      0.2021    74.1 min
  restart   2/8    eval    50   this Q      0.2679   best Q      0.2021    74.3 min
  restart   2/8    eval    51   this Q       0.376   best Q      0.2021    74.4 min
  restart   2/8    eval    52   this Q      0.2531   best Q      0.2021    74.6 min
  restart   2/8    eval    53   this Q      0.2905   best Q      0.2021    74.7 min
  restart   2/8    eval    54   this Q      0.2593   best Q      0.2021    74.9 min
  restart   2/8    eval    55   this Q      0.2269   best Q      0.2021    75.0 min
  restart   2/8    eval    56   this Q       0.232   best Q      0.2021    75.2 min
  restart   2/8    eval    57   this Q      0.2117   best Q      0.2021    75.3 min
  restart   2/8    eval    58   this Q      0.2039   best Q      0.2021    75.5 min
  restart   2/8    eval    59   this Q      0.2721   best Q      0.2021    75.6 min
  restart   2/8    eval    60   this Q      0.2557   best Q      0.2021    75.8 min
  restart   2/8    eval    61   this Q      0.2766   best Q      0.2021    75.9 min
  restart   2/8    eval    62   this Q      0.2426   best Q      0.2021    76.1 min
  restart   2/8    eval    63   this Q      0.2948   best Q      0.2021    76.2 min
  restart   2/8    eval    64   this Q      0.2397   best Q      0.2021    76.4 min
  restart   2/8    eval    65   this Q      0.2153   best Q      0.2021    76.5 min
  restart   2/8    eval    66   this Q      0.2119   best Q      0.2021    76.7 min
  restart   2/8    eval    67   this Q       0.231   best Q      0.2021    76.8 min
  restart   2/8    eval    68   this Q      0.1833   best Q      0.1833    77.0 min
  restart   2/8    eval    69   this Q      0.1856   best Q      0.1833    77.1 min
  restart   2/8    eval    70   this Q      0.2736   best Q      0.1833    77.3 min
  restart   2/8    eval    71   this Q      0.2176   best Q      0.1833    77.4 min
  restart   2/8    eval    72   this Q      0.2136   best Q      0.1833    77.5 min
  restart   2/8    eval    73   this Q       0.181   best Q       0.181    77.7 min
  restart   2/8    eval    74   this Q      0.1815   best Q       0.181    77.8 min
  restart   2/8    eval    75   this Q      0.1804   best Q      0.1804    78.0 min
  restart   2/8    eval    76   this Q      0.2078   best Q      0.1804    78.1 min
  restart   2/8    eval    77   this Q      0.2186   best Q      0.1804    78.3 min
  restart   2/8    eval    78   this Q      0.1926   best Q      0.1804    78.4 min
  restart   2/8    eval    79   this Q      0.2259   best Q      0.1804    78.6 min
  restart   2/8    eval    80   this Q      0.1915   best Q      0.1804    78.7 min
  restart   2/8    eval    81   this Q      0.1742   best Q      0.1742    78.9 min
  restart   2/8    eval    82   this Q      0.1928   best Q      0.1742    79.0 min
  restart   2/8    eval    83   this Q      0.2102   best Q      0.1742    79.2 min
  restart   2/8    eval    84   this Q       0.219   best Q      0.1742    79.3 min
  restart   2/8    eval    85   this Q      0.1884   best Q      0.1742    79.4 min
  restart   2/8    eval    86   this Q      0.2128   best Q      0.1742    79.6 min
  restart   2/8    eval    87   this Q      0.1882   best Q      0.1742    79.7 min
  restart   2/8    eval    88   this Q      0.2077   best Q      0.1742    79.9 min
  restart   2/8    eval    89   this Q      0.1876   best Q      0.1742    80.0 min
  restart   2/8    eval    90   this Q      0.1745   best Q      0.1742    80.2 min
  restart   2/8    eval    91   this Q      0.2057   best Q      0.1742    80.3 min
  restart   2/8    eval    92   this Q      0.1761   best Q      0.1742    80.5 min
  restart   2/8    eval    93   this Q      0.1857   best Q      0.1742    80.6 min
  restart   2/8    eval    94   this Q      0.1774   best Q      0.1742    80.8 min
  restart   2/8    eval    95   this Q      0.1684   best Q      0.1684    80.9 min
  restart   2/8    eval    96   this Q      0.1715   best Q      0.1684    81.1 min
  restart   2/8    eval    97   this Q       0.169   best Q      0.1684    81.2 min
  restart   2/8    eval    98   this Q      0.1713   best Q      0.1684    81.4 min
  restart   2/8    eval    99   this Q      0.1733   best Q      0.1684    81.5 min
  restart   2/8    eval   100   this Q      0.1742   best Q      0.1684    81.6 min
  restart   2/8    eval   101   this Q       0.156   best Q       0.156    81.8 min
  restart   2/8    eval   102   this Q      0.1486   best Q      0.1486    81.9 min
  restart   2/8    eval   103   this Q      0.1712   best Q      0.1486    82.1 min
  restart   2/8    eval   104   this Q      0.1713   best Q      0.1486    82.2 min
  restart   2/8    eval   105   this Q      0.1832   best Q      0.1486    82.4 min
  restart   2/8    eval   106   this Q      0.1652   best Q      0.1486    82.5 min
  restart   2/8    eval   107   this Q      0.1581   best Q      0.1486    82.7 min
  restart   2/8    eval   108   this Q      0.1694   best Q      0.1486    82.8 min
  restart   2/8    eval   109   this Q      0.1658   best Q      0.1486    82.9 min
  restart   2/8    eval   110   this Q      0.1683   best Q      0.1486    83.1 min
  restart   2/8    eval   111   this Q       0.168   best Q      0.1486    83.2 min
  restart   2/8    eval   112   this Q      0.1669   best Q      0.1486    83.4 min
  restart   2/8    eval   113   this Q      0.1611   best Q      0.1486    83.5 min
  restart   2/8    eval   114   this Q      0.1582   best Q      0.1486    83.7 min
  restart   2/8    eval   115   this Q        0.15   best Q      0.1486    83.8 min
  restart   2/8    eval   116   this Q      0.1676   best Q      0.1486    84.0 min
  restart   2/8    eval   117   this Q       0.151   best Q      0.1486    84.1 min
  restart   2/8    eval   118   this Q      0.1725   best Q      0.1486    84.3 min
  restart   2/8    eval   119   this Q      0.1561   best Q      0.1486    84.4 min
  restart   2/8    eval   120   this Q      0.1764   best Q      0.1486    84.5 min
  restart   2/8    eval   121   this Q       0.157   best Q      0.1486    84.7 min
  restart   2/8    eval   122   this Q      0.1516   best Q      0.1486    84.8 min
  restart   2/8    eval   123   this Q      0.1405   best Q      0.1405    85.0 min
  restart   2/8    eval   124   this Q      0.1493   best Q      0.1405    85.1 min
  restart   2/8    eval   125   this Q      0.1563   best Q      0.1405    85.3 min
  restart   2/8    eval   126   this Q      0.1499   best Q      0.1405    85.4 min
  restart   2/8    eval   127   this Q      0.1423   best Q      0.1405    85.6 min
  restart   2/8    eval   128   this Q      0.1385   best Q      0.1385    85.7 min
  restart   2/8    eval   129   this Q      0.1508   best Q      0.1385    85.9 min
  restart   2/8    eval   130   this Q       0.156   best Q      0.1385    86.0 min
  restart   2/8    eval   131   this Q      0.1392   best Q      0.1385    86.2 min
  restart   2/8    eval   132   this Q      0.1481   best Q      0.1385    86.3 min
  restart   2/8    eval   133   this Q      0.1436   best Q      0.1385    86.4 min
  restart   2/8    eval   134   this Q      0.1417   best Q      0.1385    86.6 min
  restart   2/8    eval   135   this Q      0.1359   best Q      0.1359    86.7 min
  restart   2/8    eval   136   this Q      0.1412   best Q      0.1359    86.9 min
  restart   2/8    eval   137   this Q      0.1325   best Q      0.1325    87.0 min
  restart   2/8    eval   138   this Q      0.1367   best Q      0.1325    87.2 min
  restart   2/8    eval   139   this Q      0.1307   best Q      0.1307    87.3 min
  restart   2/8    eval   140   this Q      0.1481   best Q      0.1307    87.5 min
  restart   2/8    eval   141   this Q      0.1479   best Q      0.1307    87.6 min
  restart   2/8    eval   142   this Q       0.136   best Q      0.1307    87.8 min
  restart   2/8    eval   143   this Q      0.1347   best Q      0.1307    87.9 min
  restart   2/8    eval   144   this Q      0.1534   best Q      0.1307    88.1 min
  restart   2/8    eval   145   this Q       0.135   best Q      0.1307    88.2 min
  restart   2/8    eval   146   this Q      0.1334   best Q      0.1307    88.3 min
  restart   2/8    eval   147   this Q       0.124   best Q       0.124    88.5 min
  restart   2/8    eval   148   this Q      0.1193   best Q      0.1193    88.6 min
  restart   2/8    eval   149   this Q      0.1272   best Q      0.1193    88.8 min
  restart   2/8    eval   150   this Q      0.1227   best Q      0.1193    88.9 min
  restart   2/8    eval   151   this Q       0.128   best Q      0.1193    89.1 min
  restart   2/8    eval   152   this Q      0.1224   best Q      0.1193    89.2 min
  restart   2/8    eval   153   this Q      0.1166   best Q      0.1166    89.4 min
  restart   2/8    eval   154   this Q      0.1176   best Q      0.1166    89.5 min
  restart   2/8    eval   155   this Q      0.1287   best Q      0.1166    89.7 min
  restart   2/8    eval   156   this Q      0.1207   best Q      0.1166    89.8 min
  restart   2/8    eval   157   this Q      0.1116   best Q      0.1116    90.0 min
  restart   2/8    eval   158   this Q      0.1083   best Q      0.1083    90.1 min
  restart   2/8    eval   159   this Q       0.118   best Q      0.1083    90.3 min
  restart   2/8    eval   160   this Q      0.1264   best Q      0.1083    90.4 min
  restart   2/8    eval   161   this Q      0.1133   best Q      0.1083    90.6 min
  restart   2/8    eval   162   this Q      0.1092   best Q      0.1083    90.7 min
  restart   2/8    eval   163   this Q      0.1242   best Q      0.1083    90.9 min
  restart   2/8    eval   164   this Q      0.1147   best Q      0.1083    91.0 min
  restart   2/8    eval   165   this Q      0.1063   best Q      0.1063    91.2 min
  restart   2/8    eval   166   this Q      0.1129   best Q      0.1063    91.3 min
  restart   2/8    eval   167   this Q      0.1119   best Q      0.1063    91.5 min
  restart   2/8    eval   168   this Q      0.1106   best Q      0.1063    91.6 min
  restart   2/8    eval   169   this Q      0.1047   best Q      0.1047    91.8 min
  restart   2/8    eval   170   this Q      0.1173   best Q      0.1047    91.9 min
  restart   2/8    eval   171   this Q      0.1312   best Q      0.1047    92.1 min
  restart   2/8    eval   172   this Q      0.1094   best Q      0.1047    92.2 min
  restart   2/8    eval   173   this Q      0.1109   best Q      0.1047    92.4 min
  restart   2/8    eval   174   this Q      0.1094   best Q      0.1047    92.5 min
  restart   2/8    eval   175   this Q      0.1099   best Q      0.1047    92.7 min
  restart   2/8    eval   176   this Q       0.102   best Q       0.102    92.8 min
  restart   2/8    eval   177   this Q      0.1036   best Q       0.102    93.0 min
  restart   2/8    eval   178   this Q      0.1073   best Q       0.102    93.1 min
  restart   2/8    eval   179   this Q      0.1065   best Q       0.102    93.3 min
  restart   2/8    eval   180   this Q      0.1131   best Q       0.102    93.4 min
  restart   2/8    eval   181   this Q      0.1047   best Q       0.102    93.6 min
  restart   2/8    eval   182   this Q      0.1158   best Q       0.102    93.7 min
  restart   2/8    eval   183   this Q      0.1044   best Q       0.102    93.9 min
  restart   2/8    eval   184   this Q      0.1063   best Q       0.102    94.0 min
  restart   2/8    eval   185   this Q      0.1005   best Q      0.1005    94.2 min
  restart   2/8    eval   186   this Q      0.1031   best Q      0.1005    94.3 min
  restart   2/8    eval   187   this Q         0.1   best Q         0.1    94.5 min
  restart   2/8    eval   188   this Q      0.1039   best Q         0.1    94.6 min
  restart   2/8    eval   189   this Q      0.1093   best Q         0.1    94.8 min
  restart   2/8    eval   190   this Q       0.103   best Q         0.1    94.9 min
  restart   2/8    eval   191   this Q      0.1054   best Q         0.1    95.1 min
  restart   2/8    eval   192   this Q      0.1019   best Q         0.1    95.2 min
  restart   2/8    eval   193   this Q      0.1024   best Q         0.1    95.4 min
  restart   2/8    eval   194   this Q      0.1058   best Q         0.1    95.5 min
  restart   2/8    eval   195   this Q      0.1017   best Q         0.1    95.7 min
  restart   2/8    eval   196   this Q      0.1012   best Q         0.1    95.8 min
  restart   2/8    eval   197   this Q     0.09888   best Q     0.09888    96.0 min
  restart   2/8    eval   198   this Q      0.1014   best Q     0.09888    96.2 min
  restart   2/8    eval   199   this Q      0.1004   best Q     0.09888    96.3 min
  restart   2/8    eval   200   this Q     0.09686   best Q     0.09686    96.5 min
  restart   2/8    eval   201   this Q      0.0974   best Q     0.09686    96.6 min
  restart   2/8    eval   202   this Q      0.1036   best Q     0.09686    96.8 min
  restart   2/8    eval   203   this Q     0.09943   best Q     0.09686    96.9 min
  restart   2/8    eval   204   this Q     0.09812   best Q     0.09686    97.1 min
  restart   2/8    eval   205   this Q      0.1021   best Q     0.09686    97.2 min
  restart   2/8    eval   206   this Q     0.09918   best Q     0.09686    97.4 min
  restart   2/8    eval   207   this Q     0.09595   best Q     0.09595    97.5 min
  restart   2/8    eval   208   this Q     0.09592   best Q     0.09592    97.7 min
  restart   2/8    eval   209   this Q     0.09617   best Q     0.09592    97.8 min
  restart   2/8    eval   210   this Q      0.0994   best Q     0.09592    98.0 min
  restart   2/8    eval   211   this Q     0.09623   best Q     0.09592    98.1 min
  restart   2/8    eval   212   this Q     0.09544   best Q     0.09544    98.3 min
  restart   2/8    eval   213   this Q     0.09765   best Q     0.09544    98.4 min
  restart   2/8    eval   214   this Q     0.09297   best Q     0.09297    98.6 min
  restart   2/8    eval   215   this Q      0.0917   best Q      0.0917    98.7 min
  restart   2/8    eval   216   this Q     0.09734   best Q      0.0917    98.9 min
  restart   2/8    eval   217   this Q     0.09053   best Q     0.09053    99.0 min
  restart   2/8    eval   218   this Q     0.08807   best Q     0.08807    99.2 min
  restart   2/8    eval   219   this Q     0.09594   best Q     0.08807    99.4 min
  restart   2/8    eval   220   this Q      0.0906   best Q     0.08807    99.5 min
  restart   2/8    eval   221   this Q     0.09305   best Q     0.08807    99.7 min
  restart   2/8    eval   222   this Q     0.09217   best Q     0.08807    99.8 min
  restart   2/8    eval   223   this Q     0.09181   best Q     0.08807   100.0 min
  restart   2/8    eval   224   this Q     0.08829   best Q     0.08807   100.1 min
  restart   2/8    eval   225   this Q     0.09136   best Q     0.08807   100.3 min
  restart   2/8    eval   226   this Q     0.08698   best Q     0.08698   100.4 min
  restart   2/8    eval   227   this Q     0.08932   best Q     0.08698   100.6 min
  restart   2/8    eval   228   this Q     0.08705   best Q     0.08698   100.7 min
  restart   2/8    eval   229   this Q     0.08862   best Q     0.08698   100.9 min
  restart   2/8    eval   230   this Q     0.08466   best Q     0.08466   101.0 min
  restart   2/8    eval   231   this Q     0.08454   best Q     0.08454   101.2 min
  restart   2/8    eval   232   this Q     0.08378   best Q     0.08378   101.3 min
  restart   2/8    eval   233   this Q     0.08502   best Q     0.08378   101.5 min
  restart   2/8    eval   234   this Q     0.08254   best Q     0.08254   101.7 min
  restart   2/8    eval   235   this Q     0.08448   best Q     0.08254   101.8 min
  restart   2/8    eval   236   this Q     0.08593   best Q     0.08254   102.0 min
  restart   2/8    eval   237   this Q     0.08008   best Q     0.08008   102.1 min
  restart   2/8    eval   238   this Q     0.08603   best Q     0.08008   102.3 min
  restart   2/8    eval   239   this Q     0.08527   best Q     0.08008   102.4 min
  restart   2/8    eval   240   this Q     0.08276   best Q     0.08008   102.6 min
  restart   2/8    eval   241   this Q     0.07865   best Q     0.07865   102.7 min
  restart   2/8    eval   242   this Q     0.08315   best Q     0.07865   102.9 min
  restart   2/8    eval   243   this Q     0.08201   best Q     0.07865   103.1 min
  restart   2/8    eval   244   this Q     0.07753   best Q     0.07753   103.2 min
  restart   2/8    eval   245   this Q     0.08673   best Q     0.07753   103.4 min
  restart   2/8    eval   246   this Q     0.08312   best Q     0.07753   103.5 min
  restart   2/8    eval   247   this Q     0.08012   best Q     0.07753   103.7 min
  restart   2/8    eval   248   this Q     0.08267   best Q     0.07753   103.8 min
  restart   2/8    eval   249   this Q     0.08379   best Q     0.07753   104.0 min
  restart   2/8    eval   250   this Q      0.0808   best Q     0.07753   104.1 min
  restart   2/8    eval   251   this Q     0.08615   best Q     0.07753   104.3 min
  restart   2/8    eval   252   this Q     0.07975   best Q     0.07753   104.5 min
  restart   2/8    eval   253   this Q      0.0778   best Q     0.07753   104.6 min
  restart   2/8    eval   254   this Q      0.0824   best Q     0.07753   104.8 min
  restart   2/8    eval   255   this Q     0.07672   best Q     0.07672   104.9 min
  restart   2/8    eval   256   this Q     0.07835   best Q     0.07672   105.1 min
  restart   2/8    eval   257   this Q     0.07995   best Q     0.07672   105.2 min
  restart   2/8    eval   258   this Q     0.07945   best Q     0.07672   105.4 min
  restart   2/8    eval   259   this Q     0.07798   best Q     0.07672   105.5 min
  restart   2/8    eval   260   this Q     0.08189   best Q     0.07672   105.7 min
  restart   2/8    eval   261   this Q     0.07797   best Q     0.07672   105.8 min
  restart   2/8    eval   262   this Q     0.07971   best Q     0.07672   106.0 min
  restart   2/8    eval   263   this Q     0.08149   best Q     0.07672   106.2 min
  restart   2/8    eval   264   this Q     0.07745   best Q     0.07672   106.3 min
  restart   2/8    eval   265   this Q     0.07903   best Q     0.07672   106.5 min
  restart   2/8    eval   266   this Q     0.08095   best Q     0.07672   106.6 min
  restart   2/8    eval   267   this Q     0.07737   best Q     0.07672   106.8 min
  restart   2/8    eval   268   this Q     0.07785   best Q     0.07672   106.9 min
  restart   2/8    eval   269   this Q     0.08039   best Q     0.07672   107.1 min
  restart   2/8    eval   270   this Q     0.07702   best Q     0.07672   107.2 min
  restart   2/8    eval   271   this Q     0.07833   best Q     0.07672   107.4 min
  restart   2/8    eval   272   this Q     0.07691   best Q     0.07672   107.6 min
  restart   2/8    eval   273   this Q     0.07869   best Q     0.07672   107.7 min
  restart   2/8    eval   274   this Q      0.0768   best Q     0.07672   107.9 min
  restart   2/8    eval   275   this Q     0.07507   best Q     0.07507   108.0 min
  restart   2/8    eval   276   this Q     0.07844   best Q     0.07507   108.2 min
  restart   2/8    eval   277   this Q      0.0779   best Q     0.07507   108.3 min
  restart   2/8    eval   278   this Q     0.07659   best Q     0.07507   108.5 min
  restart   2/8    eval   279   this Q     0.07706   best Q     0.07507   108.6 min
  restart   2/8    eval   280   this Q     0.07791   best Q     0.07507   108.8 min
  restart   2/8    eval   281   this Q     0.07639   best Q     0.07507   108.9 min
  restart   2/8    eval   282   this Q     0.07594   best Q     0.07507   109.1 min
  restart   2/8    eval   283   this Q     0.07483   best Q     0.07483   109.2 min
  restart   2/8    eval   284   this Q     0.07591   best Q     0.07483   109.4 min
  restart   2/8    eval   285   this Q     0.07664   best Q     0.07483   109.6 min
  restart   2/8    eval   286   this Q     0.07531   best Q     0.07483   109.7 min
  restart   2/8    eval   287   this Q     0.07586   best Q     0.07483   109.9 min
  restart   2/8    eval   288   this Q     0.07563   best Q     0.07483   110.0 min
  restart   2/8    eval   289   this Q     0.07714   best Q     0.07483   110.2 min
  restart   2/8    eval   290   this Q     0.07566   best Q     0.07483   110.3 min
  restart   2/8    eval   291   this Q     0.07755   best Q     0.07483   110.5 min
  restart   2/8    eval   292   this Q     0.07556   best Q     0.07483   110.6 min
  restart   2/8    eval   293   this Q     0.07509   best Q     0.07483   110.8 min
  restart   2/8    eval   294   this Q     0.07519   best Q     0.07483   111.0 min
  restart   2/8    eval   295   this Q     0.07535   best Q     0.07483   111.1 min
  restart   2/8    eval   296   this Q     0.07448   best Q     0.07448   111.3 min
  restart   2/8    eval   297   this Q     0.07478   best Q     0.07448   111.4 min
  restart   2/8    eval   298   this Q     0.07394   best Q     0.07394   111.6 min
  restart   2/8    eval   299   this Q     0.07444   best Q     0.07394   111.7 min
  restart   2/8    eval   300   this Q     0.07465   best Q     0.07394   111.9 min
  restart   2/8    eval   301   this Q      0.0741   best Q     0.07394   112.0 min
  restart   2/8    eval   302   this Q     0.07523   best Q     0.07394   112.2 min
  restart   2/8    eval   303   this Q     0.07627   best Q     0.07394   112.3 min
  restart   2/8    eval   304   this Q      0.0747   best Q     0.07394   112.5 min
  restart   2/8    eval   305   this Q     0.07519   best Q     0.07394   112.7 min
  restart   2/8    eval   306   this Q     0.07564   best Q     0.07394   112.8 min
  restart   2/8    eval   307   this Q      0.0745   best Q     0.07394   113.0 min
  restart   2/8    eval   308   this Q      0.0753   best Q     0.07394   113.1 min
  restart   2/8    eval   309   this Q     0.07452   best Q     0.07394   113.3 min
  restart   2/8    eval   310   this Q     0.07499   best Q     0.07394   113.4 min
  restart   2/8    eval   311   this Q     0.07422   best Q     0.07394   113.6 min
  restart   2/8    eval   312   this Q     0.07523   best Q     0.07394   113.7 min
  restart   2/8    eval   313   this Q     0.07439   best Q     0.07394   113.9 min
  restart   2/8    eval   314   this Q     0.07415   best Q     0.07394   114.0 min
  restart   2/8    eval   315   this Q     0.07361   best Q     0.07361   114.2 min
  restart   2/8    eval   316   this Q     0.07324   best Q     0.07324   114.4 min
  restart   2/8    eval   317   this Q     0.07484   best Q     0.07324   114.5 min
  restart   2/8    eval   318   this Q     0.07413   best Q     0.07324   114.7 min
  restart   2/8    eval   319   this Q     0.07363   best Q     0.07324   114.8 min
  restart   2/8    eval   320   this Q     0.07366   best Q     0.07324   115.0 min
  restart   2/8    eval   321   this Q     0.07388   best Q     0.07324   115.1 min
  restart   2/8    eval   322   this Q     0.07342   best Q     0.07324   115.3 min
  restart   2/8    eval   323   this Q     0.07398   best Q     0.07324   115.4 min
  restart   2/8    eval   324   this Q     0.07535   best Q     0.07324   115.6 min
  restart   2/8    eval   325   this Q     0.07379   best Q     0.07324   115.7 min
  restart   2/8    eval   326   this Q     0.07323   best Q     0.07323   115.9 min
  restart   2/8    eval   327   this Q     0.07313   best Q     0.07313   116.1 min
  restart   2/8    eval   328   this Q     0.07331   best Q     0.07313   116.2 min
  restart   2/8    eval   329   this Q     0.07359   best Q     0.07313   116.4 min
  restart   2/8    eval   330   this Q     0.07295   best Q     0.07295   116.5 min
  restart   2/8    eval   331   this Q     0.07288   best Q     0.07288   116.7 min
  restart   2/8    eval   332   this Q     0.07294   best Q     0.07288   116.8 min
  restart   2/8    eval   333   this Q     0.07252   best Q     0.07252   117.0 min
  restart   2/8    eval   334   this Q     0.07218   best Q     0.07218   117.1 min
  restart   2/8    eval   335   this Q     0.07306   best Q     0.07218   117.3 min
  restart   2/8    eval   336   this Q      0.0728   best Q     0.07218   117.4 min
  restart   2/8    eval   337   this Q     0.07231   best Q     0.07218   117.6 min
  restart   2/8    eval   338   this Q     0.07241   best Q     0.07218   117.8 min
  restart   2/8    eval   339   this Q     0.07261   best Q     0.07218   117.9 min
  restart   2/8    eval   340   this Q     0.07267   best Q     0.07218   118.1 min
  restart   2/8    eval   341   this Q     0.07289   best Q     0.07218   118.2 min
  restart   2/8    eval   342   this Q     0.07221   best Q     0.07218   118.4 min
  restart   2/8    eval   343   this Q      0.0722   best Q     0.07218   118.5 min
  restart   2/8    eval   344   this Q     0.07276   best Q     0.07218   118.7 min
  restart   2/8    eval   345   this Q     0.07242   best Q     0.07218   118.8 min
  restart   2/8    eval   346   this Q     0.07228   best Q     0.07218   119.0 min
  restart   2/8    eval   347   this Q     0.07251   best Q     0.07218   119.1 min
  restart   2/8    eval   348   this Q     0.07208   best Q     0.07208   119.3 min
  restart   2/8    eval   349   this Q     0.07361   best Q     0.07208   119.4 min
  restart   2/8    eval   350   this Q     0.07253   best Q     0.07208   119.6 min
  restart   2/8    eval   351   this Q     0.07216   best Q     0.07208   119.8 min
  restart   2/8    eval   352   this Q     0.07305   best Q     0.07208   119.9 min
  restart   2/8    eval   353   this Q     0.07215   best Q     0.07208   120.1 min
  restart   2/8    eval   354   this Q     0.07213   best Q     0.07208   120.2 min
  restart   2/8    eval   355   this Q     0.07166   best Q     0.07166   120.4 min
  restart   2/8    eval   356   this Q     0.07142   best Q     0.07142   120.5 min
  restart   2/8    eval   357   this Q      0.0722   best Q     0.07142   120.7 min
  restart   2/8    eval   358   this Q     0.07236   best Q     0.07142   120.8 min
  restart   2/8    eval   359   this Q     0.07199   best Q     0.07142   121.0 min
  restart   2/8    eval   360   this Q      0.0721   best Q     0.07142   121.1 min
  restart   2/8    eval   361   this Q      0.0723   best Q     0.07142   121.3 min
  restart   2/8    eval   362   this Q     0.07195   best Q     0.07142   121.5 min
  restart   2/8    eval   363   this Q     0.07233   best Q     0.07142   121.6 min
  restart   2/8    eval   364   this Q     0.07197   best Q     0.07142   121.8 min
  restart   2/8    eval   365   this Q     0.07221   best Q     0.07142   121.9 min
  restart   2/8    eval   366   this Q     0.07196   best Q     0.07142   122.1 min
  restart   2/8    eval   367   this Q     0.07176   best Q     0.07142   122.2 min
  restart   2/8    eval   368   this Q     0.07173   best Q     0.07142   122.4 min
  restart   2/8    eval   369   this Q     0.07269   best Q     0.07142   122.5 min
  restart   2/8    eval   370   this Q      0.0719   best Q     0.07142   122.7 min
  restart   2/8    eval   371   this Q     0.07175   best Q     0.07142   122.9 min
  restart   2/8    eval   372   this Q      0.0717   best Q     0.07142   123.0 min
  restart   2/8    eval   373   this Q      0.0716   best Q     0.07142   123.2 min
  restart   2/8    eval   374   this Q     0.07158   best Q     0.07142   123.3 min
  restart   2/8    eval   375   this Q     0.07141   best Q     0.07141   123.5 min
  restart   2/8    eval   376   this Q      0.0713   best Q      0.0713   123.6 min
  restart   2/8    eval   377   this Q     0.07142   best Q      0.0713   123.8 min
  restart   2/8    eval   378   this Q     0.07117   best Q     0.07117   123.9 min
  restart   2/8    eval   379   this Q     0.07149   best Q     0.07117   124.1 min
  restart   2/8    eval   380   this Q     0.07118   best Q     0.07117   124.2 min
  restart   2/8    eval   381   this Q     0.07189   best Q     0.07117   124.4 min
  restart   2/8    eval   382   this Q     0.07149   best Q     0.07117   124.6 min
  restart   2/8    eval   383   this Q      0.0712   best Q     0.07117   124.7 min
  restart   2/8    eval   384   this Q     0.07158   best Q     0.07117   124.9 min
  restart   2/8    eval   385   this Q     0.07119   best Q     0.07117   125.0 min
  restart   2/8    eval   386   this Q     0.07125   best Q     0.07117   125.2 min
  restart   2/8    eval   387   this Q     0.07109   best Q     0.07109   125.3 min
  restart   2/8    eval   388   this Q     0.07122   best Q     0.07109   125.5 min
  restart   2/8    eval   389   this Q     0.07105   best Q     0.07105   125.6 min
  restart   2/8    eval   390   this Q     0.07114   best Q     0.07105   125.8 min
  restart   2/8    eval   391   this Q      0.0711   best Q     0.07105   125.9 min
  restart   2/8    eval   392   this Q     0.07108   best Q     0.07105   126.1 min
  restart   2/8    eval   393   this Q       0.071   best Q       0.071   126.3 min
  restart   2/8    eval   394   this Q     0.07115   best Q       0.071   126.4 min
  restart   2/8    eval   395   this Q     0.07102   best Q       0.071   126.6 min
  restart   2/8    eval   396   this Q     0.07108   best Q       0.071   126.7 min
  restart   2/8    eval   397   this Q     0.07089   best Q     0.07089   126.9 min
  restart   2/8    eval   398   this Q      0.0709   best Q     0.07089   127.0 min
  restart   2/8    eval   399   this Q     0.07108   best Q     0.07089   127.2 min
  restart   2/8    eval   400   this Q     0.07106   best Q     0.07089   127.3 min
  restart   2/8    eval   401   this Q     0.07099   best Q     0.07089   127.5 min
  restart   2/8    eval   402   this Q     0.07088   best Q     0.07088   127.7 min
  restart   2/8    eval   403   this Q     0.07133   best Q     0.07088   127.8 min
  restart   2/8    eval   404   this Q     0.07103   best Q     0.07088   128.0 min
  restart   2/8    eval   405   this Q     0.07101   best Q     0.07088   128.1 min
  restart   2/8    eval   406   this Q      0.0709   best Q     0.07088   128.3 min
  restart   2/8    eval   407   this Q     0.07129   best Q     0.07088   128.4 min
  restart   2/8    eval   408   this Q     0.07093   best Q     0.07088   128.6 min
  restart   2/8    eval   409   this Q      0.0708   best Q      0.0708   128.7 min
  restart   2/8    eval   410   this Q     0.07081   best Q      0.0708   128.9 min
  restart   2/8    eval   411   this Q     0.07112   best Q      0.0708   129.0 min
  restart   2/8    eval   412   this Q      0.0709   best Q      0.0708   129.2 min
  restart   2/8    eval   413   this Q     0.07089   best Q      0.0708   129.4 min
  restart   2/8    eval   414   this Q     0.07095   best Q      0.0708   129.5 min
  restart   2/8    eval   415   this Q     0.07089   best Q      0.0708   129.7 min
  restart   2/8    eval   416   this Q     0.07079   best Q     0.07079   129.8 min
  restart   2/8    eval   417   this Q      0.0709   best Q     0.07079   130.0 min
  restart   2/8    eval   418   this Q     0.07096   best Q     0.07079   130.1 min
  restart   2/8    eval   419   this Q     0.07085   best Q     0.07079   130.3 min
  restart   2/8    eval   420   this Q     0.07075   best Q     0.07075   130.4 min
  restart   2/8    eval   421   this Q     0.07075   best Q     0.07075   130.6 min
  restart   2/8    eval   422   this Q     0.07101   best Q     0.07075   130.7 min
  restart   2/8    eval   423   this Q     0.07082   best Q     0.07075   130.9 min
  restart   2/8    eval   424   this Q      0.0707   best Q      0.0707   131.0 min
  restart   2/8    eval   425   this Q     0.07063   best Q     0.07063   131.2 min
  restart   2/8    eval   426   this Q     0.07091   best Q     0.07063   131.4 min
  restart   2/8    eval   427   this Q      0.0708   best Q     0.07063   131.5 min
  restart   2/8    eval   428   this Q     0.07074   best Q     0.07063   131.7 min
  restart   2/8    eval   429   this Q     0.07073   best Q     0.07063   131.8 min
  restart   2/8    eval   430   this Q     0.07071   best Q     0.07063   132.0 min
  restart   2/8    eval   431   this Q     0.07063   best Q     0.07063   132.1 min
  restart   2/8    eval   432   this Q      0.0706   best Q      0.0706   132.3 min
  restart   2/8    eval   433   this Q     0.07058   best Q     0.07058   132.5 min
  restart   2/8    eval   434   this Q     0.07051   best Q     0.07051   132.6 min
  restart   2/8    eval   435   this Q     0.07058   best Q     0.07051   132.8 min
  restart   2/8    eval   436   this Q     0.07047   best Q     0.07047   132.9 min
  restart   2/8    eval   437   this Q     0.07036   best Q     0.07036   133.1 min
  restart   2/8    eval   438   this Q     0.07057   best Q     0.07036   133.3 min
  restart   2/8    eval   439   this Q     0.07048   best Q     0.07036   133.4 min
  restart   2/8    eval   440   this Q     0.07037   best Q     0.07036   133.6 min
  restart   2/8    eval   441   this Q     0.07035   best Q     0.07035   133.7 min
  restart   2/8    eval   442   this Q     0.07036   best Q     0.07035   133.9 min
  restart   2/8    eval   443   this Q      0.0705   best Q     0.07035   134.1 min
  restart   2/8    eval   444   this Q     0.07029   best Q     0.07029   134.2 min
  restart   2/8    eval   445   this Q     0.07024   best Q     0.07024   134.4 min
  restart   2/8    eval   446   this Q     0.07027   best Q     0.07024   134.5 min
  restart   2/8    eval   447   this Q     0.07016   best Q     0.07016   134.7 min
  restart   2/8    eval   448   this Q     0.07047   best Q     0.07016   134.9 min
  restart   2/8    eval   449   this Q     0.07021   best Q     0.07016   135.0 min
  restart   2/8    eval   450   this Q     0.07016   best Q     0.07016   135.2 min
  restart   2/8    eval   451   this Q      0.0702   best Q     0.07016   135.3 min
  restart   2/8    eval   452   this Q     0.07008   best Q     0.07008   135.5 min
  restart   2/8    eval   453   this Q     0.07006   best Q     0.07006   135.7 min
  restart   2/8    eval   454   this Q     0.06989   best Q     0.06989   135.8 min
  restart   2/8    eval   455   this Q     0.06973   best Q     0.06973   136.0 min
  restart   2/8    eval   456   this Q     0.06997   best Q     0.06973   136.1 min
  restart   2/8    eval   457   this Q      0.0699   best Q     0.06973   136.3 min
  restart   2/8    eval   458   this Q     0.06983   best Q     0.06973   136.4 min
  restart   2/8    eval   459   this Q     0.06976   best Q     0.06973   136.6 min
  restart   2/8    eval   460   this Q     0.06969   best Q     0.06969   136.7 min
  restart   2/8    eval   461   this Q     0.06971   best Q     0.06969   136.9 min
  restart   2/8    eval   462   this Q     0.06954   best Q     0.06954   137.1 min
  restart   2/8    eval   463   this Q     0.06938   best Q     0.06938   137.2 min
  restart   2/8    eval   464   this Q     0.06965   best Q     0.06938   137.4 min
  restart   2/8    eval   465   this Q     0.06973   best Q     0.06938   137.5 min
  restart   2/8    eval   466   this Q     0.06938   best Q     0.06938   137.7 min
  restart   2/8    eval   467   this Q     0.06933   best Q     0.06933   137.8 min
  restart   2/8    eval   468   this Q     0.06923   best Q     0.06923   138.0 min
  restart   2/8    eval   469   this Q     0.06911   best Q     0.06911   138.2 min
  restart   2/8    eval   470   this Q     0.06935   best Q     0.06911   138.3 min
  restart   2/8    eval   471   this Q     0.06918   best Q     0.06911   138.5 min
  restart   2/8    eval   472   this Q     0.06917   best Q     0.06911   138.6 min
  restart   2/8    eval   473   this Q     0.06896   best Q     0.06896   138.8 min
  restart   2/8    eval   474   this Q     0.06896   best Q     0.06896   138.9 min
  restart   2/8    eval   475   this Q     0.06873   best Q     0.06873   139.1 min
  restart   2/8    eval   476   this Q     0.06886   best Q     0.06873   139.3 min
  restart   2/8    eval   477   this Q     0.06899   best Q     0.06873   139.4 min
  restart   2/8    eval   478   this Q     0.06833   best Q     0.06833   139.6 min
  restart   2/8    eval   479   this Q     0.06827   best Q     0.06827   139.7 min
  restart   2/8    eval   480   this Q     0.06873   best Q     0.06827   139.9 min
  restart   2/8    eval   481   this Q     0.06834   best Q     0.06827   140.0 min
  restart   2/8    eval   482   this Q      0.0695   best Q     0.06827   140.2 min
  restart   2/8    eval   483   this Q     0.06881   best Q     0.06827   140.3 min
  restart   2/8    eval   484   this Q      0.0685   best Q     0.06827   140.5 min
  restart   2/8    eval   485   this Q     0.06875   best Q     0.06827   140.6 min
  restart   2/8    eval   486   this Q     0.06853   best Q     0.06827   140.8 min
  restart   2/8    eval   487   this Q     0.06817   best Q     0.06817   141.0 min
  restart   2/8    eval   488   this Q     0.06859   best Q     0.06817   141.1 min
  restart   2/8    eval   489   this Q      0.0688   best Q     0.06817   141.3 min
  restart   2/8    eval   490   this Q     0.06834   best Q     0.06817   141.4 min
  restart   2/8    eval   491   this Q     0.06854   best Q     0.06817   141.6 min
  restart   2/8    eval   492   this Q     0.06825   best Q     0.06817   141.7 min
  restart   2/8    eval   493   this Q     0.06846   best Q     0.06817   141.9 min
  restart   2/8    eval   494   this Q     0.06833   best Q     0.06817   142.1 min
  restart   2/8    eval   495   this Q     0.06869   best Q     0.06817   142.2 min
  restart   2/8    eval   496   this Q     0.06828   best Q     0.06817   142.4 min
  restart   2/8    eval   497   this Q     0.06807   best Q     0.06807   142.5 min
  restart   2/8    eval   498   this Q     0.06825   best Q     0.06807   142.7 min
  restart   2/8    eval   499   this Q     0.06782   best Q     0.06782   142.8 min
  restart   2/8    eval   500   this Q     0.06766   best Q     0.06766   143.0 min
  restart   2/8    eval   501   this Q     0.06845   best Q     0.06766   143.1 min
  restart   2/8    eval   502   this Q     0.06813   best Q     0.06766   143.3 min
  restart   2/8    eval   503   this Q     0.06852   best Q     0.06766   143.5 min
  restart   2/8    eval   504   this Q     0.06812   best Q     0.06766   143.6 min
  restart   2/8    eval   505   this Q     0.06828   best Q     0.06766   143.8 min
  restart   2/8    eval   506   this Q     0.06838   best Q     0.06766   143.9 min
  restart   2/8    eval   507   this Q     0.06808   best Q     0.06766   144.1 min
  restart   2/8    eval   508   this Q     0.06814   best Q     0.06766   144.2 min
  restart   2/8    eval   509   this Q     0.06818   best Q     0.06766   144.4 min
  restart   2/8    eval   510   this Q     0.06779   best Q     0.06766   144.6 min
  restart   2/8    eval   511   this Q     0.06805   best Q     0.06766   144.7 min
  restart   2/8    eval   512   this Q     0.06808   best Q     0.06766   144.9 min
  restart   2/8    eval   513   this Q     0.06811   best Q     0.06766   145.1 min
  restart   2/8    eval   514   this Q     0.06798   best Q     0.06766   145.2 min
  restart   2/8    eval   515   this Q     0.06781   best Q     0.06766   145.4 min
  restart   2/8    eval   516   this Q     0.06773   best Q     0.06766   145.5 min
  restart   2/8    eval   517   this Q      0.0679   best Q     0.06766   145.7 min
  restart   2/8    eval   518   this Q     0.06758   best Q     0.06758   145.8 min
  restart   2/8    eval   519   this Q     0.06752   best Q     0.06752   146.0 min
  restart   2/8    eval   520   this Q      0.0678   best Q     0.06752   146.2 min
  restart   2/8    eval   521   this Q     0.06757   best Q     0.06752   146.3 min
  restart   2/8    eval   522   this Q     0.06776   best Q     0.06752   146.5 min
  restart   2/8    eval   523   this Q     0.06734   best Q     0.06734   146.6 min
  restart   2/8    eval   524   this Q     0.06727   best Q     0.06727   146.8 min
  restart   2/8    eval   525   this Q     0.06761   best Q     0.06727   146.9 min
  restart   2/8    eval   526   this Q     0.06717   best Q     0.06717   147.1 min
  restart   2/8    eval   527   this Q     0.06692   best Q     0.06692   147.3 min
  restart   2/8    eval   528   this Q     0.06778   best Q     0.06692   147.4 min
  restart   2/8    eval   529   this Q     0.06751   best Q     0.06692   147.6 min
  restart   2/8    eval   530   this Q     0.06764   best Q     0.06692   147.7 min
  restart   2/8    eval   531   this Q     0.06751   best Q     0.06692   147.9 min
  restart   2/8    eval   532   this Q     0.06699   best Q     0.06692   148.1 min
  restart   2/8    eval   533   this Q     0.06716   best Q     0.06692   148.2 min
  restart   2/8    eval   534   this Q     0.06754   best Q     0.06692   148.4 min
  restart   2/8    eval   535   this Q      0.0671   best Q     0.06692   148.5 min
  restart   2/8    eval   536   this Q      0.0673   best Q     0.06692   148.7 min
  restart   2/8    eval   537   this Q     0.06722   best Q     0.06692   148.8 min
  restart   2/8    eval   538   this Q     0.06747   best Q     0.06692   149.0 min
  restart   2/8    eval   539   this Q     0.06712   best Q     0.06692   149.2 min
  restart   2/8    eval   540   this Q     0.06683   best Q     0.06683   149.3 min
  restart   2/8    eval   541   this Q     0.06703   best Q     0.06683   149.5 min
  restart   2/8    eval   542   this Q     0.06708   best Q     0.06683   149.7 min
  restart   2/8    eval   543   this Q     0.06744   best Q     0.06683   149.8 min
  restart   2/8    eval   544   this Q       0.067   best Q     0.06683   150.0 min
  restart   2/8    eval   545   this Q     0.06678   best Q     0.06678   150.1 min
  restart   2/8    eval   546   this Q     0.06691   best Q     0.06678   150.3 min
  restart   2/8    eval   547   this Q     0.06694   best Q     0.06678   150.4 min
  restart   2/8    eval   548   this Q     0.06677   best Q     0.06677   150.6 min
  restart   2/8    eval   549   this Q     0.06701   best Q     0.06677   150.8 min
  restart   2/8    eval   550   this Q     0.06713   best Q     0.06677   150.9 min
  restart   2/8    eval   551   this Q     0.06688   best Q     0.06677   151.1 min
  restart   2/8    eval   552   this Q     0.06676   best Q     0.06676   151.2 min
  restart   2/8    eval   553   this Q     0.06702   best Q     0.06676   151.4 min
  restart   2/8    eval   554   this Q     0.06684   best Q     0.06676   151.6 min
  restart   2/8    eval   555   this Q     0.06654   best Q     0.06654   151.7 min
  restart   2/8    eval   556   this Q     0.06646   best Q     0.06646   151.9 min
  restart   2/8    eval   557   this Q     0.06665   best Q     0.06646   152.0 min
  restart   2/8    eval   558   this Q     0.06677   best Q     0.06646   152.2 min
  restart   2/8    eval   559   this Q     0.06651   best Q     0.06646   152.4 min
  restart   2/8    eval   560   this Q     0.06642   best Q     0.06642   152.5 min
  restart   2/8    eval   561   this Q     0.06648   best Q     0.06642   152.7 min
  restart   2/8    eval   562   this Q     0.06698   best Q     0.06642   152.8 min
  restart   2/8    eval   563   this Q      0.0666   best Q     0.06642   153.0 min
  restart   2/8    eval   564   this Q      0.0664   best Q      0.0664   153.1 min
  restart   2/8    eval   565   this Q     0.06649   best Q      0.0664   153.3 min
  restart   2/8    eval   566   this Q     0.06654   best Q      0.0664   153.5 min
  restart   2/8    eval   567   this Q     0.06634   best Q     0.06634   153.6 min
  restart   2/8    eval   568   this Q     0.06642   best Q     0.06634   153.8 min
  restart   2/8    eval   569   this Q      0.0664   best Q     0.06634   153.9 min
  restart   2/8    eval   570   this Q     0.06626   best Q     0.06626   154.1 min
  restart   2/8    eval   571   this Q     0.06646   best Q     0.06626   154.2 min
  restart   2/8    eval   572   this Q     0.06624   best Q     0.06624   154.4 min
  restart   2/8    eval   573   this Q     0.06639   best Q     0.06624   154.5 min
  restart   2/8    eval   574   this Q     0.06626   best Q     0.06624   154.7 min
  restart   2/8    eval   575   this Q     0.06639   best Q     0.06624   154.9 min
  restart   2/8    eval   576   this Q     0.06615   best Q     0.06615   155.0 min
  restart   2/8    eval   577   this Q     0.06623   best Q     0.06615   155.2 min
  restart   2/8    eval   578   this Q     0.06609   best Q     0.06609   155.3 min
  restart   2/8    eval   579   this Q     0.06615   best Q     0.06609   155.5 min
  restart   2/8    eval   580   this Q     0.06597   best Q     0.06597   155.6 min
  restart   2/8    eval   581   this Q     0.06589   best Q     0.06589   155.8 min
  restart   2/8    eval   582   this Q     0.06608   best Q     0.06589   156.0 min
  restart   2/8    eval   583   this Q     0.06626   best Q     0.06589   156.1 min
  restart   2/8    eval   584   this Q     0.06602   best Q     0.06589   156.3 min
  restart   2/8    eval   585   this Q     0.06582   best Q     0.06582   156.4 min
  restart   2/8    eval   586   this Q     0.06577   best Q     0.06577   156.6 min
  restart   2/8    eval   587   this Q     0.06621   best Q     0.06577   156.7 min
  restart   2/8    eval   588   this Q     0.06591   best Q     0.06577   156.9 min
  restart   2/8    eval   589   this Q     0.06559   best Q     0.06559   157.0 min
  restart   2/8    eval   590   this Q     0.06538   best Q     0.06538   157.2 min
  restart   2/8    eval   591   this Q     0.06557   best Q     0.06538   157.4 min
  restart   2/8    eval   592   this Q     0.06575   best Q     0.06538   157.5 min
  restart   2/8    eval   593   this Q     0.06545   best Q     0.06538   157.7 min
  restart   2/8    eval   594   this Q     0.06547   best Q     0.06538   157.8 min
  restart   2/8    eval   595   this Q      0.0653   best Q      0.0653   158.0 min
  restart   2/8    eval   596   this Q     0.06539   best Q      0.0653   158.1 min
  restart   2/8    eval   597   this Q     0.06524   best Q     0.06524   158.3 min
  restart   2/8    eval   598   this Q      0.0654   best Q     0.06524   158.5 min
  restart   2/8    eval   599   this Q     0.06538   best Q     0.06524   158.6 min
  restart   2/8    eval   600   this Q      0.0649   best Q      0.0649   158.8 min
  restart   2/8    eval   601   this Q     0.06464   best Q     0.06464   159.0 min
  restart   2/8    eval   602   this Q     0.06477   best Q     0.06464   159.1 min
  restart   2/8    eval   603   this Q     0.06504   best Q     0.06464   159.3 min
  restart   2/8    eval   604   this Q     0.06473   best Q     0.06464   159.5 min
  restart   2/8    eval   605   this Q      0.0646   best Q      0.0646   159.6 min
  restart   2/8    eval   606   this Q     0.06451   best Q     0.06451   159.8 min
  restart   2/8    eval   607   this Q     0.06422   best Q     0.06422   159.9 min
  restart   2/8    eval   608   this Q     0.06377   best Q     0.06377   160.1 min
  restart   2/8    eval   609   this Q     0.06434   best Q     0.06377   160.3 min
  restart   2/8    eval   610   this Q     0.06385   best Q     0.06377   160.5 min
  restart   2/8    eval   611   this Q     0.06387   best Q     0.06377   160.6 min
  restart   2/8    eval   612   this Q     0.06343   best Q     0.06343   160.8 min
  restart   2/8    eval   613   this Q     0.06305   best Q     0.06305   160.9 min
  restart   2/8    eval   614   this Q     0.06306   best Q     0.06305   161.1 min
  restart   2/8    eval   615   this Q     0.06308   best Q     0.06305   161.3 min
  restart   2/8    eval   616   this Q     0.06266   best Q     0.06266   161.4 min
  restart   2/8    eval   617   this Q     0.06215   best Q     0.06215   161.6 min
  restart   2/8    eval   618   this Q     0.06242   best Q     0.06215   161.7 min
  restart   2/8    eval   619   this Q     0.06211   best Q     0.06211   161.9 min
  restart   2/8    eval   620   this Q     0.06188   best Q     0.06188   162.0 min
  restart   2/8    eval   621   this Q     0.06181   best Q     0.06181   162.2 min
  restart   2/8    eval   622   this Q     0.06187   best Q     0.06181   162.3 min
  restart   2/8    eval   623   this Q     0.06136   best Q     0.06136   162.5 min
  restart   2/8    eval   624   this Q     0.06086   best Q     0.06086   162.6 min
  restart   2/8    eval   625   this Q     0.06062   best Q     0.06062   162.8 min
  restart   2/8    eval   626   this Q     0.05975   best Q     0.05975   163.0 min
  restart   2/8    eval   627   this Q     0.05987   best Q     0.05975   163.1 min
  restart   2/8    eval   628   this Q     0.05953   best Q     0.05953   163.3 min
  restart   2/8    eval   629   this Q     0.05845   best Q     0.05845   163.4 min
  restart   2/8    eval   630   this Q     0.06027   best Q     0.05845   163.6 min
  restart   2/8    eval   631   this Q     0.05781   best Q     0.05781   163.7 min
  restart   2/8    eval   632   this Q     0.05595   best Q     0.05595   163.9 min
  restart   2/8    eval   633   this Q     0.05897   best Q     0.05595   164.0 min
  restart   2/8    eval   634   this Q      0.0579   best Q     0.05595   164.2 min
  restart   2/8    eval   635   this Q      0.0584   best Q     0.05595   164.4 min
  restart   2/8    eval   636   this Q     0.05664   best Q     0.05595   164.5 min
  restart   2/8    eval   637   this Q     0.05626   best Q     0.05595   164.7 min
  restart   2/8    eval   638   this Q     0.05472   best Q     0.05472   164.8 min
  restart   2/8    eval   639   this Q      0.0525   best Q      0.0525   165.0 min
  restart   2/8    eval   640   this Q      0.0555   best Q      0.0525   165.1 min
  restart   2/8    eval   641   this Q     0.05548   best Q      0.0525   165.3 min
  restart   2/8    eval   642   this Q     0.05311   best Q      0.0525   165.4 min
  restart   2/8    eval   643   this Q     0.05348   best Q      0.0525   165.6 min
  restart   2/8    eval   644   this Q      0.0531   best Q      0.0525   165.7 min
  restart   2/8    eval   645   this Q     0.05131   best Q     0.05131   165.9 min
  restart   2/8    eval   646   this Q     0.05039   best Q     0.05039   166.0 min
  restart   2/8    eval   647   this Q     0.05104   best Q     0.05039   166.2 min
  restart   2/8    eval   648   this Q     0.05229   best Q     0.05039   166.4 min
  restart   2/8    eval   649   this Q     0.05189   best Q     0.05039   166.5 min
  restart   2/8    eval   650   this Q     0.04816   best Q     0.04816   166.7 min
  restart   2/8    eval   651   this Q     0.04574   best Q     0.04574   166.8 min
  restart   2/8    eval   652   this Q     0.04566   best Q     0.04566   167.0 min
  restart   2/8    eval   653   this Q     0.04174   best Q     0.04174   167.2 min
  restart   2/8    eval   654   this Q     0.04661   best Q     0.04174   167.3 min
  restart   2/8    eval   655   this Q     0.04715   best Q     0.04174   167.5 min
  restart   2/8    eval   656   this Q     0.04723   best Q     0.04174   167.6 min
  restart   2/8    eval   657   this Q     0.05262   best Q     0.04174   167.8 min
  restart   2/8    eval   658   this Q     0.04885   best Q     0.04174   167.9 min
  restart   2/8    eval   659   this Q     0.04261   best Q     0.04174   168.1 min
  restart   2/8    eval   660   this Q     0.04263   best Q     0.04174   168.2 min
  restart   2/8    eval   661   this Q     0.04032   best Q     0.04032   168.4 min
  restart   2/8    eval   662   this Q     0.03902   best Q     0.03902   168.6 min
  restart   2/8    eval   663   this Q     0.04036   best Q     0.03902   168.7 min
  restart   2/8    eval   664   this Q     0.04193   best Q     0.03902   168.9 min
  restart   2/8    eval   665   this Q     0.03792   best Q     0.03792   169.0 min
  restart   2/8    eval   666   this Q     0.03688   best Q     0.03688   169.2 min
  restart   2/8    eval   667   this Q      0.0349   best Q      0.0349   169.3 min
  restart   2/8    eval   668   this Q     0.03243   best Q     0.03243   169.5 min
  restart   2/8    eval   669   this Q     0.03157   best Q     0.03157   169.6 min
  restart   2/8    eval   670   this Q      0.0295   best Q      0.0295   169.8 min
  restart   2/8    eval   671   this Q     0.02917   best Q     0.02917   169.9 min
  restart   2/8    eval   672   this Q     0.02853   best Q     0.02853   170.1 min
  restart   2/8    eval   673   this Q     0.03348   best Q     0.02853   170.2 min
  restart   2/8    eval   674   this Q     0.03097   best Q     0.02853   170.4 min
  restart   2/8    eval   675   this Q     0.02508   best Q     0.02508   170.5 min
  restart   2/8    eval   676   this Q     0.02509   best Q     0.02508   170.7 min
  restart   2/8    eval   677   this Q     0.03217   best Q     0.02508   170.8 min
  restart   2/8    eval   678   this Q     0.02535   best Q     0.02508   171.0 min
  restart   2/8    eval   679   this Q     0.02383   best Q     0.02383   171.1 min
  restart   2/8    eval   680   this Q     0.03311   best Q     0.02383   171.3 min
  restart   2/8    eval   681   this Q     0.05482   best Q     0.02383   171.5 min
  restart   2/8    eval   682   this Q       0.028   best Q     0.02383   171.6 min
  restart   2/8    eval   683   this Q     0.02285   best Q     0.02285   171.8 min
  restart   2/8    eval   684   this Q     0.02819   best Q     0.02285   171.9 min
  restart   2/8    eval   685   this Q     0.04064   best Q     0.02285   172.1 min
  restart   2/8    eval   686   this Q     0.02618   best Q     0.02285   172.2 min
  restart   2/8    eval   687   this Q     0.02796   best Q     0.02285   172.4 min
  restart   2/8    eval   688   this Q     0.02088   best Q     0.02088   172.5 min
  restart   2/8    eval   689   this Q     0.02335   best Q     0.02088   172.7 min
  restart   2/8    eval   690   this Q     0.02708   best Q     0.02088   172.8 min
  restart   2/8    eval   691   this Q     0.02478   best Q     0.02088   173.0 min
  restart   2/8    eval   692   this Q     0.02266   best Q     0.02088   173.1 min
  restart   2/8    eval   693   this Q      0.0193   best Q      0.0193   173.3 min
  restart   2/8    eval   694   this Q     0.02359   best Q      0.0193   173.4 min
  restart   2/8    eval   695   this Q     0.02215   best Q      0.0193   173.6 min
  restart   2/8    eval   696   this Q     0.01839   best Q     0.01839   173.8 min
  restart   2/8    eval   697   this Q     0.02187   best Q     0.01839   173.9 min
  restart   2/8    eval   698   this Q     0.02863   best Q     0.01839   174.1 min
  restart   2/8    eval   699   this Q     0.02044   best Q     0.01839   174.2 min
  restart   2/8    eval   700   this Q     0.02057   best Q     0.01839   174.4 min
  restart   2/8    eval   701   this Q      0.0338   best Q     0.01839   174.5 min
  restart   2/8    eval   702   this Q     0.02038   best Q     0.01839   174.7 min
  restart   2/8    eval   703   this Q     0.01749   best Q     0.01749   174.8 min
  restart   2/8    eval   704   this Q      0.0196   best Q     0.01749   175.0 min
  restart   2/8    eval   705   this Q     0.01639   best Q     0.01639   175.1 min
  restart   2/8    eval   706   this Q     0.01768   best Q     0.01639   175.3 min
  restart   2/8    eval   707   this Q     0.01848   best Q     0.01639   175.4 min
  restart   2/8    eval   708   this Q     0.01846   best Q     0.01639   175.6 min
  restart   2/8    eval   709   this Q     0.02021   best Q     0.01639   175.7 min
  restart   2/8    eval   710   this Q     0.01758   best Q     0.01639   175.9 min
  restart   2/8    eval   711   this Q     0.01498   best Q     0.01498   176.1 min
  restart   2/8    eval   712   this Q     0.01603   best Q     0.01498   176.2 min
  restart   2/8    eval   713   this Q     0.01714   best Q     0.01498   176.4 min
  restart   2/8    eval   714   this Q     0.01808   best Q     0.01498   176.5 min
  restart   2/8    eval   715   this Q     0.01522   best Q     0.01498   176.7 min
  restart   2/8    eval   716   this Q      0.0197   best Q     0.01498   176.8 min
  restart   2/8    eval   717   this Q     0.01588   best Q     0.01498   177.0 min
  restart   2/8    eval   718   this Q     0.01729   best Q     0.01498   177.1 min
  restart   2/8    eval   719   this Q     0.01614   best Q     0.01498   177.3 min
  restart   2/8    eval   720   this Q     0.01611   best Q     0.01498   177.4 min
  restart   2/8    eval   721   this Q     0.01599   best Q     0.01498   177.6 min
  restart   2/8    eval   722   this Q     0.01636   best Q     0.01498   177.8 min
  restart   2/8    eval   723   this Q     0.01507   best Q     0.01498   177.9 min
  restart   2/8    eval   724   this Q     0.01602   best Q     0.01498   178.1 min
  restart   2/8    eval   725   this Q     0.01281   best Q     0.01281   178.2 min
  restart   2/8    eval   726   this Q     0.01339   best Q     0.01281   178.4 min
  restart   2/8    eval   727   this Q     0.01784   best Q     0.01281   178.5 min
  restart   2/8    eval   728   this Q     0.01406   best Q     0.01281   178.7 min
  restart   2/8    eval   729   this Q     0.01824   best Q     0.01281   178.8 min
  restart   2/8    eval   730   this Q      0.0141   best Q     0.01281   179.0 min
  restart   2/8    eval   731   this Q       0.016   best Q     0.01281   179.1 min
  restart   2/8    eval   732   this Q       0.014   best Q     0.01281   179.3 min
  restart   2/8    eval   733   this Q     0.01713   best Q     0.01281   179.4 min
  restart   2/8    eval   734   this Q     0.01407   best Q     0.01281   179.6 min
  restart   2/8    eval   735   this Q     0.01521   best Q     0.01281   179.7 min
  restart   2/8    eval   736   this Q     0.01295   best Q     0.01281   179.9 min
  restart   2/8    eval   737   this Q     0.01312   best Q     0.01281   180.1 min
  restart   2/8    eval   738   this Q     0.01579   best Q     0.01281   180.2 min
  restart   2/8    eval   739   this Q     0.01349   best Q     0.01281   180.4 min
  restart   2/8    eval   740   this Q     0.01354   best Q     0.01281   180.5 min
  restart   2/8    eval   741   this Q     0.01292   best Q     0.01281   180.7 min
  restart   2/8    eval   742   this Q     0.01269   best Q     0.01269   180.8 min
  restart   2/8    eval   743   this Q     0.01469   best Q     0.01269   181.0 min
  restart   2/8    eval   744   this Q     0.01218   best Q     0.01218   181.1 min
  restart   2/8    eval   745   this Q     0.01378   best Q     0.01218   181.3 min
  restart   2/8    eval   746   this Q     0.01202   best Q     0.01202   181.4 min
  restart   2/8    eval   747   this Q      0.0136   best Q     0.01202   181.6 min
  restart   2/8    eval   748   this Q     0.01234   best Q     0.01202   181.7 min
  restart   2/8    eval   749   this Q      0.0132   best Q     0.01202   181.9 min
  restart   2/8    eval   750   this Q     0.01189   best Q     0.01189   182.1 min
  restart   2/8    eval   751   this Q     0.01408   best Q     0.01189   182.2 min
  restart   2/8    eval   752   this Q     0.01266   best Q     0.01189   182.4 min
  restart   2/8    eval   753   this Q     0.01299   best Q     0.01189   182.5 min
  restart   2/8    eval   754   this Q     0.01194   best Q     0.01189   182.7 min
  restart   2/8    eval   755   this Q     0.01274   best Q     0.01189   182.8 min
  restart   2/8    eval   756   this Q      0.0125   best Q     0.01189   183.0 min
  restart   2/8    eval   757   this Q      0.0109   best Q      0.0109   183.1 min
  restart   2/8    eval   758   this Q     0.01116   best Q      0.0109   183.3 min
  restart   2/8    eval   759   this Q      0.0133   best Q      0.0109   183.4 min
  restart   2/8    eval   760   this Q     0.01164   best Q      0.0109   183.6 min
  restart   2/8    eval   761   this Q     0.01158   best Q      0.0109   183.8 min
  restart   2/8    eval   762   this Q     0.01158   best Q      0.0109   183.9 min
  restart   2/8    eval   763   this Q     0.01149   best Q      0.0109   184.1 min
  restart   2/8    eval   764   this Q     0.01245   best Q      0.0109   184.2 min
  restart   2/8    eval   765   this Q     0.01138   best Q      0.0109   184.4 min
  restart   2/8    eval   766   this Q     0.01209   best Q      0.0109   184.5 min
  restart   2/8    eval   767   this Q     0.01129   best Q      0.0109   184.7 min
  restart   2/8    eval   768   this Q     0.01165   best Q      0.0109   184.8 min
  restart   2/8    eval   769   this Q     0.01079   best Q     0.01079   185.0 min
  restart   2/8    eval   770   this Q     0.01158   best Q     0.01079   185.1 min
  restart   2/8    eval   771   this Q     0.01135   best Q     0.01079   185.3 min
  restart   2/8    eval   772   this Q     0.01177   best Q     0.01079   185.4 min
  restart   2/8    eval   773   this Q     0.01101   best Q     0.01079   185.6 min
  restart   2/8    eval   774   this Q     0.01045   best Q     0.01045   185.7 min
  restart   2/8    eval   775   this Q     0.01073   best Q     0.01045   185.9 min
  restart   2/8    eval   776   this Q     0.01211   best Q     0.01045   186.1 min
  restart   2/8    eval   777   this Q     0.01085   best Q     0.01045   186.2 min
  restart   2/8    eval   778   this Q     0.01135   best Q     0.01045   186.4 min
  restart   2/8    eval   779   this Q     0.01167   best Q     0.01045   186.5 min
  restart   2/8    eval   780   this Q     0.01085   best Q     0.01045   186.7 min
  restart   2/8    eval   781   this Q     0.01059   best Q     0.01045   186.8 min
  restart   2/8    eval   782   this Q     0.01232   best Q     0.01045   187.0 min
  restart   2/8    eval   783   this Q     0.01071   best Q     0.01045   187.1 min
  restart   2/8    eval   784   this Q       0.011   best Q     0.01045   187.3 min
  restart   2/8    eval   785   this Q     0.01064   best Q     0.01045   187.4 min
  restart   2/8    eval   786   this Q     0.01052   best Q     0.01045   187.6 min
  restart   2/8    eval   787   this Q      0.0116   best Q     0.01045   187.8 min
  restart   2/8    eval   788   this Q     0.01054   best Q     0.01045   187.9 min
  restart   2/8    eval   789   this Q     0.01051   best Q     0.01045   188.1 min
  restart   2/8    eval   790   this Q     0.01051   best Q     0.01045   188.2 min
  restart   2/8    eval   791   this Q     0.01016   best Q     0.01016   188.4 min
  restart   2/8    eval   792   this Q     0.01027   best Q     0.01016   188.6 min
  restart   2/8    eval   793   this Q     0.01017   best Q     0.01016   188.8 min
  restart   2/8    eval   794   this Q     0.01048   best Q     0.01016   188.9 min
  restart   2/8    eval   795   this Q     0.01062   best Q     0.01016   189.1 min
  restart   2/8    eval   796   this Q     0.01033   best Q     0.01016   189.3 min
  restart   2/8    eval   797   this Q      0.0103   best Q     0.01016   189.4 min
  restart   2/8    eval   798   this Q     0.01025   best Q     0.01016   189.6 min
  restart   2/8    eval   799   this Q     0.01028   best Q     0.01016   189.7 min
  restart   2/8    eval   800   this Q     0.01032   best Q     0.01016   189.9 min
  restart   2/8    eval   801   this Q     0.01014   best Q     0.01014   190.1 min
  restart   2/8    eval   802   this Q     0.01059   best Q     0.01014   190.2 min
  restart   2/8    eval   803   this Q     0.01067   best Q     0.01014   190.4 min
  restart   2/8    eval   804   this Q     0.01017   best Q     0.01014   190.5 min
  restart   2/8    eval   805   this Q     0.01009   best Q     0.01009   190.7 min
  restart   2/8    eval   806   this Q     0.01049   best Q     0.01009   190.8 min
  restart   2/8    eval   807   this Q    0.009914   best Q    0.009914   191.0 min
  restart   2/8    eval   808   this Q    0.009961   best Q    0.009914   191.1 min
  restart   2/8    eval   809   this Q     0.01037   best Q    0.009914   191.3 min
  restart   2/8    eval   810   this Q     0.01008   best Q    0.009914   191.4 min
  restart   2/8    eval   811   this Q     0.01023   best Q    0.009914   191.6 min
  restart   2/8    eval   812   this Q     0.01014   best Q    0.009914   191.7 min
  restart   2/8    eval   813   this Q        0.01   best Q    0.009914   191.9 min
  restart   2/8    eval   814   this Q     0.01023   best Q    0.009914   192.0 min
  restart   2/8    eval   815   this Q     0.01003   best Q    0.009914   192.2 min
  restart   2/8    eval   816   this Q     0.01011   best Q    0.009914   192.3 min
  restart   2/8    eval   817   this Q    0.009932   best Q    0.009914   192.5 min
  restart   2/8    eval   818   this Q    0.009967   best Q    0.009914   192.7 min
  restart   2/8    eval   819   this Q     0.01019   best Q    0.009914   192.8 min
  restart   2/8    eval   820   this Q    0.009966   best Q    0.009914   193.0 min
  restart   2/8    eval   821   this Q     0.01025   best Q    0.009914   193.1 min
  restart   2/8    eval   822   this Q    0.009966   best Q    0.009914   193.3 min
  restart   2/8    eval   823   this Q     0.01015   best Q    0.009914   193.4 min
  restart   2/8    eval   824   this Q    0.009958   best Q    0.009914   193.6 min
  restart   2/8    eval   825   this Q    0.009953   best Q    0.009914   193.7 min
  restart   2/8    eval   826   this Q    0.009923   best Q    0.009914   193.9 min
  restart   2/8    eval   827   this Q    0.009867   best Q    0.009867   194.0 min
  restart   2/8    eval   828   this Q    0.009996   best Q    0.009867   194.2 min
  restart   2/8    eval   829   this Q     0.01005   best Q    0.009867   194.3 min
  restart   2/8    eval   830   this Q    0.009897   best Q    0.009867   194.5 min
  restart   2/8    eval   831   this Q    0.009997   best Q    0.009867   194.6 min
  restart   2/8    eval   832   this Q    0.009893   best Q    0.009867   194.8 min
  restart   2/8    eval   833   this Q     0.00988   best Q    0.009867   194.9 min
  restart   2/8    eval   834   this Q    0.009887   best Q    0.009867   195.1 min
  restart   2/8    eval   835   this Q    0.009926   best Q    0.009867   195.3 min
  restart   2/8    eval   836   this Q     0.01002   best Q    0.009867   195.4 min
  restart   2/8    eval   837   this Q    0.009871   best Q    0.009867   195.6 min
  restart   2/8    eval   838   this Q    0.009835   best Q    0.009835   195.7 min
  restart   2/8    eval   839   this Q    0.009908   best Q    0.009835   195.9 min
  restart   2/8    eval   840   this Q    0.009956   best Q    0.009835   196.0 min
  restart   2/8    eval   841   this Q    0.009859   best Q    0.009835   196.2 min
  restart   2/8    eval   842   this Q    0.009994   best Q    0.009835   196.3 min
  restart   2/8    eval   843   this Q    0.009856   best Q    0.009835   196.5 min
  restart   2/8    eval   844   this Q    0.009856   best Q    0.009835   196.6 min
  restart   2/8    eval   845   this Q    0.009857   best Q    0.009835   196.8 min
  restart   2/8    eval   846   this Q    0.009851   best Q    0.009835   196.9 min
  restart   2/8    eval   847   this Q    0.009904   best Q    0.009835   197.1 min
  restart   2/8    eval   848   this Q    0.009845   best Q    0.009835   197.3 min
  restart   2/8    eval   849   this Q    0.009858   best Q    0.009835   197.4 min
  restart   2/8    eval   850   this Q    0.009866   best Q    0.009835   197.6 min
  restart   2/8    eval   851   this Q     0.00987   best Q    0.009835   197.7 min
  restart   2/8    eval   852   this Q    0.009835   best Q    0.009835   197.9 min
  restart   2/8    eval   853   this Q    0.009879   best Q    0.009835   198.0 min
  restart   2/8    eval   854   this Q    0.009835   best Q    0.009835   198.2 min
  restart   2/8    eval   855   this Q    0.009829   best Q    0.009829   198.3 min
  restart   2/8    eval   856   this Q    0.009871   best Q    0.009829   198.5 min
  restart   2/8    eval   857   this Q    0.009844   best Q    0.009829   198.6 min
  restart   2/8    eval   858   this Q    0.009844   best Q    0.009829   198.8 min
  restart   2/8    eval   859   this Q    0.009872   best Q    0.009829   198.9 min
  restart   2/8    eval   860   this Q    0.009828   best Q    0.009828   199.1 min
  restart   2/8    eval   861   this Q    0.009836   best Q    0.009828   199.3 min
  restart   2/8    eval   862   this Q    0.009848   best Q    0.009828   199.4 min
  restart   2/8    eval   863   this Q    0.009824   best Q    0.009824   199.6 min
  restart   2/8    eval   864   this Q    0.009824   best Q    0.009824   199.7 min
  restart   2/8    eval   865   this Q    0.009849   best Q    0.009824   199.9 min
  restart   2/8    eval   866   this Q    0.009821   best Q    0.009821   200.0 min
  restart   2/8    eval   867   this Q    0.009876   best Q    0.009821   200.2 min
  restart   2/8    eval   868   this Q    0.009819   best Q    0.009819   200.4 min
  restart   2/8    eval   869   this Q    0.009875   best Q    0.009819   200.5 min
  restart   2/8    eval   870   this Q    0.009815   best Q    0.009815   200.7 min
  restart   2/8    eval   871   this Q     0.00987   best Q    0.009815   200.8 min
  restart   2/8    eval   872   this Q    0.009819   best Q    0.009815   201.0 min
  restart   2/8    eval   873   this Q    0.009812   best Q    0.009812   201.1 min
  restart   2/8    eval   874   this Q    0.009824   best Q    0.009812   201.3 min
  restart   2/8    eval   875   this Q    0.009797   best Q    0.009797   201.5 min
  restart   2/8    eval   876   this Q     0.00979   best Q     0.00979   201.6 min
  restart   2/8    eval   877   this Q    0.009835   best Q     0.00979   201.8 min
  restart   2/8    eval   878   this Q     0.00982   best Q     0.00979   201.9 min
  restart   2/8    eval   879   this Q    0.009825   best Q     0.00979   202.1 min
  restart   2/8    eval   880   this Q    0.009812   best Q     0.00979   202.2 min
  restart   2/8    eval   881   this Q    0.009818   best Q     0.00979   202.4 min
  restart   2/8    eval   882   this Q    0.009799   best Q     0.00979   202.5 min
  restart   2/8    eval   883   this Q    0.009801   best Q     0.00979   202.7 min
  restart   2/8    eval   884   this Q     0.00981   best Q     0.00979   202.8 min
  restart   2/8    eval   885   this Q    0.009802   best Q     0.00979   203.0 min
  restart   2/8    eval   886   this Q    0.009791   best Q     0.00979   203.1 min
  restart   2/8    eval   887   this Q    0.009802   best Q     0.00979   203.3 min
  restart   2/8    eval   888   this Q    0.009804   best Q     0.00979   203.5 min
  restart   2/8    eval   889   this Q    0.009793   best Q     0.00979   203.6 min
  restart   2/8    eval   890   this Q    0.009786   best Q    0.009786   203.8 min
  restart   2/8    eval   891   this Q    0.009802   best Q    0.009786   203.9 min
  restart   2/8    eval   892   this Q    0.009784   best Q    0.009784   204.1 min
  restart   2/8    eval   893   this Q    0.009788   best Q    0.009784   204.2 min
  restart   2/8    eval   894   this Q      0.0098   best Q    0.009784   204.4 min
  restart   2/8    eval   895   this Q    0.009788   best Q    0.009784   204.5 min
  restart   2/8    eval   896   this Q    0.009796   best Q    0.009784   204.7 min
  restart   2/8    eval   897   this Q    0.009798   best Q    0.009784   204.8 min
  restart   2/8    eval   898   this Q    0.009792   best Q    0.009784   205.0 min
  restart   2/8    eval   899   this Q    0.009782   best Q    0.009782   205.1 min
  restart   2/8    eval   900   this Q    0.009792   best Q    0.009782   205.3 min
  restart   2/8    eval   901   this Q    0.009789   best Q    0.009782   205.4 min
  restart   2/8    eval   902   this Q    0.009794   best Q    0.009782   205.6 min
  restart   2/8    eval   903   this Q    0.009783   best Q    0.009782   205.7 min
  restart   2/8    eval   904   this Q    0.009778   best Q    0.009778   205.9 min
  restart   2/8    eval   905   this Q    0.009777   best Q    0.009777   206.0 min
  restart   2/8    eval   906   this Q    0.009787   best Q    0.009777   206.2 min
  restart   2/8    eval   907   this Q    0.009784   best Q    0.009777   206.3 min
  restart   2/8    eval   908   this Q    0.009774   best Q    0.009774   206.5 min
  restart   2/8    eval   909   this Q    0.009785   best Q    0.009774   206.7 min
  restart   2/8    eval   910   this Q    0.009786   best Q    0.009774   206.8 min
  restart   2/8    eval   911   this Q    0.009783   best Q    0.009774   207.0 min
  restart   2/8    eval   912   this Q    0.009789   best Q    0.009774   207.1 min
  restart   2/8    eval   913   this Q    0.009778   best Q    0.009774   207.3 min
  restart   2/8    eval   914   this Q    0.009791   best Q    0.009774   207.4 min
  restart   2/8    eval   915   this Q    0.009777   best Q    0.009774   207.6 min
  restart   2/8    eval   916   this Q    0.009785   best Q    0.009774   207.7 min
  restart   2/8    eval   917   this Q    0.009777   best Q    0.009774   207.9 min
  restart   2/8    eval   918   this Q    0.009779   best Q    0.009774   208.0 min
  restart   2/8    eval   919   this Q    0.009769   best Q    0.009769   208.2 min
  restart   2/8    eval   920   this Q    0.009771   best Q    0.009769   208.3 min
  restart   2/8    eval   921   this Q    0.009773   best Q    0.009769   208.5 min
  restart   2/8    eval   922   this Q    0.009777   best Q    0.009769   208.6 min
  restart   2/8    eval   923   this Q    0.009788   best Q    0.009769   208.8 min
  restart   2/8    eval   924   this Q    0.009778   best Q    0.009769   209.0 min
  restart   2/8    eval   925   this Q    0.009777   best Q    0.009769   209.1 min
  restart   2/8   DONE   this    0.009769   best Q    0.009769   209.1 min, ~627 min left
  restart   3/8    eval     1   this Q      0.3099   best Q    0.009769   209.3 min
  restart   3/8    eval     2   this Q      0.3099   best Q    0.009769   209.4 min
  restart   3/8    eval     3   this Q       1.589   best Q    0.009769   209.6 min
  restart   3/8    eval     4   this Q      0.4801   best Q    0.009769   209.7 min
  restart   3/8    eval     5   this Q      0.1034   best Q    0.009769   209.9 min
  restart   3/8    eval     6   this Q       1.607   best Q    0.009769   210.0 min
  restart   3/8    eval     7   this Q      0.5668   best Q    0.009769   210.2 min
  restart   3/8    eval     8   this Q      0.8995   best Q    0.009769   210.3 min
  restart   3/8    eval     9   this Q       0.914   best Q    0.009769   210.5 min
  restart   3/8    eval    10   this Q      0.2893   best Q    0.009769   210.7 min
  restart   3/8    eval    11   this Q      0.7469   best Q    0.009769   210.8 min
  restart   3/8    eval    12   this Q        2.32   best Q    0.009769   211.0 min
  restart   3/8    eval    13   this Q      0.4158   best Q    0.009769   211.1 min
  restart   3/8    eval    14   this Q       0.712   best Q    0.009769   211.3 min
  restart   3/8    eval    15   this Q      0.8264   best Q    0.009769   211.4 min
  restart   3/8    eval    16   this Q      0.4316   best Q    0.009769   211.6 min
  restart   3/8    eval    17   this Q       1.338   best Q    0.009769   211.8 min
  restart   3/8    eval    18   this Q      0.3932   best Q    0.009769   211.9 min
  restart   3/8    eval    19   this Q      0.8158   best Q    0.009769   212.1 min
  restart   3/8    eval    20   this Q      0.2245   best Q    0.009769   212.2 min
  restart   3/8    eval    21   this Q       1.415   best Q    0.009769   212.4 min
  restart   3/8    eval    22   this Q      0.2178   best Q    0.009769   212.5 min
  restart   3/8    eval    23   this Q      0.4971   best Q    0.009769   212.7 min
  restart   3/8    eval    24   this Q      0.2012   best Q    0.009769   212.8 min
  restart   3/8    eval    25   this Q      0.3323   best Q    0.009769   213.0 min
  restart   3/8    eval    26   this Q      0.4819   best Q    0.009769   213.1 min
  restart   3/8    eval    27   this Q       0.196   best Q    0.009769   213.3 min
  restart   3/8    eval    28   this Q      0.4052   best Q    0.009769   213.5 min
  restart   3/8    eval    29   this Q      0.1611   best Q    0.009769   213.6 min
  restart   3/8    eval    30   this Q      0.4405   best Q    0.009769   213.8 min
  restart   3/8    eval    31   this Q      0.1826   best Q    0.009769   213.9 min
  restart   3/8    eval    32   this Q      0.4314   best Q    0.009769   214.1 min
  restart   3/8    eval    33   this Q      0.1274   best Q    0.009769   214.2 min
  restart   3/8    eval    34   this Q      0.4031   best Q    0.009769   214.4 min
  restart   3/8    eval    35   this Q      0.1404   best Q    0.009769   214.6 min
  restart   3/8    eval    36   this Q      0.4812   best Q    0.009769   214.7 min
  restart   3/8    eval    37   this Q     0.06896   best Q    0.009769   214.9 min
  restart   3/8    eval    38   this Q       0.087   best Q    0.009769   215.0 min
  restart   3/8    eval    39   this Q      0.3877   best Q    0.009769   215.2 min
  restart   3/8    eval    40   this Q     0.09297   best Q    0.009769   215.3 min
  restart   3/8    eval    41   this Q      0.1886   best Q    0.009769   215.5 min
  restart   3/8    eval    42   this Q      0.2542   best Q    0.009769   215.6 min
  restart   3/8    eval    43   this Q      0.1012   best Q    0.009769   215.8 min
  restart   3/8    eval    44   this Q      0.1724   best Q    0.009769   216.0 min
  restart   3/8    eval    45   this Q     0.08033   best Q    0.009769   216.1 min
  restart   3/8    eval    46   this Q      0.1636   best Q    0.009769   216.3 min
  restart   3/8    eval    47   this Q     0.07695   best Q    0.009769   216.4 min
  restart   3/8    eval    48   this Q     0.09395   best Q    0.009769   216.6 min
  restart   3/8    eval    49   this Q      0.2123   best Q    0.009769   216.7 min
  restart   3/8    eval    50   this Q     0.07284   best Q    0.009769   216.9 min
  restart   3/8    eval    51   this Q      0.1032   best Q    0.009769   217.0 min
  restart   3/8    eval    52   this Q      0.1487   best Q    0.009769   217.2 min
  restart   3/8    eval    53   this Q     0.05565   best Q    0.009769   217.3 min
  restart   3/8    eval    54   this Q      0.1345   best Q    0.009769   217.5 min
  restart   3/8    eval    55   this Q     0.05464   best Q    0.009769   217.6 min
  restart   3/8    eval    56   this Q     0.07898   best Q    0.009769   217.8 min
  restart   3/8    eval    57   this Q      0.1091   best Q    0.009769   218.0 min
  restart   3/8    eval    58   this Q     0.05298   best Q    0.009769   218.1 min
  restart   3/8    eval    59   this Q     0.06819   best Q    0.009769   218.3 min
  restart   3/8    eval    60   this Q     0.06378   best Q    0.009769   218.4 min
  restart   3/8    eval    61   this Q      0.1424   best Q    0.009769   218.6 min
  restart   3/8    eval    62   this Q     0.03952   best Q    0.009769   218.7 min
  restart   3/8    eval    63   this Q     0.09766   best Q    0.009769   218.9 min
  restart   3/8    eval    64   this Q      0.0453   best Q    0.009769   219.0 min
  restart   3/8    eval    65   this Q       0.032   best Q    0.009769   219.2 min
  restart   3/8    eval    66   this Q     0.07779   best Q    0.009769   219.3 min
  restart   3/8    eval    67   this Q     0.07428   best Q    0.009769   219.5 min
  restart   3/8    eval    68   this Q     0.04343   best Q    0.009769   219.6 min
  restart   3/8    eval    69   this Q     0.05227   best Q    0.009769   219.8 min
  restart   3/8    eval    70   this Q     0.07209   best Q    0.009769   219.9 min
  restart   3/8    eval    71   this Q     0.03914   best Q    0.009769   220.1 min
  restart   3/8    eval    72   this Q     0.09911   best Q    0.009769   220.2 min
  restart   3/8    eval    73   this Q      0.0349   best Q    0.009769   220.4 min
  restart   3/8    eval    74   this Q     0.03404   best Q    0.009769   220.6 min
  restart   3/8    eval    75   this Q      0.0499   best Q    0.009769   220.7 min
  restart   3/8    eval    76   this Q     0.04436   best Q    0.009769   220.9 min
  restart   3/8    eval    77   this Q     0.08579   best Q    0.009769   221.0 min
  restart   3/8    eval    78   this Q     0.03188   best Q    0.009769   221.2 min
  restart   3/8    eval    79   this Q     0.04335   best Q    0.009769   221.3 min
  restart   3/8    eval    80   this Q     0.03732   best Q    0.009769   221.5 min
  restart   3/8    eval    81   this Q     0.04982   best Q    0.009769   221.6 min
  restart   3/8    eval    82   this Q      0.0301   best Q    0.009769   221.8 min
  restart   3/8    eval    83   this Q     0.02686   best Q    0.009769   221.9 min
  restart   3/8    eval    84   this Q     0.05184   best Q    0.009769   222.1 min
  restart   3/8    eval    85   this Q     0.04903   best Q    0.009769   222.2 min
  restart   3/8    eval    86   this Q     0.02837   best Q    0.009769   222.4 min
  restart   3/8    eval    87   this Q     0.03177   best Q    0.009769   222.5 min
  restart   3/8    eval    88   this Q      0.0266   best Q    0.009769   222.7 min
  restart   3/8    eval    89   this Q     0.05532   best Q    0.009769   222.8 min
  restart   3/8    eval    90   this Q     0.03416   best Q    0.009769   223.0 min
  restart   3/8    eval    91   this Q     0.03563   best Q    0.009769   223.1 min
  restart   3/8    eval    92   this Q     0.02531   best Q    0.009769   223.3 min
  restart   3/8    eval    93   this Q     0.03625   best Q    0.009769   223.4 min
  restart   3/8    eval    94   this Q     0.02451   best Q    0.009769   223.6 min
  restart   3/8    eval    95   this Q     0.03537   best Q    0.009769   223.7 min
  restart   3/8    eval    96   this Q     0.02444   best Q    0.009769   223.9 min
  restart   3/8    eval    97   this Q      0.0356   best Q    0.009769   224.0 min
  restart   3/8    eval    98   this Q     0.02392   best Q    0.009769   224.2 min
  restart   3/8    eval    99   this Q     0.03549   best Q    0.009769   224.3 min
  restart   3/8    eval   100   this Q     0.02413   best Q    0.009769   224.5 min
  restart   3/8    eval   101   this Q     0.03603   best Q    0.009769   224.6 min
  restart   3/8    eval   102   this Q     0.02384   best Q    0.009769   224.8 min
  restart   3/8    eval   103   this Q      0.0295   best Q    0.009769   224.9 min
  restart   3/8    eval   104   this Q     0.02344   best Q    0.009769   225.1 min
  restart   3/8    eval   105   this Q     0.02197   best Q    0.009769   225.2 min
  restart   3/8    eval   106   this Q     0.03052   best Q    0.009769   225.4 min
  restart   3/8    eval   107   this Q     0.03039   best Q    0.009769   225.5 min
  restart   3/8    eval   108   this Q     0.02195   best Q    0.009769   225.7 min
  restart   3/8    eval   109   this Q     0.03577   best Q    0.009769   225.8 min
  restart   3/8    eval   110   this Q     0.02139   best Q    0.009769   226.0 min
  restart   3/8    eval   111   this Q     0.02566   best Q    0.009769   226.1 min
  restart   3/8    eval   112   this Q     0.02218   best Q    0.009769   226.3 min
  restart   3/8    eval   113   this Q     0.02295   best Q    0.009769   226.4 min
  restart   3/8    eval   114   this Q      0.0225   best Q    0.009769   226.6 min
  restart   3/8    eval   115   this Q     0.02691   best Q    0.009769   226.7 min
  restart   3/8    eval   116   this Q      0.0214   best Q    0.009769   226.9 min
  restart   3/8    eval   117   this Q     0.01927   best Q    0.009769   227.0 min
  restart   3/8    eval   118   this Q     0.01997   best Q    0.009769   227.2 min
  restart   3/8    eval   119   this Q     0.02126   best Q    0.009769   227.3 min
  restart   3/8    eval   120   this Q     0.02208   best Q    0.009769   227.5 min
  restart   3/8    eval   121   this Q     0.02005   best Q    0.009769   227.6 min
  restart   3/8    eval   122   this Q     0.02419   best Q    0.009769   227.8 min
  restart   3/8    eval   123   this Q     0.02022   best Q    0.009769   227.9 min
  restart   3/8    eval   124   this Q     0.01967   best Q    0.009769   228.1 min
  restart   3/8    eval   125   this Q     0.02298   best Q    0.009769   228.2 min
  restart   3/8    eval   126   this Q     0.01996   best Q    0.009769   228.4 min
  restart   3/8    eval   127   this Q      0.0212   best Q    0.009769   228.6 min
  restart   3/8    eval   128   this Q     0.01911   best Q    0.009769   228.7 min
  restart   3/8    eval   129   this Q     0.02155   best Q    0.009769   228.9 min
  restart   3/8    eval   130   this Q     0.01995   best Q    0.009769   229.0 min
  restart   3/8    eval   131   this Q     0.01867   best Q    0.009769   229.2 min
  restart   3/8    eval   132   this Q     0.02103   best Q    0.009769   229.3 min
  restart   3/8    eval   133   this Q     0.02124   best Q    0.009769   229.5 min
  restart   3/8    eval   134   this Q     0.01927   best Q    0.009769   229.6 min
  restart   3/8    eval   135   this Q     0.02118   best Q    0.009769   229.8 min
  restart   3/8    eval   136   this Q     0.01923   best Q    0.009769   229.9 min
  restart   3/8    eval   137   this Q     0.01818   best Q    0.009769   230.1 min
  restart   3/8    eval   138   this Q     0.01945   best Q    0.009769   230.2 min
  restart   3/8    eval   139   this Q      0.0207   best Q    0.009769   230.4 min
  restart   3/8    eval   140   this Q     0.01873   best Q    0.009769   230.5 min
  restart   3/8    eval   141   this Q     0.01741   best Q    0.009769   230.7 min
  restart   3/8    eval   142   this Q     0.01743   best Q    0.009769   230.8 min
  restart   3/8    eval   143   this Q     0.02043   best Q    0.009769   231.0 min
  restart   3/8    eval   144   this Q     0.01851   best Q    0.009769   231.1 min
  restart   3/8    eval   145   this Q     0.01947   best Q    0.009769   231.3 min
  restart   3/8    eval   146   this Q     0.01843   best Q    0.009769   231.4 min
  restart   3/8    eval   147   this Q     0.01794   best Q    0.009769   231.6 min
  restart   3/8    eval   148   this Q     0.01778   best Q    0.009769   231.7 min
  restart   3/8    eval   149   this Q     0.01713   best Q    0.009769   231.9 min
  restart   3/8    eval   150   this Q     0.01741   best Q    0.009769   232.0 min
  restart   3/8    eval   151   this Q     0.02133   best Q    0.009769   232.2 min
  restart   3/8    eval   152   this Q      0.0178   best Q    0.009769   232.3 min
  restart   3/8    eval   153   this Q     0.01693   best Q    0.009769   232.5 min
  restart   3/8    eval   154   this Q     0.01685   best Q    0.009769   232.6 min
  restart   3/8    eval   155   this Q     0.01725   best Q    0.009769   232.8 min
  restart   3/8    eval   156   this Q     0.01619   best Q    0.009769   232.9 min
  restart   3/8    eval   157   this Q     0.01572   best Q    0.009769   233.1 min
  restart   3/8    eval   158   this Q     0.01697   best Q    0.009769   233.2 min
  restart   3/8    eval   159   this Q     0.01659   best Q    0.009769   233.4 min
  restart   3/8    eval   160   this Q     0.01613   best Q    0.009769   233.5 min
  restart   3/8    eval   161   this Q     0.01617   best Q    0.009769   233.7 min
  restart   3/8    eval   162   this Q     0.01516   best Q    0.009769   233.8 min
  restart   3/8    eval   163   this Q      0.0149   best Q    0.009769   234.0 min
  restart   3/8    eval   164   this Q       0.015   best Q    0.009769   234.1 min
  restart   3/8    eval   165   this Q     0.01424   best Q    0.009769   234.3 min
  restart   3/8    eval   166   this Q     0.01354   best Q    0.009769   234.4 min
  restart   3/8    eval   167   this Q     0.01498   best Q    0.009769   234.6 min
  restart   3/8    eval   168   this Q      0.0147   best Q    0.009769   234.7 min
  restart   3/8    eval   169   this Q     0.01418   best Q    0.009769   234.9 min
  restart   3/8    eval   170   this Q     0.01362   best Q    0.009769   235.0 min
  restart   3/8    eval   171   this Q      0.0142   best Q    0.009769   235.2 min
  restart   3/8    eval   172   this Q     0.01254   best Q    0.009769   235.3 min
  restart   3/8    eval   173   this Q     0.01238   best Q    0.009769   235.5 min
  restart   3/8    eval   174   this Q     0.01365   best Q    0.009769   235.6 min
  restart   3/8    eval   175   this Q     0.01405   best Q    0.009769   235.8 min
  restart   3/8    eval   176   this Q     0.01536   best Q    0.009769   235.9 min
  restart   3/8    eval   177   this Q     0.01356   best Q    0.009769   236.1 min
  restart   3/8    eval   178   this Q     0.01365   best Q    0.009769   236.2 min
  restart   3/8    eval   179   this Q      0.0121   best Q    0.009769   236.4 min
  restart   3/8    eval   180   this Q     0.01237   best Q    0.009769   236.5 min
  restart   3/8    eval   181   this Q     0.01324   best Q    0.009769   236.7 min
  restart   3/8    eval   182   this Q     0.01376   best Q    0.009769   236.8 min
  restart   3/8    eval   183   this Q     0.01317   best Q    0.009769   237.0 min
  restart   3/8    eval   184   this Q     0.01392   best Q    0.009769   237.1 min
  restart   3/8    eval   185   this Q     0.01283   best Q    0.009769   237.3 min
  restart   3/8    eval   186   this Q     0.01332   best Q    0.009769   237.4 min
  restart   3/8    eval   187   this Q     0.01471   best Q    0.009769   237.6 min
  restart   3/8    eval   188   this Q     0.01268   best Q    0.009769   237.8 min
  restart   3/8    eval   189   this Q     0.01169   best Q    0.009769   237.9 min
  restart   3/8    eval   190   this Q     0.01146   best Q    0.009769   238.1 min
  restart   3/8    eval   191   this Q     0.01243   best Q    0.009769   238.2 min
  restart   3/8    eval   192   this Q     0.01294   best Q    0.009769   238.4 min
  restart   3/8    eval   193   this Q     0.01358   best Q    0.009769   238.5 min
  restart   3/8    eval   194   this Q     0.01232   best Q    0.009769   238.7 min
  restart   3/8    eval   195   this Q     0.01126   best Q    0.009769   238.8 min
  restart   3/8    eval   196   this Q      0.0112   best Q    0.009769   239.0 min
  restart   3/8    eval   197   this Q     0.01223   best Q    0.009769   239.1 min
  restart   3/8    eval   198   this Q     0.01251   best Q    0.009769   239.3 min
  restart   3/8    eval   199   this Q     0.01086   best Q    0.009769   239.4 min
  restart   3/8    eval   200   this Q     0.01082   best Q    0.009769   239.6 min
  restart   3/8    eval   201   this Q     0.01135   best Q    0.009769   239.7 min
  restart   3/8    eval   202   this Q     0.01252   best Q    0.009769   239.9 min
  restart   3/8    eval   203   this Q     0.01153   best Q    0.009769   240.0 min
  restart   3/8    eval   204   this Q     0.01118   best Q    0.009769   240.2 min
  restart   3/8    eval   205   this Q     0.01069   best Q    0.009769   240.3 min
  restart   3/8    eval   206   this Q      0.0115   best Q    0.009769   240.5 min
  restart   3/8    eval   207   this Q     0.01097   best Q    0.009769   240.6 min
  restart   3/8    eval   208   this Q     0.01074   best Q    0.009769   240.8 min
  restart   3/8    eval   209   this Q     0.01009   best Q    0.009769   240.9 min
  restart   3/8    eval   210   this Q     0.01083   best Q    0.009769   241.1 min
  restart   3/8    eval   211   this Q     0.01048   best Q    0.009769   241.2 min
  restart   3/8    eval   212   this Q      0.0116   best Q    0.009769   241.4 min
  restart   3/8    eval   213   this Q     0.01058   best Q    0.009769   241.5 min
  restart   3/8    eval   214   this Q     0.01167   best Q    0.009769   241.7 min
  restart   3/8    eval   215   this Q     0.01054   best Q    0.009769   241.9 min
  restart   3/8    eval   216   this Q     0.01074   best Q    0.009769   242.0 min
  restart   3/8    eval   217   this Q     0.01049   best Q    0.009769   242.2 min
  restart   3/8    eval   218   this Q     0.01109   best Q    0.009769   242.3 min
  restart   3/8    eval   219   this Q     0.01037   best Q    0.009769   242.5 min
  restart   3/8    eval   220   this Q     0.01044   best Q    0.009769   242.6 min
  restart   3/8    eval   221   this Q     0.01119   best Q    0.009769   242.8 min
  restart   3/8    eval   222   this Q     0.01026   best Q    0.009769   242.9 min
  restart   3/8    eval   223   this Q     0.01099   best Q    0.009769   243.1 min
  restart   3/8    eval   224   this Q     0.01028   best Q    0.009769   243.2 min
  restart   3/8    eval   225   this Q     0.01053   best Q    0.009769   243.4 min
  restart   3/8    eval   226   this Q     0.01045   best Q    0.009769   243.5 min
  restart   3/8    eval   227   this Q     0.01067   best Q    0.009769   243.7 min
  restart   3/8    eval   228   this Q     0.01022   best Q    0.009769   243.8 min
  restart   3/8    eval   229   this Q     0.01043   best Q    0.009769   244.0 min
  restart   3/8    eval   230   this Q     0.01056   best Q    0.009769   244.1 min
  restart   3/8    eval   231   this Q      0.0102   best Q    0.009769   244.3 min
  restart   3/8    eval   232   this Q     0.01006   best Q    0.009769   244.4 min
  restart   3/8    eval   233   this Q     0.01035   best Q    0.009769   244.6 min
  restart   3/8    eval   234   this Q     0.01074   best Q    0.009769   244.7 min
  restart   3/8    eval   235   this Q     0.01014   best Q    0.009769   244.9 min
  restart   3/8    eval   236   this Q     0.01059   best Q    0.009769   245.1 min
  restart   3/8    eval   237   this Q     0.01016   best Q    0.009769   245.2 min
  restart   3/8    eval   238   this Q     0.01041   best Q    0.009769   245.4 min
  restart   3/8    eval   239   this Q     0.01016   best Q    0.009769   245.5 min
  restart   3/8    eval   240   this Q     0.01015   best Q    0.009769   245.7 min
  restart   3/8    eval   241   this Q     0.01013   best Q    0.009769   245.8 min
  restart   3/8    eval   242   this Q     0.01027   best Q    0.009769   246.0 min
  restart   3/8    eval   243   this Q      0.0101   best Q    0.009769   246.1 min
  restart   3/8    eval   244   this Q     0.01003   best Q    0.009769   246.3 min
  restart   3/8    eval   245   this Q     0.01021   best Q    0.009769   246.4 min
  restart   3/8    eval   246   this Q     0.01001   best Q    0.009769   246.6 min
  restart   3/8    eval   247   this Q     0.01019   best Q    0.009769   246.7 min
  restart   3/8    eval   248   this Q     0.01001   best Q    0.009769   246.9 min
  restart   3/8    eval   249   this Q    0.009982   best Q    0.009769   247.0 min
  restart   3/8    eval   250   this Q     0.01017   best Q    0.009769   247.2 min
  restart   3/8    eval   251   this Q     0.01015   best Q    0.009769   247.3 min
  restart   3/8    eval   252   this Q     0.01001   best Q    0.009769   247.5 min
  restart   3/8    eval   253   this Q    0.009837   best Q    0.009769   247.6 min
  restart   3/8    eval   254   this Q    0.009796   best Q    0.009769   247.8 min
  restart   3/8    eval   255   this Q     0.01016   best Q    0.009769   247.9 min
  restart   3/8    eval   256   this Q    0.009965   best Q    0.009769   248.1 min
  restart   3/8    eval   257   this Q    0.009945   best Q    0.009769   248.2 min
  restart   3/8    eval   258   this Q    0.009814   best Q    0.009769   248.4 min
  restart   3/8    eval   259   this Q     0.01008   best Q    0.009769   248.5 min
  restart   3/8    eval   260   this Q    0.009919   best Q    0.009769   248.7 min
  restart   3/8    eval   261   this Q    0.009927   best Q    0.009769   248.8 min
  restart   3/8    eval   262   this Q    0.009989   best Q    0.009769   249.0 min
  restart   3/8    eval   263   this Q    0.009853   best Q    0.009769   249.2 min
  restart   3/8    eval   264   this Q    0.009726   best Q    0.009726   249.3 min
  restart   3/8    eval   265   this Q    0.009679   best Q    0.009679   249.5 min
  restart   3/8    eval   266   this Q    0.009895   best Q    0.009679   249.6 min
  restart   3/8    eval   267   this Q    0.009819   best Q    0.009679   249.8 min
  restart   3/8    eval   268   this Q    0.009865   best Q    0.009679   249.9 min
  restart   3/8    eval   269   this Q    0.009876   best Q    0.009679   250.1 min
  restart   3/8    eval   270   this Q    0.009771   best Q    0.009679   250.2 min
  restart   3/8    eval   271   this Q    0.009659   best Q    0.009659   250.4 min
  restart   3/8    eval   272   this Q    0.009681   best Q    0.009659   250.5 min
  restart   3/8    eval   273   this Q    0.009869   best Q    0.009659   250.7 min
  restart   3/8    eval   274   this Q    0.009752   best Q    0.009659   250.8 min
  restart   3/8    eval   275   this Q     0.00994   best Q    0.009659   251.0 min
  restart   3/8    eval   276   this Q    0.009742   best Q    0.009659   251.1 min
  restart   3/8    eval   277   this Q     0.00972   best Q    0.009659   251.3 min
  restart   3/8    eval   278   this Q    0.009591   best Q    0.009591   251.4 min
  restart   3/8    eval   279   this Q    0.009576   best Q    0.009576   251.6 min
  restart   3/8    eval   280   this Q    0.009625   best Q    0.009576   251.7 min
  restart   3/8    eval   281   this Q    0.009619   best Q    0.009576   251.9 min
  restart   3/8    eval   282   this Q    0.009539   best Q    0.009539   252.0 min
  restart   3/8    eval   283   this Q    0.009611   best Q    0.009539   252.2 min
  restart   3/8    eval   284   this Q    0.009499   best Q    0.009499   252.4 min
  restart   3/8    eval   285   this Q    0.009542   best Q    0.009499   252.5 min
  restart   3/8    eval   286   this Q    0.009682   best Q    0.009499   252.7 min
  restart   3/8    eval   287   this Q    0.009653   best Q    0.009499   252.8 min
  restart   3/8    eval   288   this Q    0.009587   best Q    0.009499   253.0 min
  restart   3/8    eval   289   this Q    0.009634   best Q    0.009499   253.1 min
  restart   3/8    eval   290   this Q    0.009532   best Q    0.009499   253.3 min
  restart   3/8    eval   291   this Q    0.009512   best Q    0.009499   253.4 min
  restart   3/8    eval   292   this Q    0.009563   best Q    0.009499   253.6 min
  restart   3/8    eval   293   this Q     0.00954   best Q    0.009499   253.7 min
  restart   3/8    eval   294   this Q     0.00952   best Q    0.009499   253.9 min
  restart   3/8    eval   295   this Q     0.00939   best Q     0.00939   254.0 min
  restart   3/8    eval   296   this Q    0.009412   best Q     0.00939   254.2 min
  restart   3/8    eval   297   this Q    0.009465   best Q     0.00939   254.3 min
  restart   3/8    eval   298   this Q    0.009412   best Q     0.00939   254.5 min
  restart   3/8    eval   299   this Q    0.009585   best Q     0.00939   254.6 min
  restart   3/8    eval   300   this Q    0.009456   best Q     0.00939   254.8 min
  restart   3/8    eval   301   this Q    0.009482   best Q     0.00939   254.9 min
  restart   3/8    eval   302   this Q    0.009356   best Q    0.009356   255.1 min
  restart   3/8    eval   303   this Q    0.009401   best Q    0.009356   255.2 min
  restart   3/8    eval   304   this Q    0.009439   best Q    0.009356   255.4 min
  restart   3/8    eval   305   this Q    0.009535   best Q    0.009356   255.6 min
  restart   3/8    eval   306   this Q    0.009422   best Q    0.009356   255.7 min
  restart   3/8    eval   307   this Q    0.009444   best Q    0.009356   255.9 min
  restart   3/8    eval   308   this Q     0.00934   best Q     0.00934   256.0 min
  restart   3/8    eval   309   this Q    0.009405   best Q     0.00934   256.2 min
  restart   3/8    eval   310   this Q    0.009395   best Q     0.00934   256.3 min
  restart   3/8    eval   311   this Q     0.00944   best Q     0.00934   256.5 min
  restart   3/8    eval   312   this Q    0.009301   best Q    0.009301   256.6 min
  restart   3/8    eval   313   this Q     0.00932   best Q    0.009301   256.8 min
  restart   3/8    eval   314   this Q    0.009479   best Q    0.009301   256.9 min
  restart   3/8    eval   315   this Q    0.009356   best Q    0.009301   257.1 min
  restart   3/8    eval   316   this Q    0.009409   best Q    0.009301   257.2 min
  restart   3/8    eval   317   this Q     0.00942   best Q    0.009301   257.4 min
  restart   3/8    eval   318   this Q    0.009248   best Q    0.009248   257.5 min
  restart   3/8    eval   319   this Q     0.00921   best Q     0.00921   257.7 min
  restart   3/8    eval   320   this Q    0.009389   best Q     0.00921   257.8 min
  restart   3/8    eval   321   this Q    0.009358   best Q     0.00921   258.0 min
  restart   3/8    eval   322   this Q    0.009295   best Q     0.00921   258.2 min
  restart   3/8    eval   323   this Q    0.009288   best Q     0.00921   258.3 min
  restart   3/8    eval   324   this Q    0.009227   best Q     0.00921   258.5 min
  restart   3/8    eval   325   this Q     0.00931   best Q     0.00921   258.6 min
  restart   3/8    eval   326   this Q    0.009384   best Q     0.00921   258.8 min
  restart   3/8    eval   327   this Q    0.009274   best Q     0.00921   258.9 min
  restart   3/8    eval   328   this Q    0.009198   best Q    0.009198   259.1 min
  restart   3/8    eval   329   this Q    0.009216   best Q    0.009198   259.2 min
  restart   3/8    eval   330   this Q    0.009153   best Q    0.009153   259.4 min
  restart   3/8    eval   331   this Q    0.009154   best Q    0.009153   259.5 min
  restart   3/8    eval   332   this Q    0.009172   best Q    0.009153   259.7 min
  restart   3/8    eval   333   this Q    0.009308   best Q    0.009153   259.8 min
  restart   3/8    eval   334   this Q     0.00922   best Q    0.009153   260.0 min
  restart   3/8    eval   335   this Q    0.009119   best Q    0.009119   260.1 min
  restart   3/8    eval   336   this Q    0.009086   best Q    0.009086   260.3 min
  restart   3/8    eval   337   this Q    0.009173   best Q    0.009086   260.4 min
  restart   3/8    eval   338   this Q    0.009112   best Q    0.009086   260.6 min
  restart   3/8    eval   339   this Q    0.009036   best Q    0.009036   260.7 min
  restart   3/8    eval   340   this Q    0.008994   best Q    0.008994   260.9 min
  restart   3/8    eval   341   this Q    0.009124   best Q    0.008994   261.1 min
  restart   3/8    eval   342   this Q    0.009049   best Q    0.008994   261.2 min
  restart   3/8    eval   343   this Q    0.008986   best Q    0.008986   261.4 min
  restart   3/8    eval   344   this Q    0.008953   best Q    0.008953   261.5 min
  restart   3/8    eval   345   this Q    0.008936   best Q    0.008936   261.7 min
  restart   3/8    eval   346   this Q    0.008911   best Q    0.008911   261.8 min
  restart   3/8    eval   347   this Q    0.008903   best Q    0.008903   262.0 min
  restart   3/8    eval   348   this Q    0.008901   best Q    0.008901   262.1 min
  restart   3/8    eval   349   this Q    0.008892   best Q    0.008892   262.3 min
  restart   3/8    eval   350   this Q    0.008987   best Q    0.008892   262.4 min
  restart   3/8    eval   351   this Q    0.008896   best Q    0.008892   262.6 min
  restart   3/8    eval   352   this Q    0.008826   best Q    0.008826   262.7 min
  restart   3/8    eval   353   this Q     0.00891   best Q    0.008826   262.9 min
  restart   3/8    eval   354   this Q    0.008798   best Q    0.008798   263.0 min
  restart   3/8    eval   355   this Q      0.0089   best Q    0.008798   263.2 min
  restart   3/8    eval   356   this Q    0.008715   best Q    0.008715   263.4 min
  restart   3/8    eval   357   this Q    0.008721   best Q    0.008715   263.5 min
  restart   3/8    eval   358   this Q    0.008694   best Q    0.008694   263.7 min
  restart   3/8    eval   359   this Q     0.00873   best Q    0.008694   263.8 min
  restart   3/8    eval   360   this Q    0.008691   best Q    0.008691   264.0 min
  restart   3/8    eval   361   this Q    0.008763   best Q    0.008691   264.1 min
  restart   3/8    eval   362   this Q    0.008778   best Q    0.008691   264.3 min
  restart   3/8    eval   363   this Q    0.008764   best Q    0.008691   264.4 min
  restart   3/8    eval   364   this Q    0.008915   best Q    0.008691   264.6 min
  restart   3/8    eval   365   this Q    0.008761   best Q    0.008691   264.7 min
  restart   3/8    eval   366   this Q    0.008656   best Q    0.008656   264.9 min
  restart   3/8    eval   367   this Q    0.008733   best Q    0.008656   265.1 min
  restart   3/8    eval   368   this Q    0.008717   best Q    0.008656   265.2 min
  restart   3/8    eval   369   this Q    0.008678   best Q    0.008656   265.4 min
  restart   3/8    eval   370   this Q    0.008683   best Q    0.008656   265.5 min
  restart   3/8    eval   371   this Q    0.008803   best Q    0.008656   265.7 min
  restart   3/8    eval   372   this Q    0.008681   best Q    0.008656   265.8 min
  restart   3/8    eval   373   this Q    0.008709   best Q    0.008656   266.0 min
  restart   3/8    eval   374   this Q    0.008632   best Q    0.008632   266.1 min
  restart   3/8    eval   375   this Q    0.008733   best Q    0.008632   266.3 min
  restart   3/8    eval   376   this Q    0.008701   best Q    0.008632   266.4 min
  restart   3/8    eval   377   this Q    0.008595   best Q    0.008595   266.6 min
  restart   3/8    eval   378   this Q    0.008632   best Q    0.008595   266.8 min
  restart   3/8    eval   379   this Q     0.00864   best Q    0.008595   266.9 min
  restart   3/8    eval   380   this Q    0.008717   best Q    0.008595   267.1 min
  restart   3/8    eval   381   this Q    0.008631   best Q    0.008595   267.2 min
  restart   3/8    eval   382   this Q    0.008657   best Q    0.008595   267.4 min
  restart   3/8    eval   383   this Q    0.008678   best Q    0.008595   267.5 min
  restart   3/8    eval   384   this Q     0.00868   best Q    0.008595   267.7 min
  restart   3/8    eval   385   this Q    0.008605   best Q    0.008595   267.8 min
  restart   3/8    eval   386   this Q    0.008664   best Q    0.008595   268.0 min
  restart   3/8    eval   387   this Q    0.008568   best Q    0.008568   268.2 min
  restart   3/8    eval   388   this Q    0.008609   best Q    0.008568   268.3 min
  restart   3/8    eval   389   this Q     0.00867   best Q    0.008568   268.5 min
  restart   3/8    eval   390   this Q    0.008607   best Q    0.008568   268.6 min
  restart   3/8    eval   391   this Q     0.00867   best Q    0.008568   268.8 min
  restart   3/8    eval   392   this Q    0.008602   best Q    0.008568   268.9 min
  restart   3/8    eval   393   this Q    0.008629   best Q    0.008568   269.1 min
  restart   3/8    eval   394   this Q    0.008588   best Q    0.008568   269.2 min
  restart   3/8    eval   395   this Q     0.00868   best Q    0.008568   269.4 min
  restart   3/8    eval   396   this Q    0.008585   best Q    0.008568   269.5 min
  restart   3/8    eval   397   this Q    0.008574   best Q    0.008568   269.7 min
  restart   3/8    eval   398   this Q    0.008593   best Q    0.008568   269.9 min
  restart   3/8    eval   399   this Q    0.008649   best Q    0.008568   270.0 min
  restart   3/8    eval   400   this Q    0.008581   best Q    0.008568   270.2 min
  restart   3/8    eval   401   this Q    0.008564   best Q    0.008564   270.3 min
  restart   3/8    eval   402   this Q    0.008608   best Q    0.008564   270.5 min
  restart   3/8    eval   403   this Q    0.008604   best Q    0.008564   270.6 min
  restart   3/8    eval   404   this Q     0.00857   best Q    0.008564   270.8 min
  restart   3/8    eval   405   this Q    0.008531   best Q    0.008531   270.9 min
  restart   3/8    eval   406   this Q     0.00853   best Q     0.00853   271.1 min
  restart   3/8    eval   407   this Q    0.008556   best Q     0.00853   271.2 min
  restart   3/8    eval   408   this Q    0.008576   best Q     0.00853   271.4 min
  restart   3/8    eval   409   this Q    0.008609   best Q     0.00853   271.6 min
  restart   3/8    eval   410   this Q    0.008552   best Q     0.00853   271.7 min
  restart   3/8    eval   411   this Q    0.008515   best Q    0.008515   271.9 min
  restart   3/8    eval   412   this Q    0.008516   best Q    0.008515   272.0 min
  restart   3/8    eval   413   this Q    0.008519   best Q    0.008515   272.2 min
  restart   3/8    eval   414   this Q    0.008581   best Q    0.008515   272.3 min
  restart   3/8    eval   415   this Q     0.00854   best Q    0.008515   272.5 min
  restart   3/8    eval   416   this Q    0.008548   best Q    0.008515   272.6 min
  restart   3/8    eval   417   this Q    0.008504   best Q    0.008504   272.8 min
  restart   3/8    eval   418   this Q      0.0085   best Q      0.0085   273.0 min
  restart   3/8    eval   419   this Q    0.008502   best Q      0.0085   273.1 min
  restart   3/8    eval   420   this Q    0.008504   best Q      0.0085   273.3 min
  restart   3/8    eval   421   this Q    0.008517   best Q      0.0085   273.4 min
  restart   3/8    eval   422   this Q    0.008462   best Q    0.008462   273.6 min
  restart   3/8    eval   423   this Q    0.008452   best Q    0.008452   273.7 min
  restart   3/8    eval   424   this Q    0.008452   best Q    0.008452   273.9 min
  restart   3/8    eval   425   this Q    0.008456   best Q    0.008452   274.0 min
  restart   3/8    eval   426   this Q    0.008463   best Q    0.008452   274.2 min
  restart   3/8    eval   427   this Q    0.008436   best Q    0.008436   274.3 min
  restart   3/8    eval   428   this Q    0.008441   best Q    0.008436   274.5 min
  restart   3/8    eval   429   this Q     0.00848   best Q    0.008436   274.7 min
  restart   3/8    eval   430   this Q    0.008452   best Q    0.008436   274.8 min
  restart   3/8    eval   431   this Q    0.008502   best Q    0.008436   275.0 min
  restart   3/8    eval   432   this Q    0.008469   best Q    0.008436   275.1 min
  restart   3/8    eval   433   this Q    0.008482   best Q    0.008436   275.3 min
  restart   3/8    eval   434   this Q    0.008447   best Q    0.008436   275.4 min
  restart   3/8    eval   435   this Q    0.008403   best Q    0.008403   275.6 min
  restart   3/8    eval   436   this Q    0.008408   best Q    0.008403   275.7 min
  restart   3/8    eval   437   this Q    0.008469   best Q    0.008403   275.9 min
  restart   3/8    eval   438   this Q    0.008443   best Q    0.008403   276.0 min
  restart   3/8    eval   439   this Q    0.008461   best Q    0.008403   276.2 min
  restart   3/8    eval   440   this Q    0.008466   best Q    0.008403   276.4 min
  restart   3/8    eval   441   this Q     0.00843   best Q    0.008403   276.5 min
  restart   3/8    eval   442   this Q    0.008435   best Q    0.008403   276.7 min
  restart   3/8    eval   443   this Q    0.008475   best Q    0.008403   276.8 min
  restart   3/8    eval   444   this Q    0.008427   best Q    0.008403   277.0 min
  restart   3/8    eval   445   this Q    0.008457   best Q    0.008403   277.1 min
  restart   3/8    eval   446   this Q    0.008428   best Q    0.008403   277.3 min
  restart   3/8    eval   447   this Q    0.008427   best Q    0.008403   277.4 min
  restart   3/8    eval   448   this Q    0.008412   best Q    0.008403   277.6 min
  restart   3/8    eval   449   this Q    0.008402   best Q    0.008402   277.8 min
  restart   3/8    eval   450   this Q    0.008427   best Q    0.008402   277.9 min
  restart   3/8    eval   451   this Q    0.008414   best Q    0.008402   278.1 min
  restart   3/8    eval   452   this Q    0.008446   best Q    0.008402   278.2 min
  restart   3/8    eval   453   this Q    0.008409   best Q    0.008402   278.4 min
  restart   3/8    eval   454   this Q     0.00844   best Q    0.008402   278.5 min
  restart   3/8    eval   455   this Q    0.008412   best Q    0.008402   278.7 min
  restart   3/8    eval   456   this Q    0.008383   best Q    0.008383   278.8 min
  restart   3/8    eval   457   this Q    0.008375   best Q    0.008375   279.0 min
  restart   3/8    eval   458   this Q    0.008368   best Q    0.008368   279.1 min
  restart   3/8    eval   459   this Q    0.008348   best Q    0.008348   279.3 min
  restart   3/8    eval   460   this Q    0.008361   best Q    0.008348   279.5 min
  restart   3/8    eval   461   this Q    0.008391   best Q    0.008348   279.6 min
  restart   3/8    eval   462   this Q    0.008371   best Q    0.008348   279.8 min
  restart   3/8    eval   463   this Q    0.008354   best Q    0.008348   279.9 min
  restart   3/8    eval   464   this Q    0.008351   best Q    0.008348   280.1 min
  restart   3/8    eval   465   this Q    0.008336   best Q    0.008336   280.2 min
  restart   3/8    eval   466   this Q    0.008345   best Q    0.008336   280.4 min
  restart   3/8    eval   467   this Q    0.008328   best Q    0.008328   280.5 min
  restart   3/8    eval   468   this Q    0.008479   best Q    0.008328   280.7 min
  restart   3/8    eval   469   this Q    0.008323   best Q    0.008323   280.9 min
  restart   3/8    eval   470   this Q    0.008658   best Q    0.008323   281.0 min
  restart   3/8    eval   471   this Q    0.008317   best Q    0.008317   281.2 min
  restart   3/8    eval   472   this Q    0.008336   best Q    0.008317   281.3 min
  restart   3/8    eval   473   this Q    0.008314   best Q    0.008314   281.5 min
  restart   3/8    eval   474   this Q    0.008329   best Q    0.008314   281.6 min
  restart   3/8    eval   475   this Q    0.008323   best Q    0.008314   281.8 min
  restart   3/8    eval   476   this Q    0.008477   best Q    0.008314   281.9 min
  restart   3/8    eval   477   this Q    0.008333   best Q    0.008314   282.1 min
  restart   3/8    eval   478   this Q    0.008301   best Q    0.008301   282.2 min
  restart   3/8    eval   479   this Q    0.008296   best Q    0.008296   282.4 min
  restart   3/8    eval   480   this Q    0.008301   best Q    0.008296   282.6 min
  restart   3/8    eval   481   this Q    0.008274   best Q    0.008274   282.7 min
  restart   3/8    eval   482   this Q    0.008268   best Q    0.008268   282.9 min
  restart   3/8    eval   483   this Q    0.008288   best Q    0.008268   283.0 min
  restart   3/8    eval   484   this Q    0.008242   best Q    0.008242   283.2 min
  restart   3/8    eval   485   this Q     0.00824   best Q     0.00824   283.3 min
  restart   3/8    eval   486   this Q    0.008276   best Q     0.00824   283.5 min
  restart   3/8    eval   487   this Q    0.008284   best Q     0.00824   283.6 min
  restart   3/8    eval   488   this Q    0.008276   best Q     0.00824   283.8 min
  restart   3/8    eval   489   this Q    0.008223   best Q    0.008223   283.9 min
  restart   3/8    eval   490   this Q    0.008203   best Q    0.008203   284.1 min
  restart   3/8    eval   491   this Q    0.008201   best Q    0.008201   284.3 min
  restart   3/8    eval   492   this Q    0.008165   best Q    0.008165   284.4 min
  restart   3/8    eval   493   this Q    0.008192   best Q    0.008165   284.6 min
  restart   3/8    eval   494   this Q    0.008197   best Q    0.008165   284.7 min
  restart   3/8    eval   495   this Q    0.008189   best Q    0.008165   284.9 min
  restart   3/8    eval   496   this Q    0.008303   best Q    0.008165   285.0 min
  restart   3/8    eval   497   this Q     0.00824   best Q    0.008165   285.2 min
  restart   3/8    eval   498   this Q    0.008232   best Q    0.008165   285.3 min
  restart   3/8    eval   499   this Q    0.008235   best Q    0.008165   285.5 min
  restart   3/8    eval   500   this Q    0.008184   best Q    0.008165   285.6 min
  restart   3/8    eval   501   this Q    0.008277   best Q    0.008165   285.8 min
  restart   3/8    eval   502   this Q    0.008204   best Q    0.008165   286.0 min
  restart   3/8    eval   503   this Q    0.008176   best Q    0.008165   286.1 min
  restart   3/8    eval   504   this Q    0.008182   best Q    0.008165   286.3 min
  restart   3/8    eval   505   this Q    0.008219   best Q    0.008165   286.4 min
  restart   3/8    eval   506   this Q    0.008179   best Q    0.008165   286.6 min
  restart   3/8    eval   507   this Q    0.008134   best Q    0.008134   286.7 min
  restart   3/8    eval   508   this Q    0.008113   best Q    0.008113   286.9 min
  restart   3/8    eval   509   this Q    0.008192   best Q    0.008113   287.0 min
  restart   3/8    eval   510   this Q    0.008218   best Q    0.008113   287.2 min
  restart   3/8    eval   511   this Q    0.008164   best Q    0.008113   287.3 min
  restart   3/8    eval   512   this Q    0.008201   best Q    0.008113   287.5 min
  restart   3/8    eval   513   this Q    0.008167   best Q    0.008113   287.7 min
  restart   3/8    eval   514   this Q    0.008167   best Q    0.008113   287.8 min
  restart   3/8    eval   515   this Q    0.008165   best Q    0.008113   288.0 min
  restart   3/8    eval   516   this Q    0.008144   best Q    0.008113   288.1 min
  restart   3/8    eval   517   this Q    0.008138   best Q    0.008113   288.3 min
  restart   3/8    eval   518   this Q    0.008144   best Q    0.008113   288.4 min
  restart   3/8    eval   519   this Q    0.008144   best Q    0.008113   288.6 min
  restart   3/8    eval   520   this Q    0.008142   best Q    0.008113   288.7 min
  restart   3/8    eval   521   this Q    0.008108   best Q    0.008108   288.9 min
  restart   3/8    eval   522   this Q     0.00809   best Q     0.00809   289.0 min
  restart   3/8    eval   523   this Q    0.008107   best Q     0.00809   289.2 min
  restart   3/8    eval   524   this Q    0.008124   best Q     0.00809   289.4 min
  restart   3/8    eval   525   this Q    0.008092   best Q     0.00809   289.5 min
  restart   3/8    eval   526   this Q    0.008113   best Q     0.00809   289.7 min
  restart   3/8    eval   527   this Q    0.008097   best Q     0.00809   289.8 min
  restart   3/8    eval   528   this Q    0.008066   best Q    0.008066   290.0 min
  restart   3/8    eval   529   this Q    0.008093   best Q    0.008066   290.1 min
  restart   3/8    eval   530   this Q    0.008092   best Q    0.008066   290.3 min
  restart   3/8    eval   531   this Q    0.008053   best Q    0.008053   290.4 min
  restart   3/8    eval   532   this Q    0.008036   best Q    0.008036   290.6 min
  restart   3/8    eval   533   this Q    0.008106   best Q    0.008036   290.7 min
  restart   3/8    eval   534   this Q    0.008078   best Q    0.008036   290.9 min
  restart   3/8    eval   535   this Q    0.008039   best Q    0.008036   291.1 min
  restart   3/8    eval   536   this Q    0.008022   best Q    0.008022   291.2 min
  restart   3/8    eval   537   this Q    0.007994   best Q    0.007994   291.4 min
  restart   3/8    eval   538   this Q    0.008078   best Q    0.007994   291.5 min
  restart   3/8    eval   539   this Q    0.008049   best Q    0.007994   291.7 min
  restart   3/8    eval   540   this Q    0.008027   best Q    0.007994   291.8 min
  restart   3/8    eval   541   this Q    0.008056   best Q    0.007994   292.0 min
  restart   3/8    eval   542   this Q    0.007993   best Q    0.007993   292.1 min
  restart   3/8    eval   543   this Q    0.007994   best Q    0.007993   292.3 min
  restart   3/8    eval   544   this Q     0.00805   best Q    0.007993   292.5 min
  restart   3/8    eval   545   this Q    0.007993   best Q    0.007993   292.6 min
  restart   3/8    eval   546   this Q    0.008028   best Q    0.007993   292.8 min
  restart   3/8    eval   547   this Q    0.008046   best Q    0.007993   292.9 min
  restart   3/8    eval   548   this Q    0.008008   best Q    0.007993   293.1 min
  restart   3/8    eval   549   this Q    0.007988   best Q    0.007988   293.2 min
  restart   3/8    eval   550   this Q    0.008012   best Q    0.007988   293.4 min
  restart   3/8    eval   551   this Q    0.008043   best Q    0.007988   293.5 min
  restart   3/8    eval   552   this Q    0.008006   best Q    0.007988   293.7 min
  restart   3/8    eval   553   this Q    0.007966   best Q    0.007966   293.8 min
  restart   3/8    eval   554   this Q    0.007981   best Q    0.007966   294.0 min
  restart   3/8    eval   555   this Q    0.008019   best Q    0.007966   294.2 min
  restart   3/8    eval   556   this Q    0.008018   best Q    0.007966   294.3 min
  restart   3/8    eval   557   this Q    0.007989   best Q    0.007966   294.5 min
  restart   3/8    eval   558   this Q    0.007981   best Q    0.007966   294.6 min
  restart   3/8    eval   559   this Q    0.008013   best Q    0.007966   294.8 min
  restart   3/8    eval   560   this Q    0.007982   best Q    0.007966   294.9 min
  restart   3/8    eval   561   this Q    0.007979   best Q    0.007966   295.1 min
  restart   3/8    eval   562   this Q     0.00795   best Q     0.00795   295.2 min
  restart   3/8    eval   563   this Q     0.00795   best Q     0.00795   295.4 min
  restart   3/8    eval   564   this Q    0.007951   best Q     0.00795   295.5 min
  restart   3/8    eval   565   this Q    0.007946   best Q    0.007946   295.7 min
  restart   3/8    eval   566   this Q    0.007975   best Q    0.007946   295.9 min
  restart   3/8    eval   567   this Q       0.008   best Q    0.007946   296.0 min
  restart   3/8    eval   568   this Q    0.007962   best Q    0.007946   296.2 min
  restart   3/8    eval   569   this Q    0.008026   best Q    0.007946   296.3 min
  restart   3/8    eval   570   this Q    0.007961   best Q    0.007946   296.5 min
  restart   3/8    eval   571   this Q    0.007948   best Q    0.007946   296.6 min
  restart   3/8    eval   572   this Q    0.007921   best Q    0.007921   296.8 min
  restart   3/8    eval   573   this Q    0.007915   best Q    0.007915   296.9 min
  restart   3/8    eval   574   this Q    0.007933   best Q    0.007915   297.1 min
  restart   3/8    eval   575   this Q    0.007909   best Q    0.007909   297.2 min
  restart   3/8    eval   576   this Q    0.007929   best Q    0.007909   297.4 min
  restart   3/8    eval   577   this Q    0.007933   best Q    0.007909   297.6 min
  restart   3/8    eval   578   this Q    0.007901   best Q    0.007901   297.7 min
  restart   3/8    eval   579   this Q    0.007899   best Q    0.007899   297.9 min
  restart   3/8    eval   580   this Q    0.007901   best Q    0.007899   298.0 min
  restart   3/8    eval   581   this Q    0.007939   best Q    0.007899   298.2 min
  restart   3/8    eval   582   this Q    0.007931   best Q    0.007899   298.3 min
  restart   3/8    eval   583   this Q    0.007912   best Q    0.007899   298.5 min
  restart   3/8    eval   584   this Q    0.007874   best Q    0.007874   298.6 min
  restart   3/8    eval   585   this Q    0.007869   best Q    0.007869   298.8 min
  restart   3/8    eval   586   this Q    0.007889   best Q    0.007869   298.9 min
  restart   3/8    eval   587   this Q    0.007862   best Q    0.007862   299.1 min
  restart   3/8    eval   588   this Q    0.007875   best Q    0.007862   299.3 min
  restart   3/8    eval   589   this Q    0.007861   best Q    0.007861   299.4 min
  restart   3/8    eval   590   this Q    0.007892   best Q    0.007861   299.6 min
  restart   3/8    eval   591   this Q    0.007885   best Q    0.007861   299.7 min
  restart   3/8    eval   592   this Q    0.007869   best Q    0.007861   299.9 min
  restart   3/8    eval   593   this Q    0.007862   best Q    0.007861   300.0 min
  restart   3/8    eval   594   this Q     0.00791   best Q    0.007861   300.2 min
  restart   3/8    eval   595   this Q    0.007874   best Q    0.007861   300.3 min
  restart   3/8    eval   596   this Q    0.007834   best Q    0.007834   300.5 min
  restart   3/8    eval   597   this Q    0.007859   best Q    0.007834   300.6 min
  restart   3/8    eval   598   this Q     0.00781   best Q     0.00781   300.8 min
  restart   3/8    eval   599   this Q    0.007809   best Q    0.007809   301.0 min
  restart   3/8    eval   600   this Q    0.007834   best Q    0.007809   301.1 min
  restart   3/8    eval   601   this Q    0.007888   best Q    0.007809   301.3 min
  restart   3/8    eval   602   this Q     0.00785   best Q    0.007809   301.4 min
  restart   3/8    eval   603   this Q    0.007826   best Q    0.007809   301.6 min
  restart   3/8    eval   604   this Q    0.007871   best Q    0.007809   301.7 min
  restart   3/8    eval   605   this Q     0.00784   best Q    0.007809   301.9 min
  restart   3/8    eval   606   this Q    0.007833   best Q    0.007809   302.0 min
  restart   3/8    eval   607   this Q    0.007839   best Q    0.007809   302.2 min
  restart   3/8    eval   608   this Q    0.007842   best Q    0.007809   302.3 min
  restart   3/8    eval   609   this Q    0.007793   best Q    0.007793   302.5 min
  restart   3/8    eval   610   this Q    0.007813   best Q    0.007793   302.7 min
  restart   3/8    eval   611   this Q     0.00785   best Q    0.007793   302.8 min
  restart   3/8    eval   612   this Q    0.007829   best Q    0.007793   303.0 min
  restart   3/8    eval   613   this Q    0.007828   best Q    0.007793   303.1 min
  restart   3/8    eval   614   this Q    0.007802   best Q    0.007793   303.3 min
  restart   3/8    eval   615   this Q    0.007834   best Q    0.007793   303.4 min
  restart   3/8    eval   616   this Q     0.00783   best Q    0.007793   303.6 min
  restart   3/8    eval   617   this Q    0.007791   best Q    0.007791   303.7 min
  restart   3/8    eval   618   this Q    0.007794   best Q    0.007791   303.9 min
  restart   3/8    eval   619   this Q    0.007814   best Q    0.007791   304.0 min
  restart   3/8    eval   620   this Q    0.007797   best Q    0.007791   304.2 min
  restart   3/8    eval   621   this Q     0.00782   best Q    0.007791   304.4 min
  restart   3/8    eval   622   this Q    0.007781   best Q    0.007781   304.5 min
  restart   3/8    eval   623   this Q    0.007788   best Q    0.007781   304.7 min
  restart   3/8    eval   624   this Q    0.007798   best Q    0.007781   304.8 min
  restart   3/8    eval   625   this Q    0.007785   best Q    0.007781   305.0 min
  restart   3/8    eval   626   this Q    0.007827   best Q    0.007781   305.1 min
  restart   3/8    eval   627   this Q    0.007793   best Q    0.007781   305.3 min
  restart   3/8    eval   628   this Q     0.00779   best Q    0.007781   305.4 min
  restart   3/8    eval   629   this Q    0.007807   best Q    0.007781   305.6 min
  restart   3/8    eval   630   this Q    0.007787   best Q    0.007781   305.7 min
  restart   3/8    eval   631   this Q    0.007773   best Q    0.007773   305.9 min
  restart   3/8    eval   632   this Q    0.007798   best Q    0.007773   306.1 min
  restart   3/8    eval   633   this Q      0.0078   best Q    0.007773   306.2 min
  restart   3/8    eval   634   this Q    0.007785   best Q    0.007773   306.4 min
  restart   3/8    eval   635   this Q    0.007798   best Q    0.007773   306.5 min
  restart   3/8    eval   636   this Q    0.007785   best Q    0.007773   306.7 min
  restart   3/8    eval   637   this Q    0.007784   best Q    0.007773   306.8 min
  restart   3/8    eval   638   this Q     0.00778   best Q    0.007773   307.0 min
  restart   3/8    eval   639   this Q    0.007784   best Q    0.007773   307.1 min
  restart   3/8    eval   640   this Q    0.007797   best Q    0.007773   307.3 min
  restart   3/8    eval   641   this Q     0.00778   best Q    0.007773   307.4 min
  restart   3/8    eval   642   this Q    0.007786   best Q    0.007773   307.6 min
  restart   3/8    eval   643   this Q     0.00778   best Q    0.007773   307.8 min
  restart   3/8    eval   644   this Q    0.007782   best Q    0.007773   307.9 min
  restart   3/8    eval   645   this Q    0.007787   best Q    0.007773   308.1 min
  restart   3/8    eval   646   this Q    0.007778   best Q    0.007773   308.2 min
  restart   3/8    eval   647   this Q    0.007782   best Q    0.007773   308.4 min
  restart   3/8    eval   648   this Q    0.007786   best Q    0.007773   308.5 min
  restart   3/8    eval   649   this Q    0.007777   best Q    0.007773   308.7 min
  restart   3/8    eval   650   this Q    0.007783   best Q    0.007773   308.8 min
  restart   3/8    eval   651   this Q    0.007776   best Q    0.007773   309.0 min
  restart   3/8    eval   652   this Q    0.007783   best Q    0.007773   309.2 min
  restart   3/8    eval   653   this Q    0.007776   best Q    0.007773   309.3 min
  restart   3/8    eval   654   this Q    0.007783   best Q    0.007773   309.5 min
  restart   3/8    eval   655   this Q    0.007775   best Q    0.007773   309.6 min
  restart   3/8    eval   656   this Q    0.007781   best Q    0.007773   309.8 min
  restart   3/8    eval   657   this Q    0.007774   best Q    0.007773   309.9 min
  restart   3/8   DONE   this    0.007773   best Q    0.007773   309.9 min, ~517 min left
  restart   4/8    eval     1   this Q       0.211   best Q    0.007773   310.1 min
  restart   4/8    eval     2   this Q       0.211   best Q    0.007773   310.2 min
  restart   4/8    eval     3   this Q      0.4665   best Q    0.007773   310.4 min
  restart   4/8    eval     4   this Q       1.097   best Q    0.007773   310.6 min
  restart   4/8    eval     5   this Q      0.2127   best Q    0.007773   310.7 min
  restart   4/8    eval     6   this Q       1.989   best Q    0.007773   310.9 min
  restart   4/8    eval     7   this Q       0.712   best Q    0.007773   311.1 min
  restart   4/8    eval     8   this Q       1.177   best Q    0.007773   311.2 min
  restart   4/8    eval     9   this Q       1.335   best Q    0.007773   311.4 min
  restart   4/8    eval    10   this Q      0.5466   best Q    0.007773   311.5 min
  restart   4/8    eval    11   this Q      0.8089   best Q    0.007773   311.7 min
  restart   4/8    eval    12   this Q       1.881   best Q    0.007773   311.9 min
  restart   4/8    eval    13   this Q      0.6459   best Q    0.007773   312.0 min
  restart   4/8    eval    14   this Q      0.9217   best Q    0.007773   312.2 min
  restart   4/8    eval    15   this Q      0.4681   best Q    0.007773   312.3 min
  restart   4/8    eval    16   this Q      0.5452   best Q    0.007773   312.5 min
  restart   4/8    eval    17   this Q       1.236   best Q    0.007773   312.6 min
  restart   4/8    eval    18   this Q      0.4717   best Q    0.007773   312.8 min
  restart   4/8    eval    19   this Q      0.6228   best Q    0.007773   313.0 min
  restart   4/8    eval    20   this Q      0.2785   best Q    0.007773   313.1 min
  restart   4/8    eval    21   this Q      0.3328   best Q    0.007773   313.3 min
  restart   4/8    eval    22   this Q       1.094   best Q    0.007773   313.4 min
  restart   4/8    eval    23   this Q      0.2601   best Q    0.007773   313.6 min
  restart   4/8    eval    24   this Q      0.7539   best Q    0.007773   313.7 min
  restart   4/8    eval    25   this Q      0.1534   best Q    0.007773   313.9 min
  restart   4/8    eval    26   this Q      0.6751   best Q    0.007773   314.1 min
  restart   4/8    eval    27   this Q      0.2335   best Q    0.007773   314.2 min
  restart   4/8    eval    28   this Q       0.139   best Q    0.007773   314.4 min
  restart   4/8    eval    29   this Q      0.7934   best Q    0.007773   314.5 min
  restart   4/8    eval    30   this Q      0.4833   best Q    0.007773   314.7 min
  restart   4/8    eval    31   this Q      0.2008   best Q    0.007773   314.8 min
  restart   4/8    eval    32   this Q      0.3053   best Q    0.007773   315.0 min
  restart   4/8    eval    33   this Q       0.502   best Q    0.007773   315.2 min
  restart   4/8    eval    34   this Q      0.1389   best Q    0.007773   315.3 min
  restart   4/8    eval    35   this Q      0.4394   best Q    0.007773   315.5 min
  restart   4/8    eval    36   this Q      0.1382   best Q    0.007773   315.6 min
  restart   4/8    eval    37   this Q       0.427   best Q    0.007773   315.8 min
  restart   4/8    eval    38   this Q      0.1205   best Q    0.007773   315.9 min
  restart   4/8    eval    39   this Q      0.3631   best Q    0.007773   316.1 min
  restart   4/8    eval    40   this Q       0.131   best Q    0.007773   316.3 min
  restart   4/8    eval    41   this Q      0.3251   best Q    0.007773   316.4 min
  restart   4/8    eval    42   this Q      0.1226   best Q    0.007773   316.6 min
  restart   4/8    eval    43   this Q      0.1789   best Q    0.007773   316.7 min
  restart   4/8    eval    44   this Q      0.2971   best Q    0.007773   316.9 min
  restart   4/8    eval    45   this Q      0.1123   best Q    0.007773   317.0 min
  restart   4/8    eval    46   this Q      0.1149   best Q    0.007773   317.2 min
  restart   4/8    eval    47   this Q      0.1843   best Q    0.007773   317.4 min
  restart   4/8    eval    48   this Q      0.1004   best Q    0.007773   317.5 min
  restart   4/8    eval    49   this Q      0.0865   best Q    0.007773   317.7 min
  restart   4/8    eval    50   this Q       0.187   best Q    0.007773   317.8 min
  restart   4/8    eval    51   this Q      0.2674   best Q    0.007773   318.0 min
  restart   4/8    eval    52   this Q     0.07038   best Q    0.007773   318.1 min
  restart   4/8    eval    53   this Q       0.131   best Q    0.007773   318.3 min
  restart   4/8    eval    54   this Q      0.1327   best Q    0.007773   318.4 min
  restart   4/8    eval    55   this Q     0.07979   best Q    0.007773   318.6 min
  restart   4/8    eval    56   this Q      0.1428   best Q    0.007773   318.7 min
  restart   4/8    eval    57   this Q     0.08285   best Q    0.007773   318.9 min
  restart   4/8    eval    58   this Q      0.1401   best Q    0.007773   319.0 min
  restart   4/8    eval    59   this Q       0.082   best Q    0.007773   319.2 min
  restart   4/8    eval    60   this Q     0.05476   best Q    0.007773   319.4 min
  restart   4/8    eval    61   this Q      0.1076   best Q    0.007773   319.5 min
  restart   4/8    eval    62   this Q     0.07349   best Q    0.007773   319.7 min
  restart   4/8    eval    63   this Q      0.1195   best Q    0.007773   319.8 min
  restart   4/8    eval    64   this Q     0.06833   best Q    0.007773   320.0 min
  restart   4/8    eval    65   this Q      0.1177   best Q    0.007773   320.1 min
  restart   4/8    eval    66   this Q     0.07036   best Q    0.007773   320.3 min
  restart   4/8    eval    67   this Q     0.05121   best Q    0.007773   320.4 min
  restart   4/8    eval    68   this Q     0.09338   best Q    0.007773   320.6 min
  restart   4/8    eval    69   this Q      0.1311   best Q    0.007773   320.7 min
  restart   4/8    eval    70   this Q     0.05624   best Q    0.007773   320.9 min
  restart   4/8    eval    71   this Q     0.05337   best Q    0.007773   321.1 min
  restart   4/8    eval    72   this Q     0.06116   best Q    0.007773   321.2 min
  restart   4/8    eval    73   this Q     0.09559   best Q    0.007773   321.4 min
  restart   4/8    eval    74   this Q     0.05287   best Q    0.007773   321.5 min
  restart   4/8    eval    75   this Q     0.05977   best Q    0.007773   321.7 min
  restart   4/8    eval    76   this Q      0.0591   best Q    0.007773   321.8 min
  restart   4/8    eval    77   this Q      0.0527   best Q    0.007773   322.0 min
  restart   4/8    eval    78   this Q     0.03135   best Q    0.007773   322.1 min
  restart   4/8    eval    79   this Q     0.04188   best Q    0.007773   322.3 min
  restart   4/8    eval    80   this Q     0.06464   best Q    0.007773   322.4 min
  restart   4/8    eval    81   this Q     0.04369   best Q    0.007773   322.6 min
  restart   4/8    eval    82   this Q     0.06292   best Q    0.007773   322.7 min
  restart   4/8    eval    83   this Q     0.04315   best Q    0.007773   322.9 min
  restart   4/8    eval    84   this Q      0.0612   best Q    0.007773   323.1 min
  restart   4/8    eval    85   this Q     0.04314   best Q    0.007773   323.2 min
  restart   4/8    eval    86   this Q     0.04001   best Q    0.007773   323.4 min
  restart   4/8    eval    87   this Q     0.04989   best Q    0.007773   323.5 min
  restart   4/8    eval    88   this Q     0.05356   best Q    0.007773   323.7 min
  restart   4/8    eval    89   this Q     0.03994   best Q    0.007773   323.8 min
  restart   4/8    eval    90   this Q     0.03437   best Q    0.007773   324.0 min
  restart   4/8    eval    91   this Q     0.04133   best Q    0.007773   324.1 min
  restart   4/8    eval    92   this Q     0.04876   best Q    0.007773   324.3 min
  restart   4/8    eval    93   this Q     0.04934   best Q    0.007773   324.4 min
  restart   4/8    eval    94   this Q     0.03626   best Q    0.007773   324.6 min
  restart   4/8    eval    95   this Q     0.04569   best Q    0.007773   324.7 min
  restart   4/8    eval    96   this Q     0.03528   best Q    0.007773   324.9 min
  restart   4/8    eval    97   this Q     0.02545   best Q    0.007773   325.1 min
  restart   4/8    eval    98   this Q     0.02664   best Q    0.007773   325.2 min
  restart   4/8    eval    99   this Q     0.03431   best Q    0.007773   325.4 min
  restart   4/8    eval   100   this Q     0.02608   best Q    0.007773   325.5 min
  restart   4/8    eval   101   this Q     0.05228   best Q    0.007773   325.7 min
  restart   4/8    eval   102   this Q     0.03026   best Q    0.007773   325.8 min
  restart   4/8    eval   103   this Q     0.02903   best Q    0.007773   326.0 min
  restart   4/8    eval   104   this Q     0.02011   best Q    0.007773   326.1 min
  restart   4/8    eval   105   this Q     0.02264   best Q    0.007773   326.3 min
  restart   4/8    eval   106   this Q      0.0244   best Q    0.007773   326.4 min
  restart   4/8    eval   107   this Q     0.01832   best Q    0.007773   326.6 min
  restart   4/8    eval   108   this Q     0.02179   best Q    0.007773   326.7 min
  restart   4/8    eval   109   this Q      0.0253   best Q    0.007773   326.9 min
  restart   4/8    eval   110   this Q     0.03036   best Q    0.007773   327.1 min
  restart   4/8    eval   111   this Q      0.0228   best Q    0.007773   327.2 min
  restart   4/8    eval   112   this Q     0.03848   best Q    0.007773   327.4 min
  restart   4/8    eval   113   this Q     0.02172   best Q    0.007773   327.5 min
  restart   4/8    eval   114   this Q      0.0134   best Q    0.007773   327.7 min
  restart   4/8    eval   115   this Q     0.01336   best Q    0.007773   327.8 min
  restart   4/8    eval   116   this Q     0.01523   best Q    0.007773   328.0 min
  restart   4/8    eval   117   this Q     0.02154   best Q    0.007773   328.1 min
  restart   4/8    eval   118   this Q     0.01819   best Q    0.007773   328.3 min
  restart   4/8    eval   119   this Q     0.01834   best Q    0.007773   328.4 min
  restart   4/8    eval   120   this Q     0.01591   best Q    0.007773   328.6 min
  restart   4/8    eval   121   this Q     0.01897   best Q    0.007773   328.8 min
  restart   4/8    eval   122   this Q     0.01834   best Q    0.007773   328.9 min
  restart   4/8    eval   123   this Q     0.02898   best Q    0.007773   329.1 min
  restart   4/8    eval   124   this Q     0.01418   best Q    0.007773   329.2 min
  restart   4/8    eval   125   this Q     0.01569   best Q    0.007773   329.4 min
  restart   4/8    eval   126   this Q      0.0177   best Q    0.007773   329.5 min
  restart   4/8    eval   127   this Q     0.01597   best Q    0.007773   329.7 min
  restart   4/8    eval   128   this Q     0.01803   best Q    0.007773   329.8 min
  restart   4/8    eval   129   this Q     0.01833   best Q    0.007773   330.0 min
  restart   4/8    eval   130   this Q     0.01357   best Q    0.007773   330.2 min
  restart   4/8    eval   131   this Q     0.01751   best Q    0.007773   330.3 min
  restart   4/8    eval   132   this Q      0.0168   best Q    0.007773   330.5 min
  restart   4/8    eval   133   this Q     0.02055   best Q    0.007773   330.6 min
  restart   4/8    eval   134   this Q     0.01286   best Q    0.007773   330.8 min
  restart   4/8    eval   135   this Q     0.01876   best Q    0.007773   330.9 min
  restart   4/8    eval   136   this Q     0.01286   best Q    0.007773   331.1 min
  restart   4/8    eval   137   this Q     0.01808   best Q    0.007773   331.2 min
  restart   4/8    eval   138   this Q     0.01272   best Q    0.007773   331.4 min
  restart   4/8    eval   139   this Q     0.01492   best Q    0.007773   331.6 min
  restart   4/8    eval   140   this Q     0.01413   best Q    0.007773   331.7 min
  restart   4/8    eval   141   this Q     0.01963   best Q    0.007773   331.9 min
  restart   4/8    eval   142   this Q     0.01201   best Q    0.007773   332.0 min
  restart   4/8    eval   143   this Q     0.01742   best Q    0.007773   332.2 min
  restart   4/8    eval   144   this Q     0.01205   best Q    0.007773   332.3 min
  restart   4/8    eval   145   this Q     0.01246   best Q    0.007773   332.5 min
  restart   4/8    eval   146   this Q     0.01737   best Q    0.007773   332.6 min
  restart   4/8    eval   147   this Q     0.01161   best Q    0.007773   332.8 min
  restart   4/8    eval   148   this Q     0.01819   best Q    0.007773   333.0 min
  restart   4/8    eval   149   this Q     0.01154   best Q    0.007773   333.1 min
  restart   4/8    eval   150   this Q     0.01254   best Q    0.007773   333.3 min
  restart   4/8    eval   151   this Q     0.01314   best Q    0.007773   333.4 min
  restart   4/8    eval   152   this Q     0.01156   best Q    0.007773   333.6 min
  restart   4/8    eval   153   this Q     0.01149   best Q    0.007773   333.7 min
  restart   4/8    eval   154   this Q     0.01445   best Q    0.007773   333.9 min
  restart   4/8    eval   155   this Q     0.01248   best Q    0.007773   334.0 min
  restart   4/8    eval   156   this Q     0.01028   best Q    0.007773   334.2 min
  restart   4/8    eval   157   this Q     0.01117   best Q    0.007773   334.3 min
  restart   4/8    eval   158   this Q     0.01305   best Q    0.007773   334.5 min
  restart   4/8    eval   159   this Q     0.01106   best Q    0.007773   334.7 min
  restart   4/8    eval   160   this Q     0.01243   best Q    0.007773   334.8 min
  restart   4/8    eval   161   this Q     0.01287   best Q    0.007773   335.0 min
  restart   4/8    eval   162   this Q     0.01106   best Q    0.007773   335.1 min
  restart   4/8    eval   163   this Q      0.0126   best Q    0.007773   335.3 min
  restart   4/8    eval   164   this Q     0.01106   best Q    0.007773   335.4 min
  restart   4/8    eval   165   this Q     0.01133   best Q    0.007773   335.6 min
  restart   4/8    eval   166   this Q     0.01155   best Q    0.007773   335.7 min
  restart   4/8    eval   167   this Q     0.01097   best Q    0.007773   335.9 min
  restart   4/8    eval   168   this Q     0.01153   best Q    0.007773   336.0 min
  restart   4/8    eval   169   this Q      0.0126   best Q    0.007773   336.2 min
  restart   4/8    eval   170   this Q     0.01063   best Q    0.007773   336.4 min
  restart   4/8    eval   171   this Q     0.01273   best Q    0.007773   336.5 min
  restart   4/8    eval   172   this Q     0.01063   best Q    0.007773   336.7 min
  restart   4/8    eval   173   this Q     0.01139   best Q    0.007773   336.8 min
  restart   4/8    eval   174   this Q     0.01093   best Q    0.007773   337.0 min
  restart   4/8    eval   175   this Q     0.01087   best Q    0.007773   337.1 min
  restart   4/8    eval   176   this Q     0.01186   best Q    0.007773   337.3 min
  restart   4/8    eval   177   this Q     0.01056   best Q    0.007773   337.4 min
  restart   4/8    eval   178   this Q      0.0104   best Q    0.007773   337.6 min
  restart   4/8    eval   179   this Q      0.0103   best Q    0.007773   337.8 min
  restart   4/8    eval   180   this Q     0.01025   best Q    0.007773   337.9 min
  restart   4/8    eval   181   this Q     0.01118   best Q    0.007773   338.1 min
  restart   4/8    eval   182   this Q     0.01161   best Q    0.007773   338.2 min
  restart   4/8    eval   183   this Q     0.01028   best Q    0.007773   338.4 min
  restart   4/8    eval   184   this Q     0.01157   best Q    0.007773   338.5 min
  restart   4/8    eval   185   this Q      0.0103   best Q    0.007773   338.7 min
  restart   4/8    eval   186   this Q     0.01067   best Q    0.007773   338.8 min
  restart   4/8    eval   187   this Q     0.01026   best Q    0.007773   339.0 min
  restart   4/8    eval   188   this Q     0.01005   best Q    0.007773   339.2 min
  restart   4/8    eval   189   this Q     0.01041   best Q    0.007773   339.3 min
  restart   4/8    eval   190   this Q    0.009888   best Q    0.007773   339.5 min
  restart   4/8    eval   191   this Q     0.01013   best Q    0.007773   339.6 min
  restart   4/8    eval   192   this Q     0.01009   best Q    0.007773   339.8 min
  restart   4/8    eval   193   this Q     0.01008   best Q    0.007773   339.9 min
  restart   4/8    eval   194   this Q     0.01022   best Q    0.007773   340.1 min
  restart   4/8    eval   195   this Q    0.009796   best Q    0.007773   340.2 min
  restart   4/8    eval   196   this Q    0.009975   best Q    0.007773   340.4 min
  restart   4/8    eval   197   this Q     0.01034   best Q    0.007773   340.5 min
  restart   4/8    eval   198   this Q    0.009971   best Q    0.007773   340.7 min
  restart   4/8    eval   199   this Q    0.009693   best Q    0.007773   340.9 min
  restart   4/8    eval   200   this Q    0.009811   best Q    0.007773   341.0 min
  restart   4/8    eval   201   this Q    0.009646   best Q    0.007773   341.2 min
  restart   4/8    eval   202   this Q    0.009833   best Q    0.007773   341.3 min
  restart   4/8    eval   203   this Q    0.009786   best Q    0.007773   341.5 min
  restart   4/8    eval   204   this Q     0.01006   best Q    0.007773   341.6 min
  restart   4/8    eval   205   this Q     0.01001   best Q    0.007773   341.8 min
  restart   4/8    eval   206   this Q      0.0101   best Q    0.007773   341.9 min
  restart   4/8    eval   207   this Q    0.009785   best Q    0.007773   342.1 min
  restart   4/8    eval   208   this Q     0.01006   best Q    0.007773   342.3 min
  restart   4/8    eval   209   this Q     0.00978   best Q    0.007773   342.4 min
  restart   4/8    eval   210   this Q    0.009978   best Q    0.007773   342.6 min
  restart   4/8    eval   211   this Q     0.01019   best Q    0.007773   342.7 min
  restart   4/8    eval   212   this Q    0.009742   best Q    0.007773   342.9 min
  restart   4/8    eval   213   this Q     0.01003   best Q    0.007773   343.0 min
  restart   4/8    eval   214   this Q    0.009747   best Q    0.007773   343.2 min
  restart   4/8    eval   215   this Q     0.00946   best Q    0.007773   343.3 min
  restart   4/8    eval   216   this Q    0.009396   best Q    0.007773   343.5 min
  restart   4/8    eval   217   this Q    0.009421   best Q    0.007773   343.7 min
  restart   4/8    eval   218   this Q    0.009501   best Q    0.007773   343.8 min
  restart   4/8    eval   219   this Q    0.009913   best Q    0.007773   344.0 min
  restart   4/8    eval   220   this Q    0.009574   best Q    0.007773   344.1 min
  restart   4/8    eval   221   this Q    0.009343   best Q    0.007773   344.3 min
  restart   4/8    eval   222   this Q    0.009299   best Q    0.007773   344.4 min
  restart   4/8    eval   223   this Q    0.009247   best Q    0.007773   344.6 min
  restart   4/8    eval   224   this Q    0.009214   best Q    0.007773   344.7 min
  restart   4/8    eval   225   this Q    0.009168   best Q    0.007773   344.9 min
  restart   4/8    eval   226   this Q    0.009178   best Q    0.007773   345.1 min
  restart   4/8    eval   227   this Q    0.009075   best Q    0.007773   345.2 min
  restart   4/8    eval   228   this Q     0.00909   best Q    0.007773   345.4 min
  restart   4/8    eval   229   this Q    0.009048   best Q    0.007773   345.5 min
  restart   4/8    eval   230   this Q    0.009145   best Q    0.007773   345.7 min
  restart   4/8    eval   231   this Q    0.009019   best Q    0.007773   345.8 min
  restart   4/8    eval   232   this Q    0.009226   best Q    0.007773   346.0 min
  restart   4/8    eval   233   this Q    0.008862   best Q    0.007773   346.1 min
  restart   4/8    eval   234   this Q    0.008865   best Q    0.007773   346.3 min
  restart   4/8    eval   235   this Q     0.00904   best Q    0.007773   346.4 min
  restart   4/8    eval   236   this Q    0.009119   best Q    0.007773   346.6 min
  restart   4/8    eval   237   this Q    0.008898   best Q    0.007773   346.8 min
  restart   4/8    eval   238   this Q    0.009004   best Q    0.007773   346.9 min
  restart   4/8    eval   239   this Q     0.00869   best Q    0.007773   347.1 min
  restart   4/8    eval   240   this Q    0.008641   best Q    0.007773   347.2 min
  restart   4/8    eval   241   this Q     0.00878   best Q    0.007773   347.4 min
  restart   4/8    eval   242   this Q    0.008793   best Q    0.007773   347.5 min
  restart   4/8    eval   243   this Q    0.008594   best Q    0.007773   347.7 min
  restart   4/8    eval   244   this Q    0.008652   best Q    0.007773   347.8 min
  restart   4/8    eval   245   this Q     0.00874   best Q    0.007773   348.0 min
  restart   4/8    eval   246   this Q    0.008529   best Q    0.007773   348.1 min
  restart   4/8    eval   247   this Q    0.008673   best Q    0.007773   348.3 min
  restart   4/8    eval   248   this Q    0.008654   best Q    0.007773   348.5 min
  restart   4/8    eval   249   this Q    0.008751   best Q    0.007773   348.6 min
  restart   4/8    eval   250   this Q    0.008524   best Q    0.007773   348.8 min
  restart   4/8    eval   251   this Q    0.008831   best Q    0.007773   348.9 min
  restart   4/8    eval   252   this Q    0.008359   best Q    0.007773   349.1 min
  restart   4/8    eval   253   this Q    0.008436   best Q    0.007773   349.2 min
  restart   4/8    eval   254   this Q    0.008627   best Q    0.007773   349.4 min
  restart   4/8    eval   255   this Q    0.008482   best Q    0.007773   349.5 min
  restart   4/8    eval   256   this Q    0.008638   best Q    0.007773   349.7 min
  restart   4/8    eval   257   this Q    0.008411   best Q    0.007773   349.8 min
  restart   4/8    eval   258   this Q    0.008331   best Q    0.007773   350.0 min
  restart   4/8    eval   259   this Q    0.008521   best Q    0.007773   350.2 min
  restart   4/8    eval   260   this Q    0.008307   best Q    0.007773   350.3 min
  restart   4/8    eval   261   this Q    0.008531   best Q    0.007773   350.5 min
  restart   4/8    eval   262   this Q    0.008429   best Q    0.007773   350.6 min
  restart   4/8    eval   263   this Q    0.008519   best Q    0.007773   350.8 min
  restart   4/8    eval   264   this Q    0.008355   best Q    0.007773   350.9 min
  restart   4/8    eval   265   this Q    0.008416   best Q    0.007773   351.1 min
  restart   4/8    eval   266   this Q    0.008263   best Q    0.007773   351.2 min
  restart   4/8    eval   267   this Q    0.008599   best Q    0.007773   351.4 min
  restart   4/8    eval   268   this Q    0.008507   best Q    0.007773   351.6 min
  restart   4/8    eval   269   this Q    0.008293   best Q    0.007773   351.7 min
  restart   4/8    eval   270   this Q    0.008205   best Q    0.007773   351.9 min
  restart   4/8    eval   271   this Q    0.008466   best Q    0.007773   352.0 min
  restart   4/8    eval   272   this Q    0.008277   best Q    0.007773   352.2 min
  restart   4/8    eval   273   this Q    0.008448   best Q    0.007773   352.3 min
  restart   4/8    eval   274   this Q    0.008241   best Q    0.007773   352.5 min
  restart   4/8    eval   275   this Q    0.008311   best Q    0.007773   352.6 min
  restart   4/8    eval   276   this Q    0.008141   best Q    0.007773   352.8 min
  restart   4/8    eval   277   this Q    0.008304   best Q    0.007773   353.0 min
  restart   4/8    eval   278   this Q    0.008287   best Q    0.007773   353.1 min
  restart   4/8    eval   279   this Q    0.008115   best Q    0.007773   353.3 min
  restart   4/8    eval   280   this Q    0.008275   best Q    0.007773   353.4 min
  restart   4/8    eval   281   this Q    0.008392   best Q    0.007773   353.6 min
  restart   4/8    eval   282   this Q    0.008163   best Q    0.007773   353.7 min
  restart   4/8    eval   283   this Q    0.008274   best Q    0.007773   353.9 min
  restart   4/8    eval   284   this Q    0.008087   best Q    0.007773   354.0 min
  restart   4/8    eval   285   this Q    0.008218   best Q    0.007773   354.2 min
  restart   4/8    eval   286   this Q    0.008367   best Q    0.007773   354.3 min
  restart   4/8    eval   287   this Q    0.008141   best Q    0.007773   354.5 min
  restart   4/8    eval   288   this Q     0.00815   best Q    0.007773   354.7 min
  restart   4/8    eval   289   this Q    0.008167   best Q    0.007773   354.8 min
  restart   4/8    eval   290   this Q    0.008287   best Q    0.007773   355.0 min
  restart   4/8    eval   291   this Q    0.008123   best Q    0.007773   355.1 min
  restart   4/8    eval   292   this Q    0.008145   best Q    0.007773   355.3 min
  restart   4/8    eval   293   this Q     0.00817   best Q    0.007773   355.4 min
  restart   4/8    eval   294   this Q    0.008086   best Q    0.007773   355.6 min
  restart   4/8    eval   295   this Q    0.008179   best Q    0.007773   355.7 min
  restart   4/8    eval   296   this Q    0.008086   best Q    0.007773   355.9 min
  restart   4/8    eval   297   this Q    0.008042   best Q    0.007773   356.0 min
  restart   4/8    eval   298   this Q    0.008122   best Q    0.007773   356.2 min
  restart   4/8    eval   299   this Q    0.008301   best Q    0.007773   356.4 min
  restart   4/8    eval   300   this Q    0.008059   best Q    0.007773   356.5 min
  restart   4/8    eval   301   this Q    0.008171   best Q    0.007773   356.7 min
  restart   4/8    eval   302   this Q    0.008074   best Q    0.007773   356.8 min
  restart   4/8    eval   303   this Q    0.008059   best Q    0.007773   357.0 min
  restart   4/8    eval   304   this Q    0.007999   best Q    0.007773   357.1 min
  restart   4/8    eval   305   this Q    0.008018   best Q    0.007773   357.3 min
  restart   4/8    eval   306   this Q    0.008034   best Q    0.007773   357.4 min
  restart   4/8    eval   307   this Q    0.008174   best Q    0.007773   357.6 min
  restart   4/8    eval   308   this Q    0.008043   best Q    0.007773   357.8 min
  restart   4/8    eval   309   this Q    0.008104   best Q    0.007773   357.9 min
  restart   4/8    eval   310   this Q    0.008034   best Q    0.007773   358.1 min
  restart   4/8    eval   311   this Q    0.008018   best Q    0.007773   358.2 min
  restart   4/8    eval   312   this Q    0.007979   best Q    0.007773   358.4 min
  restart   4/8    eval   313   this Q     0.00799   best Q    0.007773   358.5 min
  restart   4/8    eval   314   this Q    0.007981   best Q    0.007773   358.7 min
  restart   4/8    eval   315   this Q    0.007995   best Q    0.007773   358.8 min
  restart   4/8    eval   316   this Q     0.00804   best Q    0.007773   359.0 min
  restart   4/8    eval   317   this Q    0.007994   best Q    0.007773   359.1 min
  restart   4/8    eval   318   this Q    0.007962   best Q    0.007773   359.3 min
  restart   4/8    eval   319   this Q    0.007996   best Q    0.007773   359.5 min
  restart   4/8    eval   320   this Q    0.008017   best Q    0.007773   359.6 min
  restart   4/8    eval   321   this Q    0.007978   best Q    0.007773   359.8 min
  restart   4/8    eval   322   this Q    0.007949   best Q    0.007773   359.9 min
  restart   4/8    eval   323   this Q    0.008006   best Q    0.007773   360.1 min
  restart   4/8    eval   324   this Q    0.007949   best Q    0.007773   360.2 min
  restart   4/8    eval   325   this Q    0.008001   best Q    0.007773   360.4 min
  restart   4/8    eval   326   this Q     0.00799   best Q    0.007773   360.5 min
  restart   4/8    eval   327   this Q    0.007966   best Q    0.007773   360.7 min
  restart   4/8    eval   328   this Q    0.008007   best Q    0.007773   360.8 min
  restart   4/8    eval   329   this Q    0.007953   best Q    0.007773   361.0 min
  restart   4/8    eval   330   this Q    0.008006   best Q    0.007773   361.2 min
  restart   4/8    eval   331   this Q    0.007956   best Q    0.007773   361.3 min
  restart   4/8    eval   332   this Q    0.008006   best Q    0.007773   361.5 min
  restart   4/8    eval   333   this Q    0.007953   best Q    0.007773   361.6 min
  restart   4/8    eval   334   this Q    0.007944   best Q    0.007773   361.8 min
  restart   4/8    eval   335   this Q    0.007981   best Q    0.007773   361.9 min
  restart   4/8    eval   336   this Q     0.00792   best Q    0.007773   362.1 min
  restart   4/8    eval   337   this Q    0.007922   best Q    0.007773   362.2 min
  restart   4/8    eval   338   this Q    0.007975   best Q    0.007773   362.4 min
  restart   4/8    eval   339   this Q    0.007941   best Q    0.007773   362.5 min
  restart   4/8    eval   340   this Q    0.007953   best Q    0.007773   362.7 min
  restart   4/8    eval   341   this Q    0.007934   best Q    0.007773   362.9 min
  restart   4/8    eval   342   this Q    0.007925   best Q    0.007773   363.0 min
  restart   4/8    eval   343   this Q    0.007931   best Q    0.007773   363.2 min
  restart   4/8    eval   344   this Q    0.007949   best Q    0.007773   363.3 min
  restart   4/8    eval   345   this Q    0.007929   best Q    0.007773   363.5 min
  restart   4/8    eval   346   this Q    0.007936   best Q    0.007773   363.6 min
  restart   4/8    eval   347   this Q    0.007955   best Q    0.007773   363.8 min
  restart   4/8    eval   348   this Q    0.007926   best Q    0.007773   363.9 min
  restart   4/8    eval   349   this Q    0.007938   best Q    0.007773   364.1 min
  restart   4/8    eval   350   this Q    0.007917   best Q    0.007773   364.2 min
  restart   4/8    eval   351   this Q    0.007943   best Q    0.007773   364.4 min
  restart   4/8    eval   352   this Q    0.007921   best Q    0.007773   364.6 min
  restart   4/8    eval   353   this Q    0.007954   best Q    0.007773   364.7 min
  restart   4/8    eval   354   this Q    0.007922   best Q    0.007773   364.9 min
  restart   4/8    eval   355   this Q    0.007949   best Q    0.007773   365.0 min
  restart   4/8    eval   356   this Q     0.00792   best Q    0.007773   365.2 min
  restart   4/8    eval   357   this Q    0.007931   best Q    0.007773   365.3 min
  restart   4/8    eval   358   this Q    0.007932   best Q    0.007773   365.5 min
  restart   4/8    eval   359   this Q    0.007918   best Q    0.007773   365.6 min
  restart   4/8    eval   360   this Q    0.007934   best Q    0.007773   365.8 min
  restart   4/8    eval   361   this Q    0.007918   best Q    0.007773   365.9 min
  restart   4/8    eval   362   this Q    0.007919   best Q    0.007773   366.1 min
  restart   4/8    eval   363   this Q    0.007907   best Q    0.007773   366.3 min
  restart   4/8    eval   364   this Q    0.007907   best Q    0.007773   366.4 min
  restart   4/8    eval   365   this Q    0.007912   best Q    0.007773   366.6 min
  restart   4/8    eval   366   this Q    0.007916   best Q    0.007773   366.7 min
  restart   4/8    eval   367   this Q    0.007923   best Q    0.007773   366.9 min
  restart   4/8    eval   368   this Q    0.007913   best Q    0.007773   367.0 min
  restart   4/8    eval   369   this Q    0.007912   best Q    0.007773   367.2 min
  restart   4/8    eval   370   this Q    0.007927   best Q    0.007773   367.3 min
  restart   4/8    eval   371   this Q    0.007913   best Q    0.007773   367.5 min
  restart   4/8    eval   372   this Q    0.007919   best Q    0.007773   367.6 min
  restart   4/8    eval   373   this Q     0.00791   best Q    0.007773   367.8 min
  restart   4/8    eval   374   this Q    0.007915   best Q    0.007773   368.0 min
  restart   4/8    eval   375   this Q    0.007906   best Q    0.007773   368.1 min
  restart   4/8    eval   376   this Q    0.007916   best Q    0.007773   368.3 min
  restart   4/8    eval   377   this Q    0.007916   best Q    0.007773   368.4 min
  restart   4/8    eval   378   this Q    0.007908   best Q    0.007773   368.6 min
  restart   4/8    eval   379   this Q    0.007917   best Q    0.007773   368.7 min
  restart   4/8    eval   380   this Q    0.007909   best Q    0.007773   368.9 min
  restart   4/8    eval   381   this Q    0.007911   best Q    0.007773   369.0 min
  restart   4/8   DONE   this    0.007906   best Q    0.007773   369.0 min, ~369 min left
  restart   5/8    eval     1   this Q     0.08357   best Q    0.007773   369.2 min
  restart   5/8    eval     2   this Q     0.08357   best Q    0.007773   369.3 min
  restart   5/8    eval     3   this Q       1.471   best Q    0.007773   369.5 min
  restart   5/8    eval     4   this Q      0.4861   best Q    0.007773   369.7 min
  restart   5/8    eval     5   this Q     0.07715   best Q    0.007773   369.8 min
  restart   5/8    eval     6   this Q       1.697   best Q    0.007773   370.0 min
  restart   5/8    eval     7   this Q      0.2563   best Q    0.007773   370.1 min
  restart   5/8    eval     8   this Q      0.2803   best Q    0.007773   370.3 min
  restart   5/8    eval     9   this Q        1.67   best Q    0.007773   370.4 min
  restart   5/8    eval    10   this Q       0.618   best Q    0.007773   370.6 min
  restart   5/8    eval    11   this Q      0.8963   best Q    0.007773   370.7 min
  restart   5/8    eval    12   this Q       1.338   best Q    0.007773   370.9 min
  restart   5/8    eval    13   this Q      0.8589   best Q    0.007773   371.1 min
  restart   5/8    eval    14   this Q      0.2756   best Q    0.007773   371.2 min
  restart   5/8    eval    15   this Q       1.655   best Q    0.007773   371.4 min
  restart   5/8    eval    16   this Q       0.361   best Q    0.007773   371.5 min
  restart   5/8    eval    17   this Q      0.7474   best Q    0.007773   371.7 min
  restart   5/8    eval    18   this Q       2.243   best Q    0.007773   371.8 min
  restart   5/8    eval    19   this Q       0.351   best Q    0.007773   372.0 min
  restart   5/8    eval    20   this Q      0.8485   best Q    0.007773   372.2 min
  restart   5/8    eval    21   this Q      0.2873   best Q    0.007773   372.3 min
  restart   5/8    eval    22   this Q      0.6373   best Q    0.007773   372.5 min
  restart   5/8    eval    23   this Q      0.1171   best Q    0.007773   372.6 min
  restart   5/8    eval    24   this Q      0.5318   best Q    0.007773   372.8 min
  restart   5/8    eval    25   this Q      0.1721   best Q    0.007773   372.9 min
  restart   5/8    eval    26   this Q      0.6087   best Q    0.007773   373.1 min
  restart   5/8    eval    27   this Q      0.1323   best Q    0.007773   373.2 min
  restart   5/8    eval    28   this Q      0.3043   best Q    0.007773   373.4 min
  restart   5/8    eval    29   this Q       0.106   best Q    0.007773   373.5 min
  restart   5/8    eval    30   this Q      0.1616   best Q    0.007773   373.7 min
  restart   5/8    eval    31   this Q      0.2694   best Q    0.007773   373.9 min
  restart   5/8    eval    32   this Q      0.6296   best Q    0.007773   374.0 min
  restart   5/8    eval    33   this Q      0.1277   best Q    0.007773   374.2 min
  restart   5/8    eval    34   this Q      0.2876   best Q    0.007773   374.3 min
  restart   5/8    eval    35   this Q      0.1096   best Q    0.007773   374.5 min
  restart   5/8    eval    36   this Q      0.3191   best Q    0.007773   374.6 min
  restart   5/8    eval    37   this Q      0.1098   best Q    0.007773   374.8 min
  restart   5/8    eval    38   this Q      0.1431   best Q    0.007773   374.9 min
  restart   5/8    eval    39   this Q      0.1206   best Q    0.007773   375.1 min
  restart   5/8    eval    40   this Q      0.1929   best Q    0.007773   375.3 min
  restart   5/8    eval    41   this Q     0.06406   best Q    0.007773   375.4 min
  restart   5/8    eval    42   this Q      0.1741   best Q    0.007773   375.6 min
  restart   5/8    eval    43   this Q      0.0666   best Q    0.007773   375.7 min
  restart   5/8    eval    44   this Q      0.1537   best Q    0.007773   375.9 min
  restart   5/8    eval    45   this Q     0.07222   best Q    0.007773   376.0 min
  restart   5/8    eval    46   this Q      0.1549   best Q    0.007773   376.2 min
  restart   5/8    eval    47   this Q     0.06532   best Q    0.007773   376.3 min
  restart   5/8    eval    48   this Q     0.07071   best Q    0.007773   376.5 min
  restart   5/8    eval    49   this Q     0.05519   best Q    0.007773   376.7 min
  restart   5/8    eval    50   this Q      0.1545   best Q    0.007773   376.8 min
  restart   5/8    eval    51   this Q     0.08156   best Q    0.007773   377.0 min
  restart   5/8    eval    52   this Q      0.1365   best Q    0.007773   377.1 min
  restart   5/8    eval    53   this Q      0.0499   best Q    0.007773   377.3 min
  restart   5/8    eval    54   this Q     0.09294   best Q    0.007773   377.4 min
  restart   5/8    eval    55   this Q     0.04785   best Q    0.007773   377.6 min
  restart   5/8    eval    56   this Q      0.1085   best Q    0.007773   377.7 min
  restart   5/8    eval    57   this Q     0.04643   best Q    0.007773   377.9 min
  restart   5/8    eval    58   this Q     0.09379   best Q    0.007773   378.1 min
  restart   5/8    eval    59   this Q     0.04575   best Q    0.007773   378.2 min
  restart   5/8    eval    60   this Q      0.0562   best Q    0.007773   378.4 min
  restart   5/8    eval    61   this Q      0.0979   best Q    0.007773   378.5 min
  restart   5/8    eval    62   this Q     0.04429   best Q    0.007773   378.7 min
  restart   5/8    eval    63   this Q     0.05026   best Q    0.007773   378.8 min
  restart   5/8    eval    64   this Q       0.059   best Q    0.007773   379.0 min
  restart   5/8    eval    65   this Q     0.04578   best Q    0.007773   379.1 min
  restart   5/8    eval    66   this Q     0.06304   best Q    0.007773   379.3 min
  restart   5/8    eval    67   this Q     0.03865   best Q    0.007773   379.4 min
  restart   5/8    eval    68   this Q     0.05196   best Q    0.007773   379.6 min
  restart   5/8    eval    69   this Q      0.1052   best Q    0.007773   379.7 min
  restart   5/8    eval    70   this Q      0.0327   best Q    0.007773   379.9 min
  restart   5/8    eval    71   this Q     0.06126   best Q    0.007773   380.1 min
  restart   5/8    eval    72   this Q     0.03751   best Q    0.007773   380.2 min
  restart   5/8    eval    73   this Q     0.05235   best Q    0.007773   380.4 min
  restart   5/8    eval    74   this Q     0.03745   best Q    0.007773   380.5 min
  restart   5/8    eval    75   this Q     0.07256   best Q    0.007773   380.7 min
  restart   5/8    eval    76   this Q     0.03516   best Q    0.007773   380.8 min
  restart   5/8    eval    77   this Q     0.02603   best Q    0.007773   381.0 min
  restart   5/8    eval    78   this Q     0.02704   best Q    0.007773   381.1 min
  restart   5/8    eval    79   this Q     0.04623   best Q    0.007773   381.3 min
  restart   5/8    eval    80   this Q     0.03524   best Q    0.007773   381.5 min
  restart   5/8    eval    81   this Q     0.05656   best Q    0.007773   381.6 min
  restart   5/8    eval    82   this Q     0.03448   best Q    0.007773   381.8 min
  restart   5/8    eval    83   this Q     0.02535   best Q    0.007773   381.9 min
  restart   5/8    eval    84   this Q     0.02915   best Q    0.007773   382.1 min
  restart   5/8    eval    85   this Q     0.04574   best Q    0.007773   382.2 min
  restart   5/8    eval    86   this Q     0.03325   best Q    0.007773   382.4 min
  restart   5/8    eval    87   this Q     0.04037   best Q    0.007773   382.5 min
  restart   5/8    eval    88   this Q     0.03166   best Q    0.007773   382.7 min
  restart   5/8    eval    89   this Q     0.02463   best Q    0.007773   382.8 min
  restart   5/8    eval    90   this Q     0.02488   best Q    0.007773   383.0 min
  restart   5/8    eval    91   this Q     0.02529   best Q    0.007773   383.2 min
  restart   5/8    eval    92   this Q     0.02518   best Q    0.007773   383.3 min
  restart   5/8    eval    93   this Q     0.02519   best Q    0.007773   383.5 min
  restart   5/8    eval    94   this Q     0.02836   best Q    0.007773   383.6 min
  restart   5/8    eval    95   this Q      0.0228   best Q    0.007773   383.8 min
  restart   5/8    eval    96   this Q     0.03085   best Q    0.007773   383.9 min
  restart   5/8    eval    97   this Q     0.02158   best Q    0.007773   384.1 min
  restart   5/8    eval    98   this Q     0.02886   best Q    0.007773   384.2 min
  restart   5/8    eval    99   this Q     0.01994   best Q    0.007773   384.4 min
  restart   5/8    eval   100   this Q     0.02665   best Q    0.007773   384.5 min
  restart   5/8    eval   101   this Q     0.02467   best Q    0.007773   384.7 min
  restart   5/8    eval   102   this Q      0.0176   best Q    0.007773   384.8 min
  restart   5/8    eval   103   this Q     0.01792   best Q    0.007773   385.0 min
  restart   5/8    eval   104   this Q     0.01886   best Q    0.007773   385.2 min
  restart   5/8    eval   105   this Q     0.02223   best Q    0.007773   385.3 min
  restart   5/8    eval   106   this Q     0.02085   best Q    0.007773   385.5 min
  restart   5/8    eval   107   this Q     0.01661   best Q    0.007773   385.6 min
  restart   5/8    eval   108   this Q     0.02094   best Q    0.007773   385.8 min
  restart   5/8    eval   109   this Q     0.02066   best Q    0.007773   385.9 min
  restart   5/8    eval   110   this Q     0.01583   best Q    0.007773   386.1 min
  restart   5/8    eval   111   this Q      0.0217   best Q    0.007773   386.2 min
  restart   5/8    eval   112   this Q     0.02154   best Q    0.007773   386.4 min
  restart   5/8    eval   113   this Q     0.01858   best Q    0.007773   386.6 min
  restart   5/8    eval   114   this Q     0.01452   best Q    0.007773   386.7 min
  restart   5/8    eval   115   this Q     0.01903   best Q    0.007773   386.9 min
  restart   5/8    eval   116   this Q     0.02366   best Q    0.007773   387.0 min
  restart   5/8    eval   117   this Q     0.01658   best Q    0.007773   387.2 min
  restart   5/8    eval   118   this Q      0.0202   best Q    0.007773   387.3 min
  restart   5/8    eval   119   this Q     0.01786   best Q    0.007773   387.5 min
  restart   5/8    eval   120   this Q     0.02091   best Q    0.007773   387.6 min
  restart   5/8    eval   121   this Q     0.01603   best Q    0.007773   387.8 min
  restart   5/8    eval   122   this Q     0.01501   best Q    0.007773   387.9 min
  restart   5/8    eval   123   this Q     0.01653   best Q    0.007773   388.1 min
  restart   5/8    eval   124   this Q     0.01782   best Q    0.007773   388.3 min
  restart   5/8    eval   125   this Q      0.0187   best Q    0.007773   388.4 min
  restart   5/8    eval   126   this Q     0.01485   best Q    0.007773   388.6 min
  restart   5/8    eval   127   this Q     0.01814   best Q    0.007773   388.7 min
  restart   5/8    eval   128   this Q     0.01486   best Q    0.007773   388.9 min
  restart   5/8    eval   129   this Q     0.01293   best Q    0.007773   389.0 min
  restart   5/8    eval   130   this Q     0.01539   best Q    0.007773   389.2 min
  restart   5/8    eval   131   this Q     0.01624   best Q    0.007773   389.3 min
  restart   5/8    eval   132   this Q     0.01576   best Q    0.007773   389.5 min
  restart   5/8    eval   133   this Q     0.01422   best Q    0.007773   389.7 min
  restart   5/8    eval   134   this Q     0.01645   best Q    0.007773   389.8 min
  restart   5/8    eval   135   this Q     0.01384   best Q    0.007773   390.0 min
  restart   5/8    eval   136   this Q     0.01131   best Q    0.007773   390.1 min
  restart   5/8    eval   137   this Q     0.01141   best Q    0.007773   390.3 min
  restart   5/8    eval   138   this Q     0.01465   best Q    0.007773   390.4 min
  restart   5/8    eval   139   this Q     0.01688   best Q    0.007773   390.6 min
  restart   5/8    eval   140   this Q     0.01316   best Q    0.007773   390.7 min
  restart   5/8    eval   141   this Q     0.01551   best Q    0.007773   390.9 min
  restart   5/8    eval   142   this Q     0.01304   best Q    0.007773   391.1 min
  restart   5/8    eval   143   this Q     0.01273   best Q    0.007773   391.2 min
  restart   5/8    eval   144   this Q     0.01284   best Q    0.007773   391.4 min
  restart   5/8    eval   145   this Q     0.01608   best Q    0.007773   391.5 min
  restart   5/8    eval   146   this Q     0.01256   best Q    0.007773   391.7 min
  restart   5/8    eval   147   this Q     0.01231   best Q    0.007773   391.8 min
  restart   5/8    eval   148   this Q     0.01299   best Q    0.007773   392.0 min
  restart   5/8    eval   149   this Q     0.01075   best Q    0.007773   392.1 min
  restart   5/8    eval   150   this Q     0.01142   best Q    0.007773   392.3 min
  restart   5/8    eval   151   this Q     0.01097   best Q    0.007773   392.5 min
  restart   5/8    eval   152   this Q      0.0122   best Q    0.007773   392.6 min
  restart   5/8    eval   153   this Q     0.01239   best Q    0.007773   392.8 min
  restart   5/8    eval   154   this Q     0.01212   best Q    0.007773   392.9 min
  restart   5/8    eval   155   this Q     0.01221   best Q    0.007773   393.1 min
  restart   5/8    eval   156   this Q     0.01241   best Q    0.007773   393.2 min
  restart   5/8    eval   157   this Q     0.01076   best Q    0.007773   393.4 min
  restart   5/8    eval   158   this Q     0.01202   best Q    0.007773   393.5 min
  restart   5/8    eval   159   this Q     0.01183   best Q    0.007773   393.7 min
  restart   5/8    eval   160   this Q     0.01068   best Q    0.007773   393.9 min
  restart   5/8    eval   161   this Q      0.0129   best Q    0.007773   394.0 min
  restart   5/8    eval   162   this Q     0.01204   best Q    0.007773   394.2 min
  restart   5/8    eval   163   this Q     0.01061   best Q    0.007773   394.3 min
  restart   5/8    eval   164   this Q     0.01314   best Q    0.007773   394.5 min
  restart   5/8    eval   165   this Q     0.01293   best Q    0.007773   394.6 min
  restart   5/8    eval   166   this Q     0.01062   best Q    0.007773   394.8 min
  restart   5/8    eval   167   this Q     0.01273   best Q    0.007773   394.9 min
  restart   5/8    eval   168   this Q     0.01062   best Q    0.007773   395.1 min
  restart   5/8    eval   169   this Q     0.01095   best Q    0.007773   395.2 min
  restart   5/8    eval   170   this Q     0.01216   best Q    0.007773   395.4 min
  restart   5/8    eval   171   this Q     0.01052   best Q    0.007773   395.5 min
  restart   5/8    eval   172   this Q     0.01036   best Q    0.007773   395.7 min
  restart   5/8    eval   173   this Q     0.01214   best Q    0.007773   395.9 min
  restart   5/8    eval   174   this Q    0.009676   best Q    0.007773   396.0 min
  restart   5/8    eval   175   this Q     0.01007   best Q    0.007773   396.2 min
  restart   5/8    eval   176   this Q     0.01124   best Q    0.007773   396.3 min
  restart   5/8    eval   177   this Q     0.01015   best Q    0.007773   396.5 min
  restart   5/8    eval   178   this Q     0.01096   best Q    0.007773   396.6 min
  restart   5/8    eval   179   this Q     0.01011   best Q    0.007773   396.8 min
  restart   5/8    eval   180   this Q     0.01044   best Q    0.007773   396.9 min
  restart   5/8    eval   181   this Q     0.01088   best Q    0.007773   397.1 min
  restart   5/8    eval   182   this Q     0.01006   best Q    0.007773   397.2 min
  restart   5/8    eval   183   this Q     0.00996   best Q    0.007773   397.4 min
  restart   5/8    eval   184   this Q     0.01028   best Q    0.007773   397.6 min
  restart   5/8    eval   185   this Q     0.01125   best Q    0.007773   397.7 min
  restart   5/8    eval   186   this Q    0.009932   best Q    0.007773   397.9 min
  restart   5/8    eval   187   this Q     0.01003   best Q    0.007773   398.0 min
  restart   5/8    eval   188   this Q     0.01055   best Q    0.007773   398.2 min
  restart   5/8    eval   189   this Q    0.009897   best Q    0.007773   398.3 min
  restart   5/8    eval   190   this Q     0.01011   best Q    0.007773   398.5 min
  restart   5/8    eval   191   this Q     0.01042   best Q    0.007773   398.6 min
  restart   5/8    eval   192   this Q    0.009839   best Q    0.007773   398.8 min
  restart   5/8    eval   193   this Q    0.009652   best Q    0.007773   399.0 min
  restart   5/8    eval   194   this Q     0.01006   best Q    0.007773   399.1 min
  restart   5/8    eval   195   this Q     0.01026   best Q    0.007773   399.3 min
  restart   5/8    eval   196   this Q    0.009758   best Q    0.007773   399.4 min
  restart   5/8    eval   197   this Q    0.009485   best Q    0.007773   399.6 min
  restart   5/8    eval   198   this Q    0.009689   best Q    0.007773   399.7 min
  restart   5/8    eval   199   this Q    0.009638   best Q    0.007773   399.9 min
  restart   5/8    eval   200   this Q     0.01005   best Q    0.007773   400.0 min
  restart   5/8    eval   201   this Q    0.009668   best Q    0.007773   400.2 min
  restart   5/8    eval   202   this Q    0.009933   best Q    0.007773   400.3 min
  restart   5/8    eval   203   this Q    0.009634   best Q    0.007773   400.5 min
  restart   5/8    eval   204   this Q     0.00964   best Q    0.007773   400.6 min
  restart   5/8    eval   205   this Q    0.009455   best Q    0.007773   400.8 min
  restart   5/8    eval   206   this Q    0.009773   best Q    0.007773   401.0 min
  restart   5/8    eval   207   this Q    0.009386   best Q    0.007773   401.1 min
  restart   5/8    eval   208   this Q    0.009653   best Q    0.007773   401.3 min
  restart   5/8    eval   209   this Q    0.009567   best Q    0.007773   401.4 min
  restart   5/8    eval   210   this Q    0.009892   best Q    0.007773   401.6 min
  restart   5/8    eval   211   this Q    0.009456   best Q    0.007773   401.7 min
  restart   5/8    eval   212   this Q    0.009298   best Q    0.007773   401.9 min
  restart   5/8    eval   213   this Q    0.009392   best Q    0.007773   402.0 min
  restart   5/8    eval   214   this Q    0.009753   best Q    0.007773   402.2 min
  restart   5/8    eval   215   this Q    0.009429   best Q    0.007773   402.4 min
  restart   5/8    eval   216   this Q    0.009467   best Q    0.007773   402.5 min
  restart   5/8    eval   217   this Q    0.009664   best Q    0.007773   402.7 min
  restart   5/8    eval   218   this Q    0.009426   best Q    0.007773   402.8 min
  restart   5/8    eval   219   this Q    0.009348   best Q    0.007773   403.0 min
  restart   5/8    eval   220   this Q    0.009494   best Q    0.007773   403.1 min
  restart   5/8    eval   221   this Q    0.009358   best Q    0.007773   403.3 min
  restart   5/8    eval   222   this Q    0.009278   best Q    0.007773   403.4 min
  restart   5/8    eval   223   this Q    0.009376   best Q    0.007773   403.6 min
  restart   5/8    eval   224   this Q     0.00965   best Q    0.007773   403.7 min
  restart   5/8    eval   225   this Q     0.00932   best Q    0.007773   403.9 min
  restart   5/8    eval   226   this Q    0.009212   best Q    0.007773   404.1 min
  restart   5/8    eval   227   this Q     0.00922   best Q    0.007773   404.2 min
  restart   5/8    eval   228   this Q     0.00931   best Q    0.007773   404.4 min
  restart   5/8    eval   229   this Q    0.009262   best Q    0.007773   404.5 min
  restart   5/8    eval   230   this Q    0.009306   best Q    0.007773   404.7 min
  restart   5/8    eval   231   this Q    0.009246   best Q    0.007773   404.8 min
  restart   5/8    eval   232   this Q    0.009199   best Q    0.007773   405.0 min
  restart   5/8    eval   233   this Q    0.009325   best Q    0.007773   405.1 min
  restart   5/8    eval   234   this Q     0.00917   best Q    0.007773   405.3 min
  restart   5/8    eval   235   this Q    0.009273   best Q    0.007773   405.4 min
  restart   5/8    eval   236   this Q    0.009229   best Q    0.007773   405.6 min
  restart   5/8    eval   237   this Q    0.009398   best Q    0.007773   405.8 min
  restart   5/8    eval   238   this Q    0.009195   best Q    0.007773   405.9 min
  restart   5/8    eval   239   this Q    0.009309   best Q    0.007773   406.1 min
  restart   5/8    eval   240   this Q     0.00921   best Q    0.007773   406.2 min
  restart   5/8    eval   241   this Q     0.00909   best Q    0.007773   406.4 min
  restart   5/8    eval   242   this Q    0.009069   best Q    0.007773   406.5 min
  restart   5/8    eval   243   this Q    0.009161   best Q    0.007773   406.7 min
  restart   5/8    eval   244   this Q    0.009075   best Q    0.007773   406.8 min
  restart   5/8    eval   245   this Q    0.009171   best Q    0.007773   407.0 min
  restart   5/8    eval   246   this Q    0.009141   best Q    0.007773   407.1 min
  restart   5/8    eval   247   this Q    0.009078   best Q    0.007773   407.3 min
  restart   5/8    eval   248   this Q    0.009008   best Q    0.007773   407.5 min
  restart   5/8    eval   249   this Q    0.008996   best Q    0.007773   407.6 min
  restart   5/8    eval   250   this Q     0.00905   best Q    0.007773   407.8 min
  restart   5/8    eval   251   this Q    0.008953   best Q    0.007773   407.9 min
  restart   5/8    eval   252   this Q    0.008966   best Q    0.007773   408.1 min
  restart   5/8    eval   253   this Q    0.009068   best Q    0.007773   408.2 min
  restart   5/8    eval   254   this Q    0.008895   best Q    0.007773   408.4 min
  restart   5/8    eval   255   this Q    0.008874   best Q    0.007773   408.5 min
  restart   5/8    eval   256   this Q    0.008979   best Q    0.007773   408.7 min
  restart   5/8    eval   257   this Q    0.008816   best Q    0.007773   408.8 min
  restart   5/8    eval   258   this Q    0.008793   best Q    0.007773   409.0 min
  restart   5/8    eval   259   this Q    0.008923   best Q    0.007773   409.2 min
  restart   5/8    eval   260   this Q    0.008981   best Q    0.007773   409.3 min
  restart   5/8    eval   261   this Q    0.008854   best Q    0.007773   409.5 min
  restart   5/8    eval   262   this Q    0.008876   best Q    0.007773   409.6 min
  restart   5/8    eval   263   this Q    0.008874   best Q    0.007773   409.8 min
  restart   5/8    eval   264   this Q    0.008758   best Q    0.007773   409.9 min
  restart   5/8    eval   265   this Q     0.00885   best Q    0.007773   410.1 min
  restart   5/8    eval   266   this Q    0.008819   best Q    0.007773   410.2 min
  restart   5/8    eval   267   this Q    0.008897   best Q    0.007773   410.4 min
  restart   5/8    eval   268   this Q    0.008731   best Q    0.007773   410.5 min
  restart   5/8    eval   269   this Q     0.00887   best Q    0.007773   410.7 min
  restart   5/8    eval   270   this Q    0.008946   best Q    0.007773   410.9 min
  restart   5/8    eval   271   this Q    0.008785   best Q    0.007773   411.0 min
  restart   5/8    eval   272   this Q    0.008827   best Q    0.007773   411.2 min
  restart   5/8    eval   273   this Q    0.008729   best Q    0.007773   411.3 min
  restart   5/8    eval   274   this Q    0.008862   best Q    0.007773   411.5 min
  restart   5/8    eval   275   this Q    0.008801   best Q    0.007773   411.6 min
  restart   5/8    eval   276   this Q    0.008751   best Q    0.007773   411.8 min
  restart   5/8    eval   277   this Q    0.008802   best Q    0.007773   411.9 min
  restart   5/8    eval   278   this Q    0.008827   best Q    0.007773   412.1 min
  restart   5/8    eval   279   this Q    0.008728   best Q    0.007773   412.2 min
  restart   5/8    eval   280   this Q    0.008836   best Q    0.007773   412.4 min
  restart   5/8    eval   281   this Q    0.008726   best Q    0.007773   412.6 min
  restart   5/8    eval   282   this Q    0.008787   best Q    0.007773   412.7 min
  restart   5/8    eval   283   this Q     0.00886   best Q    0.007773   412.9 min
  restart   5/8    eval   284   this Q    0.008717   best Q    0.007773   413.0 min
  restart   5/8    eval   285   this Q    0.008736   best Q    0.007773   413.2 min
  restart   5/8    eval   286   this Q    0.008736   best Q    0.007773   413.3 min
  restart   5/8    eval   287   this Q    0.008641   best Q    0.007773   413.5 min
  restart   5/8    eval   288   this Q    0.008675   best Q    0.007773   413.6 min
  restart   5/8    eval   289   this Q    0.008713   best Q    0.007773   413.8 min
  restart   5/8    eval   290   this Q    0.008811   best Q    0.007773   413.9 min
  restart   5/8    eval   291   this Q     0.00868   best Q    0.007773   414.1 min
  restart   5/8    eval   292   this Q     0.00884   best Q    0.007773   414.2 min
  restart   5/8    eval   293   this Q    0.008673   best Q    0.007773   414.4 min
  restart   5/8    eval   294   this Q    0.008726   best Q    0.007773   414.6 min
  restart   5/8    eval   295   this Q    0.008792   best Q    0.007773   414.7 min
  restart   5/8    eval   296   this Q    0.008678   best Q    0.007773   414.9 min
  restart   5/8    eval   297   this Q    0.008756   best Q    0.007773   415.0 min
  restart   5/8    eval   298   this Q    0.008681   best Q    0.007773   415.2 min
  restart   5/8    eval   299   this Q    0.008675   best Q    0.007773   415.3 min
  restart   5/8    eval   300   this Q    0.008682   best Q    0.007773   415.5 min
  restart   5/8    eval   301   this Q    0.008617   best Q    0.007773   415.6 min
  restart   5/8    eval   302   this Q    0.008615   best Q    0.007773   415.8 min
  restart   5/8    eval   303   this Q    0.008628   best Q    0.007773   415.9 min
  restart   5/8    eval   304   this Q    0.008645   best Q    0.007773   416.1 min
  restart   5/8    eval   305   this Q    0.008645   best Q    0.007773   416.2 min
  restart   5/8    eval   306   this Q    0.008606   best Q    0.007773   416.4 min
  restart   5/8    eval   307   this Q    0.008636   best Q    0.007773   416.6 min
  restart   5/8    eval   308   this Q    0.008601   best Q    0.007773   416.7 min
  restart   5/8    eval   309   this Q    0.008645   best Q    0.007773   416.9 min
  restart   5/8    eval   310   this Q    0.008567   best Q    0.007773   417.0 min
  restart   5/8    eval   311   this Q    0.008567   best Q    0.007773   417.2 min
  restart   5/8    eval   312   this Q    0.008614   best Q    0.007773   417.3 min
  restart   5/8    eval   313   this Q    0.008551   best Q    0.007773   417.5 min
  restart   5/8    eval   314   this Q    0.008564   best Q    0.007773   417.6 min
  restart   5/8    eval   315   this Q     0.00863   best Q    0.007773   417.8 min
  restart   5/8    eval   316   this Q    0.008598   best Q    0.007773   417.9 min
  restart   5/8    eval   317   this Q    0.008553   best Q    0.007773   418.1 min
  restart   5/8    eval   318   this Q    0.008611   best Q    0.007773   418.2 min
  restart   5/8    eval   319   this Q    0.008669   best Q    0.007773   418.4 min
  restart   5/8    eval   320   this Q    0.008575   best Q    0.007773   418.6 min
  restart   5/8    eval   321   this Q    0.008558   best Q    0.007773   418.7 min
  restart   5/8    eval   322   this Q    0.008542   best Q    0.007773   418.9 min
  restart   5/8    eval   323   this Q     0.00858   best Q    0.007773   419.0 min
  restart   5/8    eval   324   this Q    0.008611   best Q    0.007773   419.2 min
  restart   5/8    eval   325   this Q    0.008566   best Q    0.007773   419.3 min
  restart   5/8    eval   326   this Q    0.008521   best Q    0.007773   419.5 min
  restart   5/8    eval   327   this Q    0.008531   best Q    0.007773   419.6 min
  restart   5/8    eval   328   this Q    0.008517   best Q    0.007773   419.8 min
  restart   5/8    eval   329   this Q    0.008543   best Q    0.007773   419.9 min
  restart   5/8    eval   330   this Q     0.00857   best Q    0.007773   420.1 min
  restart   5/8    eval   331   this Q    0.008505   best Q    0.007773   420.3 min
  restart   5/8    eval   332   this Q    0.008509   best Q    0.007773   420.4 min
  restart   5/8    eval   333   this Q    0.008574   best Q    0.007773   420.6 min
  restart   5/8    eval   334   this Q    0.008532   best Q    0.007773   420.7 min
  restart   5/8    eval   335   this Q    0.008528   best Q    0.007773   420.9 min
  restart   5/8    eval   336   this Q    0.008476   best Q    0.007773   421.0 min
  restart   5/8    eval   337   this Q    0.008462   best Q    0.007773   421.2 min
  restart   5/8    eval   338   this Q    0.008538   best Q    0.007773   421.3 min
  restart   5/8    eval   339   this Q     0.00848   best Q    0.007773   421.5 min
  restart   5/8    eval   340   this Q     0.00846   best Q    0.007773   421.6 min
  restart   5/8    eval   341   this Q    0.008463   best Q    0.007773   421.8 min
  restart   5/8    eval   342   this Q    0.008484   best Q    0.007773   421.9 min
  restart   5/8    eval   343   this Q    0.008506   best Q    0.007773   422.1 min
  restart   5/8    eval   344   this Q    0.008472   best Q    0.007773   422.3 min
  restart   5/8    eval   345   this Q    0.008458   best Q    0.007773   422.4 min
  restart   5/8    eval   346   this Q    0.008506   best Q    0.007773   422.6 min
  restart   5/8    eval   347   this Q    0.008429   best Q    0.007773   422.7 min
  restart   5/8    eval   348   this Q    0.008431   best Q    0.007773   422.9 min
  restart   5/8    eval   349   this Q    0.008414   best Q    0.007773   423.0 min
  restart   5/8    eval   350   this Q    0.008408   best Q    0.007773   423.2 min
  restart   5/8    eval   351   this Q     0.00847   best Q    0.007773   423.3 min
  restart   5/8    eval   352   this Q    0.008411   best Q    0.007773   423.5 min
  restart   5/8    eval   353   this Q    0.008418   best Q    0.007773   423.6 min
  restart   5/8    eval   354   this Q    0.008393   best Q    0.007773   423.8 min
  restart   5/8    eval   355   this Q      0.0084   best Q    0.007773   424.0 min
  restart   5/8    eval   356   this Q    0.008443   best Q    0.007773   424.1 min
  restart   5/8    eval   357   this Q    0.008411   best Q    0.007773   424.3 min
  restart   5/8    eval   358   this Q    0.008355   best Q    0.007773   424.4 min
  restart   5/8    eval   359   this Q    0.008332   best Q    0.007773   424.6 min
  restart   5/8    eval   360   this Q    0.008408   best Q    0.007773   424.7 min
  restart   5/8    eval   361   this Q    0.008317   best Q    0.007773   424.9 min
  restart   5/8    eval   362   this Q    0.008286   best Q    0.007773   425.0 min
  restart   5/8    eval   363   this Q    0.008368   best Q    0.007773   425.2 min
  restart   5/8    eval   364   this Q    0.008339   best Q    0.007773   425.4 min
  restart   5/8    eval   365   this Q      0.0083   best Q    0.007773   425.5 min
  restart   5/8    eval   366   this Q     0.00833   best Q    0.007773   425.7 min
  restart   5/8    eval   367   this Q     0.00831   best Q    0.007773   425.8 min
  restart   5/8    eval   368   this Q    0.008244   best Q    0.007773   426.0 min
  restart   5/8    eval   369   this Q    0.008213   best Q    0.007773   426.1 min
  restart   5/8    eval   370   this Q     0.00821   best Q    0.007773   426.3 min
  restart   5/8    eval   371   this Q    0.008197   best Q    0.007773   426.4 min
  restart   5/8    eval   372   this Q    0.008181   best Q    0.007773   426.6 min
  restart   5/8    eval   373   this Q    0.008185   best Q    0.007773   426.7 min
  restart   5/8    eval   374   this Q    0.008241   best Q    0.007773   426.9 min
  restart   5/8    eval   375   this Q     0.00817   best Q    0.007773   427.0 min
  restart   5/8    eval   376   this Q    0.008192   best Q    0.007773   427.2 min
  restart   5/8    eval   377   this Q    0.008239   best Q    0.007773   427.4 min
  restart   5/8    eval   378   this Q    0.008143   best Q    0.007773   427.5 min
  restart   5/8    eval   379   this Q    0.008181   best Q    0.007773   427.7 min
  restart   5/8    eval   380   this Q    0.008077   best Q    0.007773   427.8 min
  restart   5/8    eval   381   this Q    0.008029   best Q    0.007773   428.0 min
  restart   5/8    eval   382   this Q    0.008095   best Q    0.007773   428.1 min
  restart   5/8    eval   383   this Q    0.008001   best Q    0.007773   428.3 min
  restart   5/8    eval   384   this Q    0.007945   best Q    0.007773   428.4 min
  restart   5/8    eval   385   this Q    0.008067   best Q    0.007773   428.6 min
  restart   5/8    eval   386   this Q    0.008086   best Q    0.007773   428.7 min
  restart   5/8    eval   387   this Q    0.008107   best Q    0.007773   428.9 min
  restart   5/8    eval   388   this Q    0.008013   best Q    0.007773   429.1 min
  restart   5/8    eval   389   this Q    0.008046   best Q    0.007773   429.2 min
  restart   5/8    eval   390   this Q    0.007936   best Q    0.007773   429.4 min
  restart   5/8    eval   391   this Q    0.008031   best Q    0.007773   429.5 min
  restart   5/8    eval   392   this Q    0.008044   best Q    0.007773   429.7 min
  restart   5/8    eval   393   this Q    0.008069   best Q    0.007773   429.8 min
  restart   5/8    eval   394   this Q    0.008038   best Q    0.007773   430.0 min
  restart   5/8    eval   395   this Q     0.00801   best Q    0.007773   430.1 min
  restart   5/8    eval   396   this Q    0.008043   best Q    0.007773   430.3 min
  restart   5/8    eval   397   this Q    0.008021   best Q    0.007773   430.4 min
  restart   5/8    eval   398   this Q    0.007949   best Q    0.007773   430.6 min
  restart   5/8    eval   399   this Q    0.007927   best Q    0.007773   430.7 min
  restart   5/8    eval   400   this Q    0.008014   best Q    0.007773   430.9 min
  restart   5/8    eval   401   this Q    0.008035   best Q    0.007773   431.1 min
  restart   5/8    eval   402   this Q    0.008045   best Q    0.007773   431.2 min
  restart   5/8    eval   403   this Q    0.007957   best Q    0.007773   431.4 min
  restart   5/8    eval   404   this Q    0.008043   best Q    0.007773   431.5 min
  restart   5/8    eval   405   this Q    0.007961   best Q    0.007773   431.7 min
  restart   5/8    eval   406   this Q    0.007999   best Q    0.007773   431.8 min
  restart   5/8    eval   407   this Q    0.008029   best Q    0.007773   432.0 min
  restart   5/8    eval   408   this Q     0.00795   best Q    0.007773   432.1 min
  restart   5/8    eval   409   this Q    0.007985   best Q    0.007773   432.3 min
  restart   5/8    eval   410   this Q    0.007906   best Q    0.007773   432.4 min
  restart   5/8    eval   411   this Q    0.007975   best Q    0.007773   432.6 min
  restart   5/8    eval   412   this Q    0.007957   best Q    0.007773   432.8 min
  restart   5/8    eval   413   this Q    0.008011   best Q    0.007773   432.9 min
  restart   5/8    eval   414   this Q    0.007929   best Q    0.007773   433.1 min
  restart   5/8    eval   415   this Q    0.007929   best Q    0.007773   433.2 min
  restart   5/8    eval   416   this Q    0.007967   best Q    0.007773   433.4 min
  restart   5/8    eval   417   this Q    0.007917   best Q    0.007773   433.5 min
  restart   5/8    eval   418   this Q    0.007917   best Q    0.007773   433.7 min
  restart   5/8    eval   419   this Q    0.007919   best Q    0.007773   433.8 min
  restart   5/8    eval   420   this Q    0.007954   best Q    0.007773   434.0 min
  restart   5/8    eval   421   this Q    0.007911   best Q    0.007773   434.1 min
  restart   5/8    eval   422   this Q    0.007912   best Q    0.007773   434.3 min
  restart   5/8    eval   423   this Q    0.007925   best Q    0.007773   434.4 min
  restart   5/8    eval   424   this Q    0.007947   best Q    0.007773   434.6 min
  restart   5/8    eval   425   this Q    0.007897   best Q    0.007773   434.8 min
  restart   5/8    eval   426   this Q    0.007919   best Q    0.007773   434.9 min
  restart   5/8    eval   427   this Q    0.007905   best Q    0.007773   435.1 min
  restart   5/8    eval   428   this Q    0.007918   best Q    0.007773   435.2 min
  restart   5/8    eval   429   this Q    0.007926   best Q    0.007773   435.4 min
  restart   5/8    eval   430   this Q    0.007899   best Q    0.007773   435.5 min
  restart   5/8    eval   431   this Q     0.00795   best Q    0.007773   435.7 min
  restart   5/8    eval   432   this Q    0.007897   best Q    0.007773   435.8 min
  restart   5/8    eval   433   this Q    0.007917   best Q    0.007773   436.0 min
  restart   5/8    eval   434   this Q    0.007934   best Q    0.007773   436.1 min
  restart   5/8    eval   435   this Q    0.007898   best Q    0.007773   436.3 min
  restart   5/8    eval   436   this Q    0.007921   best Q    0.007773   436.4 min
  restart   5/8    eval   437   this Q    0.007897   best Q    0.007773   436.6 min
  restart   5/8    eval   438   this Q     0.00789   best Q    0.007773   436.8 min
  restart   5/8    eval   439   this Q    0.007913   best Q    0.007773   436.9 min
  restart   5/8    eval   440   this Q    0.007943   best Q    0.007773   437.1 min
  restart   5/8    eval   441   this Q    0.007891   best Q    0.007773   437.2 min
  restart   5/8    eval   442   this Q    0.007883   best Q    0.007773   437.4 min
  restart   5/8    eval   443   this Q    0.007904   best Q    0.007773   437.5 min
  restart   5/8    eval   444   this Q    0.007926   best Q    0.007773   437.7 min
  restart   5/8    eval   445   this Q    0.007892   best Q    0.007773   437.8 min
  restart   5/8    eval   446   this Q      0.0079   best Q    0.007773   438.0 min
  restart   5/8    eval   447   this Q    0.007888   best Q    0.007773   438.1 min
  restart   5/8    eval   448   this Q    0.007891   best Q    0.007773   438.3 min
  restart   5/8    eval   449   this Q    0.007887   best Q    0.007773   438.4 min
  restart   5/8    eval   450   this Q    0.007887   best Q    0.007773   438.6 min
  restart   5/8    eval   451   this Q    0.007887   best Q    0.007773   438.8 min
  restart   5/8    eval   452   this Q    0.007889   best Q    0.007773   438.9 min
  restart   5/8    eval   453   this Q    0.007883   best Q    0.007773   439.1 min
  restart   5/8    eval   454   this Q    0.007898   best Q    0.007773   439.2 min
  restart   5/8    eval   455   this Q    0.007894   best Q    0.007773   439.4 min
  restart   5/8    eval   456   this Q    0.007884   best Q    0.007773   439.5 min
  restart   5/8    eval   457   this Q    0.007883   best Q    0.007773   439.7 min
  restart   5/8    eval   458   this Q    0.007902   best Q    0.007773   439.8 min
  restart   5/8   DONE   this    0.007883   best Q    0.007773   439.8 min, ~264 min left
  restart   6/8    eval     1   this Q      0.1623   best Q    0.007773   440.0 min
  restart   6/8    eval     2   this Q      0.1623   best Q    0.007773   440.1 min
  restart   6/8    eval     3   this Q       1.062   best Q    0.007773   440.3 min
  restart   6/8    eval     4   this Q      0.7896   best Q    0.007773   440.4 min
  restart   6/8    eval     5   this Q     0.03602   best Q    0.007773   440.6 min
  restart   6/8    eval     6   this Q        1.78   best Q    0.007773   440.8 min
  restart   6/8    eval     7   this Q      0.4297   best Q    0.007773   440.9 min
  restart   6/8    eval     8   this Q      0.6799   best Q    0.007773   441.1 min
  restart   6/8    eval     9   this Q       6.823   best Q    0.007773   441.2 min
  restart   6/8    eval    10   this Q       0.272   best Q    0.007773   441.4 min
  restart   6/8    eval    11   this Q      0.4936   best Q    0.007773   441.5 min
  restart   6/8    eval    12   this Q       1.162   best Q    0.007773   441.7 min
  restart   6/8    eval    13   this Q       1.919   best Q    0.007773   441.8 min
  restart   6/8    eval    14   this Q      0.5243   best Q    0.007773   442.0 min
  restart   6/8    eval    15   this Q       6.216   best Q    0.007773   442.1 min
  restart   6/8    eval    16   this Q      0.5574   best Q    0.007773   442.3 min
  restart   6/8    eval    17   this Q      0.6507   best Q    0.007773   442.4 min
  restart   6/8    eval    18   this Q      0.2901   best Q    0.007773   442.6 min
  restart   6/8    eval    19   this Q      0.3781   best Q    0.007773   442.8 min
  restart   6/8    eval    20   this Q       1.197   best Q    0.007773   442.9 min
  restart   6/8    eval    21   this Q      0.2414   best Q    0.007773   443.1 min
  restart   6/8    eval    22   this Q       1.495   best Q    0.007773   443.2 min
  restart   6/8    eval    23   this Q      0.2359   best Q    0.007773   443.4 min
  restart   6/8    eval    24   this Q      0.3406   best Q    0.007773   443.5 min
  restart   6/8    eval    25   this Q      0.6377   best Q    0.007773   443.7 min
  restart   6/8    eval    26   this Q      0.1049   best Q    0.007773   443.8 min
  restart   6/8    eval    27   this Q      0.4806   best Q    0.007773   444.0 min
  restart   6/8    eval    28   this Q      0.1368   best Q    0.007773   444.1 min
  restart   6/8    eval    29   this Q      0.6089   best Q    0.007773   444.3 min
  restart   6/8    eval    30   this Q      0.1127   best Q    0.007773   444.4 min
  restart   6/8    eval    31   this Q       0.517   best Q    0.007773   444.6 min
  restart   6/8    eval    32   this Q     0.09312   best Q    0.007773   444.7 min
  restart   6/8    eval    33   this Q      0.5927   best Q    0.007773   444.9 min
  restart   6/8    eval    34   this Q      0.1111   best Q    0.007773   445.1 min
  restart   6/8    eval    35   this Q      0.3371   best Q    0.007773   445.2 min
  restart   6/8    eval    36   this Q     0.05336   best Q    0.007773   445.4 min
  restart   6/8    eval    37   this Q      0.2916   best Q    0.007773   445.5 min
  restart   6/8    eval    38   this Q     0.09468   best Q    0.007773   445.7 min
  restart   6/8    eval    39   this Q      0.2023   best Q    0.007773   445.8 min
  restart   6/8    eval    40   this Q     0.05084   best Q    0.007773   446.0 min
  restart   6/8    eval    41   this Q      0.1034   best Q    0.007773   446.1 min
  restart   6/8    eval    42   this Q      0.1745   best Q    0.007773   446.3 min
  restart   6/8    eval    43   this Q     0.05608   best Q    0.007773   446.4 min
  restart   6/8    eval    44   this Q      0.1484   best Q    0.007773   446.6 min
  restart   6/8    eval    45   this Q     0.04968   best Q    0.007773   446.7 min
  restart   6/8    eval    46   this Q      0.1593   best Q    0.007773   446.9 min
  restart   6/8    eval    47   this Q     0.05116   best Q    0.007773   447.1 min
  restart   6/8    eval    48   this Q      0.1797   best Q    0.007773   447.2 min
  restart   6/8    eval    49   this Q      0.0398   best Q    0.007773   447.4 min
  restart   6/8    eval    50   this Q     0.05854   best Q    0.007773   447.5 min
  restart   6/8    eval    51   this Q     0.05525   best Q    0.007773   447.7 min
  restart   6/8    eval    52   this Q     0.07438   best Q    0.007773   447.8 min
  restart   6/8    eval    53   this Q     0.03281   best Q    0.007773   448.0 min
  restart   6/8    eval    54   this Q     0.09657   best Q    0.007773   448.1 min
  restart   6/8    eval    55   this Q     0.02872   best Q    0.007773   448.3 min
  restart   6/8    eval    56   this Q     0.04577   best Q    0.007773   448.4 min
  restart   6/8    eval    57   this Q         0.1   best Q    0.007773   448.6 min
  restart   6/8    eval    58   this Q     0.02484   best Q    0.007773   448.7 min
  restart   6/8    eval    59   this Q     0.03951   best Q    0.007773   448.9 min
  restart   6/8    eval    60   this Q     0.05431   best Q    0.007773   449.1 min
  restart   6/8    eval    61   this Q     0.02887   best Q    0.007773   449.2 min
  restart   6/8    eval    62   this Q     0.04697   best Q    0.007773   449.4 min
  restart   6/8    eval    63   this Q     0.01786   best Q    0.007773   449.5 min
  restart   6/8    eval    64   this Q     0.04614   best Q    0.007773   449.7 min
  restart   6/8    eval    65   this Q     0.04709   best Q    0.007773   449.8 min
  restart   6/8    eval    66   this Q     0.02503   best Q    0.007773   450.0 min
  restart   6/8    eval    67   this Q     0.05939   best Q    0.007773   450.1 min
  restart   6/8    eval    68   this Q     0.02238   best Q    0.007773   450.3 min
  restart   6/8    eval    69   this Q      0.0533   best Q    0.007773   450.4 min
  restart   6/8    eval    70   this Q     0.02134   best Q    0.007773   450.6 min
  restart   6/8    eval    71   this Q      0.0402   best Q    0.007773   450.7 min
  restart   6/8    eval    72   this Q     0.02269   best Q    0.007773   450.9 min
  restart   6/8    eval    73   this Q     0.04522   best Q    0.007773   451.0 min
  restart   6/8    eval    74   this Q     0.02098   best Q    0.007773   451.2 min
  restart   6/8    eval    75   this Q     0.03626   best Q    0.007773   451.3 min
  restart   6/8    eval    76   this Q     0.02059   best Q    0.007773   451.5 min
  restart   6/8    eval    77   this Q     0.02025   best Q    0.007773   451.6 min
  restart   6/8    eval    78   this Q     0.01694   best Q    0.007773   451.8 min
  restart   6/8    eval    79   this Q     0.03366   best Q    0.007773   451.9 min
  restart   6/8    eval    80   this Q     0.01991   best Q    0.007773   452.1 min
  restart   6/8    eval    81   this Q     0.02015   best Q    0.007773   452.3 min
  restart   6/8    eval    82   this Q     0.01911   best Q    0.007773   452.4 min
  restart   6/8    eval    83   this Q     0.01709   best Q    0.007773   452.6 min
  restart   6/8    eval    84   this Q     0.02653   best Q    0.007773   452.7 min
  restart   6/8    eval    85   this Q     0.01455   best Q    0.007773   452.9 min
  restart   6/8    eval    86   this Q     0.01388   best Q    0.007773   453.0 min
  restart   6/8    eval    87   this Q     0.02492   best Q    0.007773   453.2 min
  restart   6/8    eval    88   this Q     0.01534   best Q    0.007773   453.3 min
  restart   6/8    eval    89   this Q     0.01478   best Q    0.007773   453.5 min
  restart   6/8    eval    90   this Q     0.02445   best Q    0.007773   453.6 min
  restart   6/8    eval    91   this Q     0.01305   best Q    0.007773   453.8 min
  restart   6/8    eval    92   this Q     0.01572   best Q    0.007773   453.9 min
  restart   6/8    eval    93   this Q     0.01516   best Q    0.007773   454.1 min
  restart   6/8    eval    94   this Q     0.01963   best Q    0.007773   454.2 min
  restart   6/8    eval    95   this Q     0.01212   best Q    0.007773   454.4 min
  restart   6/8    eval    96   this Q     0.02075   best Q    0.007773   454.5 min
  restart   6/8    eval    97   this Q     0.01176   best Q    0.007773   454.7 min
  restart   6/8    eval    98   this Q     0.01765   best Q    0.007773   454.8 min
  restart   6/8    eval    99   this Q     0.01199   best Q    0.007773   455.0 min
  restart   6/8    eval   100   this Q     0.01762   best Q    0.007773   455.1 min
  restart   6/8    eval   101   this Q     0.01158   best Q    0.007773   455.3 min
  restart   6/8    eval   102   this Q     0.01874   best Q    0.007773   455.5 min
  restart   6/8    eval   103   this Q     0.01126   best Q    0.007773   455.6 min
  restart   6/8    eval   104   this Q      0.0191   best Q    0.007773   455.8 min
  restart   6/8    eval   105   this Q     0.01136   best Q    0.007773   455.9 min
  restart   6/8    eval   106   this Q      0.0195   best Q    0.007773   456.1 min
  restart   6/8    eval   107   this Q     0.01102   best Q    0.007773   456.2 min
  restart   6/8    eval   108   this Q     0.01207   best Q    0.007773   456.4 min
  restart   6/8    eval   109   this Q     0.01382   best Q    0.007773   456.5 min
  restart   6/8    eval   110   this Q     0.01119   best Q    0.007773   456.7 min
  restart   6/8    eval   111   this Q     0.01257   best Q    0.007773   456.8 min
  restart   6/8    eval   112   this Q     0.01078   best Q    0.007773   457.0 min
  restart   6/8    eval   113   this Q     0.01074   best Q    0.007773   457.1 min
  restart   6/8    eval   114   this Q     0.01376   best Q    0.007773   457.3 min
  restart   6/8    eval   115   this Q     0.01366   best Q    0.007773   457.4 min
  restart   6/8    eval   116   this Q     0.01046   best Q    0.007773   457.6 min
  restart   6/8    eval   117   this Q     0.01245   best Q    0.007773   457.7 min
  restart   6/8    eval   118   this Q     0.01054   best Q    0.007773   457.9 min
  restart   6/8    eval   119   this Q     0.01166   best Q    0.007773   458.0 min
  restart   6/8    eval   120   this Q      0.0105   best Q    0.007773   458.2 min
  restart   6/8    eval   121   this Q     0.01096   best Q    0.007773   458.3 min
  restart   6/8    eval   122   this Q     0.01098   best Q    0.007773   458.5 min
  restart   6/8    eval   123   this Q     0.01102   best Q    0.007773   458.7 min
  restart   6/8    eval   124   this Q     0.01276   best Q    0.007773   458.8 min
  restart   6/8    eval   125   this Q     0.01017   best Q    0.007773   459.0 min
  restart   6/8    eval   126   this Q     0.01137   best Q    0.007773   459.1 min
  restart   6/8    eval   127   this Q     0.01024   best Q    0.007773   459.3 min
  restart   6/8    eval   128   this Q     0.01133   best Q    0.007773   459.4 min
  restart   6/8    eval   129   this Q     0.01024   best Q    0.007773   459.6 min
  restart   6/8    eval   130   this Q     0.01148   best Q    0.007773   459.7 min
  restart   6/8    eval   131   this Q     0.01021   best Q    0.007773   459.9 min
  restart   6/8    eval   132   this Q     0.01143   best Q    0.007773   460.0 min
  restart   6/8    eval   133   this Q     0.01021   best Q    0.007773   460.2 min
  restart   6/8    eval   134   this Q      0.0105   best Q    0.007773   460.3 min
  restart   6/8    eval   135   this Q     0.01102   best Q    0.007773   460.5 min
  restart   6/8    eval   136   this Q     0.01016   best Q    0.007773   460.6 min
  restart   6/8    eval   137   this Q      0.0101   best Q    0.007773   460.8 min
  restart   6/8    eval   138   this Q      0.0109   best Q    0.007773   460.9 min
  restart   6/8    eval   139   this Q     0.01013   best Q    0.007773   461.1 min
  restart   6/8    eval   140   this Q      0.0108   best Q    0.007773   461.3 min
  restart   6/8    eval   141   this Q     0.01003   best Q    0.007773   461.4 min
  restart   6/8    eval   142   this Q     0.01072   best Q    0.007773   461.6 min
  restart   6/8    eval   143   this Q     0.01003   best Q    0.007773   461.7 min
  restart   6/8    eval   144   this Q     0.01006   best Q    0.007773   461.9 min
  restart   6/8    eval   145   this Q    0.009915   best Q    0.007773   462.0 min
  restart   6/8    eval   146   this Q     0.01031   best Q    0.007773   462.2 min
  restart   6/8    eval   147   this Q    0.009767   best Q    0.007773   462.3 min
  restart   6/8    eval   148   this Q    0.009934   best Q    0.007773   462.5 min
  restart   6/8    eval   149   this Q     0.01048   best Q    0.007773   462.6 min
  restart   6/8    eval   150   this Q    0.009905   best Q    0.007773   462.8 min
  restart   6/8    eval   151   this Q     0.01028   best Q    0.007773   462.9 min
  restart   6/8    eval   152   this Q    0.009911   best Q    0.007773   463.1 min
  restart   6/8    eval   153   this Q     0.01021   best Q    0.007773   463.2 min
  restart   6/8    eval   154   this Q    0.009912   best Q    0.007773   463.4 min
  restart   6/8    eval   155   this Q     0.01024   best Q    0.007773   463.5 min
  restart   6/8    eval   156   this Q    0.009897   best Q    0.007773   463.7 min
  restart   6/8    eval   157   this Q     0.01004   best Q    0.007773   463.8 min
  restart   6/8    eval   158   this Q     0.01003   best Q    0.007773   464.0 min
  restart   6/8    eval   159   this Q      0.0101   best Q    0.007773   464.1 min
  restart   6/8    eval   160   this Q    0.009877   best Q    0.007773   464.3 min
  restart   6/8    eval   161   this Q    0.009798   best Q    0.007773   464.4 min
  restart   6/8    eval   162   this Q    0.009872   best Q    0.007773   464.6 min
  restart   6/8    eval   163   this Q    0.009912   best Q    0.007773   464.7 min
  restart   6/8    eval   164   this Q    0.009984   best Q    0.007773   464.9 min
  restart   6/8    eval   165   this Q    0.009803   best Q    0.007773   465.1 min
  restart   6/8    eval   166   this Q    0.009784   best Q    0.007773   465.2 min
  restart   6/8    eval   167   this Q    0.009985   best Q    0.007773   465.4 min
  restart   6/8    eval   168   this Q    0.009794   best Q    0.007773   465.5 min
  restart   6/8    eval   169   this Q    0.009656   best Q    0.007773   465.7 min
  restart   6/8    eval   170   this Q    0.009616   best Q    0.007773   465.8 min
  restart   6/8    eval   171   this Q    0.009809   best Q    0.007773   466.0 min
  restart   6/8    eval   172   this Q    0.009763   best Q    0.007773   466.1 min
  restart   6/8    eval   173   this Q    0.009654   best Q    0.007773   466.3 min
  restart   6/8    eval   174   this Q    0.009693   best Q    0.007773   466.4 min
  restart   6/8    eval   175   this Q    0.009753   best Q    0.007773   466.6 min
  restart   6/8    eval   176   this Q    0.009604   best Q    0.007773   466.7 min
  restart   6/8    eval   177   this Q    0.009677   best Q    0.007773   466.9 min
  restart   6/8    eval   178   this Q    0.009753   best Q    0.007773   467.0 min
  restart   6/8    eval   179   this Q    0.009535   best Q    0.007773   467.2 min
  restart   6/8    eval   180   this Q    0.009528   best Q    0.007773   467.3 min
  restart   6/8    eval   181   this Q    0.009646   best Q    0.007773   467.5 min
  restart   6/8    eval   182   this Q    0.009531   best Q    0.007773   467.6 min
  restart   6/8    eval   183   this Q    0.009592   best Q    0.007773   467.8 min
  restart   6/8    eval   184   this Q    0.009502   best Q    0.007773   467.9 min
  restart   6/8    eval   185   this Q    0.009664   best Q    0.007773   468.1 min
  restart   6/8    eval   186   this Q    0.009649   best Q    0.007773   468.3 min
  restart   6/8    eval   187   this Q    0.009485   best Q    0.007773   468.4 min
  restart   6/8    eval   188   this Q    0.009638   best Q    0.007773   468.6 min
  restart   6/8    eval   189   this Q    0.009626   best Q    0.007773   468.7 min
  restart   6/8    eval   190   this Q    0.009636   best Q    0.007773   468.9 min
  restart   6/8    eval   191   this Q    0.009418   best Q    0.007773   469.0 min
  restart   6/8    eval   192   this Q    0.009491   best Q    0.007773   469.2 min
  restart   6/8    eval   193   this Q    0.009559   best Q    0.007773   469.3 min
  restart   6/8    eval   194   this Q    0.009658   best Q    0.007773   469.5 min
  restart   6/8    eval   195   this Q    0.009488   best Q    0.007773   469.6 min
  restart   6/8    eval   196   this Q    0.009474   best Q    0.007773   469.8 min
  restart   6/8    eval   197   this Q    0.009372   best Q    0.007773   469.9 min
  restart   6/8    eval   198   this Q    0.009453   best Q    0.007773   470.1 min
  restart   6/8    eval   199   this Q    0.009496   best Q    0.007773   470.2 min
  restart   6/8    eval   200   this Q    0.009586   best Q    0.007773   470.4 min
  restart   6/8    eval   201   this Q    0.009441   best Q    0.007773   470.5 min
  restart   6/8    eval   202   this Q    0.009479   best Q    0.007773   470.7 min
  restart   6/8    eval   203   this Q    0.009398   best Q    0.007773   470.8 min
  restart   6/8    eval   204   this Q    0.009447   best Q    0.007773   471.0 min
  restart   6/8    eval   205   this Q    0.009529   best Q    0.007773   471.2 min
  restart   6/8    eval   206   this Q    0.009407   best Q    0.007773   471.3 min
  restart   6/8    eval   207   this Q    0.009402   best Q    0.007773   471.5 min
  restart   6/8    eval   208   this Q    0.009352   best Q    0.007773   471.6 min
  restart   6/8    eval   209   this Q    0.009445   best Q    0.007773   471.8 min
  restart   6/8    eval   210   this Q    0.009422   best Q    0.007773   471.9 min
  restart   6/8    eval   211   this Q    0.009324   best Q    0.007773   472.1 min
  restart   6/8    eval   212   this Q    0.009399   best Q    0.007773   472.2 min
  restart   6/8    eval   213   this Q    0.009456   best Q    0.007773   472.4 min
  restart   6/8    eval   214   this Q    0.009362   best Q    0.007773   472.5 min
  restart   6/8    eval   215   this Q    0.009317   best Q    0.007773   472.7 min
  restart   6/8    eval   216   this Q    0.009406   best Q    0.007773   472.8 min
  restart   6/8    eval   217   this Q    0.009355   best Q    0.007773   473.0 min
  restart   6/8    eval   218   this Q    0.009446   best Q    0.007773   473.1 min
  restart   6/8    eval   219   this Q    0.009342   best Q    0.007773   473.3 min
  restart   6/8    eval   220   this Q    0.009333   best Q    0.007773   473.4 min
  restart   6/8    eval   221   this Q    0.009395   best Q    0.007773   473.6 min
  restart   6/8    eval   222   this Q    0.009247   best Q    0.007773   473.7 min
  restart   6/8    eval   223   this Q    0.009229   best Q    0.007773   473.9 min
  restart   6/8    eval   224   this Q    0.009388   best Q    0.007773   474.1 min
  restart   6/8    eval   225   this Q    0.009306   best Q    0.007773   474.2 min
  restart   6/8    eval   226   this Q    0.009277   best Q    0.007773   474.4 min
  restart   6/8    eval   227   this Q    0.009248   best Q    0.007773   474.5 min
  restart   6/8    eval   228   this Q    0.009314   best Q    0.007773   474.7 min
  restart   6/8    eval   229   this Q    0.009364   best Q    0.007773   474.8 min
  restart   6/8    eval   230   this Q    0.009279   best Q    0.007773   475.0 min
  restart   6/8    eval   231   this Q    0.009193   best Q    0.007773   475.1 min
  restart   6/8    eval   232   this Q    0.009156   best Q    0.007773   475.3 min
  restart   6/8    eval   233   this Q    0.009204   best Q    0.007773   475.4 min
  restart   6/8    eval   234   this Q    0.009289   best Q    0.007773   475.6 min
  restart   6/8    eval   235   this Q     0.00919   best Q    0.007773   475.7 min
  restart   6/8    eval   236   this Q    0.009332   best Q    0.007773   475.9 min
  restart   6/8    eval   237   this Q    0.009231   best Q    0.007773   476.0 min
  restart   6/8    eval   238   this Q    0.009127   best Q    0.007773   476.2 min
  restart   6/8    eval   239   this Q    0.009079   best Q    0.007773   476.3 min
  restart   6/8    eval   240   this Q    0.009194   best Q    0.007773   476.5 min
  restart   6/8    eval   241   this Q    0.009093   best Q    0.007773   476.6 min
  restart   6/8    eval   242   this Q     0.00907   best Q    0.007773   476.8 min
  restart   6/8    eval   243   this Q    0.009051   best Q    0.007773   477.0 min
  restart   6/8    eval   244   this Q     0.00909   best Q    0.007773   477.1 min
  restart   6/8    eval   245   this Q    0.008985   best Q    0.007773   477.3 min
  restart   6/8    eval   246   this Q    0.008914   best Q    0.007773   477.4 min
  restart   6/8    eval   247   this Q    0.008946   best Q    0.007773   477.6 min
  restart   6/8    eval   248   this Q    0.008964   best Q    0.007773   477.7 min
  restart   6/8    eval   249   this Q    0.008984   best Q    0.007773   477.9 min
  restart   6/8    eval   250   this Q    0.008948   best Q    0.007773   478.0 min
  restart   6/8    eval   251   this Q     0.00888   best Q    0.007773   478.2 min
  restart   6/8    eval   252   this Q    0.008926   best Q    0.007773   478.3 min
  restart   6/8    eval   253   this Q    0.008858   best Q    0.007773   478.5 min
  restart   6/8    eval   254   this Q    0.008866   best Q    0.007773   478.6 min
  restart   6/8    eval   255   this Q    0.008839   best Q    0.007773   478.8 min
  restart   6/8    eval   256   this Q    0.008879   best Q    0.007773   478.9 min
  restart   6/8    eval   257   this Q    0.008867   best Q    0.007773   479.1 min
  restart   6/8    eval   258   this Q    0.008791   best Q    0.007773   479.3 min
  restart   6/8    eval   259   this Q    0.008839   best Q    0.007773   479.4 min
  restart   6/8    eval   260   this Q    0.008835   best Q    0.007773   479.6 min
  restart   6/8    eval   261   this Q    0.008733   best Q    0.007773   479.7 min
  restart   6/8    eval   262   this Q    0.008697   best Q    0.007773   479.9 min
  restart   6/8    eval   263   this Q    0.008727   best Q    0.007773   480.0 min
  restart   6/8    eval   264   this Q    0.008768   best Q    0.007773   480.2 min
  restart   6/8    eval   265   this Q    0.008762   best Q    0.007773   480.3 min
  restart   6/8    eval   266   this Q    0.008708   best Q    0.007773   480.5 min
  restart   6/8    eval   267   this Q    0.008676   best Q    0.007773   480.6 min
  restart   6/8    eval   268   this Q    0.008744   best Q    0.007773   480.8 min
  restart   6/8    eval   269   this Q    0.008576   best Q    0.007773   480.9 min
  restart   6/8    eval   270   this Q    0.008503   best Q    0.007773   481.1 min
  restart   6/8    eval   271   this Q    0.008612   best Q    0.007773   481.2 min
  restart   6/8    eval   272   this Q    0.008655   best Q    0.007773   481.4 min
  restart   6/8    eval   273   this Q    0.008622   best Q    0.007773   481.6 min
  restart   6/8    eval   274   this Q    0.008499   best Q    0.007773   481.7 min
  restart   6/8    eval   275   this Q    0.008472   best Q    0.007773   481.9 min
  restart   6/8    eval   276   this Q    0.008547   best Q    0.007773   482.0 min
  restart   6/8    eval   277   this Q    0.008514   best Q    0.007773   482.2 min
  restart   6/8    eval   278   this Q    0.008572   best Q    0.007773   482.3 min
  restart   6/8    eval   279   this Q    0.008447   best Q    0.007773   482.5 min
  restart   6/8    eval   280   this Q    0.008531   best Q    0.007773   482.6 min
  restart   6/8    eval   281   this Q    0.008494   best Q    0.007773   482.8 min
  restart   6/8    eval   282   this Q    0.008395   best Q    0.007773   482.9 min
  restart   6/8    eval   283   this Q    0.008468   best Q    0.007773   483.1 min
  restart   6/8    eval   284   this Q    0.008429   best Q    0.007773   483.3 min
  restart   6/8    eval   285   this Q    0.008441   best Q    0.007773   483.4 min
  restart   6/8    eval   286   this Q     0.00839   best Q    0.007773   483.6 min
  restart   6/8    eval   287   this Q    0.008547   best Q    0.007773   483.7 min
  restart   6/8    eval   288   this Q     0.00844   best Q    0.007773   483.9 min
  restart   6/8    eval   289   this Q    0.008382   best Q    0.007773   484.0 min
  restart   6/8    eval   290   this Q    0.008539   best Q    0.007773   484.2 min
  restart   6/8    eval   291   this Q    0.008336   best Q    0.007773   484.3 min
  restart   6/8    eval   292   this Q    0.008436   best Q    0.007773   484.5 min
  restart   6/8    eval   293   this Q    0.008594   best Q    0.007773   484.6 min
  restart   6/8    eval   294   this Q    0.008375   best Q    0.007773   484.8 min
  restart   6/8    eval   295   this Q    0.008394   best Q    0.007773   484.9 min
  restart   6/8    eval   296   this Q    0.008325   best Q    0.007773   485.1 min
  restart   6/8    eval   297   this Q    0.008413   best Q    0.007773   485.3 min
  restart   6/8    eval   298   this Q    0.008308   best Q    0.007773   485.4 min
  restart   6/8    eval   299   this Q    0.008391   best Q    0.007773   485.6 min
  restart   6/8    eval   300   this Q    0.008398   best Q    0.007773   485.7 min
  restart   6/8    eval   301   this Q    0.008337   best Q    0.007773   485.9 min
  restart   6/8    eval   302   this Q    0.008444   best Q    0.007773   486.0 min
  restart   6/8    eval   303   this Q    0.008328   best Q    0.007773   486.2 min
  restart   6/8    eval   304   this Q    0.008365   best Q    0.007773   486.3 min
  restart   6/8    eval   305   this Q    0.008345   best Q    0.007773   486.5 min
  restart   6/8    eval   306   this Q    0.008327   best Q    0.007773   486.6 min
  restart   6/8    eval   307   this Q    0.008328   best Q    0.007773   486.8 min
  restart   6/8    eval   308   this Q    0.008282   best Q    0.007773   487.0 min
  restart   6/8    eval   309   this Q    0.008387   best Q    0.007773   487.1 min
  restart   6/8    eval   310   this Q    0.008363   best Q    0.007773   487.3 min
  restart   6/8    eval   311   this Q    0.008301   best Q    0.007773   487.4 min
  restart   6/8    eval   312   this Q    0.008378   best Q    0.007773   487.6 min
  restart   6/8    eval   313   this Q    0.008291   best Q    0.007773   487.7 min
  restart   6/8    eval   314   this Q    0.008359   best Q    0.007773   487.9 min
  restart   6/8    eval   315   this Q    0.008288   best Q    0.007773   488.0 min
  restart   6/8    eval   316   this Q    0.008302   best Q    0.007773   488.2 min
  restart   6/8    eval   317   this Q    0.008345   best Q    0.007773   488.3 min
  restart   6/8    eval   318   this Q    0.008283   best Q    0.007773   488.5 min
  restart   6/8    eval   319   this Q    0.008288   best Q    0.007773   488.6 min
  restart   6/8    eval   320   this Q     0.00838   best Q    0.007773   488.8 min
  restart   6/8    eval   321   this Q    0.008277   best Q    0.007773   489.0 min
  restart   6/8    eval   322   this Q    0.008289   best Q    0.007773   489.1 min
  restart   6/8    eval   323   this Q    0.008319   best Q    0.007773   489.3 min
  restart   6/8    eval   324   this Q    0.008276   best Q    0.007773   489.4 min
  restart   6/8    eval   325   this Q    0.008311   best Q    0.007773   489.6 min
  restart   6/8    eval   326   this Q    0.008271   best Q    0.007773   489.7 min
  restart   6/8    eval   327   this Q    0.008256   best Q    0.007773   489.9 min
  restart   6/8    eval   328   this Q    0.008279   best Q    0.007773   490.0 min
  restart   6/8    eval   329   this Q    0.008279   best Q    0.007773   490.2 min
  restart   6/8    eval   330   this Q    0.008319   best Q    0.007773   490.3 min
  restart   6/8    eval   331   this Q    0.008263   best Q    0.007773   490.5 min
  restart   6/8    eval   332   this Q    0.008245   best Q    0.007773   490.7 min
  restart   6/8    eval   333   this Q    0.008249   best Q    0.007773   490.8 min
  restart   6/8    eval   334   this Q    0.008274   best Q    0.007773   491.0 min
  restart   6/8    eval   335   this Q    0.008253   best Q    0.007773   491.1 min
  restart   6/8    eval   336   this Q    0.008305   best Q    0.007773   491.3 min
  restart   6/8    eval   337   this Q    0.008259   best Q    0.007773   491.4 min
  restart   6/8    eval   338   this Q    0.008278   best Q    0.007773   491.6 min
  restart   6/8    eval   339   this Q    0.008259   best Q    0.007773   491.7 min
  restart   6/8    eval   340   this Q    0.008272   best Q    0.007773   491.9 min
  restart   6/8    eval   341   this Q    0.008248   best Q    0.007773   492.0 min
  restart   6/8    eval   342   this Q    0.008275   best Q    0.007773   492.2 min
  restart   6/8    eval   343   this Q    0.008257   best Q    0.007773   492.3 min
  restart   6/8    eval   344   this Q    0.008272   best Q    0.007773   492.5 min
  restart   6/8    eval   345   this Q    0.008254   best Q    0.007773   492.7 min
  restart   6/8    eval   346   this Q     0.00826   best Q    0.007773   492.8 min
  restart   6/8    eval   347   this Q    0.008259   best Q    0.007773   493.0 min
  restart   6/8    eval   348   this Q    0.008263   best Q    0.007773   493.1 min
  restart   6/8    eval   349   this Q    0.008251   best Q    0.007773   493.3 min
  restart   6/8    eval   350   this Q    0.008266   best Q    0.007773   493.4 min
  restart   6/8    eval   351   this Q    0.008251   best Q    0.007773   493.6 min
  restart   6/8    eval   352   this Q    0.008239   best Q    0.007773   493.7 min
  restart   6/8    eval   353   this Q    0.008235   best Q    0.007773   493.9 min
  restart   6/8    eval   354   this Q    0.008244   best Q    0.007773   494.0 min
  restart   6/8    eval   355   this Q    0.008244   best Q    0.007773   494.2 min
  restart   6/8    eval   356   this Q    0.008248   best Q    0.007773   494.4 min
  restart   6/8    eval   357   this Q    0.008239   best Q    0.007773   494.5 min
  restart   6/8    eval   358   this Q    0.008239   best Q    0.007773   494.7 min
  restart   6/8    eval   359   this Q    0.008229   best Q    0.007773   494.8 min
  restart   6/8    eval   360   this Q     0.00823   best Q    0.007773   495.0 min
  restart   6/8    eval   361   this Q    0.008229   best Q    0.007773   495.1 min
  restart   6/8    eval   362   this Q    0.008231   best Q    0.007773   495.3 min
  restart   6/8    eval   363   this Q    0.008241   best Q    0.007773   495.4 min
  restart   6/8    eval   364   this Q    0.008234   best Q    0.007773   495.6 min
  restart   6/8    eval   365   this Q     0.00822   best Q    0.007773   495.7 min
  restart   6/8    eval   366   this Q    0.008218   best Q    0.007773   495.9 min
  restart   6/8    eval   367   this Q    0.008222   best Q    0.007773   496.0 min
  restart   6/8    eval   368   this Q    0.008235   best Q    0.007773   496.2 min
  restart   6/8    eval   369   this Q    0.008215   best Q    0.007773   496.4 min
  restart   6/8    eval   370   this Q    0.008217   best Q    0.007773   496.5 min
  restart   6/8    eval   371   this Q    0.008225   best Q    0.007773   496.7 min
  restart   6/8    eval   372   this Q    0.008232   best Q    0.007773   496.8 min
  restart   6/8    eval   373   this Q    0.008231   best Q    0.007773   497.0 min
  restart   6/8    eval   374   this Q    0.008231   best Q    0.007773   497.1 min
  restart   6/8    eval   375   this Q    0.008233   best Q    0.007773   497.3 min
  restart   6/8    eval   376   this Q    0.008223   best Q    0.007773   497.4 min
  restart   6/8    eval   377   this Q    0.008234   best Q    0.007773   497.6 min
  restart   6/8    eval   378   this Q    0.008222   best Q    0.007773   497.7 min
  restart   6/8    eval   379   this Q    0.008213   best Q    0.007773   497.9 min
  restart   6/8    eval   380   this Q    0.008222   best Q    0.007773   498.1 min
  restart   6/8    eval   381   this Q    0.008233   best Q    0.007773   498.2 min
  restart   6/8    eval   382   this Q    0.008221   best Q    0.007773   498.4 min
  restart   6/8    eval   383   this Q    0.008211   best Q    0.007773   498.5 min
  restart   6/8    eval   384   this Q    0.008216   best Q    0.007773   498.7 min
  restart   6/8    eval   385   this Q    0.008218   best Q    0.007773   498.8 min
  restart   6/8    eval   386   this Q    0.008223   best Q    0.007773   499.0 min
  restart   6/8    eval   387   this Q    0.008215   best Q    0.007773   499.1 min
  restart   6/8    eval   388   this Q     0.00822   best Q    0.007773   499.3 min
  restart   6/8    eval   389   this Q    0.008209   best Q    0.007773   499.4 min
  restart   6/8    eval   390   this Q    0.008214   best Q    0.007773   499.6 min
  restart   6/8    eval   391   this Q    0.008214   best Q    0.007773   499.7 min
  restart   6/8    eval   392   this Q    0.008207   best Q    0.007773   499.9 min
  restart   6/8    eval   393   this Q    0.008212   best Q    0.007773   500.1 min
  restart   6/8    eval   394   this Q    0.008207   best Q    0.007773   500.2 min
  restart   6/8    eval   395   this Q    0.008209   best Q    0.007773   500.4 min
  restart   6/8    eval   396   this Q    0.008212   best Q    0.007773   500.5 min
  restart   6/8   DONE   this    0.008207   best Q    0.007773   500.5 min, ~167 min left
  restart   7/8    eval     1   this Q     0.02041   best Q    0.007773   500.7 min
  restart   7/8    eval     2   this Q     0.02041   best Q    0.007773   500.8 min
  restart   7/8    eval     3   this Q       1.082   best Q    0.007773   501.0 min
  restart   7/8    eval     4   this Q      0.8157   best Q    0.007773   501.1 min
  restart   7/8    eval     5   this Q     0.02041   best Q    0.007773   501.3 min
  restart   7/8    eval     6   this Q       1.703   best Q    0.007773   501.5 min
  restart   7/8    eval     7   this Q      0.4452   best Q    0.007773   501.6 min
  restart   7/8    eval     8   this Q      0.6771   best Q    0.007773   501.8 min
  restart   7/8    eval     9   this Q       6.472   best Q    0.007773   501.9 min
  restart   7/8    eval    10   this Q     0.09931   best Q    0.007773   502.1 min
  restart   7/8    eval    11   this Q      0.5783   best Q    0.007773   502.2 min
  restart   7/8    eval    12   this Q       1.171   best Q    0.007773   502.4 min
  restart   7/8    eval    13   this Q       1.877   best Q    0.007773   502.5 min
  restart   7/8    eval    14   this Q      0.5048   best Q    0.007773   502.7 min
  restart   7/8    eval    15   this Q       6.033   best Q    0.007773   502.8 min
  restart   7/8    eval    16   this Q      0.5417   best Q    0.007773   503.0 min
  restart   7/8    eval    17   this Q      0.4793   best Q    0.007773   503.2 min
  restart   7/8    eval    18   this Q      0.3047   best Q    0.007773   503.3 min
  restart   7/8    eval    19   this Q      0.3503   best Q    0.007773   503.5 min
  restart   7/8    eval    20   this Q      0.9056   best Q    0.007773   503.6 min
  restart   7/8    eval    21   this Q      0.1185   best Q    0.007773   503.8 min
  restart   7/8    eval    22   this Q      0.9563   best Q    0.007773   503.9 min
  restart   7/8    eval    23   this Q      0.2281   best Q    0.007773   504.1 min
  restart   7/8    eval    24   this Q      0.2943   best Q    0.007773   504.2 min
  restart   7/8    eval    25   this Q       1.066   best Q    0.007773   504.4 min
  restart   7/8    eval    26   this Q      0.1578   best Q    0.007773   504.6 min
  restart   7/8    eval    27   this Q      0.4288   best Q    0.007773   504.7 min
  restart   7/8    eval    28   this Q      0.1176   best Q    0.007773   504.9 min
  restart   7/8    eval    29   this Q      0.5041   best Q    0.007773   505.0 min
  restart   7/8    eval    30   this Q     0.09992   best Q    0.007773   505.2 min
  restart   7/8    eval    31   this Q      0.6286   best Q    0.007773   505.3 min
  restart   7/8    eval    32   this Q      0.1119   best Q    0.007773   505.5 min
  restart   7/8    eval    33   this Q      0.4356   best Q    0.007773   505.6 min
  restart   7/8    eval    34   this Q     0.07409   best Q    0.007773   505.8 min
  restart   7/8    eval    35   this Q      0.2921   best Q    0.007773   506.0 min
  restart   7/8    eval    36   this Q     0.08127   best Q    0.007773   506.1 min
  restart   7/8    eval    37   this Q      0.2493   best Q    0.007773   506.3 min
  restart   7/8    eval    38   this Q     0.05111   best Q    0.007773   506.4 min
  restart   7/8    eval    39   this Q     0.09598   best Q    0.007773   506.6 min
  restart   7/8    eval    40   this Q      0.1671   best Q    0.007773   506.7 min
  restart   7/8    eval    41   this Q     0.03544   best Q    0.007773   506.9 min
  restart   7/8    eval    42   this Q       0.117   best Q    0.007773   507.0 min
  restart   7/8    eval    43   this Q     0.04841   best Q    0.007773   507.2 min
  restart   7/8    eval    44   this Q      0.1542   best Q    0.007773   507.3 min
  restart   7/8    eval    45   this Q      0.0317   best Q    0.007773   507.5 min
  restart   7/8    eval    46   this Q      0.1427   best Q    0.007773   507.6 min
  restart   7/8    eval    47   this Q     0.02662   best Q    0.007773   507.8 min
  restart   7/8    eval    48   this Q      0.0912   best Q    0.007773   508.0 min
  restart   7/8    eval    49   this Q     0.03469   best Q    0.007773   508.1 min
  restart   7/8    eval    50   this Q     0.04819   best Q    0.007773   508.3 min
  restart   7/8    eval    51   this Q     0.08543   best Q    0.007773   508.4 min
  restart   7/8    eval    52   this Q     0.02718   best Q    0.007773   508.6 min
  restart   7/8    eval    53   this Q     0.04556   best Q    0.007773   508.7 min
  restart   7/8    eval    54   this Q     0.04196   best Q    0.007773   508.9 min
  restart   7/8    eval    55   this Q     0.05676   best Q    0.007773   509.0 min
  restart   7/8    eval    56   this Q     0.01819   best Q    0.007773   509.2 min
  restart   7/8    eval    57   this Q      0.0517   best Q    0.007773   509.3 min
  restart   7/8    eval    58   this Q      0.0184   best Q    0.007773   509.5 min
  restart   7/8    eval    59   this Q     0.05148   best Q    0.007773   509.7 min
  restart   7/8    eval    60   this Q     0.01598   best Q    0.007773   509.8 min
  restart   7/8    eval    61   this Q     0.03031   best Q    0.007773   510.0 min
  restart   7/8    eval    62   this Q     0.03432   best Q    0.007773   510.1 min
  restart   7/8    eval    63   this Q      0.0159   best Q    0.007773   510.3 min
  restart   7/8    eval    64   this Q      0.0534   best Q    0.007773   510.4 min
  restart   7/8    eval    65   this Q     0.01338   best Q    0.007773   510.6 min
  restart   7/8    eval    66   this Q     0.02373   best Q    0.007773   510.7 min
  restart   7/8    eval    67   this Q     0.03265   best Q    0.007773   510.9 min
  restart   7/8    eval    68   this Q     0.01368   best Q    0.007773   511.0 min
  restart   7/8    eval    69   this Q     0.01677   best Q    0.007773   511.2 min
  restart   7/8    eval    70   this Q     0.02665   best Q    0.007773   511.4 min
  restart   7/8    eval    71   this Q     0.01223   best Q    0.007773   511.5 min
  restart   7/8    eval    72   this Q     0.02877   best Q    0.007773   511.7 min
  restart   7/8    eval    73   this Q     0.01113   best Q    0.007773   511.8 min
  restart   7/8    eval    74   this Q     0.03303   best Q    0.007773   512.0 min
  restart   7/8    eval    75   this Q     0.01083   best Q    0.007773   512.1 min
  restart   7/8    eval    76   this Q     0.01414   best Q    0.007773   512.3 min
  restart   7/8    eval    77   this Q     0.01793   best Q    0.007773   512.4 min
  restart   7/8    eval    78   this Q     0.01118   best Q    0.007773   512.6 min
  restart   7/8    eval    79   this Q     0.02631   best Q    0.007773   512.7 min
  restart   7/8    eval    80   this Q     0.00996   best Q    0.007773   512.9 min
  restart   7/8    eval    81   this Q     0.02139   best Q    0.007773   513.1 min
  restart   7/8    eval    82   this Q     0.01001   best Q    0.007773   513.2 min
  restart   7/8    eval    83   this Q     0.01922   best Q    0.007773   513.4 min
  restart   7/8    eval    84   this Q      0.0103   best Q    0.007773   513.5 min
  restart   7/8    eval    85   this Q     0.01759   best Q    0.007773   513.7 min
  restart   7/8    eval    86   this Q    0.009943   best Q    0.007773   513.8 min
  restart   7/8    eval    87   this Q     0.01286   best Q    0.007773   514.0 min
  restart   7/8    eval    88   this Q     0.01167   best Q    0.007773   514.1 min
  restart   7/8    eval    89   this Q     0.01323   best Q    0.007773   514.3 min
  restart   7/8    eval    90   this Q    0.009697   best Q    0.007773   514.5 min
  restart   7/8    eval    91   this Q     0.01858   best Q    0.007773   514.6 min
  restart   7/8    eval    92   this Q    0.008975   best Q    0.007773   514.8 min
  restart   7/8    eval    93   this Q     0.01276   best Q    0.007773   514.9 min
  restart   7/8    eval    94   this Q    0.009404   best Q    0.007773   515.1 min
  restart   7/8    eval    95   this Q     0.00929   best Q    0.007773   515.2 min
  restart   7/8    eval    96   this Q    0.008907   best Q    0.007773   515.4 min
  restart   7/8    eval    97   this Q     0.01242   best Q    0.007773   515.5 min
  restart   7/8    eval    98   this Q    0.009748   best Q    0.007773   515.7 min
  restart   7/8    eval    99   this Q    0.009887   best Q    0.007773   515.8 min
  restart   7/8    eval   100   this Q    0.008495   best Q    0.007773   516.0 min
  restart   7/8    eval   101   this Q     0.01097   best Q    0.007773   516.2 min
  restart   7/8    eval   102   this Q     0.01128   best Q    0.007773   516.3 min
  restart   7/8    eval   103   this Q    0.008433   best Q    0.007773   516.5 min
  restart   7/8    eval   104   this Q    0.009862   best Q    0.007773   516.6 min
  restart   7/8    eval   105   this Q     0.01006   best Q    0.007773   516.8 min
  restart   7/8    eval   106   this Q    0.008515   best Q    0.007773   516.9 min
  restart   7/8    eval   107   this Q     0.01002   best Q    0.007773   517.1 min
  restart   7/8    eval   108   this Q    0.008502   best Q    0.007773   517.2 min
  restart   7/8    eval   109   this Q     0.01013   best Q    0.007773   517.4 min
  restart   7/8    eval   110   this Q    0.008433   best Q    0.007773   517.5 min
  restart   7/8    eval   111   this Q     0.00979   best Q    0.007773   517.7 min
  restart   7/8    eval   112   this Q    0.008466   best Q    0.007773   517.8 min
  restart   7/8    eval   113   this Q     0.01092   best Q    0.007773   518.0 min
  restart   7/8    eval   114   this Q    0.008263   best Q    0.007773   518.2 min
  restart   7/8    eval   115   this Q    0.009804   best Q    0.007773   518.3 min
  restart   7/8    eval   116   this Q    0.008328   best Q    0.007773   518.5 min
  restart   7/8    eval   117   this Q    0.008259   best Q    0.007773   518.6 min
  restart   7/8    eval   118   this Q    0.009691   best Q    0.007773   518.8 min
  restart   7/8    eval   119   this Q    0.008735   best Q    0.007773   518.9 min
  restart   7/8    eval   120   this Q    0.008166   best Q    0.007773   519.1 min
  restart   7/8    eval   121   this Q    0.008364   best Q    0.007773   519.2 min
  restart   7/8    eval   122   this Q    0.008457   best Q    0.007773   519.4 min
  restart   7/8    eval   123   this Q    0.009068   best Q    0.007773   519.5 min
  restart   7/8    eval   124   this Q    0.008054   best Q    0.007773   519.7 min
  restart   7/8    eval   125   this Q    0.008063   best Q    0.007773   519.9 min
  restart   7/8    eval   126   this Q    0.008505   best Q    0.007773   520.0 min
  restart   7/8    eval   127   this Q    0.008068   best Q    0.007773   520.2 min
  restart   7/8    eval   128   this Q    0.008607   best Q    0.007773   520.3 min
  restart   7/8    eval   129   this Q    0.008048   best Q    0.007773   520.5 min
  restart   7/8    eval   130   this Q    0.008823   best Q    0.007773   520.6 min
  restart   7/8    eval   131   this Q    0.008028   best Q    0.007773   520.8 min
  restart   7/8    eval   132   this Q    0.008181   best Q    0.007773   520.9 min
  restart   7/8    eval   133   this Q    0.008338   best Q    0.007773   521.1 min
  restart   7/8    eval   134   this Q    0.008019   best Q    0.007773   521.3 min
  restart   7/8    eval   135   this Q    0.008048   best Q    0.007773   521.4 min
  restart   7/8    eval   136   this Q    0.008467   best Q    0.007773   521.6 min
  restart   7/8    eval   137   this Q    0.007969   best Q    0.007773   521.7 min
  restart   7/8    eval   138   this Q    0.008154   best Q    0.007773   521.9 min
  restart   7/8    eval   139   this Q    0.008155   best Q    0.007773   522.0 min
  restart   7/8    eval   140   this Q    0.007966   best Q    0.007773   522.2 min
  restart   7/8    eval   141   this Q    0.008221   best Q    0.007773   522.3 min
  restart   7/8    eval   142   this Q     0.00796   best Q    0.007773   522.5 min
  restart   7/8    eval   143   this Q     0.00809   best Q    0.007773   522.6 min
  restart   7/8    eval   144   this Q    0.007939   best Q    0.007773   522.8 min
  restart   7/8    eval   145   this Q    0.008153   best Q    0.007773   523.0 min
  restart   7/8    eval   146   this Q    0.007935   best Q    0.007773   523.1 min
  restart   7/8    eval   147   this Q    0.008202   best Q    0.007773   523.3 min
  restart   7/8    eval   148   this Q    0.007924   best Q    0.007773   523.4 min
  restart   7/8    eval   149   this Q    0.007987   best Q    0.007773   523.6 min
  restart   7/8    eval   150   this Q    0.008281   best Q    0.007773   523.7 min
  restart   7/8    eval   151   this Q    0.007913   best Q    0.007773   523.9 min
  restart   7/8    eval   152   this Q    0.007905   best Q    0.007773   524.0 min
  restart   7/8    eval   153   this Q    0.008061   best Q    0.007773   524.2 min
  restart   7/8    eval   154   this Q    0.007968   best Q    0.007773   524.3 min
  restart   7/8    eval   155   this Q    0.008039   best Q    0.007773   524.5 min
  restart   7/8    eval   156   this Q    0.007905   best Q    0.007773   524.7 min
  restart   7/8    eval   157   this Q    0.008091   best Q    0.007773   524.8 min
  restart   7/8    eval   158   this Q     0.00789   best Q    0.007773   525.0 min
  restart   7/8    eval   159   this Q    0.008013   best Q    0.007773   525.1 min
  restart   7/8    eval   160   this Q    0.007901   best Q    0.007773   525.3 min
  restart   7/8    eval   161   this Q    0.007905   best Q    0.007773   525.4 min
  restart   7/8    eval   162   this Q    0.007907   best Q    0.007773   525.6 min
  restart   7/8    eval   163   this Q    0.007889   best Q    0.007773   525.7 min
  restart   7/8    eval   164   this Q    0.007988   best Q    0.007773   525.9 min
  restart   7/8    eval   165   this Q     0.00789   best Q    0.007773   526.1 min
  restart   7/8    eval   166   this Q    0.007944   best Q    0.007773   526.2 min
  restart   7/8    eval   167   this Q    0.007879   best Q    0.007773   526.4 min
  restart   7/8    eval   168   this Q    0.007947   best Q    0.007773   526.5 min
  restart   7/8    eval   169   this Q    0.007872   best Q    0.007773   526.7 min
  restart   7/8    eval   170   this Q    0.007905   best Q    0.007773   526.8 min
  restart   7/8    eval   171   this Q    0.007912   best Q    0.007773   527.0 min
  restart   7/8    eval   172   this Q    0.007875   best Q    0.007773   527.1 min
  restart   7/8    eval   173   this Q    0.007912   best Q    0.007773   527.3 min
  restart   7/8    eval   174   this Q    0.007875   best Q    0.007773   527.4 min
  restart   7/8    eval   175   this Q    0.007916   best Q    0.007773   527.6 min
  restart   7/8    eval   176   this Q    0.007876   best Q    0.007773   527.8 min
  restart   7/8    eval   177   this Q    0.007922   best Q    0.007773   527.9 min
  restart   7/8    eval   178   this Q    0.007874   best Q    0.007773   528.1 min
  restart   7/8    eval   179   this Q    0.007861   best Q    0.007773   528.2 min
  restart   7/8    eval   180   this Q    0.007895   best Q    0.007773   528.4 min
  restart   7/8    eval   181   this Q    0.007865   best Q    0.007773   528.5 min
  restart   7/8    eval   182   this Q    0.007905   best Q    0.007773   528.7 min
  restart   7/8    eval   183   this Q    0.007867   best Q    0.007773   528.8 min
  restart   7/8    eval   184   this Q    0.007919   best Q    0.007773   529.0 min
  restart   7/8    eval   185   this Q    0.007864   best Q    0.007773   529.2 min
  restart   7/8    eval   186   this Q     0.00786   best Q    0.007773   529.3 min
  restart   7/8    eval   187   this Q    0.007875   best Q    0.007773   529.5 min
  restart   7/8    eval   188   this Q    0.007862   best Q    0.007773   529.6 min
  restart   7/8    eval   189   this Q    0.007855   best Q    0.007773   529.8 min
  restart   7/8    eval   190   this Q     0.00788   best Q    0.007773   529.9 min
  restart   7/8    eval   191   this Q    0.007869   best Q    0.007773   530.1 min
  restart   7/8    eval   192   this Q    0.007863   best Q    0.007773   530.2 min
  restart   7/8    eval   193   this Q    0.007865   best Q    0.007773   530.4 min
  restart   7/8    eval   194   this Q    0.007862   best Q    0.007773   530.5 min
  restart   7/8    eval   195   this Q    0.007845   best Q    0.007773   530.7 min
  restart   7/8    eval   196   this Q     0.00785   best Q    0.007773   530.9 min
  restart   7/8    eval   197   this Q    0.007874   best Q    0.007773   531.0 min
  restart   7/8    eval   198   this Q    0.007854   best Q    0.007773   531.2 min
  restart   7/8    eval   199   this Q    0.007866   best Q    0.007773   531.3 min
  restart   7/8    eval   200   this Q    0.007855   best Q    0.007773   531.5 min
  restart   7/8    eval   201   this Q    0.007842   best Q    0.007773   531.6 min
  restart   7/8    eval   202   this Q    0.007856   best Q    0.007773   531.8 min
  restart   7/8    eval   203   this Q    0.007877   best Q    0.007773   531.9 min
  restart   7/8    eval   204   this Q     0.00785   best Q    0.007773   532.1 min
  restart   7/8    eval   205   this Q    0.007861   best Q    0.007773   532.3 min
  restart   7/8    eval   206   this Q    0.007851   best Q    0.007773   532.4 min
  restart   7/8    eval   207   this Q    0.007859   best Q    0.007773   532.6 min
  restart   7/8    eval   208   this Q    0.007867   best Q    0.007773   532.7 min
  restart   7/8    eval   209   this Q     0.00785   best Q    0.007773   532.9 min
  restart   7/8    eval   210   this Q    0.007843   best Q    0.007773   533.0 min
  restart   7/8    eval   211   this Q    0.007862   best Q    0.007773   533.2 min
  restart   7/8    eval   212   this Q    0.007849   best Q    0.007773   533.3 min
  restart   7/8    eval   213   this Q    0.007848   best Q    0.007773   533.5 min
  restart   7/8    eval   214   this Q    0.007841   best Q    0.007773   533.6 min
  restart   7/8    eval   215   this Q    0.007843   best Q    0.007773   533.8 min
  restart   7/8    eval   216   this Q    0.007847   best Q    0.007773   534.0 min
  restart   7/8    eval   217   this Q    0.007845   best Q    0.007773   534.1 min
  restart   7/8    eval   218   this Q    0.007838   best Q    0.007773   534.3 min
  restart   7/8    eval   219   this Q    0.007843   best Q    0.007773   534.4 min
  restart   7/8    eval   220   this Q     0.00784   best Q    0.007773   534.6 min
  restart   7/8    eval   221   this Q    0.007839   best Q    0.007773   534.7 min
  restart   7/8    eval   222   this Q    0.007842   best Q    0.007773   534.9 min
  restart   7/8    eval   223   this Q    0.007854   best Q    0.007773   535.0 min
  restart   7/8    eval   224   this Q     0.00784   best Q    0.007773   535.2 min
  restart   7/8   DONE   this    0.007838   best Q    0.007773   535.2 min, ~76 min left
  restart   8/8    eval     1   this Q    0.007902   best Q    0.007773   535.3 min
  restart   8/8    eval     2   this Q    0.007902   best Q    0.007773   535.5 min
  restart   8/8    eval     3   this Q      0.9811   best Q    0.007773   535.7 min
  restart   8/8    eval     4   this Q      0.7626   best Q    0.007773   535.8 min
  restart   8/8    eval     5   this Q    0.007827   best Q    0.007773   536.0 min
  restart   8/8    eval     6   this Q       1.671   best Q    0.007773   536.1 min
  restart   8/8    eval     7   this Q       0.322   best Q    0.007773   536.3 min
  restart   8/8    eval     8   this Q      0.5412   best Q    0.007773   536.4 min
  restart   8/8    eval     9   this Q       7.017   best Q    0.007773   536.6 min
  restart   8/8    eval    10   this Q      0.1073   best Q    0.007773   536.7 min
  restart   8/8    eval    11   this Q      0.7365   best Q    0.007773   536.9 min
  restart   8/8    eval    12   this Q       1.085   best Q    0.007773   537.1 min
  restart   8/8    eval    13   this Q       1.888   best Q    0.007773   537.2 min
  restart   8/8    eval    14   this Q       0.452   best Q    0.007773   537.4 min
  restart   8/8    eval    15   this Q       6.541   best Q    0.007773   537.5 min
  restart   8/8    eval    16   this Q      0.4656   best Q    0.007773   537.7 min
  restart   8/8    eval    17   this Q      0.3977   best Q    0.007773   537.8 min
  restart   8/8    eval    18   this Q       0.268   best Q    0.007773   538.0 min
  restart   8/8    eval    19   this Q       1.112   best Q    0.007773   538.1 min
  restart   8/8    eval    20   this Q       0.129   best Q    0.007773   538.3 min
  restart   8/8    eval    21   this Q      0.3592   best Q    0.007773   538.5 min
  restart   8/8    eval    22   this Q       1.083   best Q    0.007773   538.6 min
  restart   8/8    eval    23   this Q      0.1766   best Q    0.007773   538.8 min
  restart   8/8    eval    24   this Q      0.3372   best Q    0.007773   538.9 min
  restart   8/8    eval    25   this Q      0.9808   best Q    0.007773   539.1 min
  restart   8/8    eval    26   this Q      0.1252   best Q    0.007773   539.2 min
  restart   8/8    eval    27   this Q      0.6023   best Q    0.007773   539.4 min
  restart   8/8    eval    28   this Q     0.09708   best Q    0.007773   539.5 min
  restart   8/8    eval    29   this Q      0.3718   best Q    0.007773   539.7 min
  restart   8/8    eval    30   this Q     0.09906   best Q    0.007773   539.8 min
  restart   8/8    eval    31   this Q      0.4217   best Q    0.007773   540.0 min
  restart   8/8    eval    32   this Q     0.09537   best Q    0.007773   540.2 min
  restart   8/8    eval    33   this Q      0.5908   best Q    0.007773   540.3 min
  restart   8/8    eval    34   this Q       0.105   best Q    0.007773   540.5 min
  restart   8/8    eval    35   this Q      0.2522   best Q    0.007773   540.6 min
  restart   8/8    eval    36   this Q     0.06423   best Q    0.007773   540.8 min
  restart   8/8    eval    37   this Q      0.1328   best Q    0.007773   540.9 min
  restart   8/8    eval    38   this Q     0.04399   best Q    0.007773   541.1 min
  restart   8/8    eval    39   this Q      0.1876   best Q    0.007773   541.2 min
  restart   8/8    eval    40   this Q     0.04779   best Q    0.007773   541.4 min
  restart   8/8    eval    41   this Q      0.1707   best Q    0.007773   541.5 min
  restart   8/8    eval    42   this Q     0.02552   best Q    0.007773   541.7 min
  restart   8/8    eval    43   this Q      0.1096   best Q    0.007773   541.9 min
  restart   8/8    eval    44   this Q      0.0478   best Q    0.007773   542.0 min
  restart   8/8    eval    45   this Q      0.1006   best Q    0.007773   542.2 min
  restart   8/8    eval    46   this Q     0.03886   best Q    0.007773   542.3 min
  restart   8/8    eval    47   this Q      0.1057   best Q    0.007773   542.5 min
  restart   8/8    eval    48   this Q      0.0379   best Q    0.007773   542.6 min
  restart   8/8    eval    49   this Q     0.09666   best Q    0.007773   542.8 min
  restart   8/8    eval    50   this Q     0.03748   best Q    0.007773   542.9 min
  restart   8/8    eval    51   this Q     0.05151   best Q    0.007773   543.1 min
  restart   8/8    eval    52   this Q     0.02232   best Q    0.007773   543.2 min
  restart   8/8    eval    53   this Q     0.04296   best Q    0.007773   543.4 min
  restart   8/8    eval    54   this Q     0.03636   best Q    0.007773   543.5 min
  restart   8/8    eval    55   this Q     0.02416   best Q    0.007773   543.7 min
  restart   8/8    eval    56   this Q     0.04466   best Q    0.007773   543.9 min
  restart   8/8    eval    57   this Q     0.01734   best Q    0.007773   544.0 min
  restart   8/8    eval    58   this Q     0.02712   best Q    0.007773   544.2 min
  restart   8/8    eval    59   this Q     0.04119   best Q    0.007773   544.3 min
  restart   8/8    eval    60   this Q     0.01639   best Q    0.007773   544.5 min
  restart   8/8    eval    61   this Q     0.05867   best Q    0.007773   544.6 min
  restart   8/8    eval    62   this Q     0.01479   best Q    0.007773   544.8 min
  restart   8/8    eval    63   this Q     0.04586   best Q    0.007773   544.9 min
  restart   8/8    eval    64   this Q      0.0149   best Q    0.007773   545.1 min
  restart   8/8    eval    65   this Q     0.03368   best Q    0.007773   545.2 min
  restart   8/8    eval    66   this Q     0.01349   best Q    0.007773   545.4 min
  restart   8/8    eval    67   this Q     0.01216   best Q    0.007773   545.6 min
  restart   8/8    eval    68   this Q     0.03045   best Q    0.007773   545.7 min
  restart   8/8    eval    69   this Q     0.01208   best Q    0.007773   545.9 min
  restart   8/8    eval    70   this Q     0.01678   best Q    0.007773   546.0 min
  restart   8/8    eval    71   this Q     0.01564   best Q    0.007773   546.2 min
  restart   8/8    eval    72   this Q     0.01779   best Q    0.007773   546.3 min
  restart   8/8    eval    73   this Q     0.01034   best Q    0.007773   546.5 min
  restart   8/8    eval    74   this Q     0.01693   best Q    0.007773   546.6 min
  restart   8/8    eval    75   this Q     0.01019   best Q    0.007773   546.8 min
  restart   8/8    eval    76   this Q     0.01723   best Q    0.007773   546.9 min
  restart   8/8    eval    77   this Q    0.009905   best Q    0.007773   547.1 min
  restart   8/8    eval    78   this Q     0.01653   best Q    0.007773   547.3 min
  restart   8/8    eval    79   this Q    0.009649   best Q    0.007773   547.4 min
  restart   8/8    eval    80   this Q     0.01483   best Q    0.007773   547.6 min
  restart   8/8    eval    81   this Q    0.009819   best Q    0.007773   547.7 min
  restart   8/8    eval    82   this Q     0.01573   best Q    0.007773   547.9 min
  restart   8/8    eval    83   this Q    0.009162   best Q    0.007773   548.0 min
  restart   8/8    eval    84   this Q     0.01353   best Q    0.007773   548.2 min
  restart   8/8    eval    85   this Q    0.009078   best Q    0.007773   548.3 min
  restart   8/8    eval    86   this Q     0.01419   best Q    0.007773   548.5 min
  restart   8/8    eval    87   this Q    0.008908   best Q    0.007773   548.7 min
  restart   8/8    eval    88   this Q    0.009854   best Q    0.007773   548.8 min
  restart   8/8    eval    89   this Q    0.009296   best Q    0.007773   549.0 min
  restart   8/8    eval    90   this Q     0.01021   best Q    0.007773   549.1 min
  restart   8/8    eval    91   this Q    0.008449   best Q    0.007773   549.3 min
  restart   8/8    eval    92   this Q     0.01047   best Q    0.007773   549.4 min
  restart   8/8    eval    93   this Q    0.008397   best Q    0.007773   549.6 min
  restart   8/8    eval    94   this Q    0.009644   best Q    0.007773   549.7 min
  restart   8/8    eval    95   this Q    0.009128   best Q    0.007773   549.9 min
  restart   8/8    eval    96   this Q     0.00997   best Q    0.007773   550.1 min
  restart   8/8    eval    97   this Q    0.008323   best Q    0.007773   550.2 min
  restart   8/8    eval    98   this Q    0.009093   best Q    0.007773   550.4 min
  restart   8/8    eval    99   this Q    0.008965   best Q    0.007773   550.5 min
  restart   8/8    eval   100   this Q    0.009714   best Q    0.007773   550.7 min
  restart   8/8    eval   101   this Q     0.00814   best Q    0.007773   550.8 min
  restart   8/8    eval   102   this Q    0.009586   best Q    0.007773   551.0 min
  restart   8/8    eval   103   this Q    0.008141   best Q    0.007773   551.1 min
  restart   8/8    eval   104   this Q    0.008854   best Q    0.007773   551.3 min
  restart   8/8    eval   105   this Q    0.009644   best Q    0.007773   551.5 min
  restart   8/8    eval   106   this Q    0.008089   best Q    0.007773   551.6 min
  restart   8/8    eval   107   this Q      0.0086   best Q    0.007773   551.8 min
  restart   8/8    eval   108   this Q    0.008975   best Q    0.007773   551.9 min
  restart   8/8    eval   109   this Q     0.00808   best Q    0.007773   552.1 min
  restart   8/8    eval   110   this Q    0.008847   best Q    0.007773   552.2 min
  restart   8/8    eval   111   this Q    0.008004   best Q    0.007773   552.4 min
  restart   8/8    eval   112   this Q    0.008407   best Q    0.007773   552.5 min
  restart   8/8    eval   113   this Q    0.007972   best Q    0.007773   552.7 min
  restart   8/8    eval   114   this Q     0.00852   best Q    0.007773   552.9 min
  restart   8/8    eval   115   this Q    0.007963   best Q    0.007773   553.0 min
  restart   8/8    eval   116   this Q    0.008314   best Q    0.007773   553.2 min
  restart   8/8    eval   117   this Q    0.007951   best Q    0.007773   553.3 min
  restart   8/8    eval   118   this Q    0.008109   best Q    0.007773   553.5 min
  restart   8/8    eval   119   this Q    0.008399   best Q    0.007773   553.6 min
  restart   8/8    eval   120   this Q    0.007881   best Q    0.007773   553.8 min
  restart   8/8    eval   121   this Q    0.008146   best Q    0.007773   553.9 min
  restart   8/8    eval   122   this Q    0.007893   best Q    0.007773   554.1 min
  restart   8/8    eval   123   this Q    0.008257   best Q    0.007773   554.2 min
  restart   8/8    eval   124   this Q    0.007879   best Q    0.007773   554.4 min
  restart   8/8    eval   125   this Q    0.008008   best Q    0.007773   554.6 min
  restart   8/8    eval   126   this Q    0.007862   best Q    0.007773   554.7 min
  restart   8/8    eval   127   this Q    0.007968   best Q    0.007773   554.9 min
  restart   8/8    eval   128   this Q    0.007935   best Q    0.007773   555.0 min
  restart   8/8    eval   129   this Q    0.008023   best Q    0.007773   555.2 min
  restart   8/8    eval   130   this Q     0.00785   best Q    0.007773   555.3 min
  restart   8/8    eval   131   this Q    0.007993   best Q    0.007773   555.5 min
  restart   8/8    eval   132   this Q    0.007851   best Q    0.007773   555.6 min
  restart   8/8    eval   133   this Q     0.00793   best Q    0.007773   555.8 min
  restart   8/8    eval   134   this Q    0.007982   best Q    0.007773   555.9 min
  restart   8/8    eval   135   this Q    0.007842   best Q    0.007773   556.1 min
  restart   8/8    eval   136   this Q    0.007946   best Q    0.007773   556.3 min
  restart   8/8    eval   137   this Q     0.00784   best Q    0.007773   556.4 min
  restart   8/8    eval   138   this Q    0.007877   best Q    0.007773   556.6 min
  restart   8/8    eval   139   this Q    0.007874   best Q    0.007773   556.7 min
  restart   8/8    eval   140   this Q    0.007863   best Q    0.007773   556.9 min
  restart   8/8    eval   141   this Q    0.007821   best Q    0.007773   557.0 min
  restart   8/8    eval   142   this Q    0.007926   best Q    0.007773   557.2 min
  restart   8/8    eval   143   this Q     0.00795   best Q    0.007773   557.3 min
  restart   8/8    eval   144   this Q    0.007815   best Q    0.007773   557.5 min
  restart   8/8    eval   145   this Q    0.007879   best Q    0.007773   557.6 min
  restart   8/8    eval   146   this Q    0.007822   best Q    0.007773   557.8 min
  restart   8/8    eval   147   this Q    0.007856   best Q    0.007773   558.0 min
  restart   8/8    eval   148   this Q    0.007869   best Q    0.007773   558.1 min
  restart   8/8    eval   149   this Q    0.007816   best Q    0.007773   558.3 min
  restart   8/8    eval   150   this Q    0.007856   best Q    0.007773   558.4 min
  restart   8/8    eval   151   this Q    0.007815   best Q    0.007773   558.6 min
  restart   8/8    eval   152   this Q    0.007814   best Q    0.007773   558.7 min
  restart   8/8    eval   153   this Q    0.007897   best Q    0.007773   558.9 min
  restart   8/8    eval   154   this Q    0.007826   best Q    0.007773   559.0 min
  restart   8/8    eval   155   this Q    0.007823   best Q    0.007773   559.2 min
  restart   8/8    eval   156   this Q    0.007824   best Q    0.007773   559.3 min
  restart   8/8    eval   157   this Q     0.00785   best Q    0.007773   559.5 min
  restart   8/8    eval   158   this Q    0.007798   best Q    0.007773   559.7 min
  restart   8/8    eval   159   this Q    0.007858   best Q    0.007773   559.8 min
  restart   8/8    eval   160   this Q    0.007798   best Q    0.007773   560.0 min
  restart   8/8    eval   161   this Q    0.007841   best Q    0.007773   560.1 min
  restart   8/8    eval   162   this Q      0.0078   best Q    0.007773   560.3 min
  restart   8/8    eval   163   this Q    0.007842   best Q    0.007773   560.4 min
  restart   8/8    eval   164   this Q    0.007798   best Q    0.007773   560.6 min
  restart   8/8    eval   165   this Q    0.007808   best Q    0.007773   560.7 min
  restart   8/8    eval   166   this Q    0.007804   best Q    0.007773   560.9 min
  restart   8/8    eval   167   this Q    0.007784   best Q    0.007773   561.1 min
  restart   8/8    eval   168   this Q    0.007799   best Q    0.007773   561.2 min
  restart   8/8    eval   169   this Q    0.007871   best Q    0.007773   561.4 min
  restart   8/8    eval   170   this Q    0.007786   best Q    0.007773   561.5 min
  restart   8/8    eval   171   this Q    0.007808   best Q    0.007773   561.7 min
  restart   8/8    eval   172   this Q    0.007797   best Q    0.007773   561.8 min
  restart   8/8    eval   173   this Q    0.007784   best Q    0.007773   562.0 min
  restart   8/8    eval   174   this Q    0.007828   best Q    0.007773   562.1 min
  restart   8/8    eval   175   this Q    0.007787   best Q    0.007773   562.3 min
  restart   8/8    eval   176   this Q    0.007826   best Q    0.007773   562.4 min
  restart   8/8    eval   177   this Q    0.007783   best Q    0.007773   562.6 min
  restart   8/8    eval   178   this Q    0.007791   best Q    0.007773   562.8 min
  restart   8/8    eval   179   this Q    0.007773   best Q    0.007773   562.9 min
  restart   8/8    eval   180   this Q    0.007777   best Q    0.007773   563.1 min
  restart   8/8    eval   181   this Q    0.007774   best Q    0.007773   563.2 min
  restart   8/8    eval   182   this Q    0.007767   best Q    0.007767   563.4 min
  restart   8/8    eval   183   this Q    0.007776   best Q    0.007767   563.5 min
  restart   8/8    eval   184   this Q    0.007796   best Q    0.007767   563.7 min
  restart   8/8    eval   185   this Q     0.00778   best Q    0.007767   563.8 min
  restart   8/8    eval   186   this Q     0.00778   best Q    0.007767   564.0 min
  restart   8/8    eval   187   this Q     0.00779   best Q    0.007767   564.2 min
  restart   8/8    eval   188   this Q    0.007777   best Q    0.007767   564.3 min
  restart   8/8    eval   189   this Q    0.007766   best Q    0.007766   564.5 min
  restart   8/8    eval   190   this Q    0.007784   best Q    0.007766   564.6 min
  restart   8/8    eval   191   this Q    0.007776   best Q    0.007766   564.8 min
  restart   8/8    eval   192   this Q    0.007787   best Q    0.007766   564.9 min
  restart   8/8    eval   193   this Q    0.007773   best Q    0.007766   565.1 min
  restart   8/8    eval   194   this Q    0.007765   best Q    0.007765   565.2 min
  restart   8/8    eval   195   this Q    0.007769   best Q    0.007765   565.4 min
  restart   8/8    eval   196   this Q    0.007785   best Q    0.007765   565.6 min
  restart   8/8    eval   197   this Q    0.007771   best Q    0.007765   565.7 min
  restart   8/8    eval   198   this Q    0.007767   best Q    0.007765   565.9 min
  restart   8/8    eval   199   this Q    0.007765   best Q    0.007765   566.0 min
  restart   8/8    eval   200   this Q    0.007773   best Q    0.007765   566.2 min
  restart   8/8    eval   201   this Q    0.007768   best Q    0.007765   566.3 min
  restart   8/8    eval   202   this Q    0.007764   best Q    0.007764   566.5 min
  restart   8/8    eval   203   this Q    0.007769   best Q    0.007764   566.6 min
  restart   8/8    eval   204   this Q    0.007763   best Q    0.007763   566.8 min
  restart   8/8    eval   205   this Q    0.007766   best Q    0.007763   567.0 min
  restart   8/8    eval   206   this Q    0.007771   best Q    0.007763   567.1 min
  restart   8/8    eval   207   this Q    0.007768   best Q    0.007763   567.3 min
  restart   8/8    eval   208   this Q    0.007765   best Q    0.007763   567.4 min
  restart   8/8   DONE   this    0.007763   best Q    0.007763   567.4 min, ~0 min left
  restart   8/8    eval     1   this Q    0.007763   best Q    0.007763   567.6 min
  restart   8/8    eval     2   this Q      0.9683   best Q    0.007763   567.7 min
  restart   8/8    eval     3   this Q      0.7533   best Q    0.007763   567.9 min
  restart   8/8    eval     4   this Q       1.007   best Q    0.007763   568.0 min
  restart   8/8    eval     5   this Q       1.668   best Q    0.007763   568.2 min
  restart   8/8    eval     6   this Q      0.3181   best Q    0.007763   568.4 min
  restart   8/8    eval     7   this Q      0.5463   best Q    0.007763   568.5 min
  restart   8/8    eval     8   this Q       6.965   best Q    0.007763   568.7 min
  restart   8/8    eval     9   this Q      0.1023   best Q    0.007763   568.8 min
  restart   8/8    eval    10   this Q      0.7298   best Q    0.007763   569.0 min
  restart   8/8    eval    11   this Q      0.3089   best Q    0.007763   569.1 min
  restart   8/8    eval    12   this Q      0.3133   best Q    0.007763   569.3 min
  restart   8/8    eval    13   this Q       1.988   best Q    0.007763   569.4 min
  restart   8/8    eval    14   this Q       1.688   best Q    0.007763   569.6 min
  restart   8/8    eval    15   this Q      0.2913   best Q    0.007763   569.8 min
  restart   8/8    eval    16   this Q      0.3696   best Q    0.007763   569.9 min
  restart   8/8    eval    17   this Q      0.9001   best Q    0.007763   570.1 min
  restart   8/8    eval    18   this Q      0.0664   best Q    0.007763   570.2 min
  restart   8/8    eval    19   this Q      0.4848   best Q    0.007763   570.4 min
  restart   8/8    eval    20   this Q      0.2614   best Q    0.007763   570.5 min
  restart   8/8    eval    21   this Q      0.3397   best Q    0.007763   570.7 min
  restart   8/8    eval    22   this Q     0.05059   best Q    0.007763   570.8 min
  restart   8/8    eval    23   this Q     0.02957   best Q    0.007763   571.0 min
  restart   8/8    eval    24   this Q      0.0092   best Q    0.007763   571.2 min
  restart   8/8    eval    25   this Q    0.009335   best Q    0.007763   571.3 min
  restart   8/8    eval    26   this Q    0.008159   best Q    0.007763   571.5 min
  restart   8/8    eval    27   this Q    0.007916   best Q    0.007763   571.6 min
  restart   8/8    eval    28   this Q    0.007865   best Q    0.007763   571.8 min
  restart   8/8    eval    29   this Q    0.007799   best Q    0.007763   571.9 min
  restart   8/8    eval    30   this Q     0.00787   best Q    0.007763   572.1 min
  restart   8/8    eval    31   this Q    0.007808   best Q    0.007763   572.2 min
  restart   8/8    eval    32   this Q    0.007833   best Q    0.007763   572.4 min
  restart   8/8    eval    33   this Q    0.007771   best Q    0.007763   572.6 min
  restart   8/8    eval    34   this Q    0.007898   best Q    0.007763   572.7 min
  restart   8/8    eval    35   this Q    0.007825   best Q    0.007763   572.9 min
  restart   8/8    eval    36   this Q    0.007803   best Q    0.007763   573.0 min
  restart   8/8    eval    37   this Q    0.007947   best Q    0.007763   573.2 min
  restart   8/8    eval    38   this Q     0.00783   best Q    0.007763   573.3 min
  restart   8/8    eval    39   this Q    0.007795   best Q    0.007763   573.5 min
  restart   8/8    eval    40   this Q    0.007858   best Q    0.007763   573.7 min
  restart   8/8    eval    41   this Q    0.007995   best Q    0.007763   573.8 min
  restart   8/8    eval    42   this Q    0.007822   best Q    0.007763   574.0 min
  restart   8/8    eval    43   this Q    0.007767   best Q    0.007763   574.2 min
  restart   8/8    eval    44   this Q    0.007869   best Q    0.007763   574.3 min
  restart   8/8    eval    45   this Q    0.007778   best Q    0.007763   574.5 min
  restart   8/8    eval    46   this Q    0.007805   best Q    0.007763   574.6 min
  restart   8/8    eval    47   this Q    0.007762   best Q    0.007762   574.8 min
  restart   8/8    eval    48   this Q    0.007768   best Q    0.007762   575.0 min
  restart   8/8    eval    49   this Q    0.007763   best Q    0.007762   575.1 min
  restart   8/8    eval    50   this Q    0.007763   best Q    0.007762   575.3 min
  restart   8/8    eval    51   this Q    0.007763   best Q    0.007762   575.5 min
  restart   8/8    eval    52   this Q    0.007764   best Q    0.007762   575.6 min
  restart   8/8    eval    53   this Q    0.007764   best Q    0.007762   575.8 min
  restart   8/8    eval    54   this Q    0.007763   best Q    0.007762   575.9 min
  restart   8/8    eval    55   this Q    0.007762   best Q    0.007762   576.1 min
  restart   8/8    eval    56   this Q    0.007764   best Q    0.007762   576.3 min
  restart   8/8    eval    57   this Q    0.007765   best Q    0.007762   576.4 min
  restart   8/8    eval    58   this Q    0.007763   best Q    0.007762   576.6 min
  restart   8/8    eval    59   this Q    0.007764   best Q    0.007762   576.8 min
  restart   8/8    eval    60   this Q    0.007761   best Q    0.007761   576.9 min
  restart   8/8    eval    61   this Q    0.007762   best Q    0.007761   577.1 min
  restart   8/8    eval    62   this Q     0.00776   best Q     0.00776   577.2 min
  restart   8/8    eval    63   this Q    0.007762   best Q     0.00776   577.4 min
  restart   8/8    eval    64   this Q    0.007761   best Q     0.00776   577.6 min
  restart   8/8    eval    65   this Q     0.00776   best Q     0.00776   577.7 min
  restart   8/8    eval    66   this Q     0.00776   best Q     0.00776   577.9 min
  restart   8/8    eval    67   this Q     0.00776   best Q     0.00776   578.1 min
  restart   8/8    eval    68   this Q    0.007762   best Q     0.00776   578.2 min
  restart   8/8    eval    69   this Q     0.00776   best Q     0.00776   578.4 min
  restart   8/8    eval    70   this Q    0.007762   best Q     0.00776   578.5 min
  restart   8/8    eval    71   this Q    0.007762   best Q     0.00776   578.7 min
  restart   8/8    eval    72   this Q     0.00776   best Q     0.00776   578.9 min
  restart   8/8    eval    73   this Q    0.007761   best Q     0.00776   579.0 min
  restart   8/8    eval    74   this Q    0.007762   best Q     0.00776   579.2 min
  restart   8/8    eval    75   this Q     0.00776   best Q     0.00776   579.3 min
  restart   8/8    eval    76   this Q     0.00776   best Q     0.00776   579.5 min
  restart   8/8    eval    77   this Q    0.007762   best Q     0.00776   579.6 min
  restart   8/8    eval    78   this Q    0.007761   best Q     0.00776   579.8 min
  restart   8/8    eval    79   this Q     0.00776   best Q     0.00776   580.0 min
  restart   8/8    eval    80   this Q     0.00776   best Q     0.00776   580.1 min
  restart   8/8    eval    81   this Q     0.00776   best Q     0.00776   580.3 min
  restart   8/8    eval    82   this Q    0.007762   best Q     0.00776   580.4 min
  restart   8/8    eval    83   this Q     0.00776   best Q     0.00776   580.6 min
  restart   8/8    eval    84   this Q    0.007762   best Q     0.00776   580.7 min
  restart   8/8    eval    85   this Q     0.00776   best Q     0.00776   580.9 min
  restart   8/8    eval    86   this Q     0.00776   best Q     0.00776   581.1 min
  restart   8/8    eval    87   this Q     0.00776   best Q     0.00776   581.2 min
  restart   8/8    eval    88   this Q     0.00776   best Q     0.00776   581.4 min
  restart   8/8    eval    89   this Q     0.00776   best Q     0.00776   581.5 min
  restart   8/8    eval    90   this Q     0.00776   best Q     0.00776   581.7 min
  restart   8/8    eval    91   this Q     0.00776   best Q     0.00776   581.8 min
  restart   8/8    eval    92   this Q     0.00776   best Q     0.00776   582.0 min
  restart   8/8    eval    93   this Q     0.00776   best Q     0.00776   582.2 min
  restart   8/8    eval    94   this Q     0.00776   best Q     0.00776   582.3 min
  restart   8/8    eval    95   this Q     0.00776   best Q     0.00776   582.5 min
  restart   8/8    eval    96   this Q     0.00776   best Q     0.00776   582.6 min
  restart   8/8    eval    97   this Q     0.00776   best Q     0.00776   582.8 min
  restart   8/8    eval    98   this Q     0.00776   best Q     0.00776   583.0 min
  restart   8/8    eval    99   this Q     0.00776   best Q     0.00776   583.1 min
  restart   8/8    eval   100   this Q     0.00776   best Q     0.00776   583.3 min
  restart   8/8    eval   101   this Q     0.00776   best Q     0.00776   583.5 min
  restart   8/8    eval   102   this Q     0.00776   best Q     0.00776   583.6 min
  restart   8/8    eval   103   this Q     0.00776   best Q     0.00776   583.8 min
  restart   8/8    eval   104   this Q     0.00776   best Q     0.00776   583.9 min
  restart   8/8    eval   105   this Q     0.00776   best Q     0.00776   584.1 min
  restart   8/8    eval   106   this Q     0.00776   best Q     0.00776   584.3 min
  restart   8/8    eval   107   this Q     0.00776   best Q     0.00776   584.4 min
  restart   8/8    eval   108   this Q     0.00776   best Q     0.00776   584.6 min
  restart   8/8    eval   109   this Q     0.00776   best Q     0.00776   584.7 min
  restart   8/8    eval   110   this Q     0.00776   best Q     0.00776   584.9 min
  restart   8/8    eval   111   this Q     0.00776   best Q     0.00776   585.1 min
  restart   8/8    eval   112   this Q     0.00776   best Q     0.00776   585.2 min
  restart   8/8    eval   113   this Q     0.00776   best Q     0.00776   585.4 min
  restart   8/8    eval   114   this Q     0.00776   best Q     0.00776   585.6 min
  restart   8/8    eval   115   this Q     0.00776   best Q     0.00776   585.7 min
  restart   8/8    eval   116   this Q     0.00776   best Q     0.00776   585.9 min
  restart   8/8    eval   117   this Q     0.00776   best Q     0.00776   586.0 min
  restart   8/8    eval   118   this Q     0.00776   best Q     0.00776   586.2 min
  restart   8/8    eval   119   this Q     0.00776   best Q     0.00776   586.4 min
  restart   8/8    eval   120   this Q     0.00776   best Q     0.00776   586.5 min
  restart   8/8    eval   121   this Q     0.00776   best Q     0.00776   586.7 min
  restart   8/8    eval   122   this Q     0.00776   best Q     0.00776   586.9 min
  restart   8/8    eval   123   this Q     0.00776   best Q     0.00776   587.0 min
  restart   8/8    eval   124   this Q     0.00776   best Q     0.00776   587.2 min
  restart   8/8    eval   125   this Q     0.00776   best Q     0.00776   587.4 min
  restart   8/8    eval   126   this Q     0.00776   best Q     0.00776   587.5 min
  restart   8/8    eval   127   this Q     0.00776   best Q     0.00776   587.7 min
  restart   8/8    eval   128   this Q     0.00776   best Q     0.00776   587.8 min
  restart   8/8    eval   129   this Q     0.00776   best Q     0.00776   588.0 min
  restart   8/8    eval   130   this Q     0.00776   best Q     0.00776   588.2 min
  restart   8/8    eval   131   this Q     0.00776   best Q     0.00776   588.3 min
  restart   8/8    eval   132   this Q     0.00776   best Q     0.00776   588.5 min
  restart   8/8    eval   133   this Q     0.00776   best Q     0.00776   588.7 min
  restart   8/8    eval   134   this Q     0.00776   best Q     0.00776   588.8 min
  restart   8/8    eval   135   this Q     0.00776   best Q     0.00776   589.0 min
  restart   8/8    eval   136   this Q     0.00776   best Q     0.00776   589.2 min
  restart   8/8    eval   137   this Q     0.00776   best Q     0.00776   589.3 min
  restart   8/8    eval   138   this Q     0.00776   best Q     0.00776   589.5 min
  restart   8/8    eval   139   this Q     0.00776   best Q     0.00776   589.7 min
  restart   8/8    eval   140   this Q     0.00776   best Q     0.00776   589.8 min
  restart   8/8    eval   141   this Q     0.00776   best Q     0.00776   590.0 min
  restart   8/8    eval   142   this Q     0.00776   best Q     0.00776   590.2 min
  restart   8/8    eval   143   this Q     0.00776   best Q     0.00776   590.3 min
  restart   8/8    eval   144   this Q     0.00776   best Q     0.00776   590.5 min
  restart   8/8    eval   145   this Q     0.00776   best Q     0.00776   590.6 min
  restart   8/8    eval   146   this Q     0.00776   best Q     0.00776   590.8 min
  restart   8/8    eval   147   this Q     0.00776   best Q     0.00776   591.0 min
  restart   8/8    eval   148   this Q     0.00776   best Q     0.00776   591.1 min
  restart   8/8    eval   149   this Q     0.00776   best Q     0.00776   591.3 min
  restart   8/8    eval   150   this Q     0.00776   best Q     0.00776   591.5 min
  restart   8/8    eval   151   this Q     0.00776   best Q     0.00776   591.6 min
  restart   8/8    eval   152   this Q     0.00776   best Q     0.00776   591.8 min
  restart   8/8    eval   153   this Q     0.00776   best Q     0.00776   592.0 min
  restart   8/8    eval   154   this Q     0.00776   best Q     0.00776   592.1 min
  restart   8/8    eval   155   this Q     0.00776   best Q     0.00776   592.3 min
  restart   8/8    eval   156   this Q     0.00776   best Q     0.00776   592.5 min
  restart   8/8    eval   157   this Q     0.00776   best Q     0.00776   592.6 min
  restart   8/8    eval   158   this Q     0.00776   best Q     0.00776   592.8 min
  restart   8/8    eval   159   this Q     0.00776   best Q     0.00776   593.0 min
  restart   8/8    eval   160   this Q     0.00776   best Q     0.00776   593.1 min
  restart   8/8    eval   161   this Q     0.00776   best Q     0.00776   593.3 min
  restart   8/8    eval   162   this Q     0.00776   best Q     0.00776   593.4 min
  restart   8/8    eval   163   this Q     0.00776   best Q     0.00776   593.6 min
  restart   8/8    eval   164   this Q     0.00776   best Q     0.00776   593.8 min
  restart   8/8    eval   165   this Q     0.00776   best Q     0.00776   593.9 min
  restart   8/8    eval   166   this Q     0.00776   best Q     0.00776   594.1 min
  restart   8/8    eval   167   this Q     0.00776   best Q     0.00776   594.3 min
  restart   8/8    eval   168   this Q     0.00776   best Q     0.00776   594.4 min
  restart   8/8    eval   169   this Q     0.00776   best Q     0.00776   594.6 min
  restart   8/8    eval   170   this Q     0.00776   best Q     0.00776   594.7 min
  restart   8/8    eval   171   this Q     0.00776   best Q     0.00776   594.9 min
  restart   8/8    eval   172   this Q     0.00776   best Q     0.00776   595.1 min
  restart   8/8    eval   173   this Q     0.00776   best Q     0.00776   595.2 min
  restart   8/8    eval   174   this Q     0.00776   best Q     0.00776   595.4 min
  restart   8/8    eval   175   this Q     0.00776   best Q     0.00776   595.5 min
  restart   8/8    eval   176   this Q     0.00776   best Q     0.00776   595.7 min
  restart   8/8    eval   177   this Q     0.00776   best Q     0.00776   595.9 min
  restart   8/8    eval   178   this Q     0.00776   best Q     0.00776   596.0 min
  restart   8/8    eval   179   this Q     0.00776   best Q     0.00776   596.2 min
  restart   8/8    eval   180   this Q     0.00776   best Q     0.00776   596.4 min
  restart   8/8    eval   181   this Q     0.00776   best Q     0.00776   596.5 min
  restart   8/8    eval   182   this Q     0.00776   best Q     0.00776   596.7 min
  restart   8/8    eval   183   this Q     0.00776   best Q     0.00776   596.8 min
  restart   8/8    eval   184   this Q     0.00776   best Q     0.00776   597.0 min
  restart   8/8    eval   185   this Q     0.00776   best Q     0.00776   597.2 min
  restart   8/8    eval   186   this Q     0.00776   best Q     0.00776   597.3 min
  restart   8/8    eval   187   this Q     0.00776   best Q     0.00776   597.5 min
  restart   8/8    eval   188   this Q     0.00776   best Q     0.00776   597.6 min
  restart   8/8    eval   189   this Q     0.00776   best Q     0.00776   597.8 min
  restart   8/8    eval   190   this Q     0.00776   best Q     0.00776   598.0 min
  restart   8/8    eval   191   this Q     0.00776   best Q     0.00776   598.1 min
  restart   8/8    eval   192   this Q     0.00776   best Q     0.00776   598.3 min
  restart   8/8    eval   193   this Q     0.00776   best Q     0.00776   598.4 min
  restart   8/8    eval   194   this Q     0.00776   best Q     0.00776   598.6 min
  restart   8/8    eval   195   this Q     0.00776   best Q     0.00776   598.8 min
  restart   8/8    eval   196   this Q     0.00776   best Q     0.00776   598.9 min
  restart   8/8    eval   197   this Q     0.00776   best Q     0.00776   599.1 min
  restart   8/8    eval   198   this Q     0.00776   best Q     0.00776   599.2 min
  restart   8/8    eval   199   this Q     0.00776   best Q     0.00776   599.4 min
  restart   8/8    eval   200   this Q     0.00776   best Q     0.00776   599.6 min
  restart   8/8    eval   201   this Q     0.00776   best Q     0.00776   599.7 min
  restart   8/8    eval   202   this Q     0.00776   best Q     0.00776   599.9 min
  restart   8/8    eval   203   this Q     0.00776   best Q     0.00776   600.0 min
  restart   8/8    eval   204   this Q     0.00776   best Q     0.00776   600.2 min
  restart   8/8    eval   205   this Q     0.00776   best Q     0.00776   600.4 min
  restart   8/8    eval   206   this Q     0.00776   best Q     0.00776   600.5 min
  restart   8/8    eval   207   this Q     0.00776   best Q     0.00776   600.7 min
  restart   8/8    eval   208   this Q     0.00776   best Q     0.00776   600.8 min
  restart   8/8    eval   209   this Q     0.00776   best Q     0.00776   601.0 min
  restart   8/8    eval   210   this Q     0.00776   best Q     0.00776   601.2 min
  restart   8/8    eval   211   this Q     0.00776   best Q     0.00776   601.3 min
  restart   8/8    eval   212   this Q     0.00776   best Q     0.00776   601.5 min
  restart   8/8    eval   213   this Q     0.00776   best Q     0.00776   601.6 min

============================================================================
Finished in 601.6 min -- 7715 evaluations
============================================================================
Q: sobol-best 0.863023  ->  pre-polish 0.00776265  ->  final 0.00776011
incumbent Q was 1.64956  (improvement 99.5%)

how the local searches ended
  FTOL_REACHED               8   (converged)
                             8 converged / 0 hit a budget / 0 other
polish: ret SUCCESS (converged), 213 evaluations, improved the incumbent

search ran at the full grid -- no refinement stage needed

penalised evaluations: 245 of 7715 (3.2%)
  AssertionError              147
  infeasible_sigma_2           74
  ErrorException               24
(a penalised draw is a parameter vector the model cannot be solved at --
 scored 1e6 rather than crashed on. A high rate means the SEARCH BOX is
 too wide, not that the model is wrong.)

============================================================================
Estimated calibration
============================================================================

Parameters
--------------------------------------------------------------
  phi_2            0.1781   (was 0.1437)
  phi_3            1.1028   (was 1.0201)
  lambda_2        20.0000   (was 8.6793)
  R_0             48.6115   (was 50.6032)
  sigma_1_0       -0.6854   (was -0.2232)
  sigma_1_1       -0.1306   (was -0.1413)
  sigma_2_0       -3.6962   (was -3.7551)
  sigma_2_1       -0.1206   (was -0.0500)
  sigma_4_0       -3.2324   (was -5.9852)

Targeted moments
----------------------------------------------------------------------------
  moment          model       data     gap %   source
  mean_c_p       3.2483     3.1155      4.3%   cons_exhous_real_w99
  mean_h_p       0.3026     0.3073     -1.5%   (wh_mom + wh_dad)/2 / 112
  mean_t_p_early     0.4694     0.4544      3.3%   par_time_tot / 112, child ages 1-9
  mean_t_p_late     0.3331     0.3333     -0.1%   par_time_tot / 112, child ages 10-17
  mean_e_p_early     0.3432     0.3429      0.1%   m_method2_final_w99, child ages 1-9
  mean_e_p_late     0.3913     0.3911      0.1%   m_method2_final_w99, child ages 10-17
  mean_i_c_early     0.3823     0.3649      4.8%   c_time_hrs / 112 (school + own study), child ages 6-9
  mean_i_c_late     0.3750     0.3872     -3.1%   c_time_hrs / 112 (school + own study), child ages 10-17
  mean_hc_early     6.0458     6.0737     -2.8%   x_gach (log PCA composite), child ages 3-9
  mean_hc_late     6.2746     6.2508      2.4%   x_gach (log PCA composite), child ages 10-17
  Q                                  0.0078    (gap % is in LEVELS for log moments)

  c_p           32483 USD/yr  vs data 31155
  h_p            33.9 hrs/wk  vs data 34.4
  t_p  1-9       52.6 hrs/wk  vs data 50.9
  t_p 10-17      37.3 hrs/wk  vs data 37.3
  e_p  1-9       3432 USD/yr  vs data 3429
  e_p 10-17      3913 USD/yr  vs data 3911

  t_p late/early  model 0.71x  vs data 0.73x
  e_p late/early  model 1.14x  vs data 1.14x
  l_p (residual)  model 32.7 hrs/wk  vs 33.1 implied by the h_p/t_p targets
                  (measured leisure is 59.2 hrs/wk -- par_time_tot overlaps it)

Untargeted -- does the fit stay believable?
--------------------------------------------------------------
  after-tax income        4.6195  (46195 USD/yr)
  implied saving rate       30.8%
  terminal assets        37.2541  (372541 USD)
  leisure l_p             0.2922  (32.7 hrs/wk)
  invalid sim cells            0
  assets above a_max=100  max 257.2  (households: 2 ever (0.10%), 2 at t=1, 2 at handoff)
  HC in [50, 1500]      range 297.7 - 567.4  (households: 0 ever above, 0 ever below, 0 above at handoff)

  off-grid states by period (n = 2000 households)
    t      a>a_max      max a    hc>hi    hc<lo     max hc
    1            2      214.4        0        0      464.2
    2            2      216.8        0        0      432.5
    3            2      219.4        0        0      445.7
    4            2      222.1        0        0      468.2
    5            2      224.6        0        0      496.2
    6            2      226.7        0        0      533.6
    7            2      228.9        0        0      525.2
    8            2      231.0        0        0      527.5
    9            2      233.0        0        0      533.4
    10           2      235.1        0        0      539.7
    11           2      237.1        0        0      545.8
    12           2      239.2        0        0      551.4
    13           2      241.3        0        0      556.7
    14           2      243.4        0        0      561.4
    15           2      245.9        0        0      565.3
    16           2      248.7        0        0      567.4
    17           2      252.7        0        0      563.0
    T+1          2      257.2        0        0      504.2
    (rows with no off-grid state are omitted; T+1 is the age-18 handoff)

!! PARAMETERS NEAR A SEARCH BOUND -- boundary review required:
  lambda_2   =    20.0000  near its UPPER bound [0.050, 20.000]  (100.0% into the box)
This proximity flag is separate from the optimizer stopping status. Check a
boundary profile and numerical sensitivity before promoting the result; proximity
alone does not prove that the box is too narrow or the target is unattainable.

acceptance -- about the RETAINED WINNER, not about the other restarts
  winner came from        polish
  its own return code     SUCCESS  (converged)  yes
  refinement              skipped (ret NOT_RUN, 0 evals)  yes
  no objective exceptions yes  (0)
  final sim in domain     yes  (0 invalid cells)
  no parameter on a bound NO   (lambda_2)
  objective finite        yes  (Q = 0.00776011)
  (for context: 8 of 8 restarts converged, 0 hit a budget, 0 other)
  NOT ACCEPTED -- do not quote this point. Fix the failing condition above first;
  a finite Q is not a certification, and neither is another restart's convergence.

wrote output/smm_runs/2026-09-07_205033/run_record.toml
wrote output/smm_runs/2026-09-07_205033/restarts.csv
wrote output/smm_runs/2026-09-07_205033/estimates.toml
wrote output/smm_runs/2026-09-07_205033/run.log
