
============================================================================
SMM: parent-block moments
============================================================================
started    2026-09-08 10:04:13
host       haflinger.ceu.edu
machine    112 cores, 503 GB RAM, load average 2.2
workers    20 of 112 cores (18%) -- capped by shared-server budget
budget     4000 Sobol points, 8 restarts (<= 1000 evals each, polish 1000)
grids      Na=Nhc=30 for both the search and the report
writing to output/smm_runs/2026-09-08_100413
           (also reachable as output/smm_runs/latest -- tail that, no timestamp needed)
6.8s
running on 21 process(es): 1 master + 20 worker(s), 1 BLAS thread each
9.8s
32.3s (all processes at once)

============================================================================
Targets  (output/smm_runs/2026-09-08_100413/targets.toml)
============================================================================
10 moments, 9 parameters -- OVER-identified, Q cannot reach 0 and weights matter
parameters: phi_2, phi_3, lambda_2, R_0, sigma_1_0, sigma_1_1, sigma_2_0, sigma_2_1, sigma_4_0
moment           mean         sd        N   source
mean_c_p       3.1155     1.6993     6742   cons_exhous_real_w99
mean_h_p       0.3073     0.0999    15665   (wh_mom + wh_dad)/2 / 112
mean_t_p_early     0.4544     0.1656      475   par_time_tot / 112, child ages 1-9
mean_t_p_late     0.3333     0.1669      590   par_time_tot / 112, child ages 10-17
mean_e_p_early     0.3429     0.4794     8178   m_method2_final_w99, child ages 1-9
mean_e_p_late     0.3911     0.6638     7182   m_method2_final_w99, child ages 10-17
mean_i_c_early     0.3649     0.0389      476   c_time_hrs / 112 (school + own study), child ages 6-9
mean_i_c_late     0.3872     0.0517     1500   c_time_hrs / 112 (school + own study), child ages 10-17
mean_hc_early     6.0737     0.1081      252   x_gach (log PCA composite), child ages 3-9
mean_hc_late     6.2508     0.0323      549   x_gach (log PCA composite), child ages 10-17

SDs are shown but NOT targeted: the model's cross-sectional dispersion comes
from a 5-node wage shock plus initial draws and cannot reach the data's
(leisure SD is 7.4x too small). Targeting them would distort the means.

settings written to output/smm_runs/2026-09-08_100413/run_record.toml  (status = started)
16.2s

projected runtime
  sobol stage     4001 evals / 20 workers  =   54.1 min   (parallel)
  local stage     1320 evals, sequential    =  357.2 min   (cannot be parallelised)
  total                                     411.3 min

The local stage dominates because TikTak's restarts are sequential by
construction. More workers shorten the first line only -- to use a wide
machine well, raise --sobol (better seeds), not --restarts.

============================================================================
Incumbent calibration
============================================================================
Q = 0.007669

Parameters
--------------------------------------------------------------
  phi_2            0.1781   (was 0.1781)
  phi_3            1.1028   (was 1.1028)
  lambda_2        20.0000   (was 20.0000)
  R_0             48.6115   (was 48.6115)
  sigma_1_0       -0.6854   (was -0.6854)
  sigma_1_1       -0.1306   (was -0.1306)
  sigma_2_0       -3.6962   (was -3.6962)
  sigma_2_1       -0.1206   (was -0.1206)
  sigma_4_0       -3.2324   (was -3.2324)

Targeted moments
----------------------------------------------------------------------------
  moment          model       data     gap %   source
  mean_c_p       3.2458     3.1155      4.2%   cons_exhous_real_w99
  mean_h_p       0.3028     0.3073     -1.5%   (wh_mom + wh_dad)/2 / 112
  mean_t_p_early     0.4693     0.4544      3.3%   par_time_tot / 112, child ages 1-9
  mean_t_p_late     0.3330     0.3333     -0.1%   par_time_tot / 112, child ages 10-17
  mean_e_p_early     0.3428     0.3429     -0.0%   m_method2_final_w99, child ages 1-9
  mean_e_p_late     0.3908     0.3911     -0.1%   m_method2_final_w99, child ages 10-17
  mean_i_c_early     0.3824     0.3649      4.8%   c_time_hrs / 112 (school + own study), child ages 6-9
  mean_i_c_late     0.3751     0.3872     -3.1%   c_time_hrs / 112 (school + own study), child ages 10-17
  mean_hc_early     6.0456     6.0737     -2.8%   x_gach (log PCA composite), child ages 3-9
  mean_hc_late     6.2745     6.2508      2.4%   x_gach (log PCA composite), child ages 10-17
  Q                                  0.0077    (gap % is in LEVELS for log moments)

  c_p           32458 USD/yr  vs data 31155
  h_p            33.9 hrs/wk  vs data 34.4
  t_p  1-9       52.6 hrs/wk  vs data 50.9
  t_p 10-17      37.3 hrs/wk  vs data 37.3
  e_p  1-9       3428 USD/yr  vs data 3429
  e_p 10-17      3908 USD/yr  vs data 3911

  t_p late/early  model 0.71x  vs data 0.73x
  e_p late/early  model 1.14x  vs data 1.14x
  l_p (residual)  model 32.7 hrs/wk  vs 33.1 implied by the h_p/t_p targets
                  (measured leisure is 59.2 hrs/wk -- par_time_tot overlaps it)

Untargeted -- does the fit stay believable?
--------------------------------------------------------------
  after-tax income        4.6223  (46223 USD/yr)
  implied saving rate       30.9%
  terminal assets        37.0985  (370985 USD)
  leisure l_p             0.2921  (32.7 hrs/wk)
  invalid sim cells            0
  assets above a_max=100  max 92.7  (households: 0 ever (0.00%), 0 at t=1, 0 at handoff)
  HC in [50, 1500]      range 297.7 - 561.0  (households: 0 ever above, 0 ever below, 0 above at handoff)
  every simulated state is inside both grids

============================================================================
TikTak search
============================================================================
  sobol        1/4001    0%   best Q       81.89     0.3 min elapsed, ~1219 min left
  sobol        8/4001    0%   best Q       26.65     0.3 min elapsed, ~171 min left
  sobol       17/4001    0%   best Q       3.544     0.4 min elapsed, ~88 min left
  sobol       21/4001    1%   best Q       3.544     0.5 min elapsed, ~86 min left
  sobol       26/4001    1%   best Q       3.544     0.5 min elapsed, ~74 min left
  sobol       33/4001    1%   best Q       3.544     0.5 min elapsed, ~63 min left
  sobol       39/4001    1%   best Q       3.544     0.6 min elapsed, ~57 min left
  sobol       43/4001    1%   best Q       3.544     0.6 min elapsed, ~58 min left
  sobol       49/4001    1%   best Q      0.8594     0.7 min elapsed, ~53 min left
  sobol       56/4001    1%   best Q      0.8594     0.7 min elapsed, ~50 min left
  sobol       61/4001    2%   best Q      0.8594     0.7 min elapsed, ~48 min left
  sobol       64/4001    2%   best Q      0.8594     0.8 min elapsed, ~48 min left
  sobol       69/4001    2%   best Q      0.8594     0.8 min elapsed, ~46 min left
  sobol       71/4001    2%   best Q      0.8594     0.8 min elapsed, ~47 min left
  sobol       76/4001    2%   best Q      0.8594     0.9 min elapsed, ~46 min left
  sobol       82/4001    2%   best Q      0.8594     0.9 min elapsed, ~44 min left
  sobol       89/4001    2%   best Q      0.8594     1.0 min elapsed, ~43 min left
  sobol       92/4001    2%   best Q      0.8594     1.0 min elapsed, ~43 min left
  sobol       96/4001    2%   best Q      0.8594     1.1 min elapsed, ~43 min left
  sobol      104/4001    3%   best Q      0.8594     1.1 min elapsed, ~41 min left
  sobol      109/4001    3%   best Q      0.8594     1.1 min elapsed, ~40 min left
  sobol      110/4001    3%   best Q      0.8594     1.2 min elapsed, ~41 min left
  sobol      116/4001    3%   best Q      0.8594     1.2 min elapsed, ~40 min left
  sobol      118/4001    3%   best Q      0.8594     1.2 min elapsed, ~41 min left
  sobol      126/4001    3%   best Q      0.8594     1.3 min elapsed, ~39 min left
  sobol      130/4001    3%   best Q      0.8594     1.3 min elapsed, ~39 min left
  sobol      133/4001    3%   best Q      0.8594     1.4 min elapsed, ~39 min left
  sobol      139/4001    3%   best Q      0.8594     1.4 min elapsed, ~39 min left
  sobol      144/4001    4%   best Q      0.8594     1.4 min elapsed, ~39 min left
  sobol      150/4001    4%   best Q      0.8594     1.5 min elapsed, ~38 min left
  sobol      155/4001    4%   best Q      0.8594     1.5 min elapsed, ~38 min left
  sobol      160/4001    4%   best Q      0.8594     1.6 min elapsed, ~37 min left
  sobol      167/4001    4%   best Q      0.8594     1.6 min elapsed, ~37 min left
  sobol      169/4001    4%   best Q      0.8594     1.6 min elapsed, ~37 min left
  sobol      173/4001    4%   best Q      0.8594     1.7 min elapsed, ~37 min left
  sobol      179/4001    4%   best Q      0.8594     1.7 min elapsed, ~36 min left
  sobol      183/4001    5%   best Q      0.8594     1.7 min elapsed, ~36 min left
  sobol      190/4001    5%   best Q      0.8594     1.8 min elapsed, ~36 min left
  sobol      194/4001    5%   best Q      0.8594     1.8 min elapsed, ~36 min left
  sobol      199/4001    5%   best Q      0.8594     1.9 min elapsed, ~36 min left
  sobol      205/4001    5%   best Q      0.8594     1.9 min elapsed, ~35 min left
  sobol      209/4001    5%   best Q      0.8594     1.9 min elapsed, ~35 min left
  sobol      215/4001    5%   best Q      0.8594     2.0 min elapsed, ~35 min left
  sobol      222/4001    6%   best Q      0.8594     2.0 min elapsed, ~35 min left
  sobol      228/4001    6%   best Q      0.8594     2.1 min elapsed, ~35 min left
  sobol      232/4001    6%   best Q      0.8594     2.1 min elapsed, ~34 min left
  sobol      235/4001    6%   best Q      0.8594     2.2 min elapsed, ~35 min left
  sobol      241/4001    6%   best Q      0.8594     2.2 min elapsed, ~34 min left
  sobol      246/4001    6%   best Q      0.8594     2.2 min elapsed, ~34 min left
  sobol      253/4001    6%   best Q      0.8594     2.3 min elapsed, ~34 min left
  sobol      259/4001    6%   best Q      0.8594     2.3 min elapsed, ~34 min left
  sobol      265/4001    7%   best Q      0.8594     2.4 min elapsed, ~33 min left
  sobol      269/4001    7%   best Q      0.8594     2.4 min elapsed, ~33 min left
  sobol      275/4001    7%   best Q      0.8594     2.4 min elapsed, ~33 min left
  sobol      278/4001    7%   best Q      0.8594     2.5 min elapsed, ~33 min left
  sobol      281/4001    7%   best Q      0.8594     2.5 min elapsed, ~33 min left
  sobol      288/4001    7%   best Q      0.8594     2.6 min elapsed, ~33 min left
  sobol      294/4001    7%   best Q      0.8594     2.6 min elapsed, ~33 min left
  sobol      302/4001    8%   best Q      0.8594     2.6 min elapsed, ~32 min left
  sobol      303/4001    8%   best Q      0.8594     2.7 min elapsed, ~33 min left
  sobol      308/4001    8%   best Q      0.8594     2.7 min elapsed, ~33 min left
  sobol      312/4001    8%   best Q      0.8594     2.8 min elapsed, ~33 min left
  sobol      317/4001    8%   best Q      0.8594     2.8 min elapsed, ~32 min left
  sobol      321/4001    8%   best Q      0.8594     2.8 min elapsed, ~32 min left
  sobol      324/4001    8%   best Q      0.8594     2.9 min elapsed, ~32 min left
  sobol      332/4001    8%   best Q      0.8594     2.9 min elapsed, ~32 min left
  sobol      336/4001    8%   best Q      0.8594     2.9 min elapsed, ~32 min left
  sobol      340/4001    8%   best Q      0.8594     3.0 min elapsed, ~32 min left
  sobol      345/4001    9%   best Q      0.8594     3.0 min elapsed, ~32 min left
  sobol      350/4001    9%   best Q      0.8594     3.1 min elapsed, ~32 min left
  sobol      353/4001    9%   best Q      0.8594     3.1 min elapsed, ~32 min left
  sobol      361/4001    9%   best Q      0.8594     3.1 min elapsed, ~32 min left
  sobol      366/4001    9%   best Q      0.8594     3.2 min elapsed, ~32 min left
  sobol      372/4001    9%   best Q      0.8594     3.2 min elapsed, ~32 min left
  sobol      377/4001    9%   best Q      0.8594     3.3 min elapsed, ~31 min left
  sobol      382/4001   10%   best Q      0.8594     3.3 min elapsed, ~31 min left
  sobol      386/4001   10%   best Q      0.8594     3.4 min elapsed, ~31 min left
  sobol      393/4001   10%   best Q      0.8594     3.4 min elapsed, ~31 min left
  sobol      396/4001   10%   best Q      0.8594     3.4 min elapsed, ~31 min left
  sobol      404/4001   10%   best Q      0.8594     3.5 min elapsed, ~31 min left
  sobol      405/4001   10%   best Q      0.8594     3.5 min elapsed, ~31 min left
  sobol      412/4001   10%   best Q      0.8594     3.6 min elapsed, ~31 min left
  sobol      416/4001   10%   best Q      0.8594     3.6 min elapsed, ~31 min left
  sobol      423/4001   11%   best Q      0.8594     3.6 min elapsed, ~31 min left
  sobol      425/4001   11%   best Q      0.8594     3.7 min elapsed, ~31 min left
  sobol      432/4001   11%   best Q      0.8594     3.7 min elapsed, ~31 min left
  sobol      438/4001   11%   best Q      0.8594     3.8 min elapsed, ~31 min left
  sobol      445/4001   11%   best Q      0.8594     3.8 min elapsed, ~31 min left
  sobol      450/4001   11%   best Q      0.8594     3.9 min elapsed, ~31 min left
  sobol      455/4001   11%   best Q      0.8594     3.9 min elapsed, ~30 min left
  sobol      462/4001   12%   best Q      0.8594     4.0 min elapsed, ~30 min left
  sobol      467/4001   12%   best Q      0.8594     4.0 min elapsed, ~30 min left
  sobol      473/4001   12%   best Q      0.8594     4.0 min elapsed, ~30 min left
  sobol      476/4001   12%   best Q      0.8594     4.1 min elapsed, ~30 min left
  sobol      482/4001   12%   best Q      0.8594     4.1 min elapsed, ~30 min left
  sobol      488/4001   12%   best Q      0.8594     4.2 min elapsed, ~30 min left
  sobol      491/4001   12%   best Q      0.8594     4.2 min elapsed, ~30 min left
  sobol      494/4001   12%   best Q      0.8594     4.2 min elapsed, ~30 min left
  sobol      498/4001   12%   best Q      0.8594     4.3 min elapsed, ~30 min left
  sobol      506/4001   13%   best Q      0.8594     4.3 min elapsed, ~30 min left
  sobol      511/4001   13%   best Q      0.8594     4.3 min elapsed, ~30 min left
  sobol      512/4001   13%   best Q      0.8594     4.4 min elapsed, ~30 min left
  sobol      519/4001   13%   best Q      0.8594     4.4 min elapsed, ~30 min left
  sobol      525/4001   13%   best Q      0.8594     4.5 min elapsed, ~30 min left
  sobol      531/4001   13%   best Q      0.8594     4.5 min elapsed, ~30 min left
  sobol      536/4001   13%   best Q      0.8594     4.6 min elapsed, ~30 min left
  sobol      544/4001   14%   best Q      0.8594     4.6 min elapsed, ~29 min left
  sobol      548/4001   14%   best Q      0.8594     4.7 min elapsed, ~29 min left
  sobol      551/4001   14%   best Q      0.8594     4.7 min elapsed, ~29 min left
  sobol      557/4001   14%   best Q      0.8594     4.7 min elapsed, ~29 min left
  sobol      562/4001   14%   best Q      0.8594     4.8 min elapsed, ~29 min left
  sobol      568/4001   14%   best Q      0.8594     4.8 min elapsed, ~29 min left
  sobol      572/4001   14%   best Q      0.8594     4.8 min elapsed, ~29 min left
  sobol      575/4001   14%   best Q      0.8594     4.9 min elapsed, ~29 min left
  sobol      580/4001   14%   best Q      0.8594     4.9 min elapsed, ~29 min left
  sobol      588/4001   15%   best Q      0.8594     5.0 min elapsed, ~29 min left
  sobol      593/4001   15%   best Q      0.8594     5.0 min elapsed, ~29 min left
  sobol      597/4001   15%   best Q      0.8594     5.1 min elapsed, ~29 min left
  sobol      604/4001   15%   best Q      0.8594     5.1 min elapsed, ~29 min left
  sobol      610/4001   15%   best Q      0.8594     5.1 min elapsed, ~29 min left
  sobol      615/4001   15%   best Q      0.8594     5.2 min elapsed, ~29 min left
  sobol      620/4001   15%   best Q      0.8594     5.2 min elapsed, ~29 min left
  sobol      626/4001   16%   best Q      0.8594     5.3 min elapsed, ~28 min left
  sobol      630/4001   16%   best Q      0.8594     5.3 min elapsed, ~28 min left
  sobol      634/4001   16%   best Q      0.8594     5.3 min elapsed, ~28 min left
  sobol      639/4001   16%   best Q      0.8594     5.4 min elapsed, ~28 min left
  sobol      646/4001   16%   best Q      0.8594     5.4 min elapsed, ~28 min left
  sobol      650/4001   16%   best Q      0.8594     5.5 min elapsed, ~28 min left
  sobol      655/4001   16%   best Q      0.8594     5.5 min elapsed, ~28 min left
  sobol      663/4001   17%   best Q      0.8594     5.6 min elapsed, ~28 min left
  sobol      667/4001   17%   best Q      0.8594     5.6 min elapsed, ~28 min left
  sobol      674/4001   17%   best Q      0.8594     5.7 min elapsed, ~28 min left
  sobol      679/4001   17%   best Q      0.8594     5.7 min elapsed, ~28 min left
  sobol      687/4001   17%   best Q      0.8594     5.8 min elapsed, ~28 min left
  sobol      693/4001   17%   best Q      0.8594     5.8 min elapsed, ~28 min left
  sobol      695/4001   17%   best Q      0.8594     5.8 min elapsed, ~28 min left
  sobol      703/4001   18%   best Q      0.8594     5.9 min elapsed, ~28 min left
  sobol      706/4001   18%   best Q      0.8594     5.9 min elapsed, ~28 min left
  sobol      714/4001   18%   best Q      0.8594     6.0 min elapsed, ~27 min left
  sobol      718/4001   18%   best Q      0.8594     6.0 min elapsed, ~27 min left
  sobol      722/4001   18%   best Q      0.8594     6.0 min elapsed, ~27 min left
  sobol      727/4001   18%   best Q      0.8594     6.1 min elapsed, ~27 min left
  sobol      733/4001   18%   best Q      0.8594     6.1 min elapsed, ~27 min left
  sobol      737/4001   18%   best Q      0.8594     6.2 min elapsed, ~27 min left
  sobol      742/4001   19%   best Q      0.8594     6.2 min elapsed, ~27 min left
  sobol      748/4001   19%   best Q      0.8594     6.2 min elapsed, ~27 min left
  sobol      753/4001   19%   best Q      0.8594     6.3 min elapsed, ~27 min left
  sobol      757/4001   19%   best Q      0.8594     6.3 min elapsed, ~27 min left
  sobol      760/4001   19%   best Q      0.8594     6.3 min elapsed, ~27 min left
  sobol      763/4001   19%   best Q      0.8594     6.4 min elapsed, ~27 min left
  sobol      769/4001   19%   best Q      0.8594     6.4 min elapsed, ~27 min left
  sobol      775/4001   19%   best Q      0.8594     6.4 min elapsed, ~27 min left
  sobol      780/4001   19%   best Q      0.8594     6.5 min elapsed, ~27 min left
  sobol      784/4001   20%   best Q      0.8594     6.5 min elapsed, ~27 min left
  sobol      787/4001   20%   best Q      0.8594     6.6 min elapsed, ~27 min left
  sobol      795/4001   20%   best Q      0.8594     6.6 min elapsed, ~27 min left
  sobol      800/4001   20%   best Q      0.8594     6.7 min elapsed, ~27 min left
  sobol      807/4001   20%   best Q      0.8594     6.7 min elapsed, ~27 min left
  sobol      810/4001   20%   best Q      0.8594     6.7 min elapsed, ~27 min left
  sobol      813/4001   20%   best Q      0.8594     6.8 min elapsed, ~27 min left
  sobol      819/4001   20%   best Q      0.8594     6.8 min elapsed, ~26 min left
  sobol      823/4001   21%   best Q      0.8594     6.8 min elapsed, ~26 min left
  sobol      828/4001   21%   best Q      0.8594     6.9 min elapsed, ~26 min left
  sobol      832/4001   21%   best Q      0.8594     6.9 min elapsed, ~26 min left
  sobol      841/4001   21%   best Q      0.8594     7.0 min elapsed, ~26 min left
  sobol      847/4001   21%   best Q      0.8594     7.0 min elapsed, ~26 min left
  sobol      852/4001   21%   best Q      0.8594     7.1 min elapsed, ~26 min left
  sobol      856/4001   21%   best Q      0.8594     7.1 min elapsed, ~26 min left
  sobol      864/4001   22%   best Q      0.8594     7.2 min elapsed, ~26 min left
  sobol      870/4001   22%   best Q      0.8594     7.2 min elapsed, ~26 min left
  sobol      874/4001   22%   best Q      0.8594     7.2 min elapsed, ~26 min left
  sobol      879/4001   22%   best Q      0.8594     7.3 min elapsed, ~26 min left
  sobol      887/4001   22%   best Q      0.8594     7.3 min elapsed, ~26 min left
  sobol      891/4001   22%   best Q      0.8594     7.4 min elapsed, ~26 min left
  sobol      898/4001   22%   best Q      0.8594     7.4 min elapsed, ~26 min left
  sobol      904/4001   23%   best Q      0.8594     7.5 min elapsed, ~26 min left
  sobol      910/4001   23%   best Q      0.8594     7.5 min elapsed, ~26 min left
  sobol      916/4001   23%   best Q      0.8594     7.6 min elapsed, ~25 min left
  sobol      918/4001   23%   best Q      0.8594     7.6 min elapsed, ~26 min left
  sobol      925/4001   23%   best Q      0.8594     7.6 min elapsed, ~25 min left
  sobol      931/4001   23%   best Q      0.8594     7.7 min elapsed, ~25 min left
  sobol      939/4001   23%   best Q      0.8594     7.8 min elapsed, ~25 min left
  sobol      945/4001   24%   best Q      0.8594     7.8 min elapsed, ~25 min left
  sobol      949/4001   24%   best Q      0.8594     7.8 min elapsed, ~25 min left
  sobol      953/4001   24%   best Q      0.8594     7.9 min elapsed, ~25 min left
  sobol      958/4001   24%   best Q      0.8594     7.9 min elapsed, ~25 min left
  sobol      963/4001   24%   best Q      0.8594     8.0 min elapsed, ~25 min left
  sobol      970/4001   24%   best Q      0.8594     8.0 min elapsed, ~25 min left
  sobol      975/4001   24%   best Q      0.8594     8.0 min elapsed, ~25 min left
  sobol      980/4001   24%   best Q      0.8594     8.1 min elapsed, ~25 min left
  sobol      983/4001   25%   best Q      0.8594     8.1 min elapsed, ~25 min left
  sobol      990/4001   25%   best Q      0.8594     8.2 min elapsed, ~25 min left
  sobol      995/4001   25%   best Q      0.8594     8.2 min elapsed, ~25 min left
  sobol      999/4001   25%   best Q      0.8594     8.2 min elapsed, ~25 min left
  sobol     1003/4001   25%   best Q      0.8594     8.3 min elapsed, ~25 min left
  sobol     1009/4001   25%   best Q      0.8594     8.3 min elapsed, ~25 min left
  sobol     1016/4001   25%   best Q      0.8594     8.4 min elapsed, ~25 min left
  sobol     1021/4001   26%   best Q      0.8594     8.4 min elapsed, ~25 min left
  sobol     1026/4001   26%   best Q      0.8594     8.4 min elapsed, ~24 min left
  sobol     1030/4001   26%   best Q      0.8594     8.5 min elapsed, ~24 min left
  sobol     1037/4001   26%   best Q      0.8594     8.5 min elapsed, ~24 min left
  sobol     1041/4001   26%   best Q      0.8594     8.6 min elapsed, ~24 min left
  sobol     1046/4001   26%   best Q      0.8594     8.6 min elapsed, ~24 min left
  sobol     1053/4001   26%   best Q      0.8594     8.6 min elapsed, ~24 min left
  sobol     1058/4001   26%   best Q      0.8594     8.7 min elapsed, ~24 min left
  sobol     1062/4001   27%   best Q      0.8594     8.7 min elapsed, ~24 min left
  sobol     1066/4001   27%   best Q      0.8594     8.8 min elapsed, ~24 min left
  sobol     1071/4001   27%   best Q      0.8594     8.8 min elapsed, ~24 min left
  sobol     1076/4001   27%   best Q      0.8594     8.8 min elapsed, ~24 min left
  sobol     1082/4001   27%   best Q      0.8594     8.9 min elapsed, ~24 min left
  sobol     1090/4001   27%   best Q      0.8594     8.9 min elapsed, ~24 min left
  sobol     1094/4001   27%   best Q      0.8594     9.0 min elapsed, ~24 min left
  sobol     1099/4001   27%   best Q      0.8594     9.0 min elapsed, ~24 min left
  sobol     1104/4001   28%   best Q      0.8594     9.1 min elapsed, ~24 min left
  sobol     1108/4001   28%   best Q      0.8594     9.1 min elapsed, ~24 min left
  sobol     1114/4001   28%   best Q      0.8594     9.1 min elapsed, ~24 min left
  sobol     1119/4001   28%   best Q      0.8594     9.2 min elapsed, ~24 min left
  sobol     1124/4001   28%   best Q      0.8594     9.2 min elapsed, ~24 min left
  sobol     1127/4001   28%   best Q      0.8594     9.3 min elapsed, ~24 min left
  sobol     1134/4001   28%   best Q      0.8594     9.3 min elapsed, ~24 min left
  sobol     1140/4001   28%   best Q      0.8594     9.3 min elapsed, ~23 min left
  sobol     1145/4001   29%   best Q      0.8594     9.4 min elapsed, ~23 min left
  sobol     1149/4001   29%   best Q      0.8594     9.4 min elapsed, ~23 min left
  sobol     1152/4001   29%   best Q      0.8594     9.5 min elapsed, ~23 min left
  sobol     1160/4001   29%   best Q      0.8594     9.5 min elapsed, ~23 min left
  sobol     1166/4001   29%   best Q      0.8594     9.5 min elapsed, ~23 min left
  sobol     1169/4001   29%   best Q      0.8594     9.6 min elapsed, ~23 min left
  sobol     1173/4001   29%   best Q      0.8594     9.6 min elapsed, ~23 min left
  sobol     1178/4001   29%   best Q      0.8594     9.7 min elapsed, ~23 min left
  sobol     1184/4001   30%   best Q      0.8594     9.7 min elapsed, ~23 min left
  sobol     1189/4001   30%   best Q      0.8594     9.7 min elapsed, ~23 min left
  sobol     1194/4001   30%   best Q      0.8594     9.8 min elapsed, ~23 min left
  sobol     1199/4001   30%   best Q      0.8594     9.8 min elapsed, ~23 min left
  sobol     1205/4001   30%   best Q      0.8594     9.9 min elapsed, ~23 min left
  sobol     1209/4001   30%   best Q      0.8594     9.9 min elapsed, ~23 min left
  sobol     1214/4001   30%   best Q      0.5098     9.9 min elapsed, ~23 min left
  sobol     1219/4001   30%   best Q      0.5098    10.0 min elapsed, ~23 min left
  sobol     1225/4001   31%   best Q      0.5098    10.0 min elapsed, ~23 min left
  sobol     1230/4001   31%   best Q      0.5098    10.1 min elapsed, ~23 min left
  sobol     1233/4001   31%   best Q      0.5098    10.1 min elapsed, ~23 min left
  sobol     1240/4001   31%   best Q      0.5098    10.1 min elapsed, ~23 min left
  sobol     1246/4001   31%   best Q      0.5098    10.2 min elapsed, ~22 min left
  sobol     1250/4001   31%   best Q      0.5098    10.2 min elapsed, ~23 min left
  sobol     1255/4001   31%   best Q      0.5098    10.3 min elapsed, ~22 min left
  sobol     1261/4001   32%   best Q      0.5098    10.3 min elapsed, ~22 min left
  sobol     1267/4001   32%   best Q      0.5098    10.3 min elapsed, ~22 min left
  sobol     1271/4001   32%   best Q      0.5098    10.4 min elapsed, ~22 min left
  sobol     1277/4001   32%   best Q      0.5098    10.4 min elapsed, ~22 min left
  sobol     1282/4001   32%   best Q      0.5098    10.5 min elapsed, ~22 min left
  sobol     1287/4001   32%   best Q      0.5098    10.5 min elapsed, ~22 min left
  sobol     1290/4001   32%   best Q      0.5098    10.5 min elapsed, ~22 min left
  sobol     1294/4001   32%   best Q      0.5098    10.6 min elapsed, ~22 min left
  sobol     1300/4001   32%   best Q      0.5098    10.6 min elapsed, ~22 min left
  sobol     1303/4001   33%   best Q      0.5098    10.7 min elapsed, ~22 min left
  sobol     1310/4001   33%   best Q      0.5098    10.7 min elapsed, ~22 min left
  sobol     1313/4001   33%   best Q      0.5098    10.7 min elapsed, ~22 min left
  sobol     1319/4001   33%   best Q      0.5098    10.8 min elapsed, ~22 min left
  sobol     1326/4001   33%   best Q      0.5098    10.8 min elapsed, ~22 min left
  sobol     1329/4001   33%   best Q      0.5098    10.8 min elapsed, ~22 min left
  sobol     1334/4001   33%   best Q      0.5098    10.9 min elapsed, ~22 min left
  sobol     1340/4001   33%   best Q      0.5098    10.9 min elapsed, ~22 min left
  sobol     1344/4001   34%   best Q      0.5098    11.0 min elapsed, ~22 min left
  sobol     1352/4001   34%   best Q      0.5098    11.0 min elapsed, ~22 min left
  sobol     1357/4001   34%   best Q      0.5098    11.1 min elapsed, ~22 min left
  sobol     1363/4001   34%   best Q      0.5098    11.1 min elapsed, ~21 min left
  sobol     1369/4001   34%   best Q      0.5098    11.1 min elapsed, ~21 min left
  sobol     1374/4001   34%   best Q      0.5098    11.2 min elapsed, ~21 min left
  sobol     1377/4001   34%   best Q      0.5098    11.2 min elapsed, ~21 min left
  sobol     1383/4001   35%   best Q      0.5098    11.3 min elapsed, ~21 min left
  sobol     1386/4001   35%   best Q      0.5098    11.3 min elapsed, ~21 min left
  sobol     1392/4001   35%   best Q      0.5098    11.3 min elapsed, ~21 min left
  sobol     1397/4001   35%   best Q      0.5098    11.4 min elapsed, ~21 min left
  sobol     1403/4001   35%   best Q      0.5098    11.4 min elapsed, ~21 min left
  sobol     1408/4001   35%   best Q      0.5098    11.5 min elapsed, ~21 min left
  sobol     1412/4001   35%   best Q      0.5098    11.5 min elapsed, ~21 min left
  sobol     1419/4001   35%   best Q      0.5098    11.6 min elapsed, ~21 min left
  sobol     1423/4001   36%   best Q      0.5098    11.6 min elapsed, ~21 min left
  sobol     1428/4001   36%   best Q      0.5098    11.6 min elapsed, ~21 min left
  sobol     1433/4001   36%   best Q      0.5098    11.7 min elapsed, ~21 min left
  sobol     1439/4001   36%   best Q      0.5098    11.7 min elapsed, ~21 min left
  sobol     1445/4001   36%   best Q      0.5098    11.8 min elapsed, ~21 min left
  sobol     1447/4001   36%   best Q      0.5098    11.8 min elapsed, ~21 min left
  sobol     1453/4001   36%   best Q      0.5098    11.8 min elapsed, ~21 min left
  sobol     1460/4001   36%   best Q      0.5098    11.9 min elapsed, ~21 min left
  sobol     1466/4001   37%   best Q      0.5098    12.0 min elapsed, ~21 min left
  sobol     1473/4001   37%   best Q      0.5098    12.0 min elapsed, ~21 min left
  sobol     1479/4001   37%   best Q      0.5098    12.0 min elapsed, ~21 min left
  sobol     1485/4001   37%   best Q      0.5098    12.1 min elapsed, ~20 min left
  sobol     1489/4001   37%   best Q      0.5098    12.1 min elapsed, ~20 min left
  sobol     1496/4001   37%   best Q      0.5098    12.2 min elapsed, ~20 min left
  sobol     1500/4001   37%   best Q      0.5098    12.2 min elapsed, ~20 min left
  sobol     1506/4001   38%   best Q      0.5098    12.3 min elapsed, ~20 min left
  sobol     1511/4001   38%   best Q      0.5098    12.3 min elapsed, ~20 min left
  sobol     1517/4001   38%   best Q      0.5098    12.4 min elapsed, ~20 min left
  sobol     1524/4001   38%   best Q      0.5098    12.4 min elapsed, ~20 min left
  sobol     1529/4001   38%   best Q      0.5098    12.4 min elapsed, ~20 min left
  sobol     1533/4001   38%   best Q      0.5098    12.5 min elapsed, ~20 min left
  sobol     1541/4001   39%   best Q      0.5098    12.5 min elapsed, ~20 min left
  sobol     1548/4001   39%   best Q      0.5098    12.6 min elapsed, ~20 min left
  sobol     1553/4001   39%   best Q      0.5098    12.6 min elapsed, ~20 min left
  sobol     1558/4001   39%   best Q      0.5098    12.7 min elapsed, ~20 min left
  sobol     1563/4001   39%   best Q      0.5098    12.7 min elapsed, ~20 min left
  sobol     1569/4001   39%   best Q      0.5098    12.7 min elapsed, ~20 min left
  sobol     1573/4001   39%   best Q      0.5098    12.8 min elapsed, ~20 min left
  sobol     1577/4001   39%   best Q      0.5098    12.8 min elapsed, ~20 min left
  sobol     1582/4001   40%   best Q      0.5098    12.9 min elapsed, ~20 min left
  sobol     1588/4001   40%   best Q      0.5098    12.9 min elapsed, ~20 min left
  sobol     1593/4001   40%   best Q      0.5098    12.9 min elapsed, ~20 min left
  sobol     1599/4001   40%   best Q      0.5098    13.0 min elapsed, ~19 min left
  sobol     1603/4001   40%   best Q      0.5098    13.0 min elapsed, ~19 min left
  sobol     1607/4001   40%   best Q      0.5098    13.1 min elapsed, ~19 min left
  sobol     1612/4001   40%   best Q      0.5098    13.1 min elapsed, ~19 min left
  sobol     1619/4001   40%   best Q      0.5098    13.1 min elapsed, ~19 min left
  sobol     1622/4001   41%   best Q      0.5098    13.2 min elapsed, ~19 min left
  sobol     1627/4001   41%   best Q      0.5098    13.2 min elapsed, ~19 min left
  sobol     1632/4001   41%   best Q      0.5098    13.2 min elapsed, ~19 min left
  sobol     1638/4001   41%   best Q      0.5098    13.3 min elapsed, ~19 min left
  sobol     1642/4001   41%   best Q      0.5098    13.3 min elapsed, ~19 min left
  sobol     1648/4001   41%   best Q      0.5098    13.4 min elapsed, ~19 min left
  sobol     1651/4001   41%   best Q      0.5098    13.4 min elapsed, ~19 min left
  sobol     1656/4001   41%   best Q      0.5098    13.4 min elapsed, ~19 min left
  sobol     1660/4001   41%   best Q      0.5098    13.5 min elapsed, ~19 min left
  sobol     1668/4001   42%   best Q      0.5098    13.5 min elapsed, ~19 min left
  sobol     1671/4001   42%   best Q      0.5098    13.5 min elapsed, ~19 min left
  sobol     1676/4001   42%   best Q      0.5098    13.6 min elapsed, ~19 min left
  sobol     1681/4001   42%   best Q      0.5098    13.6 min elapsed, ~19 min left
  sobol     1683/4001   42%   best Q      0.5098    13.7 min elapsed, ~19 min left
  sobol     1690/4001   42%   best Q      0.5098    13.7 min elapsed, ~19 min left
  sobol     1695/4001   42%   best Q      0.5098    13.7 min elapsed, ~19 min left
  sobol     1698/4001   42%   best Q      0.5098    13.8 min elapsed, ~19 min left
  sobol     1702/4001   43%   best Q      0.5098    13.8 min elapsed, ~19 min left
  sobol     1708/4001   43%   best Q      0.5098    13.8 min elapsed, ~19 min left
  sobol     1711/4001   43%   best Q      0.5098    13.9 min elapsed, ~19 min left
  sobol     1714/4001   43%   best Q      0.5098    13.9 min elapsed, ~19 min left
  sobol     1719/4001   43%   best Q      0.5098    14.0 min elapsed, ~19 min left
  sobol     1726/4001   43%   best Q      0.5098    14.0 min elapsed, ~18 min left
  sobol     1732/4001   43%   best Q      0.5098    14.0 min elapsed, ~18 min left
  sobol     1734/4001   43%   best Q      0.5098    14.1 min elapsed, ~18 min left
  sobol     1741/4001   44%   best Q      0.5098    14.1 min elapsed, ~18 min left
  sobol     1744/4001   44%   best Q      0.5098    14.2 min elapsed, ~18 min left
  sobol     1751/4001   44%   best Q      0.5098    14.2 min elapsed, ~18 min left
  sobol     1756/4001   44%   best Q      0.5098    14.3 min elapsed, ~18 min left
  sobol     1762/4001   44%   best Q      0.5098    14.3 min elapsed, ~18 min left
  sobol     1769/4001   44%   best Q      0.5098    14.3 min elapsed, ~18 min left
  sobol     1773/4001   44%   best Q      0.5098    14.4 min elapsed, ~18 min left
  sobol     1778/4001   44%   best Q      0.5098    14.4 min elapsed, ~18 min left
  sobol     1785/4001   45%   best Q      0.5098    14.5 min elapsed, ~18 min left
  sobol     1790/4001   45%   best Q      0.5098    14.5 min elapsed, ~18 min left
  sobol     1794/4001   45%   best Q      0.5098    14.6 min elapsed, ~18 min left
  sobol     1800/4001   45%   best Q      0.5098    14.6 min elapsed, ~18 min left
  sobol     1806/4001   45%   best Q      0.5098    14.6 min elapsed, ~18 min left
  sobol     1810/4001   45%   best Q      0.5098    14.7 min elapsed, ~18 min left
  sobol     1815/4001   45%   best Q      0.5098    14.7 min elapsed, ~18 min left
  sobol     1822/4001   46%   best Q      0.5098    14.8 min elapsed, ~18 min left
  sobol     1826/4001   46%   best Q      0.5098    14.8 min elapsed, ~18 min left
  sobol     1831/4001   46%   best Q      0.5098    14.9 min elapsed, ~18 min left
  sobol     1835/4001   46%   best Q      0.5098    14.9 min elapsed, ~18 min left
  sobol     1842/4001   46%   best Q      0.5098    14.9 min elapsed, ~17 min left
  sobol     1846/4001   46%   best Q      0.5098    15.0 min elapsed, ~17 min left
  sobol     1848/4001   46%   best Q      0.5098    15.0 min elapsed, ~17 min left
  sobol     1856/4001   46%   best Q      0.5098    15.1 min elapsed, ~17 min left
  sobol     1863/4001   47%   best Q      0.5098    15.1 min elapsed, ~17 min left
  sobol     1867/4001   47%   best Q      0.5098    15.1 min elapsed, ~17 min left
  sobol     1869/4001   47%   best Q      0.5098    15.2 min elapsed, ~17 min left
  sobol     1872/4001   47%   best Q      0.5098    15.2 min elapsed, ~17 min left
  sobol     1881/4001   47%   best Q      0.5098    15.2 min elapsed, ~17 min left
  sobol     1886/4001   47%   best Q      0.5098    15.3 min elapsed, ~17 min left
  sobol     1889/4001   47%   best Q      0.5098    15.3 min elapsed, ~17 min left
  sobol     1894/4001   47%   best Q      0.5098    15.4 min elapsed, ~17 min left
  sobol     1903/4001   48%   best Q      0.5098    15.4 min elapsed, ~17 min left
  sobol     1907/4001   48%   best Q      0.5098    15.5 min elapsed, ~17 min left
  sobol     1910/4001   48%   best Q      0.5098    15.5 min elapsed, ~17 min left
  sobol     1916/4001   48%   best Q      0.5098    15.5 min elapsed, ~17 min left
  sobol     1922/4001   48%   best Q      0.5098    15.6 min elapsed, ~17 min left
  sobol     1925/4001   48%   best Q      0.5098    15.6 min elapsed, ~17 min left
  sobol     1930/4001   48%   best Q      0.5098    15.6 min elapsed, ~17 min left
  sobol     1935/4001   48%   best Q      0.5098    15.7 min elapsed, ~17 min left
  sobol     1939/4001   48%   best Q      0.5098    15.7 min elapsed, ~17 min left
  sobol     1945/4001   49%   best Q      0.5098    15.8 min elapsed, ~17 min left
  sobol     1949/4001   49%   best Q      0.5098    15.8 min elapsed, ~17 min left
  sobol     1954/4001   49%   best Q      0.5098    15.8 min elapsed, ~17 min left
  sobol     1962/4001   49%   best Q      0.5098    15.9 min elapsed, ~16 min left
  sobol     1965/4001   49%   best Q      0.5098    15.9 min elapsed, ~16 min left
  sobol     1970/4001   49%   best Q      0.5098    16.0 min elapsed, ~16 min left
  sobol     1973/4001   49%   best Q      0.5098    16.0 min elapsed, ~16 min left
  sobol     1979/4001   49%   best Q      0.5098    16.0 min elapsed, ~16 min left
  sobol     1985/4001   50%   best Q      0.5098    16.1 min elapsed, ~16 min left
  sobol     1992/4001   50%   best Q      0.5098    16.1 min elapsed, ~16 min left
  sobol     1995/4001   50%   best Q      0.5098    16.2 min elapsed, ~16 min left
  sobol     1999/4001   50%   best Q      0.5098    16.2 min elapsed, ~16 min left
  sobol     2004/4001   50%   best Q      0.5098    16.2 min elapsed, ~16 min left
  sobol     2011/4001   50%   best Q      0.5098    16.3 min elapsed, ~16 min left
  sobol     2016/4001   50%   best Q      0.5098    16.3 min elapsed, ~16 min left
  sobol     2021/4001   51%   best Q      0.5098    16.4 min elapsed, ~16 min left
  sobol     2025/4001   51%   best Q      0.5098    16.4 min elapsed, ~16 min left
  sobol     2032/4001   51%   best Q      0.5098    16.5 min elapsed, ~16 min left
  sobol     2038/4001   51%   best Q      0.5098    16.5 min elapsed, ~16 min left
  sobol     2042/4001   51%   best Q      0.5098    16.5 min elapsed, ~16 min left
  sobol     2047/4001   51%   best Q      0.5098    16.6 min elapsed, ~16 min left
  sobol     2055/4001   51%   best Q      0.5098    16.6 min elapsed, ~16 min left
  sobol     2061/4001   52%   best Q      0.5098    16.7 min elapsed, ~16 min left
  sobol     2067/4001   52%   best Q      0.5098    16.7 min elapsed, ~16 min left
  sobol     2069/4001   52%   best Q      0.5098    16.8 min elapsed, ~16 min left
  sobol     2077/4001   52%   best Q      0.5098    16.8 min elapsed, ~16 min left
  sobol     2082/4001   52%   best Q      0.5098    16.9 min elapsed, ~16 min left
  sobol     2085/4001   52%   best Q      0.5098    16.9 min elapsed, ~16 min left
  sobol     2090/4001   52%   best Q      0.5098    16.9 min elapsed, ~15 min left
  sobol     2095/4001   52%   best Q      0.5098    17.0 min elapsed, ~15 min left
  sobol     2102/4001   53%   best Q      0.5098    17.0 min elapsed, ~15 min left
  sobol     2106/4001   53%   best Q      0.5098    17.0 min elapsed, ~15 min left
  sobol     2112/4001   53%   best Q      0.5098    17.1 min elapsed, ~15 min left
  sobol     2115/4001   53%   best Q      0.5098    17.1 min elapsed, ~15 min left
  sobol     2122/4001   53%   best Q      0.5098    17.2 min elapsed, ~15 min left
  sobol     2129/4001   53%   best Q      0.5098    17.2 min elapsed, ~15 min left
  sobol     2134/4001   53%   best Q      0.5098    17.3 min elapsed, ~15 min left
  sobol     2137/4001   53%   best Q      0.5098    17.3 min elapsed, ~15 min left
  sobol     2141/4001   54%   best Q      0.5098    17.3 min elapsed, ~15 min left
  sobol     2148/4001   54%   best Q      0.5098    17.4 min elapsed, ~15 min left
  sobol     2152/4001   54%   best Q      0.5098    17.4 min elapsed, ~15 min left
  sobol     2156/4001   54%   best Q      0.5098    17.5 min elapsed, ~15 min left
  sobol     2161/4001   54%   best Q      0.5098    17.5 min elapsed, ~15 min left
  sobol     2166/4001   54%   best Q      0.5098    17.5 min elapsed, ~15 min left
  sobol     2173/4001   54%   best Q      0.5098    17.6 min elapsed, ~15 min left
  sobol     2176/4001   54%   best Q      0.5098    17.6 min elapsed, ~15 min left
  sobol     2182/4001   55%   best Q      0.5098    17.6 min elapsed, ~15 min left
  sobol     2184/4001   55%   best Q      0.5098    17.7 min elapsed, ~15 min left
  sobol     2193/4001   55%   best Q      0.5098    17.7 min elapsed, ~15 min left
  sobol     2200/4001   55%   best Q      0.5098    17.8 min elapsed, ~15 min left
  sobol     2205/4001   55%   best Q      0.5098    17.8 min elapsed, ~15 min left
  sobol     2211/4001   55%   best Q      0.5098    17.9 min elapsed, ~14 min left
  sobol     2215/4001   55%   best Q      0.5098    17.9 min elapsed, ~14 min left
  sobol     2219/4001   55%   best Q      0.5098    17.9 min elapsed, ~14 min left
  sobol     2223/4001   56%   best Q      0.5098    18.0 min elapsed, ~14 min left
  sobol     2228/4001   56%   best Q      0.5098    18.0 min elapsed, ~14 min left
  sobol     2235/4001   56%   best Q      0.5098    18.1 min elapsed, ~14 min left
  sobol     2240/4001   56%   best Q      0.5098    18.1 min elapsed, ~14 min left
  sobol     2243/4001   56%   best Q      0.5098    18.1 min elapsed, ~14 min left
  sobol     2248/4001   56%   best Q      0.5098    18.2 min elapsed, ~14 min left
  sobol     2256/4001   56%   best Q      0.5098    18.2 min elapsed, ~14 min left
  sobol     2260/4001   56%   best Q      0.5098    18.3 min elapsed, ~14 min left
  sobol     2264/4001   57%   best Q      0.5098    18.3 min elapsed, ~14 min left
  sobol     2268/4001   57%   best Q      0.5098    18.4 min elapsed, ~14 min left
  sobol     2278/4001   57%   best Q      0.5098    18.4 min elapsed, ~14 min left
  sobol     2280/4001   57%   best Q      0.5098    18.4 min elapsed, ~14 min left
  sobol     2285/4001   57%   best Q      0.5098    18.5 min elapsed, ~14 min left
  sobol     2289/4001   57%   best Q      0.5098    18.5 min elapsed, ~14 min left
  sobol     2296/4001   57%   best Q      0.5098    18.5 min elapsed, ~14 min left
  sobol     2298/4001   57%   best Q      0.5098    18.6 min elapsed, ~14 min left
  sobol     2304/4001   58%   best Q      0.5098    18.6 min elapsed, ~14 min left
  sobol     2307/4001   58%   best Q      0.5098    18.7 min elapsed, ~14 min left
  sobol     2315/4001   58%   best Q      0.5098    18.7 min elapsed, ~14 min left
  sobol     2320/4001   58%   best Q      0.5098    18.7 min elapsed, ~14 min left
  sobol     2324/4001   58%   best Q      0.5098    18.8 min elapsed, ~14 min left
  sobol     2329/4001   58%   best Q      0.5098    18.8 min elapsed, ~14 min left
  sobol     2335/4001   58%   best Q      0.5098    18.9 min elapsed, ~13 min left
  sobol     2341/4001   59%   best Q      0.5098    18.9 min elapsed, ~13 min left
  sobol     2344/4001   59%   best Q      0.5098    18.9 min elapsed, ~13 min left
  sobol     2347/4001   59%   best Q      0.5098    19.0 min elapsed, ~13 min left
  sobol     2356/4001   59%   best Q      0.5098    19.0 min elapsed, ~13 min left
  sobol     2359/4001   59%   best Q      0.5098    19.1 min elapsed, ~13 min left
  sobol     2364/4001   59%   best Q      0.5098    19.1 min elapsed, ~13 min left
  sobol     2367/4001   59%   best Q      0.5098    19.1 min elapsed, ~13 min left
  sobol     2375/4001   59%   best Q      0.5098    19.2 min elapsed, ~13 min left
  sobol     2380/4001   59%   best Q      0.5098    19.2 min elapsed, ~13 min left
  sobol     2384/4001   60%   best Q      0.5098    19.3 min elapsed, ~13 min left
  sobol     2390/4001   60%   best Q      0.5098    19.3 min elapsed, ~13 min left
  sobol     2398/4001   60%   best Q      0.5098    19.4 min elapsed, ~13 min left
  sobol     2403/4001   60%   best Q      0.5098    19.4 min elapsed, ~13 min left
  sobol     2405/4001   60%   best Q      0.5098    19.5 min elapsed, ~13 min left
  sobol     2412/4001   60%   best Q      0.5098    19.5 min elapsed, ~13 min left
  sobol     2417/4001   60%   best Q      0.5098    19.5 min elapsed, ~13 min left
  sobol     2421/4001   61%   best Q      0.5098    19.6 min elapsed, ~13 min left
  sobol     2427/4001   61%   best Q      0.5098    19.6 min elapsed, ~13 min left
  sobol     2432/4001   61%   best Q      0.5098    19.6 min elapsed, ~13 min left
  sobol     2436/4001   61%   best Q      0.5098    19.7 min elapsed, ~13 min left
  sobol     2439/4001   61%   best Q      0.5098    19.7 min elapsed, ~13 min left
  sobol     2445/4001   61%   best Q      0.5098    19.8 min elapsed, ~13 min left
  sobol     2450/4001   61%   best Q      0.5098    19.8 min elapsed, ~13 min left
  sobol     2458/4001   61%   best Q      0.5098    19.9 min elapsed, ~12 min left
  sobol     2460/4001   61%   best Q      0.5098    19.9 min elapsed, ~12 min left
  sobol     2467/4001   62%   best Q      0.5098    19.9 min elapsed, ~12 min left
  sobol     2472/4001   62%   best Q      0.5098    20.0 min elapsed, ~12 min left
  sobol     2477/4001   62%   best Q      0.5098    20.0 min elapsed, ~12 min left
  sobol     2484/4001   62%   best Q      0.5098    20.1 min elapsed, ~12 min left
  sobol     2487/4001   62%   best Q      0.5098    20.1 min elapsed, ~12 min left
  sobol     2494/4001   62%   best Q      0.5098    20.1 min elapsed, ~12 min left
  sobol     2499/4001   62%   best Q      0.5098    20.2 min elapsed, ~12 min left
  sobol     2503/4001   63%   best Q      0.5098    20.2 min elapsed, ~12 min left
  sobol     2509/4001   63%   best Q      0.5098    20.3 min elapsed, ~12 min left
  sobol     2513/4001   63%   best Q      0.5098    20.3 min elapsed, ~12 min left
  sobol     2517/4001   63%   best Q      0.5098    20.3 min elapsed, ~12 min left
  sobol     2523/4001   63%   best Q      0.5098    20.4 min elapsed, ~12 min left
  sobol     2528/4001   63%   best Q      0.5098    20.4 min elapsed, ~12 min left
  sobol     2533/4001   63%   best Q      0.5098    20.5 min elapsed, ~12 min left
  sobol     2539/4001   63%   best Q      0.5098    20.5 min elapsed, ~12 min left
  sobol     2541/4001   64%   best Q      0.5098    20.5 min elapsed, ~12 min left
  sobol     2547/4001   64%   best Q      0.5098    20.6 min elapsed, ~12 min left
  sobol     2552/4001   64%   best Q      0.5098    20.6 min elapsed, ~12 min left
  sobol     2560/4001   64%   best Q      0.5098    20.7 min elapsed, ~12 min left
  sobol     2564/4001   64%   best Q      0.5098    20.7 min elapsed, ~12 min left
  sobol     2570/4001   64%   best Q      0.5098    20.8 min elapsed, ~12 min left
  sobol     2574/4001   64%   best Q      0.5098    20.8 min elapsed, ~12 min left
  sobol     2580/4001   64%   best Q      0.5098    20.8 min elapsed, ~11 min left
  sobol     2586/4001   65%   best Q      0.5098    20.9 min elapsed, ~11 min left
  sobol     2590/4001   65%   best Q      0.5098    20.9 min elapsed, ~11 min left
  sobol     2594/4001   65%   best Q      0.5098    21.0 min elapsed, ~11 min left
  sobol     2600/4001   65%   best Q      0.5098    21.0 min elapsed, ~11 min left
  sobol     2604/4001   65%   best Q      0.5098    21.0 min elapsed, ~11 min left
  sobol     2609/4001   65%   best Q      0.5098    21.1 min elapsed, ~11 min left
  sobol     2615/4001   65%   best Q      0.5098    21.1 min elapsed, ~11 min left
  sobol     2619/4001   65%   best Q      0.5098    21.2 min elapsed, ~11 min left
  sobol     2623/4001   66%   best Q      0.5098    21.2 min elapsed, ~11 min left
  sobol     2631/4001   66%   best Q      0.5098    21.2 min elapsed, ~11 min left
  sobol     2635/4001   66%   best Q      0.5098    21.3 min elapsed, ~11 min left
  sobol     2638/4001   66%   best Q      0.5098    21.3 min elapsed, ~11 min left
  sobol     2646/4001   66%   best Q      0.5098    21.4 min elapsed, ~11 min left
  sobol     2652/4001   66%   best Q      0.5098    21.4 min elapsed, ~11 min left
  sobol     2655/4001   66%   best Q      0.5098    21.5 min elapsed, ~11 min left
  sobol     2661/4001   67%   best Q      0.5098    21.5 min elapsed, ~11 min left
  sobol     2669/4001   67%   best Q      0.5098    21.5 min elapsed, ~11 min left
  sobol     2674/4001   67%   best Q      0.5098    21.6 min elapsed, ~11 min left
  sobol     2677/4001   67%   best Q      0.5098    21.6 min elapsed, ~11 min left
  sobol     2682/4001   67%   best Q      0.5098    21.7 min elapsed, ~11 min left
  sobol     2687/4001   67%   best Q      0.5098    21.7 min elapsed, ~11 min left
  sobol     2694/4001   67%   best Q      0.5098    21.8 min elapsed, ~11 min left
  sobol     2698/4001   67%   best Q      0.5098    21.8 min elapsed, ~11 min left
  sobol     2703/4001   68%   best Q      0.5098    21.8 min elapsed, ~10 min left
  sobol     2708/4001   68%   best Q      0.5098    21.9 min elapsed, ~10 min left
  sobol     2712/4001   68%   best Q      0.5098    21.9 min elapsed, ~10 min left
  sobol     2718/4001   68%   best Q      0.5098    22.0 min elapsed, ~10 min left
  sobol     2724/4001   68%   best Q      0.5098    22.0 min elapsed, ~10 min left
  sobol     2728/4001   68%   best Q      0.5098    22.0 min elapsed, ~10 min left
  sobol     2736/4001   68%   best Q      0.5098    22.1 min elapsed, ~10 min left
  sobol     2738/4001   68%   best Q      0.5098    22.1 min elapsed, ~10 min left
  sobol     2745/4001   69%   best Q      0.5098    22.2 min elapsed, ~10 min left
  sobol     2748/4001   69%   best Q      0.5098    22.2 min elapsed, ~10 min left
  sobol     2755/4001   69%   best Q      0.5098    22.2 min elapsed, ~10 min left
  sobol     2761/4001   69%   best Q      0.5098    22.3 min elapsed, ~10 min left
  sobol     2765/4001   69%   best Q      0.5098    22.3 min elapsed, ~10 min left
  sobol     2768/4001   69%   best Q      0.5098    22.3 min elapsed, ~10 min left
  sobol     2776/4001   69%   best Q      0.5098    22.4 min elapsed, ~10 min left
  sobol     2784/4001   70%   best Q      0.5098    22.4 min elapsed, ~10 min left
  sobol     2787/4001   70%   best Q      0.5098    22.5 min elapsed, ~10 min left
  sobol     2791/4001   70%   best Q      0.5098    22.5 min elapsed, ~10 min left
  sobol     2796/4001   70%   best Q      0.5098    22.6 min elapsed, ~10 min left
  sobol     2803/4001   70%   best Q      0.5098    22.6 min elapsed, ~10 min left
  sobol     2808/4001   70%   best Q      0.5098    22.6 min elapsed, ~10 min left
  sobol     2813/4001   70%   best Q      0.5098    22.7 min elapsed, ~10 min left
  sobol     2816/4001   70%   best Q      0.5098    22.7 min elapsed, ~10 min left
  sobol     2820/4001   70%   best Q      0.5098    22.8 min elapsed, ~10 min left
  sobol     2825/4001   71%   best Q      0.5098    22.8 min elapsed, ~9 min left
  sobol     2832/4001   71%   best Q      0.5098    22.8 min elapsed, ~9 min left
  sobol     2836/4001   71%   best Q      0.5098    22.9 min elapsed, ~9 min left
  sobol     2838/4001   71%   best Q      0.5098    22.9 min elapsed, ~9 min left
  sobol     2844/4001   71%   best Q      0.5098    23.0 min elapsed, ~9 min left
  sobol     2851/4001   71%   best Q      0.5098    23.0 min elapsed, ~9 min left
  sobol     2858/4001   71%   best Q      0.5098    23.1 min elapsed, ~9 min left
  sobol     2862/4001   72%   best Q      0.5098    23.1 min elapsed, ~9 min left
  sobol     2868/4001   72%   best Q      0.5098    23.1 min elapsed, ~9 min left
  sobol     2873/4001   72%   best Q      0.5098    23.2 min elapsed, ~9 min left
  sobol     2877/4001   72%   best Q      0.5098    23.2 min elapsed, ~9 min left
  sobol     2881/4001   72%   best Q      0.5098    23.2 min elapsed, ~9 min left
  sobol     2885/4001   72%   best Q      0.5098    23.3 min elapsed, ~9 min left
  sobol     2888/4001   72%   best Q      0.5098    23.3 min elapsed, ~9 min left
  sobol     2894/4001   72%   best Q      0.5098    23.3 min elapsed, ~9 min left
  sobol     2899/4001   72%   best Q      0.5098    23.4 min elapsed, ~9 min left
  sobol     2906/4001   73%   best Q      0.5098    23.4 min elapsed, ~9 min left
  sobol     2913/4001   73%   best Q      0.5098    23.5 min elapsed, ~9 min left
  sobol     2916/4001   73%   best Q      0.5098    23.5 min elapsed, ~9 min left
  sobol     2921/4001   73%   best Q      0.5098    23.5 min elapsed, ~9 min left
  sobol     2926/4001   73%   best Q      0.5098    23.6 min elapsed, ~9 min left
  sobol     2931/4001   73%   best Q      0.5098    23.6 min elapsed, ~9 min left
  sobol     2935/4001   73%   best Q      0.5098    23.7 min elapsed, ~9 min left
  sobol     2940/4001   73%   best Q      0.5098    23.7 min elapsed, ~9 min left
  sobol     2946/4001   74%   best Q      0.5098    23.7 min elapsed, ~9 min left
  sobol     2953/4001   74%   best Q      0.5098    23.8 min elapsed, ~8 min left
  sobol     2958/4001   74%   best Q      0.5098    23.8 min elapsed, ~8 min left
  sobol     2961/4001   74%   best Q      0.5098    23.9 min elapsed, ~8 min left
  sobol     2966/4001   74%   best Q      0.5098    23.9 min elapsed, ~8 min left
  sobol     2973/4001   74%   best Q      0.5098    24.0 min elapsed, ~8 min left
  sobol     2977/4001   74%   best Q      0.5098    24.0 min elapsed, ~8 min left
  sobol     2982/4001   75%   best Q      0.5098    24.0 min elapsed, ~8 min left
  sobol     2987/4001   75%   best Q      0.5098    24.1 min elapsed, ~8 min left
  sobol     2993/4001   75%   best Q      0.5098    24.1 min elapsed, ~8 min left
  sobol     2997/4001   75%   best Q      0.5098    24.1 min elapsed, ~8 min left
  sobol     3001/4001   75%   best Q      0.5098    24.2 min elapsed, ~8 min left
  sobol     3006/4001   75%   best Q      0.5098    24.2 min elapsed, ~8 min left
  sobol     3013/4001   75%   best Q      0.5098    24.3 min elapsed, ~8 min left
  sobol     3016/4001   75%   best Q      0.5098    24.3 min elapsed, ~8 min left
  sobol     3024/4001   76%   best Q      0.5098    24.4 min elapsed, ~8 min left
  sobol     3028/4001   76%   best Q      0.5098    24.4 min elapsed, ~8 min left
  sobol     3034/4001   76%   best Q      0.5098    24.5 min elapsed, ~8 min left
  sobol     3041/4001   76%   best Q      0.5098    24.5 min elapsed, ~8 min left
  sobol     3045/4001   76%   best Q      0.5098    24.5 min elapsed, ~8 min left
  sobol     3050/4001   76%   best Q      0.5098    24.6 min elapsed, ~8 min left
  sobol     3057/4001   76%   best Q      0.5098    24.6 min elapsed, ~8 min left
  sobol     3064/4001   77%   best Q      0.5098    24.7 min elapsed, ~8 min left
  sobol     3069/4001   77%   best Q      0.5098    24.7 min elapsed, ~8 min left
  sobol     3073/4001   77%   best Q      0.5098    24.7 min elapsed, ~7 min left
  sobol     3078/4001   77%   best Q      0.5098    24.8 min elapsed, ~7 min left
  sobol     3082/4001   77%   best Q      0.5098    24.8 min elapsed, ~7 min left
  sobol     3089/4001   77%   best Q      0.5098    24.9 min elapsed, ~7 min left
  sobol     3095/4001   77%   best Q      0.5098    24.9 min elapsed, ~7 min left
  sobol     3098/4001   77%   best Q      0.5098    25.0 min elapsed, ~7 min left
  sobol     3102/4001   78%   best Q      0.5098    25.0 min elapsed, ~7 min left
  sobol     3107/4001   78%   best Q      0.5098    25.0 min elapsed, ~7 min left
  sobol     3114/4001   78%   best Q      0.5098    25.1 min elapsed, ~7 min left
  sobol     3117/4001   78%   best Q      0.5098    25.1 min elapsed, ~7 min left
  sobol     3119/4001   78%   best Q      0.5098    25.1 min elapsed, ~7 min left
  sobol     3129/4001   78%   best Q      0.5098    25.2 min elapsed, ~7 min left
  sobol     3134/4001   78%   best Q      0.5098    25.2 min elapsed, ~7 min left
  sobol     3136/4001   78%   best Q      0.5098    25.3 min elapsed, ~7 min left
  sobol     3141/4001   79%   best Q      0.5098    25.3 min elapsed, ~7 min left
  sobol     3149/4001   79%   best Q      0.5098    25.3 min elapsed, ~7 min left
  sobol     3154/4001   79%   best Q      0.5098    25.4 min elapsed, ~7 min left
  sobol     3158/4001   79%   best Q      0.5098    25.4 min elapsed, ~7 min left
  sobol     3165/4001   79%   best Q      0.5098    25.5 min elapsed, ~7 min left
  sobol     3169/4001   79%   best Q      0.5098    25.5 min elapsed, ~7 min left
  sobol     3174/4001   79%   best Q      0.5098    25.6 min elapsed, ~7 min left
  sobol     3179/4001   79%   best Q      0.5098    25.6 min elapsed, ~7 min left
  sobol     3184/4001   80%   best Q      0.5098    25.6 min elapsed, ~7 min left
  sobol     3192/4001   80%   best Q      0.5098    25.7 min elapsed, ~7 min left
  sobol     3196/4001   80%   best Q      0.5098    25.7 min elapsed, ~6 min left
  sobol     3202/4001   80%   best Q      0.5098    25.8 min elapsed, ~6 min left
  sobol     3208/4001   80%   best Q      0.5098    25.8 min elapsed, ~6 min left
  sobol     3213/4001   80%   best Q      0.5098    25.9 min elapsed, ~6 min left
  sobol     3217/4001   80%   best Q      0.5098    25.9 min elapsed, ~6 min left
  sobol     3223/4001   81%   best Q      0.5098    25.9 min elapsed, ~6 min left
  sobol     3229/4001   81%   best Q      0.5098    26.0 min elapsed, ~6 min left
  sobol     3234/4001   81%   best Q      0.5098    26.0 min elapsed, ~6 min left
  sobol     3236/4001   81%   best Q      0.5098    26.1 min elapsed, ~6 min left
  sobol     3239/4001   81%   best Q      0.5098    26.1 min elapsed, ~6 min left
  sobol     3246/4001   81%   best Q      0.5098    26.1 min elapsed, ~6 min left
  sobol     3253/4001   81%   best Q      0.5098    26.2 min elapsed, ~6 min left
  sobol     3256/4001   81%   best Q      0.5098    26.2 min elapsed, ~6 min left
  sobol     3261/4001   82%   best Q      0.5098    26.3 min elapsed, ~6 min left
  sobol     3269/4001   82%   best Q      0.5098    26.3 min elapsed, ~6 min left
  sobol     3273/4001   82%   best Q      0.5098    26.3 min elapsed, ~6 min left
  sobol     3277/4001   82%   best Q      0.5098    26.4 min elapsed, ~6 min left
  sobol     3283/4001   82%   best Q      0.5098    26.4 min elapsed, ~6 min left
  sobol     3291/4001   82%   best Q      0.5098    26.5 min elapsed, ~6 min left
  sobol     3294/4001   82%   best Q      0.5098    26.5 min elapsed, ~6 min left
  sobol     3298/4001   82%   best Q      0.5098    26.5 min elapsed, ~6 min left
  sobol     3305/4001   83%   best Q      0.5098    26.6 min elapsed, ~6 min left
  sobol     3311/4001   83%   best Q      0.5098    26.6 min elapsed, ~6 min left
  sobol     3315/4001   83%   best Q      0.5098    26.7 min elapsed, ~6 min left
  sobol     3321/4001   83%   best Q      0.5098    26.7 min elapsed, ~5 min left
  sobol     3323/4001   83%   best Q      0.5098    26.7 min elapsed, ~5 min left
  sobol     3330/4001   83%   best Q      0.5098    26.8 min elapsed, ~5 min left
  sobol     3333/4001   83%   best Q      0.5098    26.8 min elapsed, ~5 min left
  sobol     3337/4001   83%   best Q      0.5098    26.8 min elapsed, ~5 min left
  sobol     3342/4001   84%   best Q      0.5098    26.9 min elapsed, ~5 min left
  sobol     3344/4001   84%   best Q      0.5098    26.9 min elapsed, ~5 min left
  sobol     3352/4001   84%   best Q      0.5098    27.0 min elapsed, ~5 min left
  sobol     3355/4001   84%   best Q      0.5098    27.0 min elapsed, ~5 min left
  sobol     3362/4001   84%   best Q      0.5098    27.0 min elapsed, ~5 min left
  sobol     3366/4001   84%   best Q      0.5098    27.1 min elapsed, ~5 min left
  sobol     3372/4001   84%   best Q      0.5098    27.1 min elapsed, ~5 min left
  sobol     3378/4001   84%   best Q      0.5098    27.2 min elapsed, ~5 min left
  sobol     3384/4001   85%   best Q      0.5098    27.2 min elapsed, ~5 min left
  sobol     3389/4001   85%   best Q      0.5098    27.2 min elapsed, ~5 min left
  sobol     3394/4001   85%   best Q      0.5098    27.3 min elapsed, ~5 min left
  sobol     3402/4001   85%   best Q      0.5098    27.3 min elapsed, ~5 min left
  sobol     3408/4001   85%   best Q      0.5098    27.4 min elapsed, ~5 min left
  sobol     3412/4001   85%   best Q      0.5098    27.4 min elapsed, ~5 min left
  sobol     3415/4001   85%   best Q      0.5098    27.5 min elapsed, ~5 min left
  sobol     3421/4001   86%   best Q      0.5098    27.5 min elapsed, ~5 min left
  sobol     3425/4001   86%   best Q      0.5098    27.5 min elapsed, ~5 min left
  sobol     3430/4001   86%   best Q      0.5098    27.6 min elapsed, ~5 min left
  sobol     3434/4001   86%   best Q      0.5098    27.6 min elapsed, ~5 min left
  sobol     3437/4001   86%   best Q      0.5098    27.6 min elapsed, ~5 min left
  sobol     3442/4001   86%   best Q      0.5098    27.7 min elapsed, ~4 min left
  sobol     3448/4001   86%   best Q      0.5098    27.7 min elapsed, ~4 min left
  sobol     3453/4001   86%   best Q      0.5098    27.7 min elapsed, ~4 min left
  sobol     3456/4001   86%   best Q      0.5098    27.8 min elapsed, ~4 min left
  sobol     3462/4001   87%   best Q      0.5098    27.8 min elapsed, ~4 min left
  sobol     3470/4001   87%   best Q      0.5098    27.9 min elapsed, ~4 min left
  sobol     3474/4001   87%   best Q      0.5098    28.0 min elapsed, ~4 min left
  sobol     3483/4001   87%   best Q      0.5098    28.0 min elapsed, ~4 min left
  sobol     3491/4001   87%   best Q      0.5098    28.0 min elapsed, ~4 min left
  sobol     3496/4001   87%   best Q      0.5098    28.1 min elapsed, ~4 min left
  sobol     3504/4001   88%   best Q      0.5098    28.2 min elapsed, ~4 min left
  sobol     3508/4001   88%   best Q      0.5098    28.2 min elapsed, ~4 min left
  sobol     3516/4001   88%   best Q      0.5098    28.3 min elapsed, ~4 min left
  sobol     3520/4001   88%   best Q      0.5098    28.3 min elapsed, ~4 min left
  sobol     3530/4001   88%   best Q      0.5098    28.4 min elapsed, ~4 min left
  sobol     3537/4001   88%   best Q      0.5098    28.4 min elapsed, ~4 min left
  sobol     3543/4001   89%   best Q      0.5098    28.5 min elapsed, ~4 min left
  sobol     3546/4001   89%   best Q      0.5098    28.5 min elapsed, ~4 min left
  sobol     3551/4001   89%   best Q      0.5098    28.6 min elapsed, ~4 min left
  sobol     3557/4001   89%   best Q      0.5098    28.6 min elapsed, ~4 min left
  sobol     3561/4001   89%   best Q      0.5098    28.6 min elapsed, ~4 min left
  sobol     3566/4001   89%   best Q      0.5098    28.7 min elapsed, ~3 min left
  sobol     3570/4001   89%   best Q      0.5098    28.7 min elapsed, ~3 min left
  sobol     3573/4001   89%   best Q      0.5098    28.7 min elapsed, ~3 min left
  sobol     3580/4001   89%   best Q      0.5098    28.8 min elapsed, ~3 min left
  sobol     3585/4001   90%   best Q      0.5098    28.8 min elapsed, ~3 min left
  sobol     3592/4001   90%   best Q      0.5098    28.9 min elapsed, ~3 min left
  sobol     3595/4001   90%   best Q      0.5098    28.9 min elapsed, ~3 min left
  sobol     3601/4001   90%   best Q      0.5098    28.9 min elapsed, ~3 min left
  sobol     3606/4001   90%   best Q      0.5098    29.0 min elapsed, ~3 min left
  sobol     3613/4001   90%   best Q      0.5098    29.0 min elapsed, ~3 min left
  sobol     3615/4001   90%   best Q      0.5098    29.1 min elapsed, ~3 min left
  sobol     3621/4001   91%   best Q      0.5098    29.1 min elapsed, ~3 min left
  sobol     3627/4001   91%   best Q      0.5098    29.1 min elapsed, ~3 min left
  sobol     3633/4001   91%   best Q      0.5098    29.2 min elapsed, ~3 min left
  sobol     3635/4001   91%   best Q      0.5098    29.2 min elapsed, ~3 min left
  sobol     3639/4001   91%   best Q      0.5098    29.2 min elapsed, ~3 min left
  sobol     3644/4001   91%   best Q      0.5098    29.3 min elapsed, ~3 min left
  sobol     3652/4001   91%   best Q      0.5098    29.3 min elapsed, ~3 min left
  sobol     3655/4001   91%   best Q      0.5098    29.4 min elapsed, ~3 min left
  sobol     3658/4001   91%   best Q      0.5098    29.4 min elapsed, ~3 min left
  sobol     3662/4001   92%   best Q      0.5098    29.4 min elapsed, ~3 min left
  sobol     3669/4001   92%   best Q      0.5098    29.5 min elapsed, ~3 min left
  sobol     3676/4001   92%   best Q      0.5098    29.5 min elapsed, ~3 min left
  sobol     3683/4001   92%   best Q      0.5098    29.6 min elapsed, ~3 min left
  sobol     3684/4001   92%   best Q      0.5098    29.6 min elapsed, ~3 min left
  sobol     3691/4001   92%   best Q      0.5098    29.7 min elapsed, ~2 min left
  sobol     3697/4001   92%   best Q      0.5098    29.7 min elapsed, ~2 min left
  sobol     3703/4001   93%   best Q      0.5098    29.8 min elapsed, ~2 min left
  sobol     3708/4001   93%   best Q      0.5098    29.8 min elapsed, ~2 min left
  sobol     3713/4001   93%   best Q      0.5098    29.8 min elapsed, ~2 min left
  sobol     3718/4001   93%   best Q      0.5098    29.9 min elapsed, ~2 min left
  sobol     3723/4001   93%   best Q      0.5098    29.9 min elapsed, ~2 min left
  sobol     3727/4001   93%   best Q      0.5098    30.0 min elapsed, ~2 min left
  sobol     3734/4001   93%   best Q      0.5098    30.0 min elapsed, ~2 min left
  sobol     3739/4001   93%   best Q      0.5098    30.0 min elapsed, ~2 min left
  sobol     3742/4001   94%   best Q      0.5098    30.1 min elapsed, ~2 min left
  sobol     3748/4001   94%   best Q      0.5098    30.1 min elapsed, ~2 min left
  sobol     3751/4001   94%   best Q      0.5098    30.1 min elapsed, ~2 min left
  sobol     3758/4001   94%   best Q      0.5098    30.2 min elapsed, ~2 min left
  sobol     3763/4001   94%   best Q      0.5098    30.2 min elapsed, ~2 min left
  sobol     3769/4001   94%   best Q      0.5098    30.3 min elapsed, ~2 min left
  sobol     3774/4001   94%   best Q      0.5098    30.3 min elapsed, ~2 min left
  sobol     3782/4001   95%   best Q      0.5098    30.4 min elapsed, ~2 min left
  sobol     3784/4001   95%   best Q      0.5098    30.4 min elapsed, ~2 min left
  sobol     3791/4001   95%   best Q      0.5098    30.5 min elapsed, ~2 min left
  sobol     3801/4001   95%   best Q      0.5098    30.5 min elapsed, ~2 min left
  sobol     3807/4001   95%   best Q      0.5098    30.6 min elapsed, ~2 min left
  sobol     3810/4001   95%   best Q      0.5098    30.6 min elapsed, ~2 min left
  sobol     3813/4001   95%   best Q      0.5098    30.6 min elapsed, ~2 min left
  sobol     3821/4001   96%   best Q      0.5098    30.7 min elapsed, ~1 min left
  sobol     3825/4001   96%   best Q      0.5098    30.7 min elapsed, ~1 min left
  sobol     3832/4001   96%   best Q      0.5098    30.8 min elapsed, ~1 min left
  sobol     3835/4001   96%   best Q      0.5098    30.8 min elapsed, ~1 min left
  sobol     3844/4001   96%   best Q      0.5098    30.9 min elapsed, ~1 min left
  sobol     3849/4001   96%   best Q      0.5098    30.9 min elapsed, ~1 min left
  sobol     3854/4001   96%   best Q      0.5098    31.0 min elapsed, ~1 min left
  sobol     3859/4001   96%   best Q      0.5098    31.0 min elapsed, ~1 min left
  sobol     3864/4001   97%   best Q      0.5098    31.0 min elapsed, ~1 min left
  sobol     3871/4001   97%   best Q      0.5098    31.1 min elapsed, ~1 min left
  sobol     3876/4001   97%   best Q      0.5098    31.1 min elapsed, ~1 min left
  sobol     3881/4001   97%   best Q      0.5098    31.2 min elapsed, ~1 min left
  sobol     3885/4001   97%   best Q      0.5098    31.2 min elapsed, ~1 min left
  sobol     3889/4001   97%   best Q      0.5098    31.2 min elapsed, ~1 min left
  sobol     3896/4001   97%   best Q      0.5098    31.3 min elapsed, ~1 min left
  sobol     3902/4001   98%   best Q      0.5098    31.3 min elapsed, ~1 min left
  sobol     3906/4001   98%   best Q      0.5098    31.4 min elapsed, ~1 min left
  sobol     3912/4001   98%   best Q      0.5098    31.4 min elapsed, ~1 min left
  sobol     3918/4001   98%   best Q      0.5098    31.4 min elapsed, ~1 min left
  sobol     3924/4001   98%   best Q      0.5098    31.5 min elapsed, ~1 min left
  sobol     3928/4001   98%   best Q      0.5098    31.5 min elapsed, ~1 min left
  sobol     3931/4001   98%   best Q      0.5098    31.6 min elapsed, ~1 min left
  sobol     3935/4001   98%   best Q      0.5098    31.6 min elapsed, ~1 min left
  sobol     3941/4001   99%   best Q      0.5098    31.6 min elapsed, ~0 min left
  sobol     3946/4001   99%   best Q      0.5098    31.7 min elapsed, ~0 min left
  sobol     3950/4001   99%   best Q      0.5098    31.7 min elapsed, ~0 min left
  sobol     3956/4001   99%   best Q      0.5098    31.8 min elapsed, ~0 min left
  sobol     3960/4001   99%   best Q      0.5098    31.8 min elapsed, ~0 min left
  sobol     3966/4001   99%   best Q      0.5098    31.8 min elapsed, ~0 min left
  sobol     3969/4001   99%   best Q      0.5098    31.9 min elapsed, ~0 min left
  sobol     3974/4001   99%   best Q      0.5098    31.9 min elapsed, ~0 min left
  sobol     3978/4001   99%   best Q      0.5098    31.9 min elapsed, ~0 min left
  sobol     3984/4001  100%   best Q      0.5098    32.0 min elapsed, ~0 min left
  sobol     3990/4001  100%   best Q      0.5098    32.1 min elapsed, ~0 min left
  sobol     3996/4001  100%   best Q      0.5098    32.1 min elapsed, ~0 min left
  sobol     4000/4001  100%   best Q    0.007669    32.1 min elapsed, ~0 min left
  sobol     4001/4001  100%   best Q    0.007669    32.1 min elapsed, ~0 min left
  sobol    complete: 4001 evaluations, best Q 0.007669, 32.1 min
  restart   1/8    eval     1   this Q    0.007669   best Q    0.007669    32.3 min
  restart   1/8    eval     2   this Q    0.007669   best Q    0.007669    32.5 min
  restart   1/8    eval     3   this Q      0.9698   best Q    0.007669    32.6 min
  restart   1/8    eval     4   this Q      0.7506   best Q    0.007669    32.8 min
  restart   1/8    eval     5   this Q       2.667   best Q    0.007669    33.0 min
  restart   1/8    eval     6   this Q       1.668   best Q    0.007669    33.1 min
  restart   1/8    eval     7   this Q      0.3184   best Q    0.007669    33.3 min
  restart   1/8    eval     8   this Q       0.546   best Q    0.007669    33.5 min
  restart   1/8    eval     9   this Q       6.943   best Q    0.007669    33.6 min
  restart   1/8    eval    10   this Q      0.1006   best Q    0.007669    33.8 min
  restart   1/8    eval    11   this Q      0.7292   best Q    0.007669    33.9 min
  restart   1/8    eval    12   this Q       1.046   best Q    0.007669    34.1 min
  restart   1/8    eval    13   this Q      0.6922   best Q    0.007669    34.3 min
  restart   1/8    eval    14   this Q       1.948   best Q    0.007669    34.4 min
  restart   1/8    eval    15   this Q      0.4743   best Q    0.007669    34.6 min
  restart   1/8    eval    16   this Q       2.523   best Q    0.007669    34.7 min
  restart   1/8    eval    17   this Q        0.48   best Q    0.007669    34.9 min
  restart   1/8    eval    18   this Q      0.4176   best Q    0.007669    35.1 min
  restart   1/8    eval    19   this Q      0.4827   best Q    0.007669    35.2 min
  restart   1/8    eval    20   this Q       1.215   best Q    0.007669    35.4 min
  restart   1/8    eval    21   this Q       0.155   best Q    0.007669    35.5 min
  restart   1/8    eval    22   this Q       2.375   best Q    0.007669    35.7 min
  restart   1/8    eval    23   this Q      0.3495   best Q    0.007669    35.9 min
  restart   1/8    eval    24   this Q      0.5303   best Q    0.007669    36.0 min
  restart   1/8    eval    25   this Q      0.2282   best Q    0.007669    36.2 min
  restart   1/8    eval    26   this Q      0.7332   best Q    0.007669    36.4 min
  restart   1/8    eval    27   this Q      0.2218   best Q    0.007669    36.5 min
  restart   1/8    eval    28   this Q      0.2462   best Q    0.007669    36.7 min
  restart   1/8    eval    29   this Q       0.315   best Q    0.007669    36.8 min
  restart   1/8    eval    30   this Q        0.72   best Q    0.007669    37.0 min
  restart   1/8    eval    31   this Q      0.1589   best Q    0.007669    37.2 min
  restart   1/8    eval    32   this Q      0.6158   best Q    0.007669    37.3 min
  restart   1/8    eval    33   this Q      0.1485   best Q    0.007669    37.5 min
  restart   1/8    eval    34   this Q      0.4885   best Q    0.007669    37.6 min
  restart   1/8    eval    35   this Q     0.09169   best Q    0.007669    37.8 min
  restart   1/8    eval    36   this Q      0.4109   best Q    0.007669    38.0 min
  restart   1/8    eval    37   this Q     0.09443   best Q    0.007669    38.1 min
  restart   1/8    eval    38   this Q       0.371   best Q    0.007669    38.3 min
  restart   1/8    eval    39   this Q     0.05195   best Q    0.007669    38.4 min
  restart   1/8    eval    40   this Q      0.1101   best Q    0.007669    38.6 min
  restart   1/8    eval    41   this Q      0.3147   best Q    0.007669    38.8 min
  restart   1/8    eval    42   this Q     0.08837   best Q    0.007669    38.9 min
  restart   1/8    eval    43   this Q      0.1477   best Q    0.007669    39.1 min
  restart   1/8    eval    44   this Q      0.1487   best Q    0.007669    39.2 min
  restart   1/8    eval    45   this Q     0.05392   best Q    0.007669    39.4 min
  restart   1/8    eval    46   this Q      0.2809   best Q    0.007669    39.5 min
  restart   1/8    eval    47   this Q     0.05424   best Q    0.007669    39.7 min
  restart   1/8    eval    48   this Q       0.159   best Q    0.007669    39.9 min
  restart   1/8    eval    49   this Q     0.04432   best Q    0.007669    40.0 min
  restart   1/8    eval    50   this Q     0.08951   best Q    0.007669    40.2 min
  restart   1/8    eval    51   this Q      0.1915   best Q    0.007669    40.3 min
  restart   1/8    eval    52   this Q     0.01889   best Q    0.007669    40.5 min
  restart   1/8    eval    53   this Q     0.06042   best Q    0.007669    40.7 min
  restart   1/8    eval    54   this Q     0.07878   best Q    0.007669    40.8 min
  restart   1/8    eval    55   this Q     0.05978   best Q    0.007669    41.0 min
  restart   1/8    eval    56   this Q      0.1037   best Q    0.007669    41.1 min
  restart   1/8    eval    57   this Q     0.03499   best Q    0.007669    41.3 min
  restart   1/8    eval    58   this Q      0.1045   best Q    0.007669    41.4 min
  restart   1/8    eval    59   this Q     0.02782   best Q    0.007669    41.6 min
  restart   1/8    eval    60   this Q     0.08979   best Q    0.007669    41.8 min
  restart   1/8    eval    61   this Q     0.02197   best Q    0.007669    41.9 min
  restart   1/8    eval    62   this Q     0.06822   best Q    0.007669    42.1 min
  restart   1/8    eval    63   this Q     0.02278   best Q    0.007669    42.2 min
  restart   1/8    eval    64   this Q     0.07959   best Q    0.007669    42.4 min
  restart   1/8    eval    65   this Q     0.02325   best Q    0.007669    42.6 min
  restart   1/8    eval    66   this Q     0.05576   best Q    0.007669    42.7 min
  restart   1/8    eval    67   this Q     0.02287   best Q    0.007669    42.9 min
  restart   1/8    eval    68   this Q     0.07749   best Q    0.007669    43.0 min
  restart   1/8    eval    69   this Q     0.02006   best Q    0.007669    43.2 min
  restart   1/8    eval    70   this Q     0.04706   best Q    0.007669    43.4 min
  restart   1/8    eval    71   this Q     0.01962   best Q    0.007669    43.5 min
  restart   1/8    eval    72   this Q     0.02849   best Q    0.007669    43.7 min
  restart   1/8    eval    73   this Q     0.01437   best Q    0.007669    43.8 min
  restart   1/8    eval    74   this Q     0.02758   best Q    0.007669    44.0 min
  restart   1/8    eval    75   this Q     0.01521   best Q    0.007669    44.1 min
  restart   1/8    eval    76   this Q     0.03653   best Q    0.007669    44.3 min
  restart   1/8    eval    77   this Q     0.01347   best Q    0.007669    44.5 min
  restart   1/8    eval    78   this Q     0.01484   best Q    0.007669    44.6 min
  restart   1/8    eval    79   this Q     0.01783   best Q    0.007669    44.8 min
  restart   1/8    eval    80   this Q     0.02338   best Q    0.007669    44.9 min
  restart   1/8    eval    81   this Q     0.01294   best Q    0.007669    45.1 min
  restart   1/8    eval    82   this Q     0.01657   best Q    0.007669    45.3 min
  restart   1/8    eval    83   this Q     0.01883   best Q    0.007669    45.4 min
  restart   1/8    eval    84   this Q     0.01368   best Q    0.007669    45.6 min
  restart   1/8    eval    85   this Q     0.01994   best Q    0.007669    45.7 min
  restart   1/8    eval    86   this Q     0.01142   best Q    0.007669    45.9 min
  restart   1/8    eval    87   this Q     0.01923   best Q    0.007669    46.1 min
  restart   1/8    eval    88   this Q     0.01115   best Q    0.007669    46.2 min
  restart   1/8    eval    89   this Q     0.01995   best Q    0.007669    46.4 min
  restart   1/8    eval    90   this Q     0.01048   best Q    0.007669    46.5 min
  restart   1/8    eval    91   this Q     0.01783   best Q    0.007669    46.7 min
  restart   1/8    eval    92   this Q     0.01031   best Q    0.007669    46.8 min
  restart   1/8    eval    93   this Q     0.01634   best Q    0.007669    47.0 min
  restart   1/8    eval    94   this Q     0.01031   best Q    0.007669    47.2 min
  restart   1/8    eval    95   this Q     0.01747   best Q    0.007669    47.3 min
  restart   1/8    eval    96   this Q     0.01001   best Q    0.007669    47.5 min
  restart   1/8    eval    97   this Q     0.01614   best Q    0.007669    47.6 min
  restart   1/8    eval    98   this Q      0.0101   best Q    0.007669    47.8 min
  restart   1/8    eval    99   this Q     0.01395   best Q    0.007669    48.0 min
  restart   1/8    eval   100   this Q     0.01017   best Q    0.007669    48.1 min
  restart   1/8    eval   101   this Q    0.008624   best Q    0.007669    48.3 min
  restart   1/8    eval   102   this Q     0.01076   best Q    0.007669    48.4 min
  restart   1/8    eval   103   this Q     0.01091   best Q    0.007669    48.6 min
  restart   1/8    eval   104   this Q    0.009131   best Q    0.007669    48.8 min
  restart   1/8    eval   105   this Q     0.01056   best Q    0.007669    48.9 min
  restart   1/8    eval   106   this Q    0.009028   best Q    0.007669    49.1 min
  restart   1/8    eval   107   this Q     0.01002   best Q    0.007669    49.2 min
  restart   1/8    eval   108   this Q    0.009115   best Q    0.007669    49.4 min
  restart   1/8    eval   109   this Q    0.009366   best Q    0.007669    49.6 min
  restart   1/8    eval   110   this Q    0.008663   best Q    0.007669    49.7 min
  restart   1/8    eval   111   this Q     0.01042   best Q    0.007669    49.9 min
  restart   1/8    eval   112   this Q    0.008594   best Q    0.007669    50.0 min
  restart   1/8    eval   113   this Q    0.009234   best Q    0.007669    50.2 min
  restart   1/8    eval   114   this Q    0.008933   best Q    0.007669    50.4 min
  restart   1/8    eval   115   this Q     0.00948   best Q    0.007669    50.5 min
  restart   1/8    eval   116   this Q    0.008278   best Q    0.007669    50.7 min
  restart   1/8    eval   117   this Q    0.009527   best Q    0.007669    50.8 min
  restart   1/8    eval   118   this Q    0.008214   best Q    0.007669    51.0 min
  restart   1/8    eval   119   this Q    0.009049   best Q    0.007669    51.2 min
  restart   1/8    eval   120   this Q    0.009163   best Q    0.007669    51.3 min
  restart   1/8    eval   121   this Q    0.008211   best Q    0.007669    51.5 min
  restart   1/8    eval   122   this Q    0.009279   best Q    0.007669    51.6 min
  restart   1/8    eval   123   this Q    0.008183   best Q    0.007669    51.8 min
  restart   1/8    eval   124   this Q    0.008993   best Q    0.007669    52.0 min
  restart   1/8    eval   125   this Q    0.008168   best Q    0.007669    52.1 min
  restart   1/8    eval   126   this Q    0.009145   best Q    0.007669    52.3 min
  restart   1/8    eval   127   this Q    0.008144   best Q    0.007669    52.4 min
  restart   1/8    eval   128   this Q    0.009175   best Q    0.007669    52.6 min
  restart   1/8    eval   129   this Q    0.008029   best Q    0.007669    52.8 min
  restart   1/8    eval   130   this Q    0.008417   best Q    0.007669    52.9 min
  restart   1/8    eval   131   this Q    0.007995   best Q    0.007669    53.1 min
  restart   1/8    eval   132   this Q    0.008898   best Q    0.007669    53.2 min
  restart   1/8    eval   133   this Q    0.007926   best Q    0.007669    53.4 min
  restart   1/8    eval   134   this Q    0.008319   best Q    0.007669    53.6 min
  restart   1/8    eval   135   this Q    0.007931   best Q    0.007669    53.7 min
  restart   1/8    eval   136   this Q    0.008425   best Q    0.007669    53.9 min
  restart   1/8    eval   137   this Q      0.0079   best Q    0.007669    54.0 min
  restart   1/8    eval   138   this Q    0.008059   best Q    0.007669    54.2 min
  restart   1/8    eval   139   this Q     0.00813   best Q    0.007669    54.4 min
  restart   1/8    eval   140   this Q    0.007747   best Q    0.007669    54.5 min
  restart   1/8    eval   141   this Q    0.007803   best Q    0.007669    54.7 min
  restart   1/8    eval   142   this Q    0.008033   best Q    0.007669    54.8 min
  restart   1/8    eval   143   this Q    0.008204   best Q    0.007669    55.0 min
  restart   1/8    eval   144   this Q     0.00779   best Q    0.007669    55.2 min
  restart   1/8    eval   145   this Q    0.008065   best Q    0.007669    55.3 min
  restart   1/8    eval   146   this Q    0.007794   best Q    0.007669    55.5 min
  restart   1/8    eval   147   this Q    0.007709   best Q    0.007669    55.6 min
  restart   1/8    eval   148   this Q    0.008427   best Q    0.007669    55.8 min
  restart   1/8    eval   149   this Q    0.007721   best Q    0.007669    56.0 min
  restart   1/8    eval   150   this Q    0.007499   best Q    0.007499    56.1 min
  restart   1/8    eval   151   this Q    0.007408   best Q    0.007408    56.3 min
  restart   1/8    eval   152   this Q    0.007764   best Q    0.007408    56.4 min
  restart   1/8    eval   153   this Q    0.007439   best Q    0.007408    56.6 min
  restart   1/8    eval   154   this Q    0.007533   best Q    0.007408    56.8 min
  restart   1/8    eval   155   this Q    0.007508   best Q    0.007408    56.9 min
  restart   1/8    eval   156   this Q    0.007356   best Q    0.007356    57.1 min
  restart   1/8    eval   157   this Q    0.007384   best Q    0.007356    57.2 min
  restart   1/8    eval   158   this Q    0.007555   best Q    0.007356    57.4 min
  restart   1/8    eval   159   this Q    0.007287   best Q    0.007287    57.6 min
  restart   1/8    eval   160   this Q    0.007335   best Q    0.007287    57.7 min
  restart   1/8    eval   161   this Q    0.007291   best Q    0.007287    57.9 min
  restart   1/8    eval   162   this Q     0.00723   best Q     0.00723    58.0 min
  restart   1/8    eval   163   this Q    0.007399   best Q     0.00723    58.2 min
  restart   1/8    eval   164   this Q    0.007017   best Q    0.007017    58.4 min
  restart   1/8    eval   165   this Q    0.006893   best Q    0.006893    58.5 min
  restart   1/8    eval   166   this Q    0.007332   best Q    0.006893    58.7 min
  restart   1/8    eval   167   this Q    0.007245   best Q    0.006893    58.9 min
  restart   1/8    eval   168   this Q    0.007136   best Q    0.006893    59.0 min
  restart   1/8    eval   169   this Q    0.006966   best Q    0.006893    59.2 min
  restart   1/8    eval   170   this Q    0.006861   best Q    0.006861    59.3 min
  restart   1/8    eval   171   this Q    0.006824   best Q    0.006824    59.5 min
  restart   1/8    eval   172   this Q    0.006657   best Q    0.006657    59.7 min
  restart   1/8    eval   173   this Q    0.006448   best Q    0.006448    59.8 min
  restart   1/8    eval   174   this Q    0.006741   best Q    0.006448    60.0 min
  restart   1/8    eval   175   this Q    0.006878   best Q    0.006448    60.1 min
  restart   1/8    eval   176   this Q    0.006704   best Q    0.006448    60.3 min
  restart   1/8    eval   177   this Q    0.006366   best Q    0.006366    60.5 min
  restart   1/8    eval   178   this Q    0.006265   best Q    0.006265    60.6 min
  restart   1/8    eval   179   this Q     0.00611   best Q     0.00611    60.8 min
  restart   1/8    eval   180   this Q    0.005973   best Q    0.005973    61.0 min
  restart   1/8    eval   181   this Q    0.006126   best Q    0.005973    61.1 min
  restart   1/8    eval   182   this Q    0.005937   best Q    0.005937    61.3 min
  restart   1/8    eval   183   this Q    0.006025   best Q    0.005937    61.5 min
  restart   1/8    eval   184   this Q     0.00587   best Q     0.00587    61.6 min
  restart   1/8    eval   185   this Q    0.005962   best Q     0.00587    61.8 min
  restart   1/8    eval   186   this Q    0.005534   best Q    0.005534    61.9 min
  restart   1/8    eval   187   this Q    0.005272   best Q    0.005272    62.1 min
  restart   1/8    eval   188   this Q    0.005741   best Q    0.005272    62.3 min
  restart   1/8    eval   189   this Q    0.006012   best Q    0.005272    62.4 min
  restart   1/8    eval   190   this Q    0.005576   best Q    0.005272    62.6 min
  restart   1/8    eval   191   this Q    0.004993   best Q    0.004993    62.8 min
  restart   1/8    eval   192   this Q    0.004886   best Q    0.004886    62.9 min
  restart   1/8    eval   193   this Q    0.006048   best Q    0.004886    63.1 min
  restart   1/8    eval   194   this Q    0.004749   best Q    0.004749    63.3 min
  restart   1/8    eval   195   this Q    0.004555   best Q    0.004555    63.4 min
  restart   1/8    eval   196   this Q    0.005649   best Q    0.004555    63.6 min
  restart   1/8    eval   197   this Q    0.005143   best Q    0.004555    63.8 min
  restart   1/8    eval   198   this Q    0.004647   best Q    0.004555    63.9 min
  restart   1/8    eval   199   this Q    0.004242   best Q    0.004242    64.1 min
  restart   1/8    eval   200   this Q    0.004092   best Q    0.004092    64.3 min
  restart   1/8    eval   201   this Q    0.004409   best Q    0.004092    64.4 min
  restart   1/8    eval   202   this Q    0.004344   best Q    0.004092    64.6 min
  restart   1/8    eval   203   this Q     0.00463   best Q    0.004092    64.8 min
  restart   1/8    eval   204   this Q    0.003294   best Q    0.003294    64.9 min
  restart   1/8    eval   205   this Q    0.002682   best Q    0.002682    65.1 min
  restart   1/8    eval   206   this Q    0.006579   best Q    0.002682    65.3 min
  restart   1/8    eval   207   this Q    0.004347   best Q    0.002682    65.4 min
  restart   1/8    eval   208   this Q    0.005678   best Q    0.002682    65.6 min
  restart   1/8    eval   209   this Q      0.0043   best Q    0.002682    65.8 min
  restart   1/8    eval   210   this Q    0.003516   best Q    0.002682    65.9 min
  restart   1/8    eval   211   this Q    0.003481   best Q    0.002682    66.1 min
  restart   1/8    eval   212   this Q    0.003866   best Q    0.002682    66.3 min
  restart   1/8    eval   213   this Q    0.004895   best Q    0.002682    66.4 min
  restart   1/8    eval   214   this Q    0.003737   best Q    0.002682    66.6 min
  restart   1/8    eval   215   this Q    0.003626   best Q    0.002682    66.8 min
  restart   1/8    eval   216   this Q    0.002895   best Q    0.002682    66.9 min
  restart   1/8    eval   217   this Q    0.003153   best Q    0.002682    67.1 min
  restart   1/8    eval   218   this Q    0.004625   best Q    0.002682    67.3 min
  restart   1/8    eval   219   this Q    0.003611   best Q    0.002682    67.4 min
  restart   1/8    eval   220   this Q     0.00302   best Q    0.002682    67.6 min
  restart   1/8    eval   221   this Q    0.004375   best Q    0.002682    67.8 min
  restart   1/8    eval   222   this Q    0.003294   best Q    0.002682    68.0 min
  restart   1/8    eval   223   this Q    0.002958   best Q    0.002682    68.1 min
  restart   1/8    eval   224   this Q     0.00283   best Q    0.002682    68.3 min
  restart   1/8    eval   225   this Q    0.004721   best Q    0.002682    68.5 min
  restart   1/8    eval   226   this Q    0.003127   best Q    0.002682    68.6 min
  restart   1/8    eval   227   this Q    0.003364   best Q    0.002682    68.8 min
  restart   1/8    eval   228   this Q    0.003971   best Q    0.002682    69.0 min
  restart   1/8    eval   229   this Q    0.002868   best Q    0.002682    69.1 min
  restart   1/8    eval   230   this Q    0.003798   best Q    0.002682    69.3 min
  restart   1/8    eval   231   this Q    0.002844   best Q    0.002682    69.5 min
  restart   1/8    eval   232   this Q    0.005563   best Q    0.002682    69.6 min
  restart   1/8    eval   233   this Q    0.002947   best Q    0.002682    69.8 min
  restart   1/8    eval   234   this Q    0.002715   best Q    0.002682    70.0 min
  restart   1/8    eval   235   this Q    0.003675   best Q    0.002682    70.1 min
  restart   1/8    eval   236   this Q    0.002852   best Q    0.002682    70.3 min
  restart   1/8    eval   237   this Q    0.003111   best Q    0.002682    70.5 min
  restart   1/8    eval   238   this Q    0.002753   best Q    0.002682    70.7 min
  restart   1/8    eval   239   this Q    0.003421   best Q    0.002682    70.8 min
  restart   1/8    eval   240   this Q    0.002694   best Q    0.002682    71.0 min
  restart   1/8    eval   241   this Q    0.003329   best Q    0.002682    71.2 min
  restart   1/8    eval   242   this Q    0.002774   best Q    0.002682    71.3 min
  restart   1/8    eval   243   this Q    0.002879   best Q    0.002682    71.5 min
  restart   1/8    eval   244   this Q    0.002715   best Q    0.002682    71.7 min
  restart   1/8    eval   245   this Q    0.002779   best Q    0.002682    71.8 min
  restart   1/8    eval   246   this Q    0.002639   best Q    0.002639    72.0 min
  restart   1/8    eval   247   this Q    0.003964   best Q    0.002639    72.2 min
  restart   1/8    eval   248   this Q    0.002721   best Q    0.002639    72.3 min
  restart   1/8    eval   249   this Q    0.003256   best Q    0.002639    72.5 min
  restart   1/8    eval   250   this Q    0.002631   best Q    0.002631    72.7 min
  restart   1/8    eval   251   this Q    0.002752   best Q    0.002631    72.8 min
  restart   1/8    eval   252   this Q    0.002607   best Q    0.002607    73.0 min
  restart   1/8    eval   253   this Q    0.003237   best Q    0.002607    73.2 min
  restart   1/8    eval   254   this Q    0.002603   best Q    0.002603    73.4 min
  restart   1/8    eval   255   this Q    0.003172   best Q    0.002603    73.5 min
  restart   1/8    eval   256   this Q     0.00271   best Q    0.002603    73.7 min
  restart   1/8    eval   257   this Q    0.002817   best Q    0.002603    73.9 min
  restart   1/8    eval   258   this Q    0.002611   best Q    0.002603    74.0 min
  restart   1/8    eval   259   this Q    0.002865   best Q    0.002603    74.2 min
  restart   1/8    eval   260   this Q    0.002628   best Q    0.002603    74.4 min
  restart   1/8    eval   261   this Q    0.002873   best Q    0.002603    74.5 min
  restart   1/8    eval   262   this Q    0.002596   best Q    0.002596    74.7 min
  restart   1/8    eval   263   this Q    0.002705   best Q    0.002596    74.9 min
  restart   1/8    eval   264   this Q    0.002608   best Q    0.002596    75.0 min
  restart   1/8    eval   265   this Q    0.002858   best Q    0.002596    75.2 min
  restart   1/8    eval   266   this Q    0.002605   best Q    0.002596    75.4 min
  restart   1/8    eval   267   this Q    0.002511   best Q    0.002511    75.6 min
  restart   1/8    eval   268   this Q    0.002505   best Q    0.002505    75.7 min
  restart   1/8    eval   269   this Q    0.002659   best Q    0.002505    75.9 min
  restart   1/8    eval   270   this Q    0.002571   best Q    0.002505    76.1 min
  restart   1/8    eval   271   this Q    0.002635   best Q    0.002505    76.2 min
  restart   1/8    eval   272   this Q    0.002573   best Q    0.002505    76.4 min
  restart   1/8    eval   273   this Q    0.002487   best Q    0.002487    76.6 min
  restart   1/8    eval   274   this Q    0.002591   best Q    0.002487    76.7 min
  restart   1/8    eval   275   this Q    0.002583   best Q    0.002487    76.9 min
  restart   1/8    eval   276   this Q     0.00255   best Q    0.002487    77.1 min
  restart   1/8    eval   277   this Q    0.002576   best Q    0.002487    77.2 min
  restart   1/8    eval   278   this Q    0.002591   best Q    0.002487    77.4 min
  restart   1/8    eval   279   this Q    0.002495   best Q    0.002487    77.6 min
  restart   1/8    eval   280   this Q    0.002672   best Q    0.002487    77.7 min
  restart   1/8    eval   281   this Q    0.002527   best Q    0.002487    77.9 min
  restart   1/8    eval   282   this Q    0.002579   best Q    0.002487    78.1 min
  restart   1/8    eval   283   this Q    0.002535   best Q    0.002487    78.3 min
  restart   1/8    eval   284   this Q    0.002541   best Q    0.002487    78.4 min
  restart   1/8    eval   285   this Q    0.002545   best Q    0.002487    78.6 min
  restart   1/8    eval   286   this Q    0.002476   best Q    0.002476    78.8 min
  restart   1/8    eval   287   this Q    0.002511   best Q    0.002476    78.9 min
  restart   1/8    eval   288   this Q    0.002434   best Q    0.002434    79.1 min
  restart   1/8    eval   289   this Q    0.002405   best Q    0.002405    79.3 min
  restart   1/8    eval   290   this Q    0.002444   best Q    0.002405    79.4 min
  restart   1/8    eval   291   this Q     0.00249   best Q    0.002405    79.6 min
  restart   1/8    eval   292   this Q    0.002467   best Q    0.002405    79.8 min
  restart   1/8    eval   293   this Q    0.002442   best Q    0.002405    79.9 min
  restart   1/8    eval   294   this Q    0.002413   best Q    0.002405    80.1 min
  restart   1/8    eval   295   this Q    0.002402   best Q    0.002402    80.3 min
  restart   1/8    eval   296   this Q    0.002428   best Q    0.002402    80.5 min
  restart   1/8    eval   297   this Q    0.002376   best Q    0.002376    80.6 min
  restart   1/8    eval   298   this Q    0.002382   best Q    0.002376    80.8 min
  restart   1/8    eval   299   this Q    0.002418   best Q    0.002376    81.0 min
  restart   1/8    eval   300   this Q    0.002413   best Q    0.002376    81.1 min
  restart   1/8    eval   301   this Q    0.002388   best Q    0.002376    81.3 min
  restart   1/8    eval   302   this Q    0.002428   best Q    0.002376    81.5 min
  restart   1/8    eval   303   this Q    0.002389   best Q    0.002376    81.7 min
  restart   1/8    eval   304   this Q    0.002385   best Q    0.002376    81.8 min
  restart   1/8    eval   305   this Q    0.002438   best Q    0.002376    82.0 min
  restart   1/8    eval   306   this Q    0.002384   best Q    0.002376    82.2 min
  restart   1/8    eval   307   this Q    0.002467   best Q    0.002376    82.3 min
  restart   1/8    eval   308   this Q    0.002375   best Q    0.002375    82.5 min
  restart   1/8    eval   309   this Q    0.002397   best Q    0.002375    82.7 min
  restart   1/8    eval   310   this Q    0.002381   best Q    0.002375    82.8 min
  restart   1/8    eval   311   this Q    0.002356   best Q    0.002356    83.0 min
  restart   1/8    eval   312   this Q    0.002384   best Q    0.002356    83.2 min
  restart   1/8    eval   313   this Q    0.002357   best Q    0.002356    83.4 min
  restart   1/8    eval   314   this Q    0.002354   best Q    0.002354    83.5 min
  restart   1/8    eval   315   this Q    0.002382   best Q    0.002354    83.7 min
  restart   1/8    eval   316   this Q    0.002398   best Q    0.002354    83.9 min
  restart   1/8    eval   317   this Q    0.002359   best Q    0.002354    84.0 min
  restart   1/8    eval   318   this Q    0.002406   best Q    0.002354    84.2 min
  restart   1/8    eval   319   this Q    0.002367   best Q    0.002354    84.4 min
  restart   1/8    eval   320   this Q    0.002397   best Q    0.002354    84.6 min
  restart   1/8    eval   321   this Q     0.00236   best Q    0.002354    84.7 min
  restart   1/8    eval   322   this Q    0.002349   best Q    0.002349    84.9 min
  restart   1/8    eval   323   this Q    0.002383   best Q    0.002349    85.1 min
  restart   1/8    eval   324   this Q     0.00237   best Q    0.002349    85.2 min
  restart   1/8    eval   325   this Q    0.002347   best Q    0.002347    85.4 min
  restart   1/8    eval   326   this Q    0.002378   best Q    0.002347    85.6 min
  restart   1/8    eval   327   this Q    0.002347   best Q    0.002347    85.8 min
  restart   1/8    eval   328   this Q    0.002402   best Q    0.002347    85.9 min
  restart   1/8    eval   329   this Q    0.002351   best Q    0.002347    86.1 min
  restart   1/8    eval   330   this Q    0.002333   best Q    0.002333    86.3 min
  restart   1/8    eval   331   this Q    0.002346   best Q    0.002333    86.5 min
  restart   1/8    eval   332   this Q    0.002318   best Q    0.002318    86.6 min
  restart   1/8    eval   333   this Q    0.002318   best Q    0.002318    86.8 min
  restart   1/8    eval   334   this Q    0.002324   best Q    0.002318    87.0 min
  restart   1/8    eval   335   this Q    0.002331   best Q    0.002318    87.1 min
  restart   1/8    eval   336   this Q     0.00232   best Q    0.002318    87.3 min
  restart   1/8    eval   337   this Q    0.002367   best Q    0.002318    87.5 min
  restart   1/8    eval   338   this Q    0.002331   best Q    0.002318    87.7 min
  restart   1/8    eval   339   this Q     0.00233   best Q    0.002318    87.8 min
  restart   1/8    eval   340   this Q    0.002334   best Q    0.002318    88.0 min
  restart   1/8    eval   341   this Q    0.002319   best Q    0.002318    88.2 min
  restart   1/8    eval   342   this Q    0.002298   best Q    0.002298    88.3 min
  restart   1/8    eval   343   this Q    0.002299   best Q    0.002298    88.5 min
  restart   1/8    eval   344   this Q    0.002346   best Q    0.002298    88.7 min
  restart   1/8    eval   345   this Q    0.002317   best Q    0.002298    88.8 min
  restart   1/8    eval   346   this Q    0.002311   best Q    0.002298    89.0 min
  restart   1/8    eval   347   this Q    0.002328   best Q    0.002298    89.2 min
  restart   1/8    eval   348   this Q    0.002301   best Q    0.002298    89.4 min
  restart   1/8    eval   349   this Q    0.002309   best Q    0.002298    89.5 min
  restart   1/8    eval   350   this Q    0.002327   best Q    0.002298    89.7 min
  restart   1/8    eval   351   this Q    0.002309   best Q    0.002298    89.9 min
  restart   1/8    eval   352   this Q    0.002321   best Q    0.002298    90.0 min
  restart   1/8    eval   353   this Q    0.002303   best Q    0.002298    90.2 min
  restart   1/8    eval   354   this Q    0.002312   best Q    0.002298    90.4 min
  restart   1/8    eval   355   this Q    0.002293   best Q    0.002293    90.6 min
  restart   1/8    eval   356   this Q    0.002302   best Q    0.002293    90.7 min
  restart   1/8    eval   357   this Q    0.002284   best Q    0.002284    90.9 min
  restart   1/8    eval   358   this Q     0.00228   best Q     0.00228    91.1 min
  restart   1/8    eval   359   this Q    0.002296   best Q     0.00228    91.2 min
  restart   1/8    eval   360   this Q    0.002295   best Q     0.00228    91.4 min
  restart   1/8    eval   361   this Q    0.002285   best Q     0.00228    91.6 min
  restart   1/8    eval   362   this Q    0.002295   best Q     0.00228    91.7 min
  restart   1/8    eval   363   this Q     0.00227   best Q     0.00227    91.9 min
  restart   1/8    eval   364   this Q    0.002276   best Q     0.00227    92.1 min
  restart   1/8    eval   365   this Q    0.002266   best Q    0.002266    92.2 min
  restart   1/8    eval   366   this Q    0.002267   best Q    0.002266    92.4 min
  restart   1/8    eval   367   this Q    0.002281   best Q    0.002266    92.6 min
  restart   1/8    eval   368   this Q    0.002262   best Q    0.002262    92.7 min
  restart   1/8    eval   369   this Q    0.002264   best Q    0.002262    92.9 min
  restart   1/8    eval   370   this Q    0.002296   best Q    0.002262    93.1 min
  restart   1/8    eval   371   this Q    0.002277   best Q    0.002262    93.3 min
  restart   1/8    eval   372   this Q    0.002271   best Q    0.002262    93.4 min
  restart   1/8    eval   373   this Q    0.002254   best Q    0.002254    93.6 min
  restart   1/8    eval   374   this Q    0.002262   best Q    0.002254    93.8 min
  restart   1/8    eval   375   this Q    0.002247   best Q    0.002247    93.9 min
  restart   1/8    eval   376   this Q    0.002254   best Q    0.002247    94.1 min
  restart   1/8    eval   377   this Q    0.002263   best Q    0.002247    94.3 min
  restart   1/8    eval   378   this Q     0.00226   best Q    0.002247    94.4 min
  restart   1/8    eval   379   this Q    0.002249   best Q    0.002247    94.6 min
  restart   1/8    eval   380   this Q    0.002232   best Q    0.002232    94.8 min
  restart   1/8    eval   381   this Q    0.002231   best Q    0.002231    94.9 min
  restart   1/8    eval   382   this Q    0.002248   best Q    0.002231    95.1 min
  restart   1/8    eval   383   this Q    0.002241   best Q    0.002231    95.3 min
  restart   1/8    eval   384   this Q    0.002227   best Q    0.002227    95.5 min
  restart   1/8    eval   385   this Q    0.002222   best Q    0.002222    95.6 min
  restart   1/8    eval   386   this Q    0.002229   best Q    0.002222    95.8 min
  restart   1/8    eval   387   this Q    0.002207   best Q    0.002207    96.0 min
  restart   1/8    eval   388   this Q     0.00219   best Q     0.00219    96.2 min
  restart   1/8    eval   389   this Q    0.002227   best Q     0.00219    96.3 min
  restart   1/8    eval   390   this Q    0.002211   best Q     0.00219    96.5 min
  restart   1/8    eval   391   this Q    0.002209   best Q     0.00219    96.7 min
  restart   1/8    eval   392   this Q     0.00223   best Q     0.00219    96.8 min
  restart   1/8    eval   393   this Q    0.002178   best Q    0.002178    97.0 min
  restart   1/8    eval   394   this Q    0.002158   best Q    0.002158    97.2 min
  restart   1/8    eval   395   this Q    0.002188   best Q    0.002158    97.4 min
  restart   1/8    eval   396   this Q    0.002276   best Q    0.002158    97.5 min
  restart   1/8    eval   397   this Q    0.002205   best Q    0.002158    97.7 min
  restart   1/8    eval   398   this Q    0.002185   best Q    0.002158    97.9 min
  restart   1/8    eval   399   this Q    0.002205   best Q    0.002158    98.1 min
  restart   1/8    eval   400   this Q    0.002193   best Q    0.002158    98.2 min
  restart   1/8    eval   401   this Q    0.002176   best Q    0.002158    98.4 min
  restart   1/8    eval   402   this Q    0.002158   best Q    0.002158    98.5 min
  restart   1/8    eval   403   this Q    0.002156   best Q    0.002156    98.7 min
  restart   1/8    eval   404   this Q    0.002166   best Q    0.002156    98.9 min
  restart   1/8    eval   405   this Q    0.002162   best Q    0.002156    99.0 min
  restart   1/8    eval   406   this Q    0.002186   best Q    0.002156    99.2 min
  restart   1/8    eval   407   this Q    0.002257   best Q    0.002156    99.4 min
  restart   1/8    eval   408   this Q    0.002169   best Q    0.002156    99.5 min
  restart   1/8    eval   409   this Q    0.002183   best Q    0.002156    99.7 min
  restart   1/8    eval   410   this Q    0.002173   best Q    0.002156    99.8 min
  restart   1/8    eval   411   this Q    0.002187   best Q    0.002156   100.0 min
  restart   1/8    eval   412   this Q    0.002164   best Q    0.002156   100.2 min
  restart   1/8    eval   413   this Q      0.0022   best Q    0.002156   100.3 min
  restart   1/8    eval   414   this Q     0.00217   best Q    0.002156   100.5 min
  restart   1/8    eval   415   this Q    0.002173   best Q    0.002156   100.7 min
  restart   1/8    eval   416   this Q    0.002158   best Q    0.002156   100.8 min
  restart   1/8    eval   417   this Q      0.0022   best Q    0.002156   101.0 min
  restart   1/8    eval   418   this Q    0.002164   best Q    0.002156   101.1 min
  restart   1/8    eval   419   this Q    0.002176   best Q    0.002156   101.3 min
  restart   1/8    eval   420   this Q    0.002161   best Q    0.002156   101.5 min
  restart   1/8    eval   421   this Q    0.002165   best Q    0.002156   101.6 min
  restart   1/8    eval   422   this Q    0.002188   best Q    0.002156   101.8 min
  restart   1/8    eval   423   this Q    0.002162   best Q    0.002156   102.0 min
  restart   1/8    eval   424   this Q    0.002159   best Q    0.002156   102.1 min
  restart   1/8    eval   425   this Q    0.002161   best Q    0.002156   102.3 min
  restart   1/8    eval   426   this Q    0.002173   best Q    0.002156   102.4 min
  restart   1/8    eval   427   this Q    0.002157   best Q    0.002156   102.6 min
  restart   1/8    eval   428   this Q    0.002157   best Q    0.002156   102.8 min
  restart   1/8    eval   429   this Q     0.00217   best Q    0.002156   102.9 min
  restart   1/8    eval   430   this Q    0.002159   best Q    0.002156   103.1 min
  restart   1/8    eval   431   this Q    0.002158   best Q    0.002156   103.3 min
  restart   1/8    eval   432   this Q    0.002156   best Q    0.002156   103.4 min
  restart   1/8    eval   433   this Q    0.002156   best Q    0.002156   103.6 min
  restart   1/8    eval   434   this Q     0.00217   best Q    0.002156   103.7 min
  restart   1/8    eval   435   this Q    0.002158   best Q    0.002156   103.9 min
  restart   1/8    eval   436   this Q    0.002159   best Q    0.002156   104.1 min
  restart   1/8    eval   437   this Q    0.002153   best Q    0.002153   104.2 min
  restart   1/8    eval   438   this Q    0.002155   best Q    0.002153   104.4 min
  restart   1/8    eval   439   this Q    0.002154   best Q    0.002153   104.6 min
  restart   1/8    eval   440   this Q    0.002163   best Q    0.002153   104.7 min
  restart   1/8    eval   441   this Q    0.002154   best Q    0.002153   104.9 min
  restart   1/8    eval   442   this Q    0.002161   best Q    0.002153   105.0 min
  restart   1/8    eval   443   this Q    0.002152   best Q    0.002152   105.2 min
  restart   1/8    eval   444   this Q    0.002158   best Q    0.002152   105.4 min
  restart   1/8    eval   445   this Q    0.002154   best Q    0.002152   105.5 min
  restart   1/8    eval   446   this Q    0.002151   best Q    0.002151   105.7 min
  restart   1/8    eval   447   this Q    0.002156   best Q    0.002151   105.9 min
  restart   1/8    eval   448   this Q    0.002162   best Q    0.002151   106.0 min
  restart   1/8    eval   449   this Q    0.002152   best Q    0.002151   106.2 min
  restart   1/8    eval   450   this Q    0.002152   best Q    0.002151   106.3 min
  restart   1/8    eval   451   this Q    0.002159   best Q    0.002151   106.5 min
  restart   1/8    eval   452   this Q    0.002157   best Q    0.002151   106.7 min
  restart   1/8    eval   453   this Q    0.002151   best Q    0.002151   106.8 min
  restart   1/8    eval   454   this Q    0.002152   best Q    0.002151   107.0 min
  restart   1/8    eval   455   this Q    0.002158   best Q    0.002151   107.2 min
  restart   1/8    eval   456   this Q    0.002154   best Q    0.002151   107.3 min
  restart   1/8    eval   457   this Q    0.002157   best Q    0.002151   107.5 min
  restart   1/8    eval   458   this Q    0.002157   best Q    0.002151   107.7 min
  restart   1/8    eval   459   this Q    0.002151   best Q    0.002151   107.8 min
  restart   1/8    eval   460   this Q    0.002155   best Q    0.002151   108.0 min
  restart   1/8    eval   461   this Q    0.002151   best Q    0.002151   108.2 min
  restart   1/8    eval   462   this Q     0.00215   best Q     0.00215   108.3 min
  restart   1/8    eval   463   this Q    0.002156   best Q     0.00215   108.5 min
  restart   1/8    eval   464   this Q    0.002153   best Q     0.00215   108.6 min
  restart   1/8    eval   465   this Q    0.002153   best Q     0.00215   108.8 min
  restart   1/8    eval   466   this Q    0.002153   best Q     0.00215   109.0 min
  restart   1/8    eval   467   this Q    0.002152   best Q     0.00215   109.1 min
  restart   1/8    eval   468   this Q    0.002152   best Q     0.00215   109.3 min
  restart   1/8    eval   469   this Q    0.002157   best Q     0.00215   109.5 min
  restart   1/8    eval   470   this Q    0.002154   best Q     0.00215   109.6 min
  restart   1/8    eval   471   this Q    0.002157   best Q     0.00215   109.8 min
  restart   1/8    eval   472   this Q    0.002149   best Q    0.002149   109.9 min
  restart   1/8    eval   473   this Q    0.002151   best Q    0.002149   110.1 min
  restart   1/8    eval   474   this Q    0.002152   best Q    0.002149   110.3 min
  restart   1/8    eval   475   this Q    0.002153   best Q    0.002149   110.4 min
  restart   1/8    eval   476   this Q    0.002155   best Q    0.002149   110.6 min
  restart   1/8    eval   477   this Q    0.002153   best Q    0.002149   110.8 min
  restart   1/8    eval   478   this Q    0.002151   best Q    0.002149   110.9 min
  restart   1/8    eval   479   this Q    0.002155   best Q    0.002149   111.1 min
  restart   1/8    eval   480   this Q    0.002151   best Q    0.002149   111.2 min
  restart   1/8    eval   481   this Q     0.00215   best Q    0.002149   111.4 min
  restart   1/8    eval   482   this Q    0.002151   best Q    0.002149   111.6 min
  restart   1/8    eval   483   this Q    0.002151   best Q    0.002149   111.7 min
  restart   1/8    eval   484   this Q     0.00215   best Q    0.002149   111.9 min
  restart   1/8    eval   485   this Q    0.002152   best Q    0.002149   112.1 min
  restart   1/8    eval   486   this Q     0.00215   best Q    0.002149   112.2 min
  restart   1/8    eval   487   this Q    0.002152   best Q    0.002149   112.4 min
  restart   1/8    eval   488   this Q    0.002152   best Q    0.002149   112.5 min
  restart   1/8    eval   489   this Q    0.002149   best Q    0.002149   112.7 min
  restart   1/8    eval   490   this Q    0.002153   best Q    0.002149   112.9 min
  restart   1/8    eval   491   this Q     0.00215   best Q    0.002149   113.0 min
  restart   1/8    eval   492   this Q     0.00215   best Q    0.002149   113.2 min
  restart   1/8    eval   493   this Q    0.002151   best Q    0.002149   113.4 min
  restart   1/8    eval   494   this Q    0.002153   best Q    0.002149   113.5 min
  restart   1/8    eval   495   this Q    0.002151   best Q    0.002149   113.7 min
  restart   1/8    eval   496   this Q     0.00215   best Q    0.002149   113.8 min
  restart   1/8    eval   497   this Q     0.00215   best Q    0.002149   114.0 min
  restart   1/8    eval   498   this Q    0.002157   best Q    0.002149   114.2 min
  restart   1/8    eval   499   this Q    0.002151   best Q    0.002149   114.3 min
  restart   1/8    eval   500   this Q    0.002152   best Q    0.002149   114.5 min
  restart   1/8    eval   501   this Q    0.002152   best Q    0.002149   114.7 min
  restart   1/8    eval   502   this Q    0.002157   best Q    0.002149   114.8 min
  restart   1/8    eval   503   this Q     0.00215   best Q    0.002149   115.0 min
  restart   1/8   DONE   this    0.002149   best Q    0.002149   115.0 min, ~805 min left
  restart   2/8    eval     1   this Q      0.1594   best Q    0.002149   115.2 min
  restart   2/8    eval     2   this Q      0.1594   best Q    0.002149   115.3 min
  restart   2/8    eval     3   this Q       1.335   best Q    0.002149   115.5 min
  restart   2/8    eval     4   this Q      0.4241   best Q    0.002149   115.6 min
  restart   2/8    eval     5   this Q       0.597   best Q    0.002149   115.8 min
  restart   2/8    eval     6   this Q       1.962   best Q    0.002149   115.9 min
  restart   2/8    eval     7   this Q       1.098   best Q    0.002149   116.1 min
  restart   2/8    eval     8   this Q      0.9426   best Q    0.002149   116.3 min
  restart   2/8    eval     9   this Q     0.07227   best Q    0.002149   116.4 min
  restart   2/8    eval    10   this Q      0.6244   best Q    0.002149   116.6 min
  restart   2/8    eval    11   this Q      0.8309   best Q    0.002149   116.7 min
  restart   2/8    eval    12   this Q       2.551   best Q    0.002149   116.9 min
  restart   2/8    eval    13   this Q      0.5307   best Q    0.002149   117.0 min
  restart   2/8    eval    14   this Q      0.8013   best Q    0.002149   117.2 min
  restart   2/8    eval    15   this Q       1.688   best Q    0.002149   117.4 min
  restart   2/8    eval    16   this Q      0.4343   best Q    0.002149   117.5 min
  restart   2/8    eval    17   this Q       1.575   best Q    0.002149   117.7 min
  restart   2/8    eval    18   this Q      0.3399   best Q    0.002149   117.9 min
  restart   2/8    eval    19   this Q       1.373   best Q    0.002149   118.0 min
  restart   2/8    eval    20   this Q      0.1766   best Q    0.002149   118.2 min
  restart   2/8    eval    21   this Q       1.133   best Q    0.002149   118.3 min
  restart   2/8    eval    22   this Q      0.3397   best Q    0.002149   118.5 min
  restart   2/8    eval    23   this Q      0.6713   best Q    0.002149   118.7 min
  restart   2/8    eval    24   this Q       0.161   best Q    0.002149   118.8 min
  restart   2/8    eval    25   this Q      0.1819   best Q    0.002149   119.0 min
  restart   2/8    eval    26   this Q      0.5567   best Q    0.002149   119.1 min
  restart   2/8    eval    27   this Q      0.2086   best Q    0.002149   119.3 min
  restart   2/8    eval    28   this Q      0.1961   best Q    0.002149   119.4 min
  restart   2/8    eval    29   this Q      0.2446   best Q    0.002149   119.6 min
  restart   2/8    eval    30   this Q      0.3156   best Q    0.002149   119.7 min
  restart   2/8    eval    31   this Q      0.3195   best Q    0.002149   119.9 min
  restart   2/8    eval    32   this Q      0.0969   best Q    0.002149   120.1 min
  restart   2/8    eval    33   this Q       0.262   best Q    0.002149   120.2 min
  restart   2/8    eval    34   this Q      0.0882   best Q    0.002149   120.4 min
  restart   2/8    eval    35   this Q      0.3101   best Q    0.002149   120.5 min
  restart   2/8    eval    36   this Q     0.06646   best Q    0.002149   120.7 min
  restart   2/8    eval    37   this Q      0.1705   best Q    0.002149   120.8 min
  restart   2/8    eval    38   this Q      0.1969   best Q    0.002149   121.0 min
  restart   2/8    eval    39   this Q     0.06108   best Q    0.002149   121.1 min
  restart   2/8    eval    40   this Q      0.7181   best Q    0.002149   121.3 min
  restart   2/8    eval    41   this Q     0.06682   best Q    0.002149   121.4 min
  restart   2/8    eval    42   this Q     0.08355   best Q    0.002149   121.6 min
  restart   2/8    eval    43   this Q       0.212   best Q    0.002149   121.8 min
  restart   2/8    eval    44   this Q     0.05393   best Q    0.002149   121.9 min
  restart   2/8    eval    45   this Q      0.1799   best Q    0.002149   122.1 min
  restart   2/8    eval    46   this Q     0.04513   best Q    0.002149   122.2 min
  restart   2/8    eval    47   this Q      0.2021   best Q    0.002149   122.4 min
  restart   2/8    eval    48   this Q     0.06318   best Q    0.002149   122.5 min
  restart   2/8    eval    49   this Q      0.1067   best Q    0.002149   122.7 min
  restart   2/8    eval    50   this Q     0.03885   best Q    0.002149   122.8 min
  restart   2/8    eval    51   this Q     0.06016   best Q    0.002149   123.0 min
  restart   2/8    eval    52   this Q      0.1985   best Q    0.002149   123.1 min
  restart   2/8    eval    53   this Q     0.02583   best Q    0.002149   123.3 min
  restart   2/8    eval    54   this Q     0.08972   best Q    0.002149   123.4 min
  restart   2/8    eval    55   this Q      0.0283   best Q    0.002149   123.6 min
  restart   2/8    eval    56   this Q      0.1413   best Q    0.002149   123.8 min
  restart   2/8    eval    57   this Q     0.02876   best Q    0.002149   123.9 min
  restart   2/8    eval    58   this Q     0.06818   best Q    0.002149   124.1 min
  restart   2/8    eval    59   this Q     0.03189   best Q    0.002149   124.2 min
  restart   2/8    eval    60   this Q      0.1155   best Q    0.002149   124.4 min
  restart   2/8    eval    61   this Q     0.02825   best Q    0.002149   124.5 min
  restart   2/8    eval    62   this Q     0.05484   best Q    0.002149   124.7 min
  restart   2/8    eval    63   this Q     0.08667   best Q    0.002149   124.8 min
  restart   2/8    eval    64   this Q     0.02669   best Q    0.002149   125.0 min
  restart   2/8    eval    65   this Q     0.05568   best Q    0.002149   125.1 min
  restart   2/8    eval    66   this Q       0.029   best Q    0.002149   125.3 min
  restart   2/8    eval    67   this Q      0.0337   best Q    0.002149   125.4 min
  restart   2/8    eval    68   this Q     0.04774   best Q    0.002149   125.6 min
  restart   2/8    eval    69   this Q     0.02381   best Q    0.002149   125.8 min
  restart   2/8    eval    70   this Q     0.02875   best Q    0.002149   125.9 min
  restart   2/8    eval    71   this Q     0.04789   best Q    0.002149   126.1 min
  restart   2/8    eval    72   this Q     0.01964   best Q    0.002149   126.2 min
  restart   2/8    eval    73   this Q     0.02455   best Q    0.002149   126.4 min
  restart   2/8    eval    74   this Q      0.0212   best Q    0.002149   126.5 min
  restart   2/8    eval    75   this Q     0.03515   best Q    0.002149   126.7 min
  restart   2/8    eval    76   this Q     0.01835   best Q    0.002149   126.8 min
  restart   2/8    eval    77   this Q     0.03091   best Q    0.002149   127.0 min
  restart   2/8    eval    78   this Q      0.0184   best Q    0.002149   127.1 min
  restart   2/8    eval    79   this Q     0.03124   best Q    0.002149   127.3 min
  restart   2/8    eval    80   this Q     0.01786   best Q    0.002149   127.4 min
  restart   2/8    eval    81   this Q     0.02054   best Q    0.002149   127.6 min
  restart   2/8    eval    82   this Q     0.04562   best Q    0.002149   127.8 min
  restart   2/8    eval    83   this Q      0.0157   best Q    0.002149   127.9 min
  restart   2/8    eval    84   this Q     0.03694   best Q    0.002149   128.1 min
  restart   2/8    eval    85   this Q     0.01657   best Q    0.002149   128.2 min
  restart   2/8    eval    86   this Q     0.02965   best Q    0.002149   128.4 min
  restart   2/8    eval    87   this Q     0.01693   best Q    0.002149   128.5 min
  restart   2/8    eval    88   this Q     0.01415   best Q    0.002149   128.7 min
  restart   2/8    eval    89   this Q     0.02332   best Q    0.002149   128.8 min
  restart   2/8    eval    90   this Q     0.02052   best Q    0.002149   129.0 min
  restart   2/8    eval    91   this Q      0.0279   best Q    0.002149   129.1 min
  restart   2/8    eval    92   this Q     0.01464   best Q    0.002149   129.3 min
  restart   2/8    eval    93   this Q     0.02073   best Q    0.002149   129.4 min
  restart   2/8    eval    94   this Q     0.01557   best Q    0.002149   129.6 min
  restart   2/8    eval    95   this Q     0.01875   best Q    0.002149   129.7 min
  restart   2/8    eval    96   this Q     0.01491   best Q    0.002149   129.9 min
  restart   2/8    eval    97   this Q     0.01499   best Q    0.002149   130.1 min
  restart   2/8    eval    98   this Q     0.01701   best Q    0.002149   130.2 min
  restart   2/8    eval    99   this Q      0.0169   best Q    0.002149   130.4 min
  restart   2/8    eval   100   this Q     0.01834   best Q    0.002149   130.5 min
  restart   2/8    eval   101   this Q       0.014   best Q    0.002149   130.7 min
  restart   2/8    eval   102   this Q     0.01442   best Q    0.002149   130.8 min
  restart   2/8    eval   103   this Q     0.01681   best Q    0.002149   131.0 min
  restart   2/8    eval   104   this Q     0.01392   best Q    0.002149   131.1 min
  restart   2/8    eval   105   this Q     0.01568   best Q    0.002149   131.3 min
  restart   2/8    eval   106   this Q     0.01421   best Q    0.002149   131.4 min
  restart   2/8    eval   107   this Q     0.01774   best Q    0.002149   131.6 min
  restart   2/8    eval   108   this Q      0.0132   best Q    0.002149   131.8 min
  restart   2/8    eval   109   this Q     0.01493   best Q    0.002149   131.9 min
  restart   2/8    eval   110   this Q     0.01659   best Q    0.002149   132.1 min
  restart   2/8    eval   111   this Q     0.01308   best Q    0.002149   132.2 min
  restart   2/8    eval   112   this Q      0.0157   best Q    0.002149   132.4 min
  restart   2/8    eval   113   this Q     0.01311   best Q    0.002149   132.5 min
  restart   2/8    eval   114   this Q     0.01285   best Q    0.002149   132.7 min
  restart   2/8    eval   115   this Q     0.01576   best Q    0.002149   132.8 min
  restart   2/8    eval   116   this Q     0.01391   best Q    0.002149   133.0 min
  restart   2/8    eval   117   this Q     0.01477   best Q    0.002149   133.1 min
  restart   2/8    eval   118   this Q     0.01285   best Q    0.002149   133.3 min
  restart   2/8    eval   119   this Q     0.01375   best Q    0.002149   133.4 min
  restart   2/8    eval   120   this Q     0.01736   best Q    0.002149   133.6 min
  restart   2/8    eval   121   this Q     0.01251   best Q    0.002149   133.7 min
  restart   2/8    eval   122   this Q     0.01342   best Q    0.002149   133.9 min
  restart   2/8    eval   123   this Q     0.01547   best Q    0.002149   134.1 min
  restart   2/8    eval   124   this Q      0.0126   best Q    0.002149   134.2 min
  restart   2/8    eval   125   this Q     0.01418   best Q    0.002149   134.4 min
  restart   2/8    eval   126   this Q     0.01272   best Q    0.002149   134.5 min
  restart   2/8    eval   127   this Q     0.01325   best Q    0.002149   134.7 min
  restart   2/8    eval   128   this Q     0.01436   best Q    0.002149   134.8 min
  restart   2/8    eval   129   this Q     0.01249   best Q    0.002149   135.0 min
  restart   2/8    eval   130   this Q     0.01363   best Q    0.002149   135.1 min
  restart   2/8    eval   131   this Q     0.01251   best Q    0.002149   135.3 min
  restart   2/8    eval   132   this Q     0.01311   best Q    0.002149   135.4 min
  restart   2/8    eval   133   this Q      0.0125   best Q    0.002149   135.6 min
  restart   2/8    eval   134   this Q     0.01274   best Q    0.002149   135.7 min
  restart   2/8    eval   135   this Q     0.01253   best Q    0.002149   135.9 min
  restart   2/8    eval   136   this Q     0.01343   best Q    0.002149   136.1 min
  restart   2/8    eval   137   this Q      0.0123   best Q    0.002149   136.2 min
  restart   2/8    eval   138   this Q     0.01224   best Q    0.002149   136.4 min
  restart   2/8    eval   139   this Q     0.01301   best Q    0.002149   136.5 min
  restart   2/8    eval   140   this Q      0.0128   best Q    0.002149   136.7 min
  restart   2/8    eval   141   this Q      0.0123   best Q    0.002149   136.8 min
  restart   2/8    eval   142   this Q     0.01223   best Q    0.002149   137.0 min
  restart   2/8    eval   143   this Q     0.01305   best Q    0.002149   137.1 min
  restart   2/8    eval   144   this Q     0.01382   best Q    0.002149   137.3 min
  restart   2/8    eval   145   this Q     0.01211   best Q    0.002149   137.4 min
  restart   2/8    eval   146   this Q     0.01306   best Q    0.002149   137.6 min
  restart   2/8    eval   147   this Q     0.01217   best Q    0.002149   137.7 min
  restart   2/8    eval   148   this Q     0.01219   best Q    0.002149   137.9 min
  restart   2/8    eval   149   this Q     0.01228   best Q    0.002149   138.0 min
  restart   2/8    eval   150   this Q     0.01189   best Q    0.002149   138.2 min
  restart   2/8    eval   151   this Q       0.012   best Q    0.002149   138.4 min
  restart   2/8    eval   152   this Q     0.01238   best Q    0.002149   138.5 min
  restart   2/8    eval   153   this Q     0.01209   best Q    0.002149   138.7 min
  restart   2/8    eval   154   this Q     0.01208   best Q    0.002149   138.8 min
  restart   2/8    eval   155   this Q     0.01186   best Q    0.002149   139.0 min
  restart   2/8    eval   156   this Q     0.01196   best Q    0.002149   139.1 min
  restart   2/8    eval   157   this Q     0.01211   best Q    0.002149   139.3 min
  restart   2/8    eval   158   this Q     0.01256   best Q    0.002149   139.4 min
  restart   2/8    eval   159   this Q     0.01198   best Q    0.002149   139.6 min
  restart   2/8    eval   160   this Q      0.0119   best Q    0.002149   139.7 min
  restart   2/8    eval   161   this Q     0.01186   best Q    0.002149   139.9 min
  restart   2/8    eval   162   this Q     0.01213   best Q    0.002149   140.0 min
  restart   2/8    eval   163   this Q     0.01192   best Q    0.002149   140.2 min
  restart   2/8    eval   164   this Q     0.01206   best Q    0.002149   140.4 min
  restart   2/8    eval   165   this Q     0.01187   best Q    0.002149   140.5 min
  restart   2/8    eval   166   this Q     0.01187   best Q    0.002149   140.7 min
  restart   2/8    eval   167   this Q     0.01183   best Q    0.002149   140.8 min
  restart   2/8    eval   168   this Q     0.01224   best Q    0.002149   141.0 min
  restart   2/8    eval   169   this Q      0.0118   best Q    0.002149   141.1 min
  restart   2/8    eval   170   this Q     0.01222   best Q    0.002149   141.3 min
  restart   2/8    eval   171   this Q     0.01168   best Q    0.002149   141.4 min
  restart   2/8    eval   172   this Q     0.01187   best Q    0.002149   141.6 min
  restart   2/8    eval   173   this Q     0.01175   best Q    0.002149   141.7 min
  restart   2/8    eval   174   this Q     0.01188   best Q    0.002149   141.9 min
  restart   2/8    eval   175   this Q     0.01176   best Q    0.002149   142.0 min
  restart   2/8    eval   176   this Q     0.01178   best Q    0.002149   142.2 min
  restart   2/8    eval   177   this Q     0.01176   best Q    0.002149   142.3 min
  restart   2/8    eval   178   this Q     0.01194   best Q    0.002149   142.5 min
  restart   2/8    eval   179   this Q     0.01169   best Q    0.002149   142.7 min
  restart   2/8    eval   180   this Q     0.01149   best Q    0.002149   142.8 min
  restart   2/8    eval   181   this Q     0.01142   best Q    0.002149   143.0 min
  restart   2/8    eval   182   this Q      0.0116   best Q    0.002149   143.1 min
  restart   2/8    eval   183   this Q     0.01163   best Q    0.002149   143.3 min
  restart   2/8    eval   184   this Q     0.01163   best Q    0.002149   143.4 min
  restart   2/8    eval   185   this Q      0.0115   best Q    0.002149   143.6 min
  restart   2/8    eval   186   this Q     0.01154   best Q    0.002149   143.7 min
  restart   2/8    eval   187   this Q     0.01172   best Q    0.002149   143.9 min
  restart   2/8    eval   188   this Q     0.01128   best Q    0.002149   144.0 min
  restart   2/8    eval   189   this Q     0.01121   best Q    0.002149   144.2 min
  restart   2/8    eval   190   this Q     0.01169   best Q    0.002149   144.3 min
  restart   2/8    eval   191   this Q     0.01114   best Q    0.002149   144.5 min
  restart   2/8    eval   192   this Q     0.01098   best Q    0.002149   144.7 min
  restart   2/8    eval   193   this Q     0.01152   best Q    0.002149   144.8 min
  restart   2/8    eval   194   this Q     0.01117   best Q    0.002149   145.0 min
  restart   2/8    eval   195   this Q     0.01123   best Q    0.002149   145.1 min
  restart   2/8    eval   196   this Q     0.01105   best Q    0.002149   145.3 min
  restart   2/8    eval   197   this Q     0.01097   best Q    0.002149   145.4 min
  restart   2/8    eval   198   this Q     0.01112   best Q    0.002149   145.6 min
  restart   2/8    eval   199   this Q     0.01081   best Q    0.002149   145.7 min
  restart   2/8    eval   200   this Q     0.01077   best Q    0.002149   145.9 min
  restart   2/8    eval   201   this Q     0.01114   best Q    0.002149   146.0 min
  restart   2/8    eval   202   this Q     0.01066   best Q    0.002149   146.2 min
  restart   2/8    eval   203   this Q     0.01075   best Q    0.002149   146.3 min
  restart   2/8    eval   204   this Q     0.01047   best Q    0.002149   146.5 min
  restart   2/8    eval   205   this Q      0.0104   best Q    0.002149   146.7 min
  restart   2/8    eval   206   this Q     0.01109   best Q    0.002149   146.8 min
  restart   2/8    eval   207   this Q     0.01058   best Q    0.002149   147.0 min
  restart   2/8    eval   208   this Q     0.01082   best Q    0.002149   147.1 min
  restart   2/8    eval   209   this Q     0.01054   best Q    0.002149   147.3 min
  restart   2/8    eval   210   this Q     0.01079   best Q    0.002149   147.4 min
  restart   2/8    eval   211   this Q      0.0101   best Q    0.002149   147.6 min
  restart   2/8    eval   212   this Q    0.009882   best Q    0.002149   147.7 min
  restart   2/8    eval   213   this Q    0.009926   best Q    0.002149   147.9 min
  restart   2/8    eval   214   this Q     0.00978   best Q    0.002149   148.0 min
  restart   2/8    eval   215   this Q    0.009624   best Q    0.002149   148.2 min
  restart   2/8    eval   216   this Q      0.0101   best Q    0.002149   148.4 min
  restart   2/8    eval   217   this Q     0.00988   best Q    0.002149   148.5 min
  restart   2/8    eval   218   this Q    0.009852   best Q    0.002149   148.7 min
  restart   2/8    eval   219   this Q    0.009275   best Q    0.002149   148.8 min
  restart   2/8    eval   220   this Q    0.009124   best Q    0.002149   149.0 min
  restart   2/8    eval   221   this Q    0.009542   best Q    0.002149   149.1 min
  restart   2/8    eval   222   this Q    0.008789   best Q    0.002149   149.3 min
  restart   2/8    eval   223   this Q    0.008543   best Q    0.002149   149.4 min
  restart   2/8    eval   224   this Q    0.009758   best Q    0.002149   149.6 min
  restart   2/8    eval   225   this Q     0.01005   best Q    0.002149   149.7 min
  restart   2/8    eval   226   this Q    0.009409   best Q    0.002149   149.9 min
  restart   2/8    eval   227   this Q    0.009121   best Q    0.002149   150.1 min
  restart   2/8    eval   228   this Q    0.008777   best Q    0.002149   150.2 min
  restart   2/8    eval   229   this Q    0.009946   best Q    0.002149   150.4 min
  restart   2/8    eval   230   this Q    0.009227   best Q    0.002149   150.5 min
  restart   2/8    eval   231   this Q    0.009383   best Q    0.002149   150.7 min
  restart   2/8    eval   232   this Q    0.009224   best Q    0.002149   150.8 min
  restart   2/8    eval   233   this Q    0.009128   best Q    0.002149   151.0 min
  restart   2/8    eval   234   this Q    0.009093   best Q    0.002149   151.1 min
  restart   2/8    eval   235   this Q    0.008352   best Q    0.002149   151.3 min
  restart   2/8    eval   236   this Q    0.008147   best Q    0.002149   151.5 min
  restart   2/8    eval   237   this Q    0.008887   best Q    0.002149   151.6 min
  restart   2/8    eval   238   this Q    0.009219   best Q    0.002149   151.8 min
  restart   2/8    eval   239   this Q    0.008892   best Q    0.002149   151.9 min
  restart   2/8    eval   240   this Q    0.009122   best Q    0.002149   152.1 min
  restart   2/8    eval   241   this Q    0.008733   best Q    0.002149   152.2 min
  restart   2/8    eval   242   this Q     0.00852   best Q    0.002149   152.4 min
  restart   2/8    eval   243   this Q    0.008961   best Q    0.002149   152.5 min
  restart   2/8    eval   244   this Q    0.008114   best Q    0.002149   152.7 min
  restart   2/8    eval   245   this Q    0.008262   best Q    0.002149   152.9 min
  restart   2/8    eval   246   this Q    0.008115   best Q    0.002149   153.0 min
  restart   2/8    eval   247   this Q    0.008503   best Q    0.002149   153.2 min
  restart   2/8    eval   248   this Q     0.00854   best Q    0.002149   153.3 min
  restart   2/8    eval   249   this Q    0.008641   best Q    0.002149   153.5 min
  restart   2/8    eval   250   this Q    0.007952   best Q    0.002149   153.6 min
  restart   2/8    eval   251   this Q    0.008288   best Q    0.002149   153.8 min
  restart   2/8    eval   252   this Q    0.007785   best Q    0.002149   153.9 min
  restart   2/8    eval   253   this Q    0.008086   best Q    0.002149   154.1 min
  restart   2/8    eval   254   this Q    0.008439   best Q    0.002149   154.3 min
  restart   2/8    eval   255   this Q    0.007431   best Q    0.002149   154.4 min
  restart   2/8    eval   256   this Q    0.007144   best Q    0.002149   154.6 min
  restart   2/8    eval   257   this Q    0.008295   best Q    0.002149   154.7 min
  restart   2/8    eval   258   this Q    0.007753   best Q    0.002149   154.9 min
  restart   2/8    eval   259   this Q    0.008539   best Q    0.002149   155.0 min
  restart   2/8    eval   260   this Q    0.007878   best Q    0.002149   155.2 min
  restart   2/8    eval   261   this Q    0.008107   best Q    0.002149   155.4 min
  restart   2/8    eval   262   this Q    0.007838   best Q    0.002149   155.5 min
  restart   2/8    eval   263   this Q    0.007373   best Q    0.002149   155.7 min
  restart   2/8    eval   264   this Q    0.007517   best Q    0.002149   155.8 min
  restart   2/8    eval   265   this Q    0.007201   best Q    0.002149   156.0 min
  restart   2/8    eval   266   this Q    0.008323   best Q    0.002149   156.1 min
  restart   2/8    eval   267   this Q    0.007525   best Q    0.002149   156.3 min
  restart   2/8    eval   268   this Q    0.007192   best Q    0.002149   156.4 min
  restart   2/8    eval   269   this Q    0.007039   best Q    0.002149   156.6 min
  restart   2/8    eval   270   this Q     0.00724   best Q    0.002149   156.7 min
  restart   2/8    eval   271   this Q    0.007283   best Q    0.002149   156.9 min
  restart   2/8    eval   272   this Q    0.007001   best Q    0.002149   157.1 min
  restart   2/8    eval   273   this Q    0.007449   best Q    0.002149   157.2 min
  restart   2/8    eval   274   this Q    0.006965   best Q    0.002149   157.4 min
  restart   2/8    eval   275   this Q    0.007552   best Q    0.002149   157.5 min
  restart   2/8    eval   276   this Q    0.006785   best Q    0.002149   157.7 min
  restart   2/8    eval   277   this Q     0.00701   best Q    0.002149   157.8 min
  restart   2/8    eval   278   this Q    0.007128   best Q    0.002149   158.0 min
  restart   2/8    eval   279   this Q     0.00693   best Q    0.002149   158.1 min
  restart   2/8    eval   280   this Q     0.00723   best Q    0.002149   158.3 min
  restart   2/8    eval   281   this Q     0.00693   best Q    0.002149   158.5 min
  restart   2/8    eval   282   this Q    0.006964   best Q    0.002149   158.6 min
  restart   2/8    eval   283   this Q    0.006931   best Q    0.002149   158.8 min
  restart   2/8    eval   284   this Q    0.006626   best Q    0.002149   158.9 min
  restart   2/8    eval   285   this Q    0.006747   best Q    0.002149   159.1 min
  restart   2/8    eval   286   this Q    0.006925   best Q    0.002149   159.2 min
  restart   2/8    eval   287   this Q    0.006669   best Q    0.002149   159.4 min
  restart   2/8    eval   288   this Q    0.006667   best Q    0.002149   159.6 min
  restart   2/8    eval   289   this Q    0.007176   best Q    0.002149   159.7 min
  restart   2/8    eval   290   this Q      0.0067   best Q    0.002149   159.9 min
  restart   2/8    eval   291   this Q     0.00674   best Q    0.002149   160.0 min
  restart   2/8    eval   292   this Q    0.006643   best Q    0.002149   160.2 min
  restart   2/8    eval   293   this Q    0.006856   best Q    0.002149   160.3 min
  restart   2/8    eval   294   this Q    0.006669   best Q    0.002149   160.5 min
  restart   2/8    eval   295   this Q    0.006562   best Q    0.002149   160.6 min
  restart   2/8    eval   296   this Q    0.006994   best Q    0.002149   160.8 min
  restart   2/8    eval   297   this Q    0.006786   best Q    0.002149   160.9 min
  restart   2/8    eval   298   this Q    0.006571   best Q    0.002149   161.1 min
  restart   2/8    eval   299   this Q     0.00662   best Q    0.002149   161.3 min
  restart   2/8    eval   300   this Q    0.006656   best Q    0.002149   161.4 min
  restart   2/8    eval   301   this Q    0.006473   best Q    0.002149   161.6 min
  restart   2/8    eval   302   this Q    0.006678   best Q    0.002149   161.7 min
  restart   2/8    eval   303   this Q    0.006538   best Q    0.002149   161.9 min
  restart   2/8    eval   304   this Q    0.006841   best Q    0.002149   162.0 min
  restart   2/8    eval   305   this Q    0.006489   best Q    0.002149   162.2 min
  restart   2/8    eval   306   this Q    0.006558   best Q    0.002149   162.4 min
  restart   2/8    eval   307   this Q    0.006671   best Q    0.002149   162.5 min
  restart   2/8    eval   308   this Q    0.006497   best Q    0.002149   162.7 min
  restart   2/8    eval   309   this Q    0.006699   best Q    0.002149   162.8 min
  restart   2/8    eval   310   this Q    0.006489   best Q    0.002149   163.0 min
  restart   2/8    eval   311   this Q    0.006377   best Q    0.002149   163.1 min
  restart   2/8    eval   312   this Q    0.006465   best Q    0.002149   163.3 min
  restart   2/8    eval   313   this Q     0.00663   best Q    0.002149   163.4 min
  restart   2/8    eval   314   this Q     0.00647   best Q    0.002149   163.6 min
  restart   2/8    eval   315   this Q    0.006317   best Q    0.002149   163.7 min
  restart   2/8    eval   316   this Q    0.006318   best Q    0.002149   163.9 min
  restart   2/8    eval   317   this Q    0.006804   best Q    0.002149   164.1 min
  restart   2/8    eval   318   this Q    0.006413   best Q    0.002149   164.2 min
  restart   2/8    eval   319   this Q    0.006564   best Q    0.002149   164.4 min
  restart   2/8    eval   320   this Q    0.006437   best Q    0.002149   164.5 min
  restart   2/8    eval   321   this Q    0.006567   best Q    0.002149   164.7 min
  restart   2/8    eval   322   this Q    0.006426   best Q    0.002149   164.8 min
  restart   2/8    eval   323   this Q    0.006359   best Q    0.002149   165.0 min
  restart   2/8    eval   324   this Q    0.006366   best Q    0.002149   165.2 min
  restart   2/8    eval   325   this Q    0.006375   best Q    0.002149   165.3 min
  restart   2/8    eval   326   this Q    0.006386   best Q    0.002149   165.5 min
  restart   2/8    eval   327   this Q    0.006279   best Q    0.002149   165.6 min
  restart   2/8    eval   328   this Q    0.006286   best Q    0.002149   165.8 min
  restart   2/8    eval   329   this Q    0.006294   best Q    0.002149   165.9 min
  restart   2/8    eval   330   this Q    0.006304   best Q    0.002149   166.1 min
  restart   2/8    eval   331   this Q    0.006315   best Q    0.002149   166.2 min
  restart   2/8    eval   332   this Q    0.006326   best Q    0.002149   166.4 min
  restart   2/8    eval   333   this Q    0.006337   best Q    0.002149   166.5 min
  restart   2/8    eval   334   this Q    0.006291   best Q    0.002149   166.7 min
  restart   2/8    eval   335   this Q    0.006284   best Q    0.002149   166.9 min
  restart   2/8    eval   336   this Q    0.006265   best Q    0.002149   167.0 min
  restart   2/8    eval   337   this Q    0.006363   best Q    0.002149   167.2 min
  restart   2/8    eval   338   this Q    0.006319   best Q    0.002149   167.3 min
  restart   2/8    eval   339   this Q    0.006347   best Q    0.002149   167.5 min
  restart   2/8    eval   340   this Q    0.006273   best Q    0.002149   167.6 min
  restart   2/8    eval   341   this Q    0.006332   best Q    0.002149   167.8 min
  restart   2/8    eval   342   this Q    0.006269   best Q    0.002149   167.9 min
  restart   2/8    eval   343   this Q    0.006206   best Q    0.002149   168.1 min
  restart   2/8    eval   344   this Q    0.006196   best Q    0.002149   168.3 min
  restart   2/8    eval   345   this Q     0.00626   best Q    0.002149   168.4 min
  restart   2/8    eval   346   this Q    0.006264   best Q    0.002149   168.6 min
  restart   2/8    eval   347   this Q    0.006255   best Q    0.002149   168.7 min
  restart   2/8    eval   348   this Q    0.006321   best Q    0.002149   168.9 min
  restart   2/8    eval   349   this Q    0.006237   best Q    0.002149   169.0 min
  restart   2/8    eval   350   this Q    0.006228   best Q    0.002149   169.2 min
  restart   2/8    eval   351   this Q    0.006237   best Q    0.002149   169.3 min
  restart   2/8    eval   352   this Q      0.0062   best Q    0.002149   169.5 min
  restart   2/8    eval   353   this Q    0.006198   best Q    0.002149   169.7 min
  restart   2/8    eval   354   this Q    0.006155   best Q    0.002149   169.8 min
  restart   2/8    eval   355   this Q    0.006138   best Q    0.002149   170.0 min
  restart   2/8    eval   356   this Q    0.006195   best Q    0.002149   170.1 min
  restart   2/8    eval   357   this Q    0.006233   best Q    0.002149   170.3 min
  restart   2/8    eval   358   this Q    0.006182   best Q    0.002149   170.4 min
  restart   2/8    eval   359   this Q    0.006156   best Q    0.002149   170.6 min
  restart   2/8    eval   360   this Q    0.006088   best Q    0.002149   170.7 min
  restart   2/8    eval   361   this Q    0.006047   best Q    0.002149   170.9 min
  restart   2/8    eval   362   this Q    0.006155   best Q    0.002149   171.0 min
  restart   2/8    eval   363   this Q    0.006144   best Q    0.002149   171.2 min
  restart   2/8    eval   364   this Q    0.006058   best Q    0.002149   171.4 min
  restart   2/8    eval   365   this Q     0.00609   best Q    0.002149   171.5 min
  restart   2/8    eval   366   this Q    0.006019   best Q    0.002149   171.7 min
  restart   2/8    eval   367   this Q    0.005985   best Q    0.002149   171.8 min
  restart   2/8    eval   368   this Q    0.006019   best Q    0.002149   172.0 min
  restart   2/8    eval   369   this Q    0.006061   best Q    0.002149   172.1 min
  restart   2/8    eval   370   this Q    0.006093   best Q    0.002149   172.3 min
  restart   2/8    eval   371   this Q    0.006027   best Q    0.002149   172.4 min
  restart   2/8    eval   372   this Q    0.005976   best Q    0.002149   172.6 min
  restart   2/8    eval   373   this Q    0.006033   best Q    0.002149   172.8 min
  restart   2/8    eval   374   this Q    0.005923   best Q    0.002149   172.9 min
  restart   2/8    eval   375   this Q    0.005934   best Q    0.002149   173.1 min
  restart   2/8    eval   376   this Q    0.006012   best Q    0.002149   173.2 min
  restart   2/8    eval   377   this Q    0.005912   best Q    0.002149   173.4 min
  restart   2/8    eval   378   this Q    0.005924   best Q    0.002149   173.5 min
  restart   2/8    eval   379   this Q    0.005943   best Q    0.002149   173.7 min
  restart   2/8    eval   380   this Q    0.005886   best Q    0.002149   173.9 min
  restart   2/8    eval   381   this Q    0.005911   best Q    0.002149   174.0 min
  restart   2/8    eval   382   this Q    0.005831   best Q    0.002149   174.2 min
  restart   2/8    eval   383   this Q    0.005779   best Q    0.002149   174.3 min
  restart   2/8    eval   384   this Q    0.005883   best Q    0.002149   174.5 min
  restart   2/8    eval   385   this Q    0.005809   best Q    0.002149   174.7 min
  restart   2/8    eval   386   this Q    0.005874   best Q    0.002149   174.8 min
  restart   2/8    eval   387   this Q    0.005742   best Q    0.002149   175.0 min
  restart   2/8    eval   388   this Q    0.005705   best Q    0.002149   175.1 min
  restart   2/8    eval   389   this Q    0.005707   best Q    0.002149   175.3 min
  restart   2/8    eval   390   this Q    0.005737   best Q    0.002149   175.5 min
  restart   2/8    eval   391   this Q    0.005768   best Q    0.002149   175.6 min
  restart   2/8    eval   392   this Q    0.005659   best Q    0.002149   175.8 min
  restart   2/8    eval   393   this Q    0.005683   best Q    0.002149   175.9 min
  restart   2/8    eval   394   this Q    0.005579   best Q    0.002149   176.1 min
  restart   2/8    eval   395   this Q    0.005498   best Q    0.002149   176.3 min
  restart   2/8    eval   396   this Q    0.005604   best Q    0.002149   176.4 min
  restart   2/8    eval   397   this Q    0.005505   best Q    0.002149   176.6 min
  restart   2/8    eval   398   this Q    0.005533   best Q    0.002149   176.7 min
  restart   2/8    eval   399   this Q    0.005389   best Q    0.002149   176.9 min
  restart   2/8    eval   400   this Q     0.00524   best Q    0.002149   177.0 min
  restart   2/8    eval   401   this Q    0.005399   best Q    0.002149   177.2 min
  restart   2/8    eval   402   this Q    0.005331   best Q    0.002149   177.4 min
  restart   2/8    eval   403   this Q    0.005304   best Q    0.002149   177.5 min
  restart   2/8    eval   404   this Q    0.005322   best Q    0.002149   177.7 min
  restart   2/8    eval   405   this Q    0.005072   best Q    0.002149   177.8 min
  restart   2/8    eval   406   this Q    0.004849   best Q    0.002149   178.0 min
  restart   2/8    eval   407   this Q    0.005043   best Q    0.002149   178.2 min
  restart   2/8    eval   408   this Q    0.005008   best Q    0.002149   178.3 min
  restart   2/8    eval   409   this Q     0.00495   best Q    0.002149   178.5 min
  restart   2/8    eval   410   this Q    0.004899   best Q    0.002149   178.6 min
  restart   2/8    eval   411   this Q    0.004814   best Q    0.002149   178.8 min
  restart   2/8    eval   412   this Q    0.004741   best Q    0.002149   178.9 min
  restart   2/8    eval   413   this Q    0.004757   best Q    0.002149   179.1 min
  restart   2/8    eval   414   this Q    0.004717   best Q    0.002149   179.3 min
  restart   2/8    eval   415   this Q    0.004794   best Q    0.002149   179.4 min
  restart   2/8    eval   416   this Q    0.004475   best Q    0.002149   179.6 min
  restart   2/8    eval   417   this Q    0.004268   best Q    0.002149   179.7 min
  restart   2/8    eval   418   this Q    0.004277   best Q    0.002149   179.9 min
  restart   2/8    eval   419   this Q    0.004312   best Q    0.002149   180.1 min
  restart   2/8    eval   420   this Q    0.004261   best Q    0.002149   180.2 min
  restart   2/8    eval   421   this Q    0.004189   best Q    0.002149   180.4 min
  restart   2/8    eval   422   this Q    0.004068   best Q    0.002149   180.5 min
  restart   2/8    eval   423   this Q    0.003905   best Q    0.002149   180.7 min
  restart   2/8    eval   424   this Q    0.004036   best Q    0.002149   180.9 min
  restart   2/8    eval   425   this Q     0.00388   best Q    0.002149   181.0 min
  restart   2/8    eval   426   this Q    0.003956   best Q    0.002149   181.2 min
  restart   2/8    eval   427   this Q    0.003683   best Q    0.002149   181.3 min
  restart   2/8    eval   428   this Q    0.003571   best Q    0.002149   181.5 min
  restart   2/8    eval   429   this Q    0.003642   best Q    0.002149   181.7 min
  restart   2/8    eval   430   this Q    0.003426   best Q    0.002149   181.8 min
  restart   2/8    eval   431   this Q    0.003629   best Q    0.002149   182.0 min
  restart   2/8    eval   432   this Q    0.003646   best Q    0.002149   182.1 min
  restart   2/8    eval   433   this Q    0.003524   best Q    0.002149   182.3 min
  restart   2/8    eval   434   this Q    0.003961   best Q    0.002149   182.5 min
  restart   2/8    eval   435   this Q    0.003515   best Q    0.002149   182.6 min
  restart   2/8    eval   436   this Q    0.003776   best Q    0.002149   182.8 min
  restart   2/8    eval   437   this Q    0.003765   best Q    0.002149   182.9 min
  restart   2/8    eval   438   this Q    0.003532   best Q    0.002149   183.1 min
  restart   2/8    eval   439   this Q    0.003651   best Q    0.002149   183.3 min
  restart   2/8    eval   440   this Q    0.003818   best Q    0.002149   183.4 min
  restart   2/8    eval   441   this Q    0.003468   best Q    0.002149   183.6 min
  restart   2/8    eval   442   this Q    0.003951   best Q    0.002149   183.7 min
  restart   2/8    eval   443   this Q     0.00346   best Q    0.002149   183.9 min
  restart   2/8    eval   444   this Q    0.003885   best Q    0.002149   184.1 min
  restart   2/8    eval   445   this Q     0.00343   best Q    0.002149   184.2 min
  restart   2/8    eval   446   this Q    0.003142   best Q    0.002149   184.4 min
  restart   2/8    eval   447   this Q    0.002973   best Q    0.002149   184.6 min
  restart   2/8    eval   448   this Q    0.005688   best Q    0.002149   184.7 min
  restart   2/8    eval   449   this Q    0.003379   best Q    0.002149   184.9 min
  restart   2/8    eval   450   this Q    0.003357   best Q    0.002149   185.1 min
  restart   2/8    eval   451   this Q    0.003485   best Q    0.002149   185.3 min
  restart   2/8    eval   452   this Q    0.003292   best Q    0.002149   185.5 min
  restart   2/8    eval   453   this Q    0.003321   best Q    0.002149   185.6 min
  restart   2/8    eval   454   this Q    0.003399   best Q    0.002149   185.8 min
  restart   2/8    eval   455   this Q    0.003353   best Q    0.002149   185.9 min
  restart   2/8    eval   456   this Q      0.0031   best Q    0.002149   186.1 min
  restart   2/8    eval   457   this Q    0.003295   best Q    0.002149   186.3 min
  restart   2/8    eval   458   this Q    0.003319   best Q    0.002149   186.4 min
  restart   2/8    eval   459   this Q    0.003357   best Q    0.002149   186.6 min
  restart   2/8    eval   460   this Q    0.003139   best Q    0.002149   186.8 min
  restart   2/8    eval   461   this Q    0.003153   best Q    0.002149   186.9 min
  restart   2/8    eval   462   this Q    0.003215   best Q    0.002149   187.1 min
  restart   2/8    eval   463   this Q    0.002997   best Q    0.002149   187.2 min
  restart   2/8    eval   464   this Q    0.003114   best Q    0.002149   187.4 min
  restart   2/8    eval   465   this Q    0.003021   best Q    0.002149   187.6 min
  restart   2/8    eval   466   this Q    0.003059   best Q    0.002149   187.7 min
  restart   2/8    eval   467   this Q    0.002859   best Q    0.002149   187.9 min
  restart   2/8    eval   468   this Q    0.002959   best Q    0.002149   188.1 min
  restart   2/8    eval   469   this Q    0.002939   best Q    0.002149   188.2 min
  restart   2/8    eval   470   this Q    0.003862   best Q    0.002149   188.4 min
  restart   2/8    eval   471   this Q    0.002978   best Q    0.002149   188.5 min
  restart   2/8    eval   472   this Q    0.002935   best Q    0.002149   188.7 min
  restart   2/8    eval   473   this Q    0.003069   best Q    0.002149   188.9 min
  restart   2/8    eval   474   this Q    0.002811   best Q    0.002149   189.0 min
  restart   2/8    eval   475   this Q    0.002885   best Q    0.002149   189.2 min
  restart   2/8    eval   476   this Q     0.00304   best Q    0.002149   189.4 min
  restart   2/8    eval   477   this Q    0.002954   best Q    0.002149   189.5 min
  restart   2/8    eval   478   this Q     0.00309   best Q    0.002149   189.7 min
  restart   2/8    eval   479   this Q    0.002892   best Q    0.002149   189.9 min
  restart   2/8    eval   480   this Q    0.002985   best Q    0.002149   190.0 min
  restart   2/8    eval   481   this Q     0.00282   best Q    0.002149   190.2 min
  restart   2/8    eval   482   this Q    0.002996   best Q    0.002149   190.4 min
  restart   2/8    eval   483   this Q    0.002873   best Q    0.002149   190.5 min
  restart   2/8    eval   484   this Q    0.002773   best Q    0.002149   190.7 min
  restart   2/8    eval   485   this Q    0.002951   best Q    0.002149   190.9 min
  restart   2/8    eval   486   this Q    0.002768   best Q    0.002149   191.0 min
  restart   2/8    eval   487   this Q     0.00288   best Q    0.002149   191.2 min
  restart   2/8    eval   488   this Q    0.003531   best Q    0.002149   191.4 min
  restart   2/8    eval   489   this Q    0.002836   best Q    0.002149   191.5 min
  restart   2/8    eval   490   this Q    0.002769   best Q    0.002149   191.7 min
  restart   2/8    eval   491   this Q    0.002824   best Q    0.002149   191.8 min
  restart   2/8    eval   492   this Q    0.002702   best Q    0.002149   192.0 min
  restart   2/8    eval   493   this Q    0.002752   best Q    0.002149   192.2 min
  restart   2/8    eval   494   this Q    0.002677   best Q    0.002149   192.4 min
  restart   2/8    eval   495   this Q     0.00271   best Q    0.002149   192.5 min
  restart   2/8    eval   496   this Q    0.002901   best Q    0.002149   192.7 min
  restart   2/8    eval   497   this Q    0.002747   best Q    0.002149   192.8 min
  restart   2/8    eval   498   this Q    0.002623   best Q    0.002149   193.0 min
  restart   2/8    eval   499   this Q     0.00306   best Q    0.002149   193.2 min
  restart   2/8    eval   500   this Q    0.002825   best Q    0.002149   193.4 min
  restart   2/8    eval   501   this Q    0.002727   best Q    0.002149   193.6 min
  restart   2/8    eval   502   this Q    0.002694   best Q    0.002149   193.7 min
  restart   2/8    eval   503   this Q    0.002764   best Q    0.002149   193.9 min
  restart   2/8    eval   504   this Q    0.002741   best Q    0.002149   194.1 min
  restart   2/8    eval   505   this Q    0.002734   best Q    0.002149   194.2 min
  restart   2/8    eval   506   this Q    0.002636   best Q    0.002149   194.4 min
  restart   2/8    eval   507   this Q    0.002691   best Q    0.002149   194.6 min
  restart   2/8    eval   508   this Q    0.002602   best Q    0.002149   194.7 min
  restart   2/8    eval   509   this Q    0.002603   best Q    0.002149   194.9 min
  restart   2/8    eval   510   this Q    0.002679   best Q    0.002149   195.1 min
  restart   2/8    eval   511   this Q    0.002711   best Q    0.002149   195.2 min
  restart   2/8    eval   512   this Q    0.002592   best Q    0.002149   195.4 min
  restart   2/8    eval   513   this Q    0.002647   best Q    0.002149   195.6 min
  restart   2/8    eval   514   this Q     0.00268   best Q    0.002149   195.7 min
  restart   2/8    eval   515   this Q    0.002572   best Q    0.002149   195.9 min
  restart   2/8    eval   516   this Q    0.002918   best Q    0.002149   196.1 min
  restart   2/8    eval   517   this Q    0.002611   best Q    0.002149   196.2 min
  restart   2/8    eval   518   this Q    0.002601   best Q    0.002149   196.4 min
  restart   2/8    eval   519   this Q     0.00264   best Q    0.002149   196.5 min
  restart   2/8    eval   520   this Q    0.002616   best Q    0.002149   196.7 min
  restart   2/8    eval   521   this Q    0.002493   best Q    0.002149   196.9 min
  restart   2/8    eval   522   this Q    0.003137   best Q    0.002149   197.0 min
  restart   2/8    eval   523   this Q    0.002639   best Q    0.002149   197.2 min
  restart   2/8    eval   524   this Q    0.002575   best Q    0.002149   197.4 min
  restart   2/8    eval   525   this Q     0.00257   best Q    0.002149   197.5 min
  restart   2/8    eval   526   this Q    0.002521   best Q    0.002149   197.7 min
  restart   2/8    eval   527   this Q    0.002611   best Q    0.002149   197.9 min
  restart   2/8    eval   528   this Q    0.003007   best Q    0.002149   198.0 min
  restart   2/8    eval   529   this Q    0.002556   best Q    0.002149   198.2 min
  restart   2/8    eval   530   this Q    0.002618   best Q    0.002149   198.4 min
  restart   2/8    eval   531   this Q    0.002552   best Q    0.002149   198.5 min
  restart   2/8    eval   532   this Q    0.002623   best Q    0.002149   198.7 min
  restart   2/8    eval   533   this Q    0.002557   best Q    0.002149   198.9 min
  restart   2/8    eval   534   this Q    0.002548   best Q    0.002149   199.1 min
  restart   2/8    eval   535   this Q     0.00256   best Q    0.002149   199.2 min
  restart   2/8    eval   536   this Q    0.002513   best Q    0.002149   199.4 min
  restart   2/8    eval   537   this Q    0.002539   best Q    0.002149   199.6 min
  restart   2/8    eval   538   this Q    0.002503   best Q    0.002149   199.7 min
  restart   2/8    eval   539   this Q    0.002564   best Q    0.002149   199.9 min
  restart   2/8    eval   540   this Q    0.002522   best Q    0.002149   200.1 min
  restart   2/8    eval   541   this Q    0.002456   best Q    0.002149   200.2 min
  restart   2/8    eval   542   this Q    0.002419   best Q    0.002149   200.4 min
  restart   2/8    eval   543   this Q    0.002439   best Q    0.002149   200.6 min
  restart   2/8    eval   544   this Q     0.00242   best Q    0.002149   200.7 min
  restart   2/8    eval   545   this Q    0.002464   best Q    0.002149   200.9 min
  restart   2/8    eval   546   this Q    0.002441   best Q    0.002149   201.0 min
  restart   2/8    eval   547   this Q    0.002398   best Q    0.002149   201.2 min
  restart   2/8    eval   548   this Q    0.002424   best Q    0.002149   201.4 min
  restart   2/8    eval   549   this Q     0.00243   best Q    0.002149   201.5 min
  restart   2/8    eval   550   this Q    0.002395   best Q    0.002149   201.7 min
  restart   2/8    eval   551   this Q    0.002429   best Q    0.002149   201.9 min
  restart   2/8    eval   552   this Q    0.003065   best Q    0.002149   202.0 min
  restart   2/8    eval   553   this Q    0.002447   best Q    0.002149   202.2 min
  restart   2/8    eval   554   this Q    0.002359   best Q    0.002149   202.4 min
  restart   2/8    eval   555   this Q    0.002352   best Q    0.002149   202.5 min
  restart   2/8    eval   556   this Q    0.002398   best Q    0.002149   202.7 min
  restart   2/8    eval   557   this Q    0.002355   best Q    0.002149   202.9 min
  restart   2/8    eval   558   this Q    0.002393   best Q    0.002149   203.0 min
  restart   2/8    eval   559   this Q    0.002317   best Q    0.002149   203.2 min
  restart   2/8    eval   560   this Q    0.002296   best Q    0.002149   203.4 min
  restart   2/8    eval   561   this Q    0.002359   best Q    0.002149   203.5 min
  restart   2/8    eval   562   this Q    0.002289   best Q    0.002149   203.7 min
  restart   2/8    eval   563   this Q    0.002265   best Q    0.002149   203.9 min
  restart   2/8    eval   564   this Q    0.002257   best Q    0.002149   204.0 min
  restart   2/8    eval   565   this Q    0.002231   best Q    0.002149   204.2 min
  restart   2/8    eval   566   this Q    0.002253   best Q    0.002149   204.4 min
  restart   2/8    eval   567   this Q    0.002259   best Q    0.002149   204.5 min
  restart   2/8    eval   568   this Q    0.002292   best Q    0.002149   204.7 min
  restart   2/8    eval   569   this Q    0.002191   best Q    0.002149   204.9 min
  restart   2/8    eval   570   this Q    0.002203   best Q    0.002149   205.0 min
  restart   2/8    eval   571   this Q    0.002177   best Q    0.002149   205.2 min
  restart   2/8    eval   572   this Q    0.002188   best Q    0.002149   205.4 min
  restart   2/8    eval   573   this Q    0.002215   best Q    0.002149   205.5 min
  restart   2/8    eval   574   this Q    0.002172   best Q    0.002149   205.7 min
  restart   2/8    eval   575   this Q     0.00226   best Q    0.002149   205.9 min
  restart   2/8    eval   576   this Q    0.002158   best Q    0.002149   206.0 min
  restart   2/8    eval   577   this Q    0.002197   best Q    0.002149   206.2 min
  restart   2/8    eval   578   this Q    0.002221   best Q    0.002149   206.4 min
  restart   2/8    eval   579   this Q    0.002192   best Q    0.002149   206.5 min
  restart   2/8    eval   580   this Q     0.00214   best Q     0.00214   206.7 min
  restart   2/8    eval   581   this Q    0.002206   best Q     0.00214   206.9 min
  restart   2/8    eval   582   this Q    0.002167   best Q     0.00214   207.0 min
  restart   2/8    eval   583   this Q    0.002133   best Q    0.002133   207.2 min
  restart   2/8    eval   584   this Q    0.002214   best Q    0.002133   207.4 min
  restart   2/8    eval   585   this Q    0.002178   best Q    0.002133   207.5 min
  restart   2/8    eval   586   this Q    0.002102   best Q    0.002102   207.7 min
  restart   2/8    eval   587   this Q    0.002137   best Q    0.002102   207.9 min
  restart   2/8    eval   588   this Q     0.00218   best Q    0.002102   208.0 min
  restart   2/8    eval   589   this Q    0.002169   best Q    0.002102   208.2 min
  restart   2/8    eval   590   this Q    0.002158   best Q    0.002102   208.4 min
  restart   2/8    eval   591   this Q    0.002208   best Q    0.002102   208.5 min
  restart   2/8    eval   592   this Q    0.002133   best Q    0.002102   208.7 min
  restart   2/8    eval   593   this Q    0.002166   best Q    0.002102   208.8 min
  restart   2/8    eval   594   this Q    0.002106   best Q    0.002102   209.0 min
  restart   2/8    eval   595   this Q     0.00221   best Q    0.002102   209.2 min
  restart   2/8    eval   596   this Q    0.002117   best Q    0.002102   209.4 min
  restart   2/8    eval   597   this Q    0.002144   best Q    0.002102   209.5 min
  restart   2/8    eval   598   this Q    0.002161   best Q    0.002102   209.7 min
  restart   2/8    eval   599   this Q    0.002122   best Q    0.002102   209.9 min
  restart   2/8    eval   600   this Q    0.002134   best Q    0.002102   210.1 min
  restart   2/8    eval   601   this Q     0.00213   best Q    0.002102   210.2 min
  restart   2/8    eval   602   this Q    0.002131   best Q    0.002102   210.4 min
  restart   2/8    eval   603   this Q     0.00209   best Q     0.00209   210.6 min
  restart   2/8    eval   604   this Q    0.002128   best Q     0.00209   210.8 min
  restart   2/8    eval   605   this Q    0.002139   best Q     0.00209   211.0 min
  restart   2/8    eval   606   this Q    0.002107   best Q     0.00209   211.1 min
  restart   2/8    eval   607   this Q    0.002095   best Q     0.00209   211.3 min
  restart   2/8    eval   608   this Q    0.002074   best Q    0.002074   211.5 min
  restart   2/8    eval   609   this Q     0.00211   best Q    0.002074   211.7 min
  restart   2/8    eval   610   this Q    0.002096   best Q    0.002074   211.9 min
  restart   2/8    eval   611   this Q    0.002108   best Q    0.002074   212.0 min
  restart   2/8    eval   612   this Q    0.002077   best Q    0.002074   212.2 min
  restart   2/8    eval   613   this Q    0.002049   best Q    0.002049   212.4 min
  restart   2/8    eval   614   this Q    0.002052   best Q    0.002049   212.6 min
  restart   2/8    eval   615   this Q    0.002096   best Q    0.002049   212.8 min
  restart   2/8    eval   616   this Q    0.002058   best Q    0.002049   212.9 min
  restart   2/8    eval   617   this Q    0.002101   best Q    0.002049   213.1 min
  restart   2/8    eval   618   this Q    0.002058   best Q    0.002049   213.3 min
  restart   2/8    eval   619   this Q    0.002107   best Q    0.002049   213.5 min
  restart   2/8    eval   620   this Q    0.002073   best Q    0.002049   213.7 min
  restart   2/8    eval   621   this Q      0.0021   best Q    0.002049   213.8 min
  restart   2/8    eval   622   this Q    0.002066   best Q    0.002049   214.0 min
  restart   2/8    eval   623   this Q    0.002073   best Q    0.002049   214.2 min
  restart   2/8    eval   624   this Q     0.00204   best Q     0.00204   214.3 min
  restart   2/8    eval   625   this Q     0.00207   best Q     0.00204   214.5 min
  restart   2/8    eval   626   this Q    0.002076   best Q     0.00204   214.7 min
  restart   2/8    eval   627   this Q    0.002034   best Q    0.002034   214.8 min
  restart   2/8    eval   628   this Q    0.002051   best Q    0.002034   215.0 min
  restart   2/8    eval   629   this Q    0.002093   best Q    0.002034   215.2 min
  restart   2/8    eval   630   this Q    0.002061   best Q    0.002034   215.3 min
  restart   2/8    eval   631   this Q    0.002044   best Q    0.002034   215.5 min
  restart   2/8    eval   632   this Q    0.002056   best Q    0.002034   215.7 min
  restart   2/8    eval   633   this Q    0.002049   best Q    0.002034   215.8 min
  restart   2/8    eval   634   this Q    0.002015   best Q    0.002015   216.0 min
  restart   2/8    eval   635   this Q    0.002022   best Q    0.002015   216.2 min
  restart   2/8    eval   636   this Q    0.002044   best Q    0.002015   216.3 min
  restart   2/8    eval   637   this Q    0.002041   best Q    0.002015   216.5 min
  restart   2/8    eval   638   this Q    0.002038   best Q    0.002015   216.7 min
  restart   2/8    eval   639   this Q    0.002025   best Q    0.002015   216.8 min
  restart   2/8    eval   640   this Q    0.002016   best Q    0.002015   217.0 min
  restart   2/8    eval   641   this Q    0.002046   best Q    0.002015   217.2 min
  restart   2/8    eval   642   this Q    0.002028   best Q    0.002015   217.3 min
  restart   2/8    eval   643   this Q    0.002015   best Q    0.002015   217.5 min
  restart   2/8    eval   644   this Q     0.00203   best Q    0.002015   217.7 min
  restart   2/8    eval   645   this Q    0.002019   best Q    0.002015   217.8 min
  restart   2/8    eval   646   this Q    0.002036   best Q    0.002015   218.0 min
  restart   2/8    eval   647   this Q    0.002011   best Q    0.002011   218.2 min
  restart   2/8    eval   648   this Q    0.002044   best Q    0.002011   218.3 min
  restart   2/8    eval   649   this Q    0.002024   best Q    0.002011   218.5 min
  restart   2/8    eval   650   this Q    0.002048   best Q    0.002011   218.7 min
  restart   2/8    eval   651   this Q    0.002015   best Q    0.002011   218.9 min
  restart   2/8    eval   652   this Q    0.001998   best Q    0.001998   219.0 min
  restart   2/8    eval   653   this Q    0.002007   best Q    0.001998   219.2 min
  restart   2/8    eval   654   this Q    0.002016   best Q    0.001998   219.4 min
  restart   2/8    eval   655   this Q    0.002003   best Q    0.001998   219.6 min
  restart   2/8    eval   656   this Q     0.00202   best Q    0.001998   219.7 min
  restart   2/8    eval   657   this Q    0.002004   best Q    0.001998   219.9 min
  restart   2/8    eval   658   this Q    0.002009   best Q    0.001998   220.1 min
  restart   2/8    eval   659   this Q    0.002011   best Q    0.001998   220.3 min
  restart   2/8    eval   660   this Q    0.002026   best Q    0.001998   220.4 min
  restart   2/8    eval   661   this Q    0.002013   best Q    0.001998   220.6 min
  restart   2/8    eval   662   this Q    0.001999   best Q    0.001998   220.8 min
  restart   2/8    eval   663   this Q       0.002   best Q    0.001998   220.9 min
  restart   2/8    eval   664   this Q    0.001996   best Q    0.001996   221.1 min
  restart   2/8    eval   665   this Q    0.002008   best Q    0.001996   221.3 min
  restart   2/8    eval   666   this Q    0.002008   best Q    0.001996   221.5 min
  restart   2/8    eval   667   this Q    0.002015   best Q    0.001996   221.6 min
  restart   2/8    eval   668   this Q       0.002   best Q    0.001996   221.8 min
  restart   2/8    eval   669   this Q    0.002006   best Q    0.001996   222.0 min
  restart   2/8    eval   670   this Q    0.002001   best Q    0.001996   222.1 min
  restart   2/8    eval   671   this Q    0.001999   best Q    0.001996   222.3 min
  restart   2/8    eval   672   this Q    0.002008   best Q    0.001996   222.4 min
  restart   2/8    eval   673   this Q    0.001995   best Q    0.001995   222.6 min
  restart   2/8    eval   674   this Q    0.001989   best Q    0.001989   222.8 min
  restart   2/8    eval   675   this Q     0.00201   best Q    0.001989   222.9 min
  restart   2/8    eval   676   this Q    0.001988   best Q    0.001988   223.1 min
  restart   2/8    eval   677   this Q    0.001998   best Q    0.001988   223.3 min
  restart   2/8    eval   678   this Q    0.002001   best Q    0.001988   223.4 min
  restart   2/8    eval   679   this Q    0.001992   best Q    0.001988   223.6 min
  restart   2/8    eval   680   this Q    0.001991   best Q    0.001988   223.8 min
  restart   2/8    eval   681   this Q    0.002005   best Q    0.001988   224.0 min
  restart   2/8    eval   682   this Q    0.001992   best Q    0.001988   224.1 min
  restart   2/8    eval   683   this Q     0.00199   best Q    0.001988   224.3 min
  restart   2/8    eval   684   this Q       0.002   best Q    0.001988   224.5 min
  restart   2/8    eval   685   this Q    0.001993   best Q    0.001988   224.6 min
  restart   2/8    eval   686   this Q    0.001985   best Q    0.001985   224.8 min
  restart   2/8    eval   687   this Q    0.001997   best Q    0.001985   225.0 min
  restart   2/8    eval   688   this Q    0.001987   best Q    0.001985   225.1 min
  restart   2/8    eval   689   this Q    0.001985   best Q    0.001985   225.3 min
  restart   2/8    eval   690   this Q    0.001984   best Q    0.001984   225.5 min
  restart   2/8    eval   691   this Q     0.00199   best Q    0.001984   225.7 min
  restart   2/8    eval   692   this Q    0.001978   best Q    0.001978   225.8 min
  restart   2/8    eval   693   this Q    0.001989   best Q    0.001978   226.0 min
  restart   2/8    eval   694   this Q    0.001983   best Q    0.001978   226.2 min
  restart   2/8    eval   695   this Q    0.002024   best Q    0.001978   226.4 min
  restart   2/8    eval   696   this Q    0.001983   best Q    0.001978   226.5 min
  restart   2/8    eval   697   this Q       0.002   best Q    0.001978   226.7 min
  restart   2/8    eval   698   this Q     0.00198   best Q    0.001978   226.9 min
  restart   2/8    eval   699   this Q    0.001986   best Q    0.001978   227.0 min
  restart   2/8    eval   700   this Q    0.001985   best Q    0.001978   227.2 min
  restart   2/8    eval   701   this Q    0.001989   best Q    0.001978   227.4 min
  restart   2/8    eval   702   this Q    0.001983   best Q    0.001978   227.6 min
  restart   2/8    eval   703   this Q    0.001988   best Q    0.001978   227.7 min
  restart   2/8    eval   704   this Q     0.00198   best Q    0.001978   227.9 min
  restart   2/8    eval   705   this Q    0.001987   best Q    0.001978   228.1 min
  restart   2/8    eval   706   this Q    0.001978   best Q    0.001978   228.3 min
  restart   2/8    eval   707   this Q    0.001984   best Q    0.001978   228.4 min
  restart   2/8    eval   708   this Q     0.00198   best Q    0.001978   228.6 min
  restart   2/8    eval   709   this Q    0.001983   best Q    0.001978   228.8 min
  restart   2/8    eval   710   this Q     0.00198   best Q    0.001978   228.9 min
  restart   2/8    eval   711   this Q    0.001982   best Q    0.001978   229.1 min
  restart   2/8    eval   712   this Q    0.001981   best Q    0.001978   229.3 min
  restart   2/8    eval   713   this Q    0.001987   best Q    0.001978   229.5 min
  restart   2/8    eval   714   this Q    0.001977   best Q    0.001977   229.6 min
  restart   2/8    eval   715   this Q    0.001988   best Q    0.001977   229.8 min
  restart   2/8    eval   716   this Q    0.001976   best Q    0.001976   230.0 min
  restart   2/8    eval   717   this Q    0.001984   best Q    0.001976   230.2 min
  restart   2/8    eval   718   this Q    0.001978   best Q    0.001976   230.3 min
  restart   2/8    eval   719   this Q    0.001981   best Q    0.001976   230.5 min
  restart   2/8    eval   720   this Q    0.001978   best Q    0.001976   230.7 min
  restart   2/8    eval   721   this Q    0.001978   best Q    0.001976   230.8 min
  restart   2/8    eval   722   this Q     0.00198   best Q    0.001976   231.0 min
  restart   2/8    eval   723   this Q    0.001977   best Q    0.001976   231.2 min
  restart   2/8    eval   724   this Q    0.001985   best Q    0.001976   231.4 min
  restart   2/8    eval   725   this Q    0.001976   best Q    0.001976   231.5 min
  restart   2/8    eval   726   this Q    0.001977   best Q    0.001976   231.7 min
  restart   2/8    eval   727   this Q     0.00198   best Q    0.001976   231.9 min
  restart   2/8    eval   728   this Q    0.001977   best Q    0.001976   232.1 min
  restart   2/8    eval   729   this Q    0.001979   best Q    0.001976   232.2 min
  restart   2/8    eval   730   this Q    0.001976   best Q    0.001976   232.4 min
  restart   2/8    eval   731   this Q    0.001975   best Q    0.001975   232.6 min
  restart   2/8    eval   732   this Q    0.001981   best Q    0.001975   232.8 min
  restart   2/8    eval   733   this Q    0.001981   best Q    0.001975   232.9 min
  restart   2/8    eval   734   this Q    0.001977   best Q    0.001975   233.1 min
  restart   2/8    eval   735   this Q     0.00198   best Q    0.001975   233.3 min
  restart   2/8    eval   736   this Q    0.001978   best Q    0.001975   233.5 min
  restart   2/8    eval   737   this Q    0.001976   best Q    0.001975   233.6 min
  restart   2/8   DONE   this    0.001975   best Q    0.001975   233.6 min, ~701 min left
  restart   3/8    eval     1   this Q       0.953   best Q    0.001975   233.8 min
  restart   3/8    eval     2   this Q       0.953   best Q    0.001975   234.0 min
  restart   3/8    eval     3   this Q       1.268   best Q    0.001975   234.1 min
  restart   3/8    eval     4   this Q      0.8435   best Q    0.001975   234.3 min
  restart   3/8    eval     5   this Q        2.08   best Q    0.001975   234.5 min
  restart   3/8    eval     6   this Q       3.166   best Q    0.001975   234.6 min
  restart   3/8    eval     7   this Q       1.539   best Q    0.001975   234.8 min
  restart   3/8    eval     8   this Q      0.9853   best Q    0.001975   235.0 min
  restart   3/8    eval     9   this Q       3.255   best Q    0.001975   235.2 min
  restart   3/8    eval    10   this Q       1.846   best Q    0.001975   235.3 min
  restart   3/8    eval    11   this Q        1.67   best Q    0.001975   235.5 min
  restart   3/8    eval    12   this Q      0.5538   best Q    0.001975   235.7 min
  restart   3/8    eval    13   this Q      0.8095   best Q    0.001975   235.8 min
  restart   3/8    eval    14   this Q       2.221   best Q    0.001975   236.0 min
  restart   3/8    eval    15   this Q      0.7139   best Q    0.001975   236.1 min
  restart   3/8    eval    16   this Q      0.8752   best Q    0.001975   236.3 min
  restart   3/8    eval    17   this Q       1.063   best Q    0.001975   236.5 min
  restart   3/8    eval    18   this Q       1.612   best Q    0.001975   236.6 min
  restart   3/8    eval    19   this Q         0.9   best Q    0.001975   236.8 min
  restart   3/8    eval    20   this Q       1.966   best Q    0.001975   236.9 min
  restart   3/8    eval    21   this Q      0.6816   best Q    0.001975   237.1 min
  restart   3/8    eval    22   this Q       1.285   best Q    0.001975   237.2 min
  restart   3/8    eval    23   this Q      0.6811   best Q    0.001975   237.4 min
  restart   3/8    eval    24   this Q      0.8784   best Q    0.001975   237.5 min
  restart   3/8    eval    25   this Q       1.184   best Q    0.001975   237.7 min
  restart   3/8    eval    26   this Q      0.4724   best Q    0.001975   237.8 min
  restart   3/8    eval    27   this Q      0.9902   best Q    0.001975   238.0 min
  restart   3/8    eval    28   this Q      0.5599   best Q    0.001975   238.2 min
  restart   3/8    eval    29   this Q      0.7809   best Q    0.001975   238.3 min
  restart   3/8    eval    30   this Q      0.9515   best Q    0.001975   238.5 min
  restart   3/8    eval    31   this Q      0.3858   best Q    0.001975   238.7 min
  restart   3/8    eval    32   this Q       1.221   best Q    0.001975   238.8 min
  restart   3/8    eval    33   this Q      0.5756   best Q    0.001975   239.0 min
  restart   3/8    eval    34   this Q      0.7619   best Q    0.001975   239.1 min
  restart   3/8    eval    35   this Q       1.086   best Q    0.001975   239.3 min
  restart   3/8    eval    36   this Q      0.3621   best Q    0.001975   239.5 min
  restart   3/8    eval    37   this Q      0.7077   best Q    0.001975   239.6 min
  restart   3/8    eval    38   this Q      0.8859   best Q    0.001975   239.8 min
  restart   3/8    eval    39   this Q      0.4388   best Q    0.001975   239.9 min
  restart   3/8    eval    40   this Q      0.7366   best Q    0.001975   240.1 min
  restart   3/8    eval    41   this Q      0.4085   best Q    0.001975   240.3 min
  restart   3/8    eval    42   this Q       0.617   best Q    0.001975   240.4 min
  restart   3/8    eval    43   this Q      0.5266   best Q    0.001975   240.6 min
  restart   3/8    eval    44   this Q      0.7987   best Q    0.001975   240.7 min
  restart   3/8    eval    45   this Q      0.4129   best Q    0.001975   240.9 min
  restart   3/8    eval    46   this Q      0.3796   best Q    0.001975   241.1 min
  restart   3/8    eval    47   this Q      0.6464   best Q    0.001975   241.2 min
  restart   3/8    eval    48   this Q      0.3828   best Q    0.001975   241.4 min
  restart   3/8    eval    49   this Q       1.531   best Q    0.001975   241.5 min
  restart   3/8    eval    50   this Q      0.3563   best Q    0.001975   241.7 min
  restart   3/8    eval    51   this Q      0.3662   best Q    0.001975   241.9 min
  restart   3/8    eval    52   this Q      0.3558   best Q    0.001975   242.0 min
  restart   3/8    eval    53   this Q      0.5435   best Q    0.001975   242.2 min
  restart   3/8    eval    54   this Q      0.4305   best Q    0.001975   242.3 min
  restart   3/8    eval    55   this Q      0.3363   best Q    0.001975   242.5 min
  restart   3/8    eval    56   this Q      0.3124   best Q    0.001975   242.7 min
  restart   3/8    eval    57   this Q      0.4552   best Q    0.001975   242.8 min
  restart   3/8    eval    58   this Q      0.1981   best Q    0.001975   243.0 min
  restart   3/8    eval    59   this Q      0.1373   best Q    0.001975   243.1 min
  restart   3/8    eval    60   this Q      0.2827   best Q    0.001975   243.3 min
  restart   3/8    eval    61   this Q      0.1931   best Q    0.001975   243.5 min
  restart   3/8    eval    62   this Q      0.5864   best Q    0.001975   243.6 min
  restart   3/8    eval    63   this Q      0.2424   best Q    0.001975   243.8 min
  restart   3/8    eval    64   this Q      0.3419   best Q    0.001975   243.9 min
  restart   3/8    eval    65   this Q      0.1684   best Q    0.001975   244.1 min
  restart   3/8    eval    66   this Q      0.2656   best Q    0.001975   244.3 min
  restart   3/8    eval    67   this Q      0.3021   best Q    0.001975   244.4 min
  restart   3/8    eval    68   this Q      0.1398   best Q    0.001975   244.6 min
  restart   3/8    eval    69   this Q      0.1406   best Q    0.001975   244.8 min
  restart   3/8    eval    70   this Q      0.1566   best Q    0.001975   244.9 min
  restart   3/8    eval    71   this Q      0.2513   best Q    0.001975   245.1 min
  restart   3/8    eval    72   this Q      0.2088   best Q    0.001975   245.2 min
  restart   3/8    eval    73   this Q      0.1549   best Q    0.001975   245.4 min
  restart   3/8    eval    74   this Q      0.3275   best Q    0.001975   245.6 min
  restart   3/8    eval    75   this Q      0.1358   best Q    0.001975   245.7 min
  restart   3/8    eval    76   this Q      0.1357   best Q    0.001975   245.9 min
  restart   3/8    eval    77   this Q      0.5387   best Q    0.001975   246.0 min
  restart   3/8    eval    78   this Q      0.2801   best Q    0.001975   246.2 min
  restart   3/8    eval    79   this Q     0.09754   best Q    0.001975   246.4 min
  restart   3/8    eval    80   this Q     0.09553   best Q    0.001975   246.5 min
  restart   3/8    eval    81   this Q       0.367   best Q    0.001975   246.7 min
  restart   3/8    eval    82   this Q      0.1014   best Q    0.001975   246.8 min
  restart   3/8    eval    83   this Q      0.1107   best Q    0.001975   247.0 min
  restart   3/8    eval    84   this Q      0.1296   best Q    0.001975   247.1 min
  restart   3/8    eval    85   this Q      0.2405   best Q    0.001975   247.3 min
  restart   3/8    eval    86   this Q     0.07258   best Q    0.001975   247.4 min
  restart   3/8    eval    87   this Q      0.2774   best Q    0.001975   247.6 min
  restart   3/8    eval    88   this Q     0.08244   best Q    0.001975   247.8 min
  restart   3/8    eval    89   this Q      0.1101   best Q    0.001975   247.9 min
  restart   3/8    eval    90   this Q      0.1863   best Q    0.001975   248.1 min
  restart   3/8    eval    91   this Q     0.07888   best Q    0.001975   248.2 min
  restart   3/8    eval    92   this Q     0.08411   best Q    0.001975   248.4 min
  restart   3/8    eval    93   this Q      0.1178   best Q    0.001975   248.6 min
  restart   3/8    eval    94   this Q     0.07005   best Q    0.001975   248.7 min
  restart   3/8    eval    95   this Q      0.1543   best Q    0.001975   248.9 min
  restart   3/8    eval    96   this Q     0.06628   best Q    0.001975   249.0 min
  restart   3/8    eval    97   this Q      0.1365   best Q    0.001975   249.2 min
  restart   3/8    eval    98   this Q     0.05551   best Q    0.001975   249.3 min
  restart   3/8    eval    99   this Q      0.1101   best Q    0.001975   249.5 min
  restart   3/8    eval   100   this Q     0.06285   best Q    0.001975   249.7 min
  restart   3/8    eval   101   this Q     0.09313   best Q    0.001975   249.8 min
  restart   3/8    eval   102   this Q      0.1375   best Q    0.001975   250.0 min
  restart   3/8    eval   103   this Q     0.05493   best Q    0.001975   250.1 min
  restart   3/8    eval   104   this Q     0.09951   best Q    0.001975   250.3 min
  restart   3/8    eval   105   this Q     0.06347   best Q    0.001975   250.5 min
  restart   3/8    eval   106   this Q       0.107   best Q    0.001975   250.6 min
  restart   3/8    eval   107   this Q     0.05772   best Q    0.001975   250.8 min
  restart   3/8    eval   108   this Q     0.06263   best Q    0.001975   250.9 min
  restart   3/8    eval   109   this Q     0.06581   best Q    0.001975   251.1 min
  restart   3/8    eval   110   this Q      0.0842   best Q    0.001975   251.2 min
  restart   3/8    eval   111   this Q     0.05443   best Q    0.001975   251.4 min
  restart   3/8    eval   112   this Q     0.05933   best Q    0.001975   251.6 min
  restart   3/8    eval   113   this Q     0.08041   best Q    0.001975   251.7 min
  restart   3/8    eval   114   this Q     0.05256   best Q    0.001975   251.9 min
  restart   3/8    eval   115   this Q     0.07463   best Q    0.001975   252.0 min
  restart   3/8    eval   116   this Q     0.05135   best Q    0.001975   252.2 min
  restart   3/8    eval   117   this Q     0.07247   best Q    0.001975   252.3 min
  restart   3/8    eval   118   this Q     0.05165   best Q    0.001975   252.5 min
  restart   3/8    eval   119   this Q     0.04936   best Q    0.001975   252.7 min
  restart   3/8    eval   120   this Q     0.06849   best Q    0.001975   252.8 min
  restart   3/8    eval   121   this Q      0.0501   best Q    0.001975   253.0 min
  restart   3/8    eval   122   this Q     0.06846   best Q    0.001975   253.1 min
  restart   3/8    eval   123   this Q     0.04757   best Q    0.001975   253.3 min
  restart   3/8    eval   124   this Q     0.07271   best Q    0.001975   253.5 min
  restart   3/8    eval   125   this Q     0.04786   best Q    0.001975   253.6 min
  restart   3/8    eval   126   this Q     0.05917   best Q    0.001975   253.8 min
  restart   3/8    eval   127   this Q     0.04782   best Q    0.001975   253.9 min
  restart   3/8    eval   128   this Q     0.05609   best Q    0.001975   254.1 min
  restart   3/8    eval   129   this Q     0.04823   best Q    0.001975   254.3 min
  restart   3/8    eval   130   this Q     0.04662   best Q    0.001975   254.4 min
  restart   3/8    eval   131   this Q     0.05757   best Q    0.001975   254.6 min
  restart   3/8    eval   132   this Q     0.04359   best Q    0.001975   254.7 min
  restart   3/8    eval   133   this Q     0.05068   best Q    0.001975   254.9 min
  restart   3/8    eval   134   this Q     0.04527   best Q    0.001975   255.0 min
  restart   3/8    eval   135   this Q     0.04223   best Q    0.001975   255.2 min
  restart   3/8    eval   136   this Q     0.04824   best Q    0.001975   255.4 min
  restart   3/8    eval   137   this Q     0.05895   best Q    0.001975   255.5 min
  restart   3/8    eval   138   this Q     0.04416   best Q    0.001975   255.7 min
  restart   3/8    eval   139   this Q     0.05137   best Q    0.001975   255.8 min
  restart   3/8    eval   140   this Q     0.04426   best Q    0.001975   256.0 min
  restart   3/8    eval   141   this Q     0.04109   best Q    0.001975   256.1 min
  restart   3/8    eval   142   this Q     0.04422   best Q    0.001975   256.3 min
  restart   3/8    eval   143   this Q     0.04826   best Q    0.001975   256.4 min
  restart   3/8    eval   144   this Q     0.04368   best Q    0.001975   256.6 min
  restart   3/8    eval   145   this Q     0.04002   best Q    0.001975   256.8 min
  restart   3/8    eval   146   this Q      0.0429   best Q    0.001975   256.9 min
  restart   3/8    eval   147   this Q     0.04196   best Q    0.001975   257.1 min
  restart   3/8    eval   148   this Q     0.04885   best Q    0.001975   257.2 min
  restart   3/8    eval   149   this Q     0.04198   best Q    0.001975   257.4 min
  restart   3/8    eval   150   this Q     0.04402   best Q    0.001975   257.5 min
  restart   3/8    eval   151   this Q      0.0424   best Q    0.001975   257.7 min
  restart   3/8    eval   152   this Q     0.03813   best Q    0.001975   257.9 min
  restart   3/8    eval   153   this Q      0.0381   best Q    0.001975   258.0 min
  restart   3/8    eval   154   this Q     0.04193   best Q    0.001975   258.2 min
  restart   3/8    eval   155   this Q     0.03734   best Q    0.001975   258.3 min
  restart   3/8    eval   156   this Q     0.03879   best Q    0.001975   258.5 min
  restart   3/8    eval   157   this Q       0.044   best Q    0.001975   258.6 min
  restart   3/8    eval   158   this Q     0.03989   best Q    0.001975   258.8 min
  restart   3/8    eval   159   this Q     0.04452   best Q    0.001975   258.9 min
  restart   3/8    eval   160   this Q     0.03948   best Q    0.001975   259.1 min
  restart   3/8    eval   161   this Q     0.04234   best Q    0.001975   259.3 min
  restart   3/8    eval   162   this Q     0.03957   best Q    0.001975   259.4 min
  restart   3/8    eval   163   this Q     0.03906   best Q    0.001975   259.6 min
  restart   3/8    eval   164   this Q     0.04307   best Q    0.001975   259.7 min
  restart   3/8    eval   165   this Q     0.03921   best Q    0.001975   259.9 min
  restart   3/8    eval   166   this Q     0.03877   best Q    0.001975   260.0 min
  restart   3/8    eval   167   this Q     0.03789   best Q    0.001975   260.2 min
  restart   3/8    eval   168   this Q     0.03623   best Q    0.001975   260.4 min
  restart   3/8    eval   169   this Q     0.03608   best Q    0.001975   260.5 min
  restart   3/8    eval   170   this Q     0.03803   best Q    0.001975   260.7 min
  restart   3/8    eval   171   this Q     0.03624   best Q    0.001975   260.8 min
  restart   3/8    eval   172   this Q      0.0365   best Q    0.001975   261.0 min
  restart   3/8    eval   173   this Q     0.03623   best Q    0.001975   261.1 min
  restart   3/8    eval   174   this Q     0.03629   best Q    0.001975   261.3 min
  restart   3/8    eval   175   this Q     0.03971   best Q    0.001975   261.4 min
  restart   3/8    eval   176   this Q      0.0365   best Q    0.001975   261.6 min
  restart   3/8    eval   177   this Q     0.03628   best Q    0.001975   261.8 min
  restart   3/8    eval   178   this Q     0.03575   best Q    0.001975   261.9 min
  restart   3/8    eval   179   this Q     0.03903   best Q    0.001975   262.1 min
  restart   3/8    eval   180   this Q     0.03567   best Q    0.001975   262.2 min
  restart   3/8    eval   181   this Q     0.03941   best Q    0.001975   262.4 min
  restart   3/8    eval   182   this Q     0.03372   best Q    0.001975   262.5 min
  restart   3/8    eval   183   this Q     0.03364   best Q    0.001975   262.7 min
  restart   3/8    eval   184   this Q     0.03512   best Q    0.001975   262.9 min
  restart   3/8    eval   185   this Q     0.03526   best Q    0.001975   263.0 min
  restart   3/8    eval   186   this Q     0.03602   best Q    0.001975   263.2 min
  restart   3/8    eval   187   this Q     0.03717   best Q    0.001975   263.3 min
  restart   3/8    eval   188   this Q     0.03473   best Q    0.001975   263.5 min
  restart   3/8    eval   189   this Q       0.035   best Q    0.001975   263.6 min
  restart   3/8    eval   190   this Q     0.03374   best Q    0.001975   263.8 min
  restart   3/8    eval   191   this Q     0.03416   best Q    0.001975   264.0 min
  restart   3/8    eval   192   this Q     0.03471   best Q    0.001975   264.1 min
  restart   3/8    eval   193   this Q     0.03591   best Q    0.001975   264.3 min
  restart   3/8    eval   194   this Q     0.03412   best Q    0.001975   264.4 min
  restart   3/8    eval   195   this Q     0.03436   best Q    0.001975   264.6 min
  restart   3/8    eval   196   this Q     0.03343   best Q    0.001975   264.7 min
  restart   3/8    eval   197   this Q      0.0353   best Q    0.001975   264.9 min
  restart   3/8    eval   198   this Q     0.03292   best Q    0.001975   265.1 min
  restart   3/8    eval   199   this Q     0.03445   best Q    0.001975   265.2 min
  restart   3/8    eval   200   this Q     0.03499   best Q    0.001975   265.4 min
  restart   3/8    eval   201   this Q     0.03355   best Q    0.001975   265.5 min
  restart   3/8    eval   202   this Q      0.0324   best Q    0.001975   265.7 min
  restart   3/8    eval   203   this Q     0.03304   best Q    0.001975   265.8 min
  restart   3/8    eval   204   this Q     0.03259   best Q    0.001975   266.0 min
  restart   3/8    eval   205   this Q     0.03322   best Q    0.001975   266.2 min
  restart   3/8    eval   206   this Q     0.03207   best Q    0.001975   266.3 min
  restart   3/8    eval   207   this Q     0.03316   best Q    0.001975   266.5 min
  restart   3/8    eval   208   this Q     0.03193   best Q    0.001975   266.6 min
  restart   3/8    eval   209   this Q     0.03339   best Q    0.001975   266.8 min
  restart   3/8    eval   210   this Q     0.03328   best Q    0.001975   267.0 min
  restart   3/8    eval   211   this Q      0.0315   best Q    0.001975   267.1 min
  restart   3/8    eval   212   this Q     0.03231   best Q    0.001975   267.3 min
  restart   3/8    eval   213   this Q     0.03117   best Q    0.001975   267.4 min
  restart   3/8    eval   214   this Q     0.03208   best Q    0.001975   267.6 min
  restart   3/8    eval   215   this Q     0.03275   best Q    0.001975   267.7 min
  restart   3/8    eval   216   this Q     0.03428   best Q    0.001975   267.9 min
  restart   3/8    eval   217   this Q     0.03182   best Q    0.001975   268.1 min
  restart   3/8    eval   218   this Q     0.03203   best Q    0.001975   268.2 min
  restart   3/8    eval   219   this Q     0.03075   best Q    0.001975   268.4 min
  restart   3/8    eval   220   this Q     0.03132   best Q    0.001975   268.5 min
  restart   3/8    eval   221   this Q     0.03393   best Q    0.001975   268.7 min
  restart   3/8    eval   222   this Q     0.03144   best Q    0.001975   268.8 min
  restart   3/8    eval   223   this Q     0.03069   best Q    0.001975   269.0 min
  restart   3/8    eval   224   this Q     0.03134   best Q    0.001975   269.2 min
  restart   3/8    eval   225   this Q     0.03112   best Q    0.001975   269.3 min
  restart   3/8    eval   226   this Q     0.03136   best Q    0.001975   269.5 min
  restart   3/8    eval   227   this Q     0.03121   best Q    0.001975   269.6 min
  restart   3/8    eval   228   this Q     0.03011   best Q    0.001975   269.8 min
  restart   3/8    eval   229   this Q     0.03038   best Q    0.001975   269.9 min
  restart   3/8    eval   230   this Q     0.03015   best Q    0.001975   270.1 min
  restart   3/8    eval   231   this Q     0.03072   best Q    0.001975   270.3 min
  restart   3/8    eval   232   this Q      0.0298   best Q    0.001975   270.4 min
  restart   3/8    eval   233   this Q     0.03021   best Q    0.001975   270.6 min
  restart   3/8    eval   234   this Q     0.03128   best Q    0.001975   270.7 min
  restart   3/8    eval   235   this Q     0.03038   best Q    0.001975   270.9 min
  restart   3/8    eval   236   this Q     0.03068   best Q    0.001975   271.1 min
  restart   3/8    eval   237   this Q     0.02961   best Q    0.001975   271.2 min
  restart   3/8    eval   238   this Q     0.03002   best Q    0.001975   271.4 min
  restart   3/8    eval   239   this Q      0.0302   best Q    0.001975   271.5 min
  restart   3/8    eval   240   this Q     0.02906   best Q    0.001975   271.7 min
  restart   3/8    eval   241   this Q     0.02878   best Q    0.001975   271.8 min
  restart   3/8    eval   242   this Q     0.03126   best Q    0.001975   272.0 min
  restart   3/8    eval   243   this Q     0.02979   best Q    0.001975   272.2 min
  restart   3/8    eval   244   this Q     0.02964   best Q    0.001975   272.3 min
  restart   3/8    eval   245   this Q      0.0295   best Q    0.001975   272.5 min
  restart   3/8    eval   246   this Q     0.02863   best Q    0.001975   272.6 min
  restart   3/8    eval   247   this Q     0.02851   best Q    0.001975   272.8 min
  restart   3/8    eval   248   this Q     0.02958   best Q    0.001975   272.9 min
  restart   3/8    eval   249   this Q     0.02807   best Q    0.001975   273.1 min
  restart   3/8    eval   250   this Q     0.02764   best Q    0.001975   273.2 min
  restart   3/8    eval   251   this Q      0.0282   best Q    0.001975   273.4 min
  restart   3/8    eval   252   this Q     0.02784   best Q    0.001975   273.6 min
  restart   3/8    eval   253   this Q      0.0269   best Q    0.001975   273.7 min
  restart   3/8    eval   254   this Q      0.0259   best Q    0.001975   273.9 min
  restart   3/8    eval   255   this Q     0.02676   best Q    0.001975   274.0 min
  restart   3/8    eval   256   this Q     0.02765   best Q    0.001975   274.2 min
  restart   3/8    eval   257   this Q     0.02708   best Q    0.001975   274.3 min
  restart   3/8    eval   258   this Q     0.02596   best Q    0.001975   274.5 min
  restart   3/8    eval   259   this Q     0.02542   best Q    0.001975   274.7 min
  restart   3/8    eval   260   this Q     0.02517   best Q    0.001975   274.8 min
  restart   3/8    eval   261   this Q     0.02473   best Q    0.001975   275.0 min
  restart   3/8    eval   262   this Q     0.02435   best Q    0.001975   275.1 min
  restart   3/8    eval   263   this Q     0.02489   best Q    0.001975   275.3 min
  restart   3/8    eval   264   this Q     0.02335   best Q    0.001975   275.4 min
  restart   3/8    eval   265   this Q     0.02225   best Q    0.001975   275.6 min
  restart   3/8    eval   266   this Q     0.02392   best Q    0.001975   275.8 min
  restart   3/8    eval   267   this Q     0.02187   best Q    0.001975   275.9 min
  restart   3/8    eval   268   this Q     0.02111   best Q    0.001975   276.1 min
  restart   3/8    eval   269   this Q     0.02035   best Q    0.001975   276.2 min
  restart   3/8    eval   270   this Q     0.01845   best Q    0.001975   276.4 min
  restart   3/8    eval   271   this Q      0.0191   best Q    0.001975   276.6 min
  restart   3/8    eval   272   this Q     0.02013   best Q    0.001975   276.7 min
  restart   3/8    eval   273   this Q     0.02005   best Q    0.001975   276.9 min
  restart   3/8    eval   274   this Q     0.01814   best Q    0.001975   277.0 min
  restart   3/8    eval   275   this Q     0.01876   best Q    0.001975   277.2 min
  restart   3/8    eval   276   this Q     0.01728   best Q    0.001975   277.4 min
  restart   3/8    eval   277   this Q     0.01801   best Q    0.001975   277.5 min
  restart   3/8    eval   278   this Q     0.01598   best Q    0.001975   277.7 min
  restart   3/8    eval   279   this Q     0.01553   best Q    0.001975   277.8 min
  restart   3/8    eval   280   this Q     0.01643   best Q    0.001975   278.0 min
  restart   3/8    eval   281   this Q     0.01425   best Q    0.001975   278.2 min
  restart   3/8    eval   282   this Q     0.01573   best Q    0.001975   278.3 min
  restart   3/8    eval   283   this Q     0.01662   best Q    0.001975   278.5 min
  restart   3/8    eval   284   this Q     0.01313   best Q    0.001975   278.6 min
  restart   3/8    eval   285   this Q     0.01369   best Q    0.001975   278.8 min
  restart   3/8    eval   286   this Q     0.01236   best Q    0.001975   279.0 min
  restart   3/8    eval   287   this Q     0.01277   best Q    0.001975   279.1 min
  restart   3/8    eval   288   this Q     0.01131   best Q    0.001975   279.3 min
  restart   3/8    eval   289   this Q     0.01135   best Q    0.001975   279.5 min
  restart   3/8    eval   290   this Q     0.01515   best Q    0.001975   279.6 min
  restart   3/8    eval   291   this Q     0.01543   best Q    0.001975   279.8 min
  restart   3/8    eval   292   this Q     0.01609   best Q    0.001975   280.0 min
  restart   3/8    eval   293   this Q     0.01952   best Q    0.001975   280.1 min
  restart   3/8    eval   294   this Q     0.01345   best Q    0.001975   280.3 min
  restart   3/8    eval   295   this Q     0.01004   best Q    0.001975   280.4 min
  restart   3/8    eval   296   this Q    0.009322   best Q    0.001975   280.6 min
  restart   3/8    eval   297   this Q     0.01502   best Q    0.001975   280.8 min
  restart   3/8    eval   298   this Q     0.01334   best Q    0.001975   280.9 min
  restart   3/8    eval   299   this Q     0.01382   best Q    0.001975   281.1 min
  restart   3/8    eval   300   this Q     0.01459   best Q    0.001975   281.2 min
  restart   3/8    eval   301   this Q     0.01204   best Q    0.001975   281.4 min
  restart   3/8    eval   302   this Q     0.01572   best Q    0.001975   281.6 min
  restart   3/8    eval   303   this Q      0.0119   best Q    0.001975   281.7 min
  restart   3/8    eval   304   this Q    0.008958   best Q    0.001975   281.9 min
  restart   3/8    eval   305   this Q    0.008846   best Q    0.001975   282.1 min
  restart   3/8    eval   306   this Q     0.01249   best Q    0.001975   282.2 min
  restart   3/8    eval   307   this Q    0.008055   best Q    0.001975   282.4 min
  restart   3/8    eval   308   this Q    0.008326   best Q    0.001975   282.6 min
  restart   3/8    eval   309   this Q    0.009048   best Q    0.001975   282.7 min
  restart   3/8    eval   310   this Q    0.007537   best Q    0.001975   282.9 min
  restart   3/8    eval   311   this Q    0.009094   best Q    0.001975   283.0 min
  restart   3/8    eval   312   this Q    0.009967   best Q    0.001975   283.2 min
  restart   3/8    eval   313   this Q    0.007708   best Q    0.001975   283.4 min
  restart   3/8    eval   314   this Q     0.01014   best Q    0.001975   283.5 min
  restart   3/8    eval   315   this Q    0.007557   best Q    0.001975   283.7 min
  restart   3/8    eval   316   this Q     0.00651   best Q    0.001975   283.9 min
  restart   3/8    eval   317   this Q     0.01987   best Q    0.001975   284.0 min
  restart   3/8    eval   318   this Q    0.009399   best Q    0.001975   284.2 min
  restart   3/8    eval   319   this Q     0.07292   best Q    0.001975   284.4 min
  restart   3/8    eval   320   this Q    0.007286   best Q    0.001975   284.5 min
  restart   3/8    eval   321   this Q        0.01   best Q    0.001975   284.7 min
  restart   3/8    eval   322   this Q    0.007289   best Q    0.001975   284.8 min
  restart   3/8    eval   323   this Q    0.007049   best Q    0.001975   285.0 min
  restart   3/8    eval   324   this Q    0.008325   best Q    0.001975   285.2 min
  restart   3/8    eval   325   this Q    0.008012   best Q    0.001975   285.3 min
  restart   3/8    eval   326   this Q    0.009496   best Q    0.001975   285.5 min
  restart   3/8    eval   327   this Q    0.006628   best Q    0.001975   285.7 min
  restart   3/8    eval   328   this Q    0.006061   best Q    0.001975   285.8 min
  restart   3/8    eval   329   this Q    0.007605   best Q    0.001975   286.0 min
  restart   3/8    eval   330   this Q    0.009015   best Q    0.001975   286.1 min
  restart   3/8    eval   331   this Q     0.00641   best Q    0.001975   286.3 min
  restart   3/8    eval   332   this Q    0.006029   best Q    0.001975   286.5 min
  restart   3/8    eval   333   this Q    0.007839   best Q    0.001975   286.6 min
  restart   3/8    eval   334   this Q     0.00859   best Q    0.001975   286.8 min
  restart   3/8    eval   335   this Q      0.0062   best Q    0.001975   287.0 min
  restart   3/8    eval   336   this Q     0.00602   best Q    0.001975   287.1 min
  restart   3/8    eval   337   this Q    0.008028   best Q    0.001975   287.3 min
  restart   3/8    eval   338   this Q    0.005313   best Q    0.001975   287.5 min
  restart   3/8    eval   339   this Q    0.006174   best Q    0.001975   287.6 min
  restart   3/8    eval   340   this Q     0.01285   best Q    0.001975   287.8 min
  restart   3/8    eval   341   this Q    0.006073   best Q    0.001975   287.9 min
  restart   3/8    eval   342   this Q     0.00866   best Q    0.001975   288.1 min
  restart   3/8    eval   343   this Q    0.005994   best Q    0.001975   288.3 min
  restart   3/8    eval   344   this Q     0.00577   best Q    0.001975   288.4 min
  restart   3/8    eval   345   this Q    0.007509   best Q    0.001975   288.6 min
  restart   3/8    eval   346   this Q    0.005617   best Q    0.001975   288.8 min
  restart   3/8    eval   347   this Q    0.006016   best Q    0.001975   288.9 min
  restart   3/8    eval   348   this Q    0.006296   best Q    0.001975   289.1 min
  restart   3/8    eval   349   this Q    0.005584   best Q    0.001975   289.2 min
  restart   3/8    eval   350   this Q    0.005383   best Q    0.001975   289.4 min
  restart   3/8    eval   351   this Q    0.006442   best Q    0.001975   289.6 min
  restart   3/8    eval   352   this Q    0.005475   best Q    0.001975   289.7 min
  restart   3/8    eval   353   this Q    0.006635   best Q    0.001975   289.9 min
  restart   3/8    eval   354   this Q    0.005445   best Q    0.001975   290.1 min
  restart   3/8    eval   355   this Q    0.005535   best Q    0.001975   290.2 min
  restart   3/8    eval   356   this Q    0.005808   best Q    0.001975   290.4 min
  restart   3/8    eval   357   this Q     0.00519   best Q    0.001975   290.6 min
  restart   3/8    eval   358   this Q     0.01166   best Q    0.001975   290.7 min
  restart   3/8    eval   359   this Q    0.005901   best Q    0.001975   290.9 min
  restart   3/8    eval   360   this Q    0.005337   best Q    0.001975   291.0 min
  restart   3/8    eval   361   this Q    0.005825   best Q    0.001975   291.2 min
  restart   3/8    eval   362   this Q    0.005336   best Q    0.001975   291.4 min
  restart   3/8    eval   363   this Q    0.005009   best Q    0.001975   291.5 min
  restart   3/8    eval   364   this Q    0.005167   best Q    0.001975   291.7 min
  restart   3/8    eval   365   this Q    0.005123   best Q    0.001975   291.9 min
  restart   3/8    eval   366   this Q    0.005555   best Q    0.001975   292.0 min
  restart   3/8    eval   367   this Q    0.005198   best Q    0.001975   292.2 min
  restart   3/8    eval   368   this Q    0.004923   best Q    0.001975   292.3 min
  restart   3/8    eval   369   this Q    0.005081   best Q    0.001975   292.5 min
  restart   3/8    eval   370   this Q    0.005222   best Q    0.001975   292.7 min
  restart   3/8    eval   371   this Q    0.005172   best Q    0.001975   292.8 min
  restart   3/8    eval   372   this Q    0.005192   best Q    0.001975   293.0 min
  restart   3/8    eval   373   this Q     0.00498   best Q    0.001975   293.2 min
  restart   3/8    eval   374   this Q    0.005051   best Q    0.001975   293.3 min
  restart   3/8    eval   375   this Q     0.00497   best Q    0.001975   293.5 min
  restart   3/8    eval   376   this Q    0.004729   best Q    0.001975   293.7 min
  restart   3/8    eval   377   this Q    0.004772   best Q    0.001975   293.8 min
  restart   3/8    eval   378   this Q    0.005026   best Q    0.001975   294.0 min
  restart   3/8    eval   379   this Q    0.005007   best Q    0.001975   294.1 min
  restart   3/8    eval   380   this Q    0.004942   best Q    0.001975   294.3 min
  restart   3/8    eval   381   this Q    0.004642   best Q    0.001975   294.5 min
  restart   3/8    eval   382   this Q    0.004787   best Q    0.001975   294.6 min
  restart   3/8    eval   383   this Q    0.005059   best Q    0.001975   294.8 min
  restart   3/8    eval   384   this Q    0.004814   best Q    0.001975   295.0 min
  restart   3/8    eval   385   this Q    0.004955   best Q    0.001975   295.1 min
  restart   3/8    eval   386   this Q    0.004926   best Q    0.001975   295.3 min
  restart   3/8    eval   387   this Q    0.004871   best Q    0.001975   295.4 min
  restart   3/8    eval   388   this Q    0.005258   best Q    0.001975   295.6 min
  restart   3/8    eval   389   this Q     0.00474   best Q    0.001975   295.8 min
  restart   3/8    eval   390   this Q     0.00508   best Q    0.001975   295.9 min
  restart   3/8    eval   391   this Q    0.004779   best Q    0.001975   296.1 min
  restart   3/8    eval   392   this Q    0.005358   best Q    0.001975   296.3 min
  restart   3/8    eval   393   this Q     0.00476   best Q    0.001975   296.4 min
  restart   3/8    eval   394   this Q    0.004925   best Q    0.001975   296.6 min
  restart   3/8    eval   395   this Q    0.004963   best Q    0.001975   296.8 min
  restart   3/8    eval   396   this Q    0.004751   best Q    0.001975   296.9 min
  restart   3/8    eval   397   this Q    0.004953   best Q    0.001975   297.1 min
  restart   3/8    eval   398   this Q    0.004753   best Q    0.001975   297.2 min
  restart   3/8    eval   399   this Q    0.004616   best Q    0.001975   297.4 min
  restart   3/8    eval   400   this Q     0.00471   best Q    0.001975   297.6 min
  restart   3/8    eval   401   this Q     0.00485   best Q    0.001975   297.7 min
  restart   3/8    eval   402   this Q    0.004709   best Q    0.001975   297.9 min
  restart   3/8    eval   403   this Q    0.004645   best Q    0.001975   298.1 min
  restart   3/8    eval   404   this Q    0.004555   best Q    0.001975   298.2 min
  restart   3/8    eval   405   this Q    0.004552   best Q    0.001975   298.4 min
  restart   3/8    eval   406   this Q    0.004578   best Q    0.001975   298.5 min
  restart   3/8    eval   407   this Q    0.004489   best Q    0.001975   298.7 min
  restart   3/8    eval   408   this Q    0.004464   best Q    0.001975   298.9 min
  restart   3/8    eval   409   this Q    0.004447   best Q    0.001975   299.0 min
  restart   3/8    eval   410   this Q    0.004465   best Q    0.001975   299.2 min
  restart   3/8    eval   411   this Q    0.004457   best Q    0.001975   299.4 min
  restart   3/8    eval   412   this Q    0.004347   best Q    0.001975   299.5 min
  restart   3/8    eval   413   this Q    0.004338   best Q    0.001975   299.7 min
  restart   3/8    eval   414   this Q    0.004223   best Q    0.001975   299.9 min
  restart   3/8    eval   415   this Q    0.004992   best Q    0.001975   300.0 min
  restart   3/8    eval   416   this Q    0.004582   best Q    0.001975   300.2 min
  restart   3/8    eval   417   this Q    0.004495   best Q    0.001975   300.3 min
  restart   3/8    eval   418   this Q    0.004172   best Q    0.001975   300.5 min
  restart   3/8    eval   419   this Q     0.00408   best Q    0.001975   300.7 min
  restart   3/8    eval   420   this Q    0.004539   best Q    0.001975   300.8 min
  restart   3/8    eval   421   this Q    0.004226   best Q    0.001975   301.0 min
  restart   3/8    eval   422   this Q    0.004264   best Q    0.001975   301.2 min
  restart   3/8    eval   423   this Q    0.004569   best Q    0.001975   301.3 min
  restart   3/8    eval   424   this Q     0.00431   best Q    0.001975   301.5 min
  restart   3/8    eval   425   this Q    0.004321   best Q    0.001975   301.7 min
  restart   3/8    eval   426   this Q    0.004147   best Q    0.001975   301.8 min
  restart   3/8    eval   427   this Q    0.004116   best Q    0.001975   302.0 min
  restart   3/8    eval   428   this Q    0.004066   best Q    0.001975   302.2 min
  restart   3/8    eval   429   this Q    0.004218   best Q    0.001975   302.3 min
  restart   3/8    eval   430   this Q    0.004026   best Q    0.001975   302.5 min
  restart   3/8    eval   431   this Q     0.00464   best Q    0.001975   302.6 min
  restart   3/8    eval   432   this Q    0.004114   best Q    0.001975   302.8 min
  restart   3/8    eval   433   this Q    0.004111   best Q    0.001975   303.0 min
  restart   3/8    eval   434   this Q    0.003942   best Q    0.001975   303.1 min
  restart   3/8    eval   435   this Q    0.004728   best Q    0.001975   303.3 min
  restart   3/8    eval   436   this Q     0.00399   best Q    0.001975   303.5 min
  restart   3/8    eval   437   this Q    0.004107   best Q    0.001975   303.6 min
  restart   3/8    eval   438   this Q    0.004507   best Q    0.001975   303.8 min
  restart   3/8    eval   439   this Q    0.004029   best Q    0.001975   304.0 min
  restart   3/8    eval   440   this Q    0.004712   best Q    0.001975   304.1 min
  restart   3/8    eval   441   this Q     0.00401   best Q    0.001975   304.3 min
  restart   3/8    eval   442   this Q    0.004116   best Q    0.001975   304.4 min
  restart   3/8    eval   443   this Q    0.004008   best Q    0.001975   304.6 min
  restart   3/8    eval   444   this Q    0.003978   best Q    0.001975   304.8 min
  restart   3/8    eval   445   this Q    0.004216   best Q    0.001975   304.9 min
  restart   3/8    eval   446   this Q    0.003992   best Q    0.001975   305.1 min
  restart   3/8    eval   447   this Q    0.003881   best Q    0.001975   305.3 min
  restart   3/8    eval   448   this Q    0.003844   best Q    0.001975   305.4 min
  restart   3/8    eval   449   this Q    0.003953   best Q    0.001975   305.6 min
  restart   3/8    eval   450   this Q    0.003885   best Q    0.001975   305.8 min
  restart   3/8    eval   451   this Q    0.003831   best Q    0.001975   305.9 min
  restart   3/8    eval   452   this Q    0.003808   best Q    0.001975   306.1 min
  restart   3/8    eval   453   this Q    0.003872   best Q    0.001975   306.3 min
  restart   3/8    eval   454   this Q     0.00376   best Q    0.001975   306.4 min
  restart   3/8    eval   455   this Q    0.003726   best Q    0.001975   306.6 min
  restart   3/8    eval   456   this Q    0.003796   best Q    0.001975   306.7 min
  restart   3/8    eval   457   this Q    0.003757   best Q    0.001975   306.9 min
  restart   3/8    eval   458   this Q    0.003795   best Q    0.001975   307.1 min
  restart   3/8    eval   459   this Q    0.003658   best Q    0.001975   307.2 min
  restart   3/8    eval   460   this Q    0.003698   best Q    0.001975   307.4 min
  restart   3/8    eval   461   this Q    0.003667   best Q    0.001975   307.6 min
  restart   3/8    eval   462   this Q    0.003718   best Q    0.001975   307.7 min
  restart   3/8    eval   463   this Q    0.003663   best Q    0.001975   307.9 min
  restart   3/8    eval   464   this Q    0.003617   best Q    0.001975   308.1 min
  restart   3/8    eval   465   this Q    0.004125   best Q    0.001975   308.2 min
  restart   3/8    eval   466   this Q    0.003705   best Q    0.001975   308.4 min
  restart   3/8    eval   467   this Q    0.003653   best Q    0.001975   308.6 min
  restart   3/8    eval   468   this Q    0.003743   best Q    0.001975   308.7 min
  restart   3/8    eval   469   this Q    0.003974   best Q    0.001975   308.9 min
  restart   3/8    eval   470   this Q    0.003633   best Q    0.001975   309.0 min
  restart   3/8    eval   471   this Q    0.003785   best Q    0.001975   309.2 min
  restart   3/8    eval   472   this Q    0.003649   best Q    0.001975   309.4 min
  restart   3/8    eval   473   this Q    0.003585   best Q    0.001975   309.5 min
  restart   3/8    eval   474   this Q    0.003655   best Q    0.001975   309.7 min
  restart   3/8    eval   475   this Q    0.003571   best Q    0.001975   309.9 min
  restart   3/8    eval   476   this Q    0.003617   best Q    0.001975   310.0 min
  restart   3/8    eval   477   this Q    0.003735   best Q    0.001975   310.2 min
  restart   3/8    eval   478   this Q    0.003617   best Q    0.001975   310.4 min
  restart   3/8    eval   479   this Q    0.003527   best Q    0.001975   310.5 min
  restart   3/8    eval   480   this Q    0.003499   best Q    0.001975   310.7 min
  restart   3/8    eval   481   this Q    0.003618   best Q    0.001975   310.8 min
  restart   3/8    eval   482   this Q    0.003517   best Q    0.001975   311.0 min
  restart   3/8    eval   483   this Q    0.003635   best Q    0.001975   311.2 min
  restart   3/8    eval   484   this Q    0.003608   best Q    0.001975   311.3 min
  restart   3/8    eval   485   this Q    0.003607   best Q    0.001975   311.5 min
  restart   3/8    eval   486   this Q    0.003527   best Q    0.001975   311.7 min
  restart   3/8    eval   487   this Q    0.003516   best Q    0.001975   311.8 min
  restart   3/8    eval   488   this Q    0.003412   best Q    0.001975   312.0 min
  restart   3/8    eval   489   this Q    0.003326   best Q    0.001975   312.2 min
  restart   3/8    eval   490   this Q    0.003607   best Q    0.001975   312.3 min
  restart   3/8    eval   491   this Q    0.003613   best Q    0.001975   312.5 min
  restart   3/8    eval   492   this Q     0.00353   best Q    0.001975   312.6 min
  restart   3/8    eval   493   this Q    0.003482   best Q    0.001975   312.8 min
  restart   3/8    eval   494   this Q    0.003573   best Q    0.001975   313.0 min
  restart   3/8    eval   495   this Q    0.003449   best Q    0.001975   313.1 min
  restart   3/8    eval   496   this Q    0.003557   best Q    0.001975   313.3 min
  restart   3/8    eval   497   this Q    0.003425   best Q    0.001975   313.5 min
  restart   3/8    eval   498   this Q    0.003543   best Q    0.001975   313.6 min
  restart   3/8    eval   499   this Q    0.003463   best Q    0.001975   313.8 min
  restart   3/8    eval   500   this Q    0.003404   best Q    0.001975   314.0 min
  restart   3/8    eval   501   this Q    0.003403   best Q    0.001975   314.1 min
  restart   3/8    eval   502   this Q    0.003326   best Q    0.001975   314.3 min
  restart   3/8    eval   503   this Q    0.003365   best Q    0.001975   314.4 min
  restart   3/8    eval   504   this Q    0.003312   best Q    0.001975   314.6 min
  restart   3/8    eval   505   this Q    0.003307   best Q    0.001975   314.8 min
  restart   3/8    eval   506   this Q    0.003306   best Q    0.001975   314.9 min
  restart   3/8    eval   507   this Q    0.003356   best Q    0.001975   315.1 min
  restart   3/8    eval   508   this Q    0.003243   best Q    0.001975   315.3 min
  restart   3/8    eval   509   this Q     0.00321   best Q    0.001975   315.4 min
  restart   3/8    eval   510   this Q     0.00321   best Q    0.001975   315.6 min
  restart   3/8    eval   511   this Q    0.003192   best Q    0.001975   315.8 min
  restart   3/8    eval   512   this Q    0.003167   best Q    0.001975   315.9 min
  restart   3/8    eval   513   this Q    0.003133   best Q    0.001975   316.1 min
  restart   3/8    eval   514   this Q    0.003123   best Q    0.001975   316.2 min
  restart   3/8    eval   515   this Q    0.003131   best Q    0.001975   316.4 min
  restart   3/8    eval   516   this Q    0.003093   best Q    0.001975   316.6 min
  restart   3/8    eval   517   this Q    0.003143   best Q    0.001975   316.7 min
  restart   3/8    eval   518   this Q    0.003039   best Q    0.001975   316.9 min
  restart   3/8    eval   519   this Q    0.003005   best Q    0.001975   317.1 min
  restart   3/8    eval   520   this Q    0.003149   best Q    0.001975   317.2 min
  restart   3/8    eval   521   this Q     0.00299   best Q    0.001975   317.4 min
  restart   3/8    eval   522   this Q    0.003014   best Q    0.001975   317.6 min
  restart   3/8    eval   523   this Q    0.002984   best Q    0.001975   317.7 min
  restart   3/8    eval   524   this Q    0.003122   best Q    0.001975   317.9 min
  restart   3/8    eval   525   this Q    0.003502   best Q    0.001975   318.0 min
  restart   3/8    eval   526   this Q    0.003092   best Q    0.001975   318.2 min
  restart   3/8    eval   527   this Q    0.003083   best Q    0.001975   318.4 min
  restart   3/8    eval   528   this Q    0.003172   best Q    0.001975   318.5 min
  restart   3/8    eval   529   this Q    0.003056   best Q    0.001975   318.7 min
  restart   3/8    eval   530   this Q     0.00304   best Q    0.001975   318.9 min
  restart   3/8    eval   531   this Q     0.00296   best Q    0.001975   319.0 min
  restart   3/8    eval   532   this Q    0.003019   best Q    0.001975   319.2 min
  restart   3/8    eval   533   this Q    0.003027   best Q    0.001975   319.4 min
  restart   3/8    eval   534   this Q     0.00293   best Q    0.001975   319.5 min
  restart   3/8    eval   535   this Q    0.002959   best Q    0.001975   319.7 min
  restart   3/8    eval   536   this Q     0.00292   best Q    0.001975   319.8 min
  restart   3/8    eval   537   this Q    0.003038   best Q    0.001975   320.0 min
  restart   3/8    eval   538   this Q    0.002953   best Q    0.001975   320.2 min
  restart   3/8    eval   539   this Q    0.002888   best Q    0.001975   320.3 min
  restart   3/8    eval   540   this Q    0.002945   best Q    0.001975   320.5 min
  restart   3/8    eval   541   this Q       0.003   best Q    0.001975   320.7 min
  restart   3/8    eval   542   this Q    0.002993   best Q    0.001975   320.8 min
  restart   3/8    eval   543   this Q    0.003064   best Q    0.001975   321.0 min
  restart   3/8    eval   544   this Q    0.002923   best Q    0.001975   321.2 min
  restart   3/8    eval   545   this Q    0.003033   best Q    0.001975   321.3 min
  restart   3/8    eval   546   this Q    0.002934   best Q    0.001975   321.5 min
  restart   3/8    eval   547   this Q    0.003009   best Q    0.001975   321.7 min
  restart   3/8    eval   548   this Q    0.002929   best Q    0.001975   321.8 min
  restart   3/8    eval   549   this Q    0.002886   best Q    0.001975   322.0 min
  restart   3/8    eval   550   this Q    0.002937   best Q    0.001975   322.1 min
  restart   3/8    eval   551   this Q    0.002867   best Q    0.001975   322.3 min
  restart   3/8    eval   552   this Q     0.00291   best Q    0.001975   322.5 min
  restart   3/8    eval   553   this Q    0.002898   best Q    0.001975   322.6 min
  restart   3/8    eval   554   this Q    0.003047   best Q    0.001975   322.8 min
  restart   3/8    eval   555   this Q    0.002896   best Q    0.001975   323.0 min
  restart   3/8    eval   556   this Q    0.002855   best Q    0.001975   323.1 min
  restart   3/8    eval   557   this Q    0.002869   best Q    0.001975   323.3 min
  restart   3/8    eval   558   this Q    0.002865   best Q    0.001975   323.5 min
  restart   3/8    eval   559   this Q    0.002891   best Q    0.001975   323.6 min
  restart   3/8    eval   560   this Q    0.002862   best Q    0.001975   323.8 min
  restart   3/8    eval   561   this Q    0.002846   best Q    0.001975   324.0 min
  restart   3/8    eval   562   this Q      0.0029   best Q    0.001975   324.1 min
  restart   3/8    eval   563   this Q    0.002889   best Q    0.001975   324.3 min
  restart   3/8    eval   564   this Q    0.002875   best Q    0.001975   324.4 min
  restart   3/8    eval   565   this Q    0.002865   best Q    0.001975   324.6 min
  restart   3/8    eval   566   this Q    0.002901   best Q    0.001975   324.8 min
  restart   3/8    eval   567   this Q     0.00286   best Q    0.001975   324.9 min
  restart   3/8    eval   568   this Q    0.002807   best Q    0.001975   325.1 min
  restart   3/8    eval   569   this Q    0.002773   best Q    0.001975   325.3 min
  restart   3/8    eval   570   this Q    0.002866   best Q    0.001975   325.4 min
  restart   3/8    eval   571   this Q    0.002863   best Q    0.001975   325.6 min
  restart   3/8    eval   572   this Q    0.002844   best Q    0.001975   325.8 min
  restart   3/8    eval   573   this Q    0.002905   best Q    0.001975   325.9 min
  restart   3/8    eval   574   this Q    0.002833   best Q    0.001975   326.1 min
  restart   3/8    eval   575   this Q    0.002836   best Q    0.001975   326.3 min
  restart   3/8    eval   576   this Q    0.002801   best Q    0.001975   326.4 min
  restart   3/8    eval   577   this Q    0.002837   best Q    0.001975   326.6 min
  restart   3/8    eval   578   this Q     0.00279   best Q    0.001975   326.7 min
  restart   3/8    eval   579   this Q    0.002781   best Q    0.001975   326.9 min
  restart   3/8    eval   580   this Q    0.002805   best Q    0.001975   327.1 min
  restart   3/8    eval   581   this Q    0.002781   best Q    0.001975   327.2 min
  restart   3/8    eval   582   this Q    0.002793   best Q    0.001975   327.4 min
  restart   3/8    eval   583   this Q    0.002776   best Q    0.001975   327.6 min
  restart   3/8    eval   584   this Q    0.002736   best Q    0.001975   327.7 min
  restart   3/8    eval   585   this Q    0.002719   best Q    0.001975   327.9 min
  restart   3/8    eval   586   this Q    0.002694   best Q    0.001975   328.1 min
  restart   3/8    eval   587   this Q    0.002644   best Q    0.001975   328.2 min
  restart   3/8    eval   588   this Q     0.00278   best Q    0.001975   328.4 min
  restart   3/8    eval   589   this Q    0.002691   best Q    0.001975   328.6 min
  restart   3/8    eval   590   this Q    0.002739   best Q    0.001975   328.7 min
  restart   3/8    eval   591   this Q    0.002727   best Q    0.001975   328.9 min
  restart   3/8    eval   592   this Q    0.002741   best Q    0.001975   329.0 min
  restart   3/8    eval   593   this Q    0.002717   best Q    0.001975   329.2 min
  restart   3/8    eval   594   this Q    0.002714   best Q    0.001975   329.4 min
  restart   3/8    eval   595   this Q    0.002727   best Q    0.001975   329.5 min
  restart   3/8    eval   596   this Q     0.00265   best Q    0.001975   329.7 min
  restart   3/8    eval   597   this Q    0.002683   best Q    0.001975   329.9 min
  restart   3/8    eval   598   this Q    0.002653   best Q    0.001975   330.0 min
  restart   3/8    eval   599   this Q    0.002655   best Q    0.001975   330.2 min
  restart   3/8    eval   600   this Q    0.002654   best Q    0.001975   330.4 min
  restart   3/8    eval   601   this Q    0.002673   best Q    0.001975   330.5 min
  restart   3/8    eval   602   this Q    0.002657   best Q    0.001975   330.7 min
  restart   3/8    eval   603   this Q    0.002613   best Q    0.001975   330.9 min
  restart   3/8    eval   604   this Q    0.002679   best Q    0.001975   331.0 min
  restart   3/8    eval   605   this Q    0.002639   best Q    0.001975   331.2 min
  restart   3/8    eval   606   this Q    0.002601   best Q    0.001975   331.3 min
  restart   3/8    eval   607   this Q    0.002622   best Q    0.001975   331.5 min
  restart   3/8    eval   608   this Q    0.002602   best Q    0.001975   331.7 min
  restart   3/8    eval   609   this Q    0.002671   best Q    0.001975   331.8 min
  restart   3/8    eval   610   this Q    0.002628   best Q    0.001975   332.0 min
  restart   3/8    eval   611   this Q    0.002628   best Q    0.001975   332.2 min
  restart   3/8    eval   612   this Q    0.002638   best Q    0.001975   332.3 min
  restart   3/8    eval   613   this Q     0.00259   best Q    0.001975   332.5 min
  restart   3/8    eval   614   this Q    0.002615   best Q    0.001975   332.7 min
  restart   3/8    eval   615   this Q    0.002617   best Q    0.001975   332.8 min
  restart   3/8    eval   616   this Q    0.002553   best Q    0.001975   333.0 min
  restart   3/8    eval   617   this Q    0.002526   best Q    0.001975   333.1 min
  restart   3/8    eval   618   this Q    0.002598   best Q    0.001975   333.3 min
  restart   3/8    eval   619   this Q    0.002598   best Q    0.001975   333.5 min
  restart   3/8    eval   620   this Q    0.002578   best Q    0.001975   333.6 min
  restart   3/8    eval   621   this Q     0.00254   best Q    0.001975   333.8 min
  restart   3/8    eval   622   this Q    0.002568   best Q    0.001975   334.0 min
  restart   3/8    eval   623   this Q    0.002562   best Q    0.001975   334.1 min
  restart   3/8    eval   624   this Q     0.00253   best Q    0.001975   334.3 min
  restart   3/8    eval   625   this Q    0.002521   best Q    0.001975   334.5 min
  restart   3/8    eval   626   this Q    0.002548   best Q    0.001975   334.6 min
  restart   3/8    eval   627   this Q    0.002533   best Q    0.001975   334.8 min
  restart   3/8    eval   628   this Q    0.002565   best Q    0.001975   335.0 min
  restart   3/8    eval   629   this Q    0.002488   best Q    0.001975   335.1 min
  restart   3/8    eval   630   this Q    0.002493   best Q    0.001975   335.3 min
  restart   3/8    eval   631   this Q    0.002531   best Q    0.001975   335.4 min
  restart   3/8    eval   632   this Q    0.002495   best Q    0.001975   335.6 min
  restart   3/8    eval   633   this Q    0.002547   best Q    0.001975   335.8 min
  restart   3/8    eval   634   this Q    0.002523   best Q    0.001975   335.9 min
  restart   3/8    eval   635   this Q    0.002552   best Q    0.001975   336.1 min
  restart   3/8    eval   636   this Q    0.002509   best Q    0.001975   336.3 min
  restart   3/8    eval   637   this Q    0.002478   best Q    0.001975   336.4 min
  restart   3/8    eval   638   this Q    0.002495   best Q    0.001975   336.6 min
  restart   3/8    eval   639   this Q     0.00251   best Q    0.001975   336.8 min
  restart   3/8    eval   640   this Q    0.002552   best Q    0.001975   336.9 min
  restart   3/8    eval   641   this Q    0.002505   best Q    0.001975   337.1 min
  restart   3/8    eval   642   this Q    0.002497   best Q    0.001975   337.2 min
  restart   3/8    eval   643   this Q    0.002479   best Q    0.001975   337.4 min
  restart   3/8    eval   644   this Q    0.002534   best Q    0.001975   337.6 min
  restart   3/8    eval   645   this Q    0.002499   best Q    0.001975   337.7 min
  restart   3/8    eval   646   this Q    0.002494   best Q    0.001975   337.9 min
  restart   3/8    eval   647   this Q    0.002501   best Q    0.001975   338.1 min
  restart   3/8    eval   648   this Q    0.002482   best Q    0.001975   338.2 min
  restart   3/8    eval   649   this Q    0.002482   best Q    0.001975   338.4 min
  restart   3/8    eval   650   this Q     0.00249   best Q    0.001975   338.6 min
  restart   3/8    eval   651   this Q    0.002479   best Q    0.001975   338.8 min
  restart   3/8    eval   652   this Q    0.002473   best Q    0.001975   339.0 min
  restart   3/8    eval   653   this Q    0.002508   best Q    0.001975   339.2 min
  restart   3/8    eval   654   this Q    0.002472   best Q    0.001975   339.3 min
  restart   3/8    eval   655   this Q    0.002513   best Q    0.001975   339.5 min
  restart   3/8    eval   656   this Q    0.002482   best Q    0.001975   339.7 min
  restart   3/8    eval   657   this Q    0.002488   best Q    0.001975   339.8 min
  restart   3/8    eval   658   this Q    0.002466   best Q    0.001975   340.0 min
  restart   3/8    eval   659   this Q    0.002493   best Q    0.001975   340.2 min
  restart   3/8    eval   660   this Q    0.002484   best Q    0.001975   340.3 min
  restart   3/8    eval   661   this Q    0.002466   best Q    0.001975   340.5 min
  restart   3/8    eval   662   this Q    0.002488   best Q    0.001975   340.7 min
  restart   3/8    eval   663   this Q    0.002464   best Q    0.001975   340.8 min
  restart   3/8    eval   664   this Q    0.002466   best Q    0.001975   341.0 min
  restart   3/8    eval   665   this Q    0.002464   best Q    0.001975   341.2 min
  restart   3/8    eval   666   this Q    0.002479   best Q    0.001975   341.3 min
  restart   3/8    eval   667   this Q     0.00247   best Q    0.001975   341.5 min
  restart   3/8    eval   668   this Q     0.00249   best Q    0.001975   341.7 min
  restart   3/8    eval   669   this Q    0.002462   best Q    0.001975   341.8 min
  restart   3/8    eval   670   this Q    0.002485   best Q    0.001975   342.0 min
  restart   3/8    eval   671   this Q    0.002462   best Q    0.001975   342.2 min
  restart   3/8    eval   672   this Q    0.002477   best Q    0.001975   342.3 min
  restart   3/8    eval   673   this Q    0.002464   best Q    0.001975   342.5 min
  restart   3/8    eval   674   this Q    0.002472   best Q    0.001975   342.7 min
  restart   3/8    eval   675   this Q    0.002463   best Q    0.001975   342.8 min
  restart   3/8    eval   676   this Q    0.002475   best Q    0.001975   343.0 min
  restart   3/8    eval   677   this Q    0.002462   best Q    0.001975   343.2 min
  restart   3/8    eval   678   this Q    0.002458   best Q    0.001975   343.3 min
  restart   3/8    eval   679   this Q    0.002464   best Q    0.001975   343.5 min
  restart   3/8    eval   680   this Q    0.002477   best Q    0.001975   343.7 min
  restart   3/8    eval   681   this Q    0.002458   best Q    0.001975   343.9 min
  restart   3/8    eval   682   this Q    0.002478   best Q    0.001975   344.0 min
  restart   3/8    eval   683   this Q    0.002463   best Q    0.001975   344.2 min
  restart   3/8    eval   684   this Q    0.002481   best Q    0.001975   344.4 min
  restart   3/8    eval   685   this Q    0.002461   best Q    0.001975   344.5 min
  restart   3/8    eval   686   this Q    0.002463   best Q    0.001975   344.7 min
  restart   3/8    eval   687   this Q     0.00246   best Q    0.001975   344.9 min
  restart   3/8    eval   688   this Q    0.002464   best Q    0.001975   345.0 min
  restart   3/8    eval   689   this Q    0.002463   best Q    0.001975   345.2 min
  restart   3/8    eval   690   this Q    0.002465   best Q    0.001975   345.4 min
  restart   3/8    eval   691   this Q    0.002464   best Q    0.001975   345.5 min
  restart   3/8    eval   692   this Q    0.002463   best Q    0.001975   345.7 min
  restart   3/8    eval   693   this Q     0.00246   best Q    0.001975   345.9 min
  restart   3/8    eval   694   this Q    0.002456   best Q    0.001975   346.0 min
  restart   3/8    eval   695   this Q    0.002458   best Q    0.001975   346.2 min
  restart   3/8    eval   696   this Q    0.002465   best Q    0.001975   346.4 min
  restart   3/8    eval   697   this Q    0.002463   best Q    0.001975   346.5 min
  restart   3/8    eval   698   this Q    0.002463   best Q    0.001975   346.7 min
  restart   3/8    eval   699   this Q     0.00246   best Q    0.001975   346.9 min
  restart   3/8    eval   700   this Q    0.002456   best Q    0.001975   347.1 min
  restart   3/8    eval   701   this Q    0.002461   best Q    0.001975   347.2 min
  restart   3/8    eval   702   this Q    0.002462   best Q    0.001975   347.4 min
  restart   3/8    eval   703   this Q    0.002457   best Q    0.001975   347.6 min
  restart   3/8    eval   704   this Q    0.002463   best Q    0.001975   347.7 min
  restart   3/8    eval   705   this Q    0.002457   best Q    0.001975   347.9 min
  restart   3/8    eval   706   this Q    0.002463   best Q    0.001975   348.1 min
  restart   3/8    eval   707   this Q    0.002457   best Q    0.001975   348.3 min
  restart   3/8    eval   708   this Q    0.002466   best Q    0.001975   348.4 min
  restart   3/8    eval   709   this Q    0.002458   best Q    0.001975   348.6 min
  restart   3/8    eval   710   this Q    0.002455   best Q    0.001975   348.8 min
  restart   3/8    eval   711   this Q     0.00246   best Q    0.001975   349.0 min
  restart   3/8    eval   712   this Q    0.002462   best Q    0.001975   349.1 min
  restart   3/8    eval   713   this Q    0.002458   best Q    0.001975   349.3 min
  restart   3/8    eval   714   this Q    0.002459   best Q    0.001975   349.5 min
  restart   3/8    eval   715   this Q    0.002457   best Q    0.001975   349.7 min
  restart   3/8    eval   716   this Q    0.002455   best Q    0.001975   349.8 min
  restart   3/8    eval   717   this Q    0.002455   best Q    0.001975   350.0 min
  restart   3/8    eval   718   this Q    0.002461   best Q    0.001975   350.2 min
  restart   3/8    eval   719   this Q    0.002458   best Q    0.001975   350.3 min
  restart   3/8    eval   720   this Q    0.002455   best Q    0.001975   350.5 min
  restart   3/8    eval   721   this Q    0.002455   best Q    0.001975   350.7 min
  restart   3/8    eval   722   this Q    0.002456   best Q    0.001975   350.9 min
  restart   3/8    eval   723   this Q    0.002458   best Q    0.001975   351.0 min
  restart   3/8    eval   724   this Q    0.002456   best Q    0.001975   351.2 min
  restart   3/8    eval   725   this Q    0.002452   best Q    0.001975   351.4 min
  restart   3/8    eval   726   this Q    0.002459   best Q    0.001975   351.6 min
  restart   3/8    eval   727   this Q    0.002455   best Q    0.001975   351.7 min
  restart   3/8    eval   728   this Q    0.002462   best Q    0.001975   351.9 min
  restart   3/8    eval   729   this Q    0.002455   best Q    0.001975   352.1 min
  restart   3/8    eval   730   this Q    0.002454   best Q    0.001975   352.2 min
  restart   3/8    eval   731   this Q     0.00246   best Q    0.001975   352.4 min
  restart   3/8    eval   732   this Q    0.002458   best Q    0.001975   352.6 min
  restart   3/8    eval   733   this Q    0.002454   best Q    0.001975   352.8 min
  restart   3/8    eval   734   this Q    0.002458   best Q    0.001975   352.9 min
  restart   3/8    eval   735   this Q    0.002456   best Q    0.001975   353.1 min
  restart   3/8    eval   736   this Q    0.002455   best Q    0.001975   353.3 min
  restart   3/8    eval   737   this Q    0.002454   best Q    0.001975   353.4 min
  restart   3/8    eval   738   this Q    0.002457   best Q    0.001975   353.6 min
  restart   3/8    eval   739   this Q    0.002454   best Q    0.001975   353.8 min
  restart   3/8    eval   740   this Q    0.002454   best Q    0.001975   353.9 min
  restart   3/8    eval   741   this Q    0.002455   best Q    0.001975   354.1 min
  restart   3/8    eval   742   this Q    0.002459   best Q    0.001975   354.3 min
  restart   3/8    eval   743   this Q    0.002457   best Q    0.001975   354.4 min
  restart   3/8    eval   744   this Q    0.002459   best Q    0.001975   354.6 min
  restart   3/8    eval   745   this Q    0.002456   best Q    0.001975   354.8 min
  restart   3/8    eval   746   this Q    0.002454   best Q    0.001975   354.9 min
  restart   3/8    eval   747   this Q     0.00246   best Q    0.001975   355.1 min
  restart   3/8    eval   748   this Q    0.002454   best Q    0.001975   355.2 min
  restart   3/8    eval   749   this Q    0.002454   best Q    0.001975   355.4 min
  restart   3/8    eval   750   this Q    0.002459   best Q    0.001975   355.6 min
  restart   3/8    eval   751   this Q    0.002458   best Q    0.001975   355.7 min
  restart   3/8    eval   752   this Q    0.002454   best Q    0.001975   355.9 min
  restart   3/8    eval   753   this Q    0.002455   best Q    0.001975   356.1 min
  restart   3/8    eval   754   this Q    0.002456   best Q    0.001975   356.2 min
  restart   3/8    eval   755   this Q    0.002458   best Q    0.001975   356.4 min
  restart   3/8    eval   756   this Q    0.002454   best Q    0.001975   356.6 min
  restart   3/8    eval   757   this Q    0.002454   best Q    0.001975   356.7 min
  restart   3/8    eval   758   this Q    0.002454   best Q    0.001975   356.9 min
  restart   3/8    eval   759   this Q    0.002454   best Q    0.001975   357.1 min
  restart   3/8    eval   760   this Q    0.002455   best Q    0.001975   357.2 min
  restart   3/8    eval   761   this Q    0.002455   best Q    0.001975   357.4 min
  restart   3/8    eval   762   this Q    0.002452   best Q    0.001975   357.6 min
  restart   3/8    eval   763   this Q    0.002459   best Q    0.001975   357.7 min
  restart   3/8    eval   764   this Q    0.002455   best Q    0.001975   357.9 min
  restart   3/8    eval   765   this Q    0.002458   best Q    0.001975   358.1 min
  restart   3/8    eval   766   this Q    0.002452   best Q    0.001975   358.2 min
  restart   3/8    eval   767   this Q    0.002456   best Q    0.001975   358.4 min
  restart   3/8    eval   768   this Q    0.002452   best Q    0.001975   358.6 min
  restart   3/8    eval   769   this Q    0.002456   best Q    0.001975   358.7 min
  restart   3/8    eval   770   this Q    0.002454   best Q    0.001975   358.9 min
  restart   3/8   DONE   this    0.002452   best Q    0.001975   358.9 min, ~598 min left
  restart   4/8    eval     1   this Q     0.08615   best Q    0.001975   359.1 min
  restart   4/8    eval     2   this Q     0.08615   best Q    0.001975   359.2 min
  restart   4/8    eval     3   this Q       1.515   best Q    0.001975   359.4 min
  restart   4/8    eval     4   this Q      0.5466   best Q    0.001975   359.5 min
  restart   4/8    eval     5   this Q       1.035   best Q    0.001975   359.7 min
  restart   4/8    eval     6   this Q       2.092   best Q    0.001975   359.9 min
  restart   4/8    eval     7   this Q      0.9357   best Q    0.001975   360.0 min
  restart   4/8    eval     8   this Q     0.08397   best Q    0.001975   360.2 min
  restart   4/8    eval     9   this Q       1.016   best Q    0.001975   360.4 min
  restart   4/8    eval    10   this Q      0.1321   best Q    0.001975   360.5 min
  restart   4/8    eval    11   this Q       0.388   best Q    0.001975   360.7 min
  restart   4/8    eval    12   this Q       2.139   best Q    0.001975   360.8 min
  restart   4/8    eval    13   this Q      0.5804   best Q    0.001975   361.0 min
  restart   4/8    eval    14   this Q      0.9452   best Q    0.001975   361.2 min
  restart   4/8    eval    15   this Q      0.2095   best Q    0.001975   361.3 min
  restart   4/8    eval    16   this Q      0.4885   best Q    0.001975   361.5 min
  restart   4/8    eval    17   this Q       1.647   best Q    0.001975   361.6 min
  restart   4/8    eval    18   this Q      0.2514   best Q    0.001975   361.8 min
  restart   4/8    eval    19   this Q       1.024   best Q    0.001975   361.9 min
  restart   4/8    eval    20   this Q       0.294   best Q    0.001975   362.1 min
  restart   4/8    eval    21   this Q      0.4308   best Q    0.001975   362.3 min
  restart   4/8    eval    22   this Q      0.3565   best Q    0.001975   362.4 min
  restart   4/8    eval    23   this Q      0.5134   best Q    0.001975   362.6 min
  restart   4/8    eval    24   this Q      0.1957   best Q    0.001975   362.7 min
  restart   4/8    eval    25   this Q      0.4546   best Q    0.001975   362.9 min
  restart   4/8    eval    26   this Q      0.1375   best Q    0.001975   363.0 min
  restart   4/8    eval    27   this Q      0.7111   best Q    0.001975   363.2 min
  restart   4/8    eval    28   this Q     0.07385   best Q    0.001975   363.4 min
  restart   4/8    eval    29   this Q      0.6028   best Q    0.001975   363.5 min
  restart   4/8    eval    30   this Q      0.1449   best Q    0.001975   363.7 min
  restart   4/8    eval    31   this Q      0.1358   best Q    0.001975   363.8 min
  restart   4/8    eval    32   this Q      0.5696   best Q    0.001975   364.0 min
  restart   4/8    eval    33   this Q     0.05455   best Q    0.001975   364.1 min
  restart   4/8    eval    34   this Q      0.1958   best Q    0.001975   364.3 min
  restart   4/8    eval    35   this Q     0.04947   best Q    0.001975   364.4 min
  restart   4/8    eval    36   this Q      0.2579   best Q    0.001975   364.6 min
  restart   4/8    eval    37   this Q     0.07223   best Q    0.001975   364.8 min
  restart   4/8    eval    38   this Q      0.1258   best Q    0.001975   364.9 min
  restart   4/8    eval    39   this Q      0.2319   best Q    0.001975   365.1 min
  restart   4/8    eval    40   this Q     0.04256   best Q    0.001975   365.2 min
  restart   4/8    eval    41   this Q      0.1466   best Q    0.001975   365.4 min
  restart   4/8    eval    42   this Q     0.04675   best Q    0.001975   365.5 min
  restart   4/8    eval    43   this Q     0.09883   best Q    0.001975   365.7 min
  restart   4/8    eval    44   this Q      0.1469   best Q    0.001975   365.9 min
  restart   4/8    eval    45   this Q     0.03536   best Q    0.001975   366.0 min
  restart   4/8    eval    46   this Q      0.1232   best Q    0.001975   366.2 min
  restart   4/8    eval    47   this Q     0.04002   best Q    0.001975   366.3 min
  restart   4/8    eval    48   this Q     0.05313   best Q    0.001975   366.5 min
  restart   4/8    eval    49   this Q      0.0724   best Q    0.001975   366.6 min
  restart   4/8    eval    50   this Q     0.04825   best Q    0.001975   366.8 min
  restart   4/8    eval    51   this Q       0.103   best Q    0.001975   367.0 min
  restart   4/8    eval    52   this Q     0.02304   best Q    0.001975   367.1 min
  restart   4/8    eval    53   this Q     0.06442   best Q    0.001975   367.3 min
  restart   4/8    eval    54   this Q     0.02123   best Q    0.001975   367.4 min
  restart   4/8    eval    55   this Q     0.09521   best Q    0.001975   367.6 min
  restart   4/8    eval    56   this Q     0.01845   best Q    0.001975   367.7 min
  restart   4/8    eval    57   this Q     0.08126   best Q    0.001975   367.9 min
  restart   4/8    eval    58   this Q     0.01928   best Q    0.001975   368.0 min
  restart   4/8    eval    59   this Q      0.0736   best Q    0.001975   368.2 min
  restart   4/8    eval    60   this Q     0.02075   best Q    0.001975   368.4 min
  restart   4/8    eval    61   this Q     0.07356   best Q    0.001975   368.5 min
  restart   4/8    eval    62   this Q     0.01961   best Q    0.001975   368.7 min
  restart   4/8    eval    63   this Q     0.04649   best Q    0.001975   368.8 min
  restart   4/8    eval    64   this Q     0.02044   best Q    0.001975   369.0 min
  restart   4/8    eval    65   this Q     0.02828   best Q    0.001975   369.2 min
  restart   4/8    eval    66   this Q     0.06418   best Q    0.001975   369.3 min
  restart   4/8    eval    67   this Q     0.01667   best Q    0.001975   369.5 min
  restart   4/8    eval    68   this Q     0.03214   best Q    0.001975   369.6 min
  restart   4/8    eval    69   this Q     0.01582   best Q    0.001975   369.8 min
  restart   4/8    eval    70   this Q     0.04737   best Q    0.001975   369.9 min
  restart   4/8    eval    71   this Q     0.01275   best Q    0.001975   370.1 min
  restart   4/8    eval    72   this Q     0.02733   best Q    0.001975   370.3 min
  restart   4/8    eval    73   this Q     0.01325   best Q    0.001975   370.4 min
  restart   4/8    eval    74   this Q     0.02875   best Q    0.001975   370.6 min
  restart   4/8    eval    75   this Q     0.01245   best Q    0.001975   370.7 min
  restart   4/8    eval    76   this Q     0.03053   best Q    0.001975   370.9 min
  restart   4/8    eval    77   this Q     0.01259   best Q    0.001975   371.1 min
  restart   4/8    eval    78   this Q     0.01492   best Q    0.001975   371.2 min
  restart   4/8    eval    79   this Q     0.01483   best Q    0.001975   371.4 min
  restart   4/8    eval    80   this Q     0.01905   best Q    0.001975   371.5 min
  restart   4/8    eval    81   this Q     0.01216   best Q    0.001975   371.7 min
  restart   4/8    eval    82   this Q      0.0263   best Q    0.001975   371.9 min
  restart   4/8    eval    83   this Q     0.01129   best Q    0.001975   372.0 min
  restart   4/8    eval    84   this Q     0.02228   best Q    0.001975   372.2 min
  restart   4/8    eval    85   this Q     0.01125   best Q    0.001975   372.3 min
  restart   4/8    eval    86   this Q     0.02045   best Q    0.001975   372.5 min
  restart   4/8    eval    87   this Q     0.01104   best Q    0.001975   372.6 min
  restart   4/8    eval    88   this Q     0.01394   best Q    0.001975   372.8 min
  restart   4/8    eval    89   this Q     0.01741   best Q    0.001975   373.0 min
  restart   4/8    eval    90   this Q     0.01101   best Q    0.001975   373.1 min
  restart   4/8    eval    91   this Q     0.01504   best Q    0.001975   373.3 min
  restart   4/8    eval    92   this Q     0.01091   best Q    0.001975   373.4 min
  restart   4/8    eval    93   this Q     0.01051   best Q    0.001975   373.6 min
  restart   4/8    eval    94   this Q     0.01515   best Q    0.001975   373.7 min
  restart   4/8    eval    95   this Q     0.01255   best Q    0.001975   373.9 min
  restart   4/8    eval    96   this Q     0.01073   best Q    0.001975   374.1 min
  restart   4/8    eval    97   this Q     0.01413   best Q    0.001975   374.2 min
  restart   4/8    eval    98   this Q     0.01013   best Q    0.001975   374.4 min
  restart   4/8    eval    99   this Q     0.01126   best Q    0.001975   374.5 min
  restart   4/8    eval   100   this Q     0.01202   best Q    0.001975   374.7 min
  restart   4/8    eval   101   this Q     0.01005   best Q    0.001975   374.8 min
  restart   4/8    eval   102   this Q     0.01147   best Q    0.001975   375.0 min
  restart   4/8    eval   103   this Q    0.009851   best Q    0.001975   375.2 min
  restart   4/8    eval   104   this Q     0.01191   best Q    0.001975   375.3 min
  restart   4/8    eval   105   this Q    0.009806   best Q    0.001975   375.5 min
  restart   4/8    eval   106   this Q      0.0116   best Q    0.001975   375.6 min
  restart   4/8    eval   107   this Q    0.009827   best Q    0.001975   375.8 min
  restart   4/8    eval   108   this Q     0.00981   best Q    0.001975   375.9 min
  restart   4/8    eval   109   this Q     0.01059   best Q    0.001975   376.1 min
  restart   4/8    eval   110   this Q    0.009723   best Q    0.001975   376.3 min
  restart   4/8    eval   111   this Q     0.01261   best Q    0.001975   376.4 min
  restart   4/8    eval   112   this Q     0.01086   best Q    0.001975   376.6 min
  restart   4/8    eval   113   this Q    0.009488   best Q    0.001975   376.7 min
  restart   4/8    eval   114   this Q     0.01025   best Q    0.001975   376.9 min
  restart   4/8    eval   115   this Q     0.01345   best Q    0.001975   377.0 min
  restart   4/8    eval   116   this Q    0.009133   best Q    0.001975   377.2 min
  restart   4/8    eval   117   this Q     0.01062   best Q    0.001975   377.4 min
  restart   4/8    eval   118   this Q    0.009363   best Q    0.001975   377.5 min
  restart   4/8    eval   119   this Q     0.01029   best Q    0.001975   377.7 min
  restart   4/8    eval   120   this Q    0.009355   best Q    0.001975   377.8 min
  restart   4/8    eval   121   this Q     0.01013   best Q    0.001975   378.0 min
  restart   4/8    eval   122   this Q    0.009336   best Q    0.001975   378.1 min
  restart   4/8    eval   123   this Q    0.008997   best Q    0.001975   378.3 min
  restart   4/8    eval   124   this Q    0.009648   best Q    0.001975   378.5 min
  restart   4/8    eval   125   this Q    0.008844   best Q    0.001975   378.6 min
  restart   4/8    eval   126   this Q    0.009434   best Q    0.001975   378.8 min
  restart   4/8    eval   127   this Q     0.01016   best Q    0.001975   378.9 min
  restart   4/8    eval   128   this Q    0.009109   best Q    0.001975   379.1 min
  restart   4/8    eval   129   this Q    0.008969   best Q    0.001975   379.2 min
  restart   4/8    eval   130   this Q     0.01017   best Q    0.001975   379.4 min
  restart   4/8    eval   131   this Q    0.009015   best Q    0.001975   379.6 min
  restart   4/8    eval   132   this Q    0.009015   best Q    0.001975   379.7 min
  restart   4/8    eval   133   this Q    0.008789   best Q    0.001975   379.9 min
  restart   4/8    eval   134   this Q    0.009415   best Q    0.001975   380.0 min
  restart   4/8    eval   135   this Q    0.008824   best Q    0.001975   380.2 min
  restart   4/8    eval   136   this Q     0.00933   best Q    0.001975   380.3 min
  restart   4/8    eval   137   this Q     0.00884   best Q    0.001975   380.5 min
  restart   4/8    eval   138   this Q    0.008682   best Q    0.001975   380.7 min
  restart   4/8    eval   139   this Q    0.009185   best Q    0.001975   380.8 min
  restart   4/8    eval   140   this Q    0.008709   best Q    0.001975   381.0 min
  restart   4/8    eval   141   this Q    0.008545   best Q    0.001975   381.1 min
  restart   4/8    eval   142   this Q    0.008934   best Q    0.001975   381.3 min
  restart   4/8    eval   143   this Q    0.008953   best Q    0.001975   381.4 min
  restart   4/8    eval   144   this Q    0.009998   best Q    0.001975   381.6 min
  restart   4/8    eval   145   this Q    0.008568   best Q    0.001975   381.8 min
  restart   4/8    eval   146   this Q    0.008584   best Q    0.001975   381.9 min
  restart   4/8    eval   147   this Q    0.008889   best Q    0.001975   382.1 min
  restart   4/8    eval   148   this Q    0.008613   best Q    0.001975   382.2 min
  restart   4/8    eval   149   this Q    0.008638   best Q    0.001975   382.4 min
  restart   4/8    eval   150   this Q    0.008281   best Q    0.001975   382.5 min
  restart   4/8    eval   151   this Q    0.008288   best Q    0.001975   382.7 min
  restart   4/8    eval   152   this Q    0.008385   best Q    0.001975   382.9 min
  restart   4/8    eval   153   this Q    0.008788   best Q    0.001975   383.0 min
  restart   4/8    eval   154   this Q    0.008491   best Q    0.001975   383.2 min
  restart   4/8    eval   155   this Q    0.008965   best Q    0.001975   383.3 min
  restart   4/8    eval   156   this Q    0.008453   best Q    0.001975   383.5 min
  restart   4/8    eval   157   this Q    0.008402   best Q    0.001975   383.7 min
  restart   4/8    eval   158   this Q    0.008443   best Q    0.001975   383.8 min
  restart   4/8    eval   159   this Q    0.008124   best Q    0.001975   384.0 min
  restart   4/8    eval   160   this Q    0.007986   best Q    0.001975   384.1 min
  restart   4/8    eval   161   this Q    0.008489   best Q    0.001975   384.3 min
  restart   4/8    eval   162   this Q    0.008137   best Q    0.001975   384.4 min
  restart   4/8    eval   163   this Q    0.008286   best Q    0.001975   384.6 min
  restart   4/8    eval   164   this Q    0.008134   best Q    0.001975   384.8 min
  restart   4/8    eval   165   this Q    0.008329   best Q    0.001975   384.9 min
  restart   4/8    eval   166   this Q    0.007945   best Q    0.001975   385.1 min
  restart   4/8    eval   167   this Q    0.007914   best Q    0.001975   385.2 min
  restart   4/8    eval   168   this Q    0.008011   best Q    0.001975   385.4 min
  restart   4/8    eval   169   this Q    0.008107   best Q    0.001975   385.5 min
  restart   4/8    eval   170   this Q     0.00778   best Q    0.001975   385.7 min
  restart   4/8    eval   171   this Q    0.007816   best Q    0.001975   385.9 min
  restart   4/8    eval   172   this Q    0.007991   best Q    0.001975   386.0 min
  restart   4/8    eval   173   this Q    0.007723   best Q    0.001975   386.2 min
  restart   4/8    eval   174   this Q    0.007796   best Q    0.001975   386.3 min
  restart   4/8    eval   175   this Q    0.007399   best Q    0.001975   386.5 min
  restart   4/8    eval   176   this Q    0.007057   best Q    0.001975   386.6 min
  restart   4/8    eval   177   this Q     0.00772   best Q    0.001975   386.8 min
  restart   4/8    eval   178   this Q    0.007757   best Q    0.001975   387.0 min
  restart   4/8    eval   179   this Q    0.007368   best Q    0.001975   387.1 min
  restart   4/8    eval   180   this Q    0.007513   best Q    0.001975   387.3 min
  restart   4/8    eval   181   this Q    0.007378   best Q    0.001975   387.4 min
  restart   4/8    eval   182   this Q    0.007225   best Q    0.001975   387.6 min
  restart   4/8    eval   183   this Q    0.006988   best Q    0.001975   387.7 min
  restart   4/8    eval   184   this Q    0.006882   best Q    0.001975   387.9 min
  restart   4/8    eval   185   this Q    0.007167   best Q    0.001975   388.1 min
  restart   4/8    eval   186   this Q     0.00692   best Q    0.001975   388.2 min
  restart   4/8    eval   187   this Q    0.006609   best Q    0.001975   388.4 min
  restart   4/8    eval   188   this Q    0.006404   best Q    0.001975   388.5 min
  restart   4/8    eval   189   this Q    0.006358   best Q    0.001975   388.7 min
  restart   4/8    eval   190   this Q     0.00621   best Q    0.001975   388.9 min
  restart   4/8    eval   191   this Q    0.006166   best Q    0.001975   389.0 min
  restart   4/8    eval   192   this Q    0.006005   best Q    0.001975   389.2 min
  restart   4/8    eval   193   this Q    0.006471   best Q    0.001975   389.3 min
  restart   4/8    eval   194   this Q    0.005696   best Q    0.001975   389.5 min
  restart   4/8    eval   195   this Q    0.005354   best Q    0.001975   389.7 min
  restart   4/8    eval   196   this Q    0.005778   best Q    0.001975   389.8 min
  restart   4/8    eval   197   this Q    0.005279   best Q    0.001975   390.0 min
  restart   4/8    eval   198   this Q     0.00511   best Q    0.001975   390.2 min
  restart   4/8    eval   199   this Q    0.004951   best Q    0.001975   390.3 min
  restart   4/8    eval   200   this Q    0.004957   best Q    0.001975   390.5 min
  restart   4/8    eval   201   this Q    0.005029   best Q    0.001975   390.7 min
  restart   4/8    eval   202   this Q    0.004673   best Q    0.001975   390.9 min
  restart   4/8    eval   203   this Q    0.005076   best Q    0.001975   391.0 min
  restart   4/8    eval   204   this Q    0.004338   best Q    0.001975   391.2 min
  restart   4/8    eval   205   this Q    0.004349   best Q    0.001975   391.4 min
  restart   4/8    eval   206   this Q    0.006002   best Q    0.001975   391.5 min
  restart   4/8    eval   207   this Q    0.004899   best Q    0.001975   391.7 min
  restart   4/8    eval   208   this Q    0.004435   best Q    0.001975   391.8 min
  restart   4/8    eval   209   this Q    0.005472   best Q    0.001975   392.0 min
  restart   4/8    eval   210   this Q    0.004061   best Q    0.001975   392.2 min
  restart   4/8    eval   211   this Q    0.004544   best Q    0.001975   392.3 min
  restart   4/8    eval   212   this Q    0.005634   best Q    0.001975   392.5 min
  restart   4/8    eval   213   this Q    0.004636   best Q    0.001975   392.6 min
  restart   4/8    eval   214   this Q     0.00429   best Q    0.001975   392.8 min
  restart   4/8    eval   215   this Q    0.004852   best Q    0.001975   393.0 min
  restart   4/8    eval   216   this Q    0.003827   best Q    0.001975   393.1 min
  restart   4/8    eval   217   this Q    0.003936   best Q    0.001975   393.3 min
  restart   4/8    eval   218   this Q    0.003942   best Q    0.001975   393.4 min
  restart   4/8    eval   219   this Q    0.004155   best Q    0.001975   393.6 min
  restart   4/8    eval   220   this Q    0.004412   best Q    0.001975   393.8 min
  restart   4/8    eval   221   this Q    0.004291   best Q    0.001975   393.9 min
  restart   4/8    eval   222   this Q    0.004374   best Q    0.001975   394.1 min
  restart   4/8    eval   223   this Q    0.003699   best Q    0.001975   394.2 min
  restart   4/8    eval   224   this Q    0.004073   best Q    0.001975   394.4 min
  restart   4/8    eval   225   this Q    0.004304   best Q    0.001975   394.6 min
  restart   4/8    eval   226   this Q    0.004476   best Q    0.001975   394.7 min
  restart   4/8    eval   227   this Q    0.003906   best Q    0.001975   394.9 min
  restart   4/8    eval   228   this Q    0.004129   best Q    0.001975   395.0 min
  restart   4/8    eval   229   this Q    0.004226   best Q    0.001975   395.2 min
  restart   4/8    eval   230   this Q    0.004132   best Q    0.001975   395.4 min
  restart   4/8    eval   231   this Q    0.004296   best Q    0.001975   395.5 min
  restart   4/8    eval   232   this Q    0.003857   best Q    0.001975   395.7 min
  restart   4/8    eval   233   this Q    0.004146   best Q    0.001975   395.9 min
  restart   4/8    eval   234   this Q    0.004444   best Q    0.001975   396.0 min
  restart   4/8    eval   235   this Q    0.003787   best Q    0.001975   396.2 min
  restart   4/8    eval   236   this Q    0.004254   best Q    0.001975   396.3 min
  restart   4/8    eval   237   this Q    0.003809   best Q    0.001975   396.5 min
  restart   4/8    eval   238   this Q    0.004356   best Q    0.001975   396.7 min
  restart   4/8    eval   239   this Q    0.003793   best Q    0.001975   396.8 min
  restart   4/8    eval   240   this Q    0.004182   best Q    0.001975   397.0 min
  restart   4/8    eval   241   this Q    0.003808   best Q    0.001975   397.1 min
  restart   4/8    eval   242   this Q    0.003593   best Q    0.001975   397.3 min
  restart   4/8    eval   243   this Q     0.00379   best Q    0.001975   397.5 min
  restart   4/8    eval   244   this Q     0.00391   best Q    0.001975   397.6 min
  restart   4/8    eval   245   this Q    0.003719   best Q    0.001975   397.8 min
  restart   4/8    eval   246   this Q    0.003583   best Q    0.001975   397.9 min
  restart   4/8    eval   247   this Q    0.003724   best Q    0.001975   398.1 min
  restart   4/8    eval   248   this Q    0.003652   best Q    0.001975   398.3 min
  restart   4/8    eval   249   this Q    0.003619   best Q    0.001975   398.4 min
  restart   4/8    eval   250   this Q    0.003668   best Q    0.001975   398.6 min
  restart   4/8    eval   251   this Q    0.003673   best Q    0.001975   398.7 min
  restart   4/8    eval   252   this Q    0.003562   best Q    0.001975   398.9 min
  restart   4/8    eval   253   this Q     0.00384   best Q    0.001975   399.1 min
  restart   4/8    eval   254   this Q    0.003474   best Q    0.001975   399.2 min
  restart   4/8    eval   255   this Q    0.003648   best Q    0.001975   399.4 min
  restart   4/8    eval   256   this Q    0.003394   best Q    0.001975   399.5 min
  restart   4/8    eval   257   this Q    0.003432   best Q    0.001975   399.7 min
  restart   4/8    eval   258   this Q    0.003595   best Q    0.001975   399.9 min
  restart   4/8    eval   259   this Q    0.003567   best Q    0.001975   400.0 min
  restart   4/8    eval   260   this Q     0.00345   best Q    0.001975   400.2 min
  restart   4/8    eval   261   this Q    0.003429   best Q    0.001975   400.3 min
  restart   4/8    eval   262   this Q     0.00331   best Q    0.001975   400.5 min
  restart   4/8    eval   263   this Q    0.003365   best Q    0.001975   400.7 min
  restart   4/8    eval   264   this Q    0.003478   best Q    0.001975   400.8 min
  restart   4/8    eval   265   this Q    0.003391   best Q    0.001975   401.0 min
  restart   4/8    eval   266   this Q    0.003492   best Q    0.001975   401.1 min
  restart   4/8    eval   267   this Q    0.003445   best Q    0.001975   401.3 min
  restart   4/8    eval   268   this Q     0.00326   best Q    0.001975   401.5 min
  restart   4/8    eval   269   this Q    0.003421   best Q    0.001975   401.6 min
  restart   4/8    eval   270   this Q    0.003509   best Q    0.001975   401.8 min
  restart   4/8    eval   271   this Q    0.003337   best Q    0.001975   401.9 min
  restart   4/8    eval   272   this Q    0.003333   best Q    0.001975   402.1 min
  restart   4/8    eval   273   this Q     0.00322   best Q    0.001975   402.3 min
  restart   4/8    eval   274   this Q    0.003335   best Q    0.001975   402.4 min
  restart   4/8    eval   275   this Q    0.003532   best Q    0.001975   402.6 min
  restart   4/8    eval   276   this Q    0.003291   best Q    0.001975   402.7 min
  restart   4/8    eval   277   this Q    0.003504   best Q    0.001975   402.9 min
  restart   4/8    eval   278   this Q    0.003291   best Q    0.001975   403.1 min
  restart   4/8    eval   279   this Q    0.003352   best Q    0.001975   403.2 min
  restart   4/8    eval   280   this Q    0.003118   best Q    0.001975   403.4 min
  restart   4/8    eval   281   this Q    0.003049   best Q    0.001975   403.5 min
  restart   4/8    eval   282   this Q    0.003205   best Q    0.001975   403.7 min
  restart   4/8    eval   283   this Q    0.003425   best Q    0.001975   403.8 min
  restart   4/8    eval   284   this Q    0.003219   best Q    0.001975   404.0 min
  restart   4/8    eval   285   this Q    0.003218   best Q    0.001975   404.2 min
  restart   4/8    eval   286   this Q    0.003189   best Q    0.001975   404.3 min
  restart   4/8    eval   287   this Q    0.003119   best Q    0.001975   404.5 min
  restart   4/8    eval   288   this Q    0.003018   best Q    0.001975   404.6 min
  restart   4/8    eval   289   this Q    0.002961   best Q    0.001975   404.8 min
  restart   4/8    eval   290   this Q    0.003127   best Q    0.001975   405.0 min
  restart   4/8    eval   291   this Q    0.003148   best Q    0.001975   405.1 min
  restart   4/8    eval   292   this Q    0.003017   best Q    0.001975   405.3 min
  restart   4/8    eval   293   this Q    0.003069   best Q    0.001975   405.4 min
  restart   4/8    eval   294   this Q     0.00304   best Q    0.001975   405.6 min
  restart   4/8    eval   295   this Q    0.002945   best Q    0.001975   405.8 min
  restart   4/8    eval   296   this Q    0.003015   best Q    0.001975   405.9 min
  restart   4/8    eval   297   this Q    0.002901   best Q    0.001975   406.1 min
  restart   4/8    eval   298   this Q    0.002961   best Q    0.001975   406.2 min
  restart   4/8    eval   299   this Q    0.003033   best Q    0.001975   406.4 min
  restart   4/8    eval   300   this Q     0.00292   best Q    0.001975   406.6 min
  restart   4/8    eval   301   this Q    0.003019   best Q    0.001975   406.7 min
  restart   4/8    eval   302   this Q    0.002941   best Q    0.001975   406.9 min
  restart   4/8    eval   303   this Q     0.00289   best Q    0.001975   407.0 min
  restart   4/8    eval   304   this Q    0.003025   best Q    0.001975   407.2 min
  restart   4/8    eval   305   this Q    0.002865   best Q    0.001975   407.4 min
  restart   4/8    eval   306   this Q    0.002987   best Q    0.001975   407.5 min
  restart   4/8    eval   307   this Q    0.002906   best Q    0.001975   407.7 min
  restart   4/8    eval   308   this Q    0.002996   best Q    0.001975   407.8 min
  restart   4/8    eval   309   this Q    0.002824   best Q    0.001975   408.0 min
  restart   4/8    eval   310   this Q    0.002926   best Q    0.001975   408.2 min
  restart   4/8    eval   311   this Q     0.00293   best Q    0.001975   408.3 min
  restart   4/8    eval   312   this Q    0.002789   best Q    0.001975   408.5 min
  restart   4/8    eval   313   this Q    0.002852   best Q    0.001975   408.6 min
  restart   4/8    eval   314   this Q    0.002897   best Q    0.001975   408.8 min
  restart   4/8    eval   315   this Q    0.002843   best Q    0.001975   409.0 min
  restart   4/8    eval   316   this Q    0.002849   best Q    0.001975   409.1 min
  restart   4/8    eval   317   this Q     0.00283   best Q    0.001975   409.3 min
  restart   4/8    eval   318   this Q    0.002812   best Q    0.001975   409.4 min
  restart   4/8    eval   319   this Q    0.002884   best Q    0.001975   409.6 min
  restart   4/8    eval   320   this Q    0.002847   best Q    0.001975   409.8 min
  restart   4/8    eval   321   this Q    0.002754   best Q    0.001975   409.9 min
  restart   4/8    eval   322   this Q    0.002874   best Q    0.001975   410.1 min
  restart   4/8    eval   323   this Q    0.002925   best Q    0.001975   410.2 min
  restart   4/8    eval   324   this Q    0.002779   best Q    0.001975   410.4 min
  restart   4/8    eval   325   this Q     0.00275   best Q    0.001975   410.6 min
  restart   4/8    eval   326   this Q    0.002873   best Q    0.001975   410.7 min
  restart   4/8    eval   327   this Q    0.002792   best Q    0.001975   410.9 min
  restart   4/8    eval   328   this Q      0.0028   best Q    0.001975   411.0 min
  restart   4/8    eval   329   this Q    0.002775   best Q    0.001975   411.2 min
  restart   4/8    eval   330   this Q     0.00278   best Q    0.001975   411.4 min
  restart   4/8    eval   331   this Q     0.00274   best Q    0.001975   411.5 min
  restart   4/8    eval   332   this Q    0.003067   best Q    0.001975   411.7 min
  restart   4/8    eval   333   this Q    0.002765   best Q    0.001975   411.8 min
  restart   4/8    eval   334   this Q     0.00281   best Q    0.001975   412.0 min
  restart   4/8    eval   335   this Q    0.002731   best Q    0.001975   412.2 min
  restart   4/8    eval   336   this Q    0.002803   best Q    0.001975   412.3 min
  restart   4/8    eval   337   this Q    0.002726   best Q    0.001975   412.5 min
  restart   4/8    eval   338   this Q    0.002757   best Q    0.001975   412.6 min
  restart   4/8    eval   339   this Q    0.002837   best Q    0.001975   412.8 min
  restart   4/8    eval   340   this Q    0.002722   best Q    0.001975   413.0 min
  restart   4/8    eval   341   this Q    0.002721   best Q    0.001975   413.1 min
  restart   4/8    eval   342   this Q    0.002836   best Q    0.001975   413.3 min
  restart   4/8    eval   343   this Q    0.002783   best Q    0.001975   413.4 min
  restart   4/8    eval   344   this Q    0.002724   best Q    0.001975   413.6 min
  restart   4/8    eval   345   this Q    0.002767   best Q    0.001975   413.8 min
  restart   4/8    eval   346   this Q    0.002716   best Q    0.001975   413.9 min
  restart   4/8    eval   347   this Q    0.002781   best Q    0.001975   414.1 min
  restart   4/8    eval   348   this Q    0.002715   best Q    0.001975   414.2 min
  restart   4/8    eval   349   this Q    0.002805   best Q    0.001975   414.4 min
  restart   4/8    eval   350   this Q     0.00271   best Q    0.001975   414.6 min
  restart   4/8    eval   351   this Q    0.002688   best Q    0.001975   414.7 min
  restart   4/8    eval   352   this Q    0.002722   best Q    0.001975   414.9 min
  restart   4/8    eval   353   this Q     0.00278   best Q    0.001975   415.0 min
  restart   4/8    eval   354   this Q    0.002703   best Q    0.001975   415.2 min
  restart   4/8    eval   355   this Q    0.002694   best Q    0.001975   415.4 min
  restart   4/8    eval   356   this Q    0.002705   best Q    0.001975   415.5 min
  restart   4/8    eval   357   this Q    0.002681   best Q    0.001975   415.7 min
  restart   4/8    eval   358   this Q    0.002695   best Q    0.001975   415.8 min
  restart   4/8    eval   359   this Q    0.002716   best Q    0.001975   416.0 min
  restart   4/8    eval   360   this Q    0.002716   best Q    0.001975   416.2 min
  restart   4/8    eval   361   this Q    0.002678   best Q    0.001975   416.3 min
  restart   4/8    eval   362   this Q    0.002715   best Q    0.001975   416.5 min
  restart   4/8    eval   363   this Q    0.002706   best Q    0.001975   416.6 min
  restart   4/8    eval   364   this Q    0.002709   best Q    0.001975   416.8 min
  restart   4/8    eval   365   this Q    0.002662   best Q    0.001975   417.0 min
  restart   4/8    eval   366   this Q    0.002664   best Q    0.001975   417.1 min
  restart   4/8    eval   367   this Q    0.002661   best Q    0.001975   417.3 min
  restart   4/8    eval   368   this Q    0.002684   best Q    0.001975   417.4 min
  restart   4/8    eval   369   this Q    0.002693   best Q    0.001975   417.6 min
  restart   4/8    eval   370   this Q    0.002681   best Q    0.001975   417.8 min
  restart   4/8    eval   371   this Q      0.0027   best Q    0.001975   417.9 min
  restart   4/8    eval   372   this Q    0.002633   best Q    0.001975   418.1 min
  restart   4/8    eval   373   this Q     0.00263   best Q    0.001975   418.2 min
  restart   4/8    eval   374   this Q    0.002706   best Q    0.001975   418.4 min
  restart   4/8    eval   375   this Q    0.002666   best Q    0.001975   418.6 min
  restart   4/8    eval   376   this Q    0.002665   best Q    0.001975   418.7 min
  restart   4/8    eval   377   this Q    0.002692   best Q    0.001975   418.9 min
  restart   4/8    eval   378   this Q    0.002659   best Q    0.001975   419.0 min
  restart   4/8    eval   379   this Q    0.002641   best Q    0.001975   419.2 min
  restart   4/8    eval   380   this Q    0.002646   best Q    0.001975   419.4 min
  restart   4/8    eval   381   this Q    0.002631   best Q    0.001975   419.5 min
  restart   4/8    eval   382   this Q    0.002624   best Q    0.001975   419.7 min
  restart   4/8    eval   383   this Q     0.00264   best Q    0.001975   419.8 min
  restart   4/8    eval   384   this Q    0.002628   best Q    0.001975   420.0 min
  restart   4/8    eval   385   this Q    0.002657   best Q    0.001975   420.2 min
  restart   4/8    eval   386   this Q    0.002608   best Q    0.001975   420.3 min
  restart   4/8    eval   387   this Q    0.002608   best Q    0.001975   420.5 min
  restart   4/8    eval   388   this Q    0.002594   best Q    0.001975   420.6 min
  restart   4/8    eval   389   this Q    0.002591   best Q    0.001975   420.8 min
  restart   4/8    eval   390   this Q    0.002629   best Q    0.001975   421.0 min
  restart   4/8    eval   391   this Q    0.002596   best Q    0.001975   421.1 min
  restart   4/8    eval   392   this Q    0.002584   best Q    0.001975   421.3 min
  restart   4/8    eval   393   this Q    0.002603   best Q    0.001975   421.5 min
  restart   4/8    eval   394   this Q    0.002572   best Q    0.001975   421.6 min
  restart   4/8    eval   395   this Q     0.00258   best Q    0.001975   421.8 min
  restart   4/8    eval   396   this Q    0.002591   best Q    0.001975   421.9 min
  restart   4/8    eval   397   this Q    0.002549   best Q    0.001975   422.1 min
  restart   4/8    eval   398   this Q    0.002665   best Q    0.001975   422.3 min
  restart   4/8    eval   399   this Q    0.002593   best Q    0.001975   422.4 min
  restart   4/8    eval   400   this Q    0.002542   best Q    0.001975   422.6 min
  restart   4/8    eval   401   this Q    0.002539   best Q    0.001975   422.7 min
  restart   4/8    eval   402   this Q    0.002614   best Q    0.001975   422.9 min
  restart   4/8    eval   403   this Q    0.002568   best Q    0.001975   423.1 min
  restart   4/8    eval   404   this Q    0.002563   best Q    0.001975   423.2 min
  restart   4/8    eval   405   this Q    0.002566   best Q    0.001975   423.4 min
  restart   4/8    eval   406   this Q    0.002598   best Q    0.001975   423.5 min
  restart   4/8    eval   407   this Q    0.002561   best Q    0.001975   423.7 min
  restart   4/8    eval   408   this Q    0.002559   best Q    0.001975   423.9 min
  restart   4/8    eval   409   this Q    0.002553   best Q    0.001975   424.0 min
  restart   4/8    eval   410   this Q    0.002517   best Q    0.001975   424.2 min
  restart   4/8    eval   411   this Q    0.002499   best Q    0.001975   424.3 min
  restart   4/8    eval   412   this Q    0.002516   best Q    0.001975   424.5 min
  restart   4/8    eval   413   this Q    0.002493   best Q    0.001975   424.7 min
  restart   4/8    eval   414   this Q     0.00248   best Q    0.001975   424.8 min
  restart   4/8    eval   415   this Q    0.002542   best Q    0.001975   425.0 min
  restart   4/8    eval   416   this Q    0.002511   best Q    0.001975   425.1 min
  restart   4/8    eval   417   this Q    0.002475   best Q    0.001975   425.3 min
  restart   4/8    eval   418   this Q    0.002485   best Q    0.001975   425.5 min
  restart   4/8    eval   419   this Q    0.002488   best Q    0.001975   425.6 min
  restart   4/8    eval   420   this Q    0.002463   best Q    0.001975   425.8 min
  restart   4/8    eval   421   this Q     0.00245   best Q    0.001975   426.0 min
  restart   4/8    eval   422   this Q     0.00254   best Q    0.001975   426.1 min
  restart   4/8    eval   423   this Q    0.002468   best Q    0.001975   426.3 min
  restart   4/8    eval   424   this Q    0.002531   best Q    0.001975   426.4 min
  restart   4/8    eval   425   this Q     0.00242   best Q    0.001975   426.6 min
  restart   4/8    eval   426   this Q    0.002518   best Q    0.001975   426.8 min
  restart   4/8    eval   427   this Q    0.002513   best Q    0.001975   426.9 min
  restart   4/8    eval   428   this Q    0.002427   best Q    0.001975   427.1 min
  restart   4/8    eval   429   this Q    0.002498   best Q    0.001975   427.2 min
  restart   4/8    eval   430   this Q    0.002451   best Q    0.001975   427.4 min
  restart   4/8    eval   431   this Q    0.002404   best Q    0.001975   427.6 min
  restart   4/8    eval   432   this Q    0.002633   best Q    0.001975   427.7 min
  restart   4/8    eval   433   this Q    0.002486   best Q    0.001975   427.9 min
  restart   4/8    eval   434   this Q    0.002393   best Q    0.001975   428.1 min
  restart   4/8    eval   435   this Q    0.002395   best Q    0.001975   428.2 min
  restart   4/8    eval   436   this Q    0.002472   best Q    0.001975   428.4 min
  restart   4/8    eval   437   this Q    0.002438   best Q    0.001975   428.5 min
  restart   4/8    eval   438   this Q    0.002388   best Q    0.001975   428.7 min
  restart   4/8    eval   439   this Q    0.002402   best Q    0.001975   428.9 min
  restart   4/8    eval   440   this Q    0.002466   best Q    0.001975   429.0 min
  restart   4/8    eval   441   this Q     0.00246   best Q    0.001975   429.2 min
  restart   4/8    eval   442   this Q    0.002478   best Q    0.001975   429.3 min
  restart   4/8    eval   443   this Q    0.002415   best Q    0.001975   429.5 min
  restart   4/8    eval   444   this Q    0.002461   best Q    0.001975   429.7 min
  restart   4/8    eval   445   this Q    0.002417   best Q    0.001975   429.8 min
  restart   4/8    eval   446   this Q    0.002392   best Q    0.001975   430.0 min
  restart   4/8    eval   447   this Q    0.002505   best Q    0.001975   430.2 min
  restart   4/8    eval   448   this Q    0.002417   best Q    0.001975   430.3 min
  restart   4/8    eval   449   this Q    0.002402   best Q    0.001975   430.5 min
  restart   4/8    eval   450   this Q    0.002391   best Q    0.001975   430.6 min
  restart   4/8    eval   451   this Q    0.002401   best Q    0.001975   430.8 min
  restart   4/8    eval   452   this Q    0.002359   best Q    0.001975   431.0 min
  restart   4/8    eval   453   this Q    0.002346   best Q    0.001975   431.1 min
  restart   4/8    eval   454   this Q    0.002358   best Q    0.001975   431.3 min
  restart   4/8    eval   455   this Q    0.002372   best Q    0.001975   431.4 min
  restart   4/8    eval   456   this Q    0.002344   best Q    0.001975   431.6 min
  restart   4/8    eval   457   this Q    0.002362   best Q    0.001975   431.8 min
  restart   4/8    eval   458   this Q    0.002346   best Q    0.001975   431.9 min
  restart   4/8    eval   459   this Q    0.002339   best Q    0.001975   432.1 min
  restart   4/8    eval   460   this Q    0.002375   best Q    0.001975   432.2 min
  restart   4/8    eval   461   this Q    0.002347   best Q    0.001975   432.4 min
  restart   4/8    eval   462   this Q    0.002381   best Q    0.001975   432.6 min
  restart   4/8    eval   463   this Q    0.002306   best Q    0.001975   432.7 min
  restart   4/8    eval   464   this Q    0.002299   best Q    0.001975   432.9 min
  restart   4/8    eval   465   this Q    0.002332   best Q    0.001975   433.1 min
  restart   4/8    eval   466   this Q    0.002393   best Q    0.001975   433.2 min
  restart   4/8    eval   467   this Q    0.002339   best Q    0.001975   433.4 min
  restart   4/8    eval   468   this Q    0.002299   best Q    0.001975   433.5 min
  restart   4/8    eval   469   this Q    0.002309   best Q    0.001975   433.7 min
  restart   4/8    eval   470   this Q    0.002287   best Q    0.001975   433.9 min
  restart   4/8    eval   471   this Q    0.002398   best Q    0.001975   434.0 min
  restart   4/8    eval   472   this Q     0.00233   best Q    0.001975   434.2 min
  restart   4/8    eval   473   this Q    0.002285   best Q    0.001975   434.3 min
  restart   4/8    eval   474   this Q    0.002296   best Q    0.001975   434.5 min
  restart   4/8    eval   475   this Q    0.002328   best Q    0.001975   434.7 min
  restart   4/8    eval   476   this Q    0.002297   best Q    0.001975   434.8 min
  restart   4/8    eval   477   this Q    0.002269   best Q    0.001975   435.0 min
  restart   4/8    eval   478   this Q    0.002293   best Q    0.001975   435.2 min
  restart   4/8    eval   479   this Q    0.002291   best Q    0.001975   435.3 min
  restart   4/8    eval   480   this Q    0.002256   best Q    0.001975   435.5 min
  restart   4/8    eval   481   this Q    0.002267   best Q    0.001975   435.6 min
  restart   4/8    eval   482   this Q    0.002295   best Q    0.001975   435.8 min
  restart   4/8    eval   483   this Q    0.002315   best Q    0.001975   436.0 min
  restart   4/8    eval   484   this Q    0.002252   best Q    0.001975   436.1 min
  restart   4/8    eval   485   this Q     0.00226   best Q    0.001975   436.3 min
  restart   4/8    eval   486   this Q    0.002254   best Q    0.001975   436.4 min
  restart   4/8    eval   487   this Q    0.002244   best Q    0.001975   436.6 min
  restart   4/8    eval   488   this Q    0.002273   best Q    0.001975   436.8 min
  restart   4/8    eval   489   this Q     0.00229   best Q    0.001975   436.9 min
  restart   4/8    eval   490   this Q    0.002291   best Q    0.001975   437.1 min
  restart   4/8    eval   491   this Q    0.002259   best Q    0.001975   437.3 min
  restart   4/8    eval   492   this Q    0.002313   best Q    0.001975   437.4 min
  restart   4/8    eval   493   this Q    0.002257   best Q    0.001975   437.6 min
  restart   4/8    eval   494   this Q    0.002234   best Q    0.001975   437.7 min
  restart   4/8    eval   495   this Q    0.002256   best Q    0.001975   437.9 min
  restart   4/8    eval   496   this Q    0.002279   best Q    0.001975   438.1 min
  restart   4/8    eval   497   this Q    0.002234   best Q    0.001975   438.2 min
  restart   4/8    eval   498   this Q    0.002252   best Q    0.001975   438.4 min
  restart   4/8    eval   499   this Q    0.002232   best Q    0.001975   438.5 min
  restart   4/8    eval   500   this Q    0.002246   best Q    0.001975   438.7 min
  restart   4/8    eval   501   this Q    0.002233   best Q    0.001975   438.9 min
  restart   4/8    eval   502   this Q    0.002229   best Q    0.001975   439.0 min
  restart   4/8    eval   503   this Q    0.002291   best Q    0.001975   439.2 min
  restart   4/8    eval   504   this Q    0.002218   best Q    0.001975   439.4 min
  restart   4/8    eval   505   this Q    0.002227   best Q    0.001975   439.5 min
  restart   4/8    eval   506   this Q    0.002251   best Q    0.001975   439.7 min
  restart   4/8    eval   507   this Q    0.002248   best Q    0.001975   439.8 min
  restart   4/8    eval   508   this Q    0.002208   best Q    0.001975   440.0 min
  restart   4/8    eval   509   this Q    0.002203   best Q    0.001975   440.2 min
  restart   4/8    eval   510   this Q    0.002255   best Q    0.001975   440.3 min
  restart   4/8    eval   511   this Q    0.002228   best Q    0.001975   440.5 min
  restart   4/8    eval   512   this Q    0.002224   best Q    0.001975   440.7 min
  restart   4/8    eval   513   this Q    0.002221   best Q    0.001975   440.8 min
  restart   4/8    eval   514   this Q    0.002202   best Q    0.001975   441.0 min
  restart   4/8    eval   515   this Q    0.002201   best Q    0.001975   441.1 min
  restart   4/8    eval   516   this Q    0.002205   best Q    0.001975   441.3 min
  restart   4/8    eval   517   this Q    0.002186   best Q    0.001975   441.5 min
  restart   4/8    eval   518   this Q     0.00218   best Q    0.001975   441.6 min
  restart   4/8    eval   519   this Q    0.002182   best Q    0.001975   441.8 min
  restart   4/8    eval   520   this Q    0.002188   best Q    0.001975   441.9 min
  restart   4/8    eval   521   this Q    0.002161   best Q    0.001975   442.1 min
  restart   4/8    eval   522   this Q    0.002153   best Q    0.001975   442.3 min
  restart   4/8    eval   523   this Q    0.002175   best Q    0.001975   442.4 min
  restart   4/8    eval   524   this Q    0.002174   best Q    0.001975   442.6 min
  restart   4/8    eval   525   this Q    0.002163   best Q    0.001975   442.8 min
  restart   4/8    eval   526   this Q    0.002166   best Q    0.001975   442.9 min
  restart   4/8    eval   527   this Q    0.002143   best Q    0.001975   443.1 min
  restart   4/8    eval   528   this Q    0.002167   best Q    0.001975   443.2 min
  restart   4/8    eval   529   this Q    0.002136   best Q    0.001975   443.4 min
  restart   4/8    eval   530   this Q    0.002159   best Q    0.001975   443.6 min
  restart   4/8    eval   531   this Q    0.002138   best Q    0.001975   443.7 min
  restart   4/8    eval   532   this Q    0.002124   best Q    0.001975   443.9 min
  restart   4/8    eval   533   this Q    0.002135   best Q    0.001975   444.1 min
  restart   4/8    eval   534   this Q    0.002157   best Q    0.001975   444.2 min
  restart   4/8    eval   535   this Q    0.002159   best Q    0.001975   444.4 min
  restart   4/8    eval   536   this Q     0.00214   best Q    0.001975   444.5 min
  restart   4/8    eval   537   this Q    0.002134   best Q    0.001975   444.7 min
  restart   4/8    eval   538   this Q    0.002136   best Q    0.001975   444.9 min
  restart   4/8    eval   539   this Q    0.002154   best Q    0.001975   445.0 min
  restart   4/8    eval   540   this Q    0.002152   best Q    0.001975   445.2 min
  restart   4/8    eval   541   this Q    0.002158   best Q    0.001975   445.3 min
  restart   4/8    eval   542   this Q    0.002131   best Q    0.001975   445.5 min
  restart   4/8    eval   543   this Q     0.00212   best Q    0.001975   445.7 min
  restart   4/8    eval   544   this Q    0.002146   best Q    0.001975   445.8 min
  restart   4/8    eval   545   this Q    0.002152   best Q    0.001975   446.0 min
  restart   4/8    eval   546   this Q    0.002125   best Q    0.001975   446.2 min
  restart   4/8    eval   547   this Q    0.002148   best Q    0.001975   446.3 min
  restart   4/8    eval   548   this Q    0.002128   best Q    0.001975   446.5 min
  restart   4/8    eval   549   this Q    0.002155   best Q    0.001975   446.6 min
  restart   4/8    eval   550   this Q    0.002126   best Q    0.001975   446.8 min
  restart   4/8    eval   551   this Q    0.002107   best Q    0.001975   447.0 min
  restart   4/8    eval   552   this Q    0.002102   best Q    0.001975   447.1 min
  restart   4/8    eval   553   this Q    0.002133   best Q    0.001975   447.3 min
  restart   4/8    eval   554   this Q     0.00213   best Q    0.001975   447.4 min
  restart   4/8    eval   555   this Q    0.002139   best Q    0.001975   447.6 min
  restart   4/8    eval   556   this Q     0.00212   best Q    0.001975   447.8 min
  restart   4/8    eval   557   this Q    0.002132   best Q    0.001975   447.9 min
  restart   4/8    eval   558   this Q     0.00212   best Q    0.001975   448.1 min
  restart   4/8    eval   559   this Q    0.002123   best Q    0.001975   448.2 min
  restart   4/8    eval   560   this Q    0.002133   best Q    0.001975   448.4 min
  restart   4/8    eval   561   this Q     0.00212   best Q    0.001975   448.6 min
  restart   4/8    eval   562   this Q    0.002115   best Q    0.001975   448.7 min
  restart   4/8    eval   563   this Q     0.00211   best Q    0.001975   448.9 min
  restart   4/8    eval   564   this Q    0.002113   best Q    0.001975   449.1 min
  restart   4/8    eval   565   this Q    0.002115   best Q    0.001975   449.2 min
  restart   4/8    eval   566   this Q    0.002106   best Q    0.001975   449.4 min
  restart   4/8    eval   567   this Q    0.002116   best Q    0.001975   449.5 min
  restart   4/8    eval   568   this Q    0.002098   best Q    0.001975   449.7 min
  restart   4/8    eval   569   this Q    0.002106   best Q    0.001975   449.9 min
  restart   4/8    eval   570   this Q    0.002107   best Q    0.001975   450.0 min
  restart   4/8    eval   571   this Q    0.002116   best Q    0.001975   450.2 min
  restart   4/8    eval   572   this Q    0.002105   best Q    0.001975   450.4 min
  restart   4/8    eval   573   this Q    0.002104   best Q    0.001975   450.5 min
  restart   4/8    eval   574   this Q      0.0021   best Q    0.001975   450.7 min
  restart   4/8    eval   575   this Q    0.002092   best Q    0.001975   450.8 min
  restart   4/8    eval   576   this Q      0.0021   best Q    0.001975   451.0 min
  restart   4/8    eval   577   this Q    0.002093   best Q    0.001975   451.2 min
  restart   4/8    eval   578   this Q    0.002084   best Q    0.001975   451.3 min
  restart   4/8    eval   579   this Q    0.002081   best Q    0.001975   451.5 min
  restart   4/8    eval   580   this Q    0.002102   best Q    0.001975   451.7 min
  restart   4/8    eval   581   this Q    0.002104   best Q    0.001975   451.8 min
  restart   4/8    eval   582   this Q    0.002088   best Q    0.001975   452.0 min
  restart   4/8    eval   583   this Q    0.002086   best Q    0.001975   452.1 min
  restart   4/8    eval   584   this Q    0.002096   best Q    0.001975   452.3 min
  restart   4/8    eval   585   this Q    0.002078   best Q    0.001975   452.5 min
  restart   4/8    eval   586   this Q     0.00207   best Q    0.001975   452.6 min
  restart   4/8    eval   587   this Q    0.002083   best Q    0.001975   452.8 min
  restart   4/8    eval   588   this Q    0.002068   best Q    0.001975   452.9 min
  restart   4/8    eval   589   this Q    0.002068   best Q    0.001975   453.1 min
  restart   4/8    eval   590   this Q    0.002068   best Q    0.001975   453.3 min
  restart   4/8    eval   591   this Q    0.002071   best Q    0.001975   453.4 min
  restart   4/8    eval   592   this Q    0.002056   best Q    0.001975   453.6 min
  restart   4/8    eval   593   this Q     0.00206   best Q    0.001975   453.8 min
  restart   4/8    eval   594   this Q    0.002049   best Q    0.001975   453.9 min
  restart   4/8    eval   595   this Q    0.002045   best Q    0.001975   454.1 min
  restart   4/8    eval   596   this Q    0.002051   best Q    0.001975   454.2 min
  restart   4/8    eval   597   this Q    0.002057   best Q    0.001975   454.4 min
  restart   4/8    eval   598   this Q    0.002039   best Q    0.001975   454.6 min
  restart   4/8    eval   599   this Q    0.002153   best Q    0.001975   454.7 min
  restart   4/8    eval   600   this Q    0.002033   best Q    0.001975   454.9 min
  restart   4/8    eval   601   this Q    0.002205   best Q    0.001975   455.1 min
  restart   4/8    eval   602   this Q    0.002147   best Q    0.001975   455.2 min
  restart   4/8    eval   603   this Q    0.002058   best Q    0.001975   455.4 min
  restart   4/8    eval   604   this Q    0.002038   best Q    0.001975   455.5 min
  restart   4/8    eval   605   this Q    0.002033   best Q    0.001975   455.7 min
  restart   4/8    eval   606   this Q    0.002047   best Q    0.001975   455.9 min
  restart   4/8    eval   607   this Q    0.002042   best Q    0.001975   456.0 min
  restart   4/8    eval   608   this Q     0.00209   best Q    0.001975   456.2 min
  restart   4/8    eval   609   this Q    0.002043   best Q    0.001975   456.4 min
  restart   4/8    eval   610   this Q    0.002029   best Q    0.001975   456.5 min
  restart   4/8    eval   611   this Q    0.002044   best Q    0.001975   456.7 min
  restart   4/8    eval   612   this Q    0.002024   best Q    0.001975   456.8 min
  restart   4/8    eval   613   this Q    0.002111   best Q    0.001975   457.0 min
  restart   4/8    eval   614   this Q    0.002047   best Q    0.001975   457.2 min
  restart   4/8    eval   615   this Q    0.002027   best Q    0.001975   457.3 min
  restart   4/8    eval   616   this Q    0.002035   best Q    0.001975   457.5 min
  restart   4/8    eval   617   this Q     0.00208   best Q    0.001975   457.7 min
  restart   4/8    eval   618   this Q    0.002036   best Q    0.001975   457.8 min
  restart   4/8    eval   619   this Q     0.00203   best Q    0.001975   458.0 min
  restart   4/8    eval   620   this Q    0.002033   best Q    0.001975   458.1 min
  restart   4/8    eval   621   this Q    0.002015   best Q    0.001975   458.3 min
  restart   4/8    eval   622   this Q    0.002029   best Q    0.001975   458.5 min
  restart   4/8    eval   623   this Q    0.002009   best Q    0.001975   458.6 min
  restart   4/8    eval   624   this Q    0.002026   best Q    0.001975   458.8 min
  restart   4/8    eval   625   this Q    0.002021   best Q    0.001975   459.0 min
  restart   4/8    eval   626   this Q     0.00203   best Q    0.001975   459.1 min
  restart   4/8    eval   627   this Q     0.00202   best Q    0.001975   459.3 min
  restart   4/8    eval   628   this Q    0.002016   best Q    0.001975   459.4 min
  restart   4/8    eval   629   this Q    0.002017   best Q    0.001975   459.6 min
  restart   4/8    eval   630   this Q    0.002033   best Q    0.001975   459.8 min
  restart   4/8    eval   631   this Q    0.002019   best Q    0.001975   459.9 min
  restart   4/8    eval   632   this Q    0.002025   best Q    0.001975   460.1 min
  restart   4/8    eval   633   this Q    0.002006   best Q    0.001975   460.3 min
  restart   4/8    eval   634   this Q    0.002009   best Q    0.001975   460.4 min
  restart   4/8    eval   635   this Q    0.002019   best Q    0.001975   460.6 min
  restart   4/8    eval   636   this Q    0.002014   best Q    0.001975   460.7 min
  restart   4/8    eval   637   this Q    0.002012   best Q    0.001975   460.9 min
  restart   4/8    eval   638   this Q    0.002019   best Q    0.001975   461.1 min
  restart   4/8    eval   639   this Q     0.00202   best Q    0.001975   461.2 min
  restart   4/8    eval   640   this Q    0.002012   best Q    0.001975   461.4 min
  restart   4/8    eval   641   this Q     0.00202   best Q    0.001975   461.5 min
  restart   4/8    eval   642   this Q    0.002009   best Q    0.001975   461.7 min
  restart   4/8    eval   643   this Q    0.002003   best Q    0.001975   461.9 min
  restart   4/8    eval   644   this Q    0.001998   best Q    0.001975   462.0 min
  restart   4/8    eval   645   this Q    0.002008   best Q    0.001975   462.2 min
  restart   4/8    eval   646   this Q    0.002027   best Q    0.001975   462.4 min
  restart   4/8    eval   647   this Q    0.002011   best Q    0.001975   462.5 min
  restart   4/8    eval   648   this Q       0.002   best Q    0.001975   462.7 min
  restart   4/8    eval   649   this Q    0.002023   best Q    0.001975   462.8 min
  restart   4/8    eval   650   this Q    0.002009   best Q    0.001975   463.0 min
  restart   4/8    eval   651   this Q    0.002003   best Q    0.001975   463.2 min
  restart   4/8    eval   652   this Q    0.001998   best Q    0.001975   463.3 min
  restart   4/8    eval   653   this Q    0.002004   best Q    0.001975   463.5 min
  restart   4/8    eval   654   this Q    0.001998   best Q    0.001975   463.7 min
  restart   4/8    eval   655   this Q    0.002002   best Q    0.001975   463.8 min
  restart   4/8    eval   656   this Q    0.001992   best Q    0.001975   464.0 min
  restart   4/8    eval   657   this Q    0.001994   best Q    0.001975   464.1 min
  restart   4/8    eval   658   this Q    0.002004   best Q    0.001975   464.3 min
  restart   4/8    eval   659   this Q    0.001992   best Q    0.001975   464.5 min
  restart   4/8    eval   660   this Q    0.002001   best Q    0.001975   464.6 min
  restart   4/8    eval   661   this Q    0.002009   best Q    0.001975   464.8 min
  restart   4/8    eval   662   this Q    0.001993   best Q    0.001975   465.0 min
  restart   4/8    eval   663   this Q    0.001991   best Q    0.001975   465.1 min
  restart   4/8    eval   664   this Q     0.00199   best Q    0.001975   465.3 min
  restart   4/8    eval   665   this Q    0.001995   best Q    0.001975   465.4 min
  restart   4/8    eval   666   this Q       0.002   best Q    0.001975   465.6 min
  restart   4/8    eval   667   this Q    0.001991   best Q    0.001975   465.8 min
  restart   4/8    eval   668   this Q    0.002005   best Q    0.001975   465.9 min
  restart   4/8    eval   669   this Q    0.001992   best Q    0.001975   466.1 min
  restart   4/8    eval   670   this Q    0.001996   best Q    0.001975   466.3 min
  restart   4/8    eval   671   this Q    0.002001   best Q    0.001975   466.4 min
  restart   4/8    eval   672   this Q    0.001995   best Q    0.001975   466.6 min
  restart   4/8    eval   673   this Q    0.001982   best Q    0.001975   466.7 min
  restart   4/8    eval   674   this Q    0.001983   best Q    0.001975   466.9 min
  restart   4/8    eval   675   this Q    0.001991   best Q    0.001975   467.1 min
  restart   4/8    eval   676   this Q    0.001988   best Q    0.001975   467.2 min
  restart   4/8    eval   677   this Q    0.001988   best Q    0.001975   467.4 min
  restart   4/8    eval   678   this Q    0.001985   best Q    0.001975   467.6 min
  restart   4/8    eval   679   this Q    0.001992   best Q    0.001975   467.7 min
  restart   4/8    eval   680   this Q    0.001987   best Q    0.001975   467.9 min
  restart   4/8    eval   681   this Q    0.001993   best Q    0.001975   468.0 min
  restart   4/8    eval   682   this Q     0.00199   best Q    0.001975   468.2 min
  restart   4/8    eval   683   this Q     0.00198   best Q    0.001975   468.4 min
  restart   4/8    eval   684   this Q     0.00198   best Q    0.001975   468.5 min
  restart   4/8    eval   685   this Q    0.001982   best Q    0.001975   468.7 min
  restart   4/8    eval   686   this Q    0.001989   best Q    0.001975   468.8 min
  restart   4/8    eval   687   this Q    0.001986   best Q    0.001975   469.0 min
  restart   4/8    eval   688   this Q    0.001982   best Q    0.001975   469.2 min
  restart   4/8    eval   689   this Q    0.001988   best Q    0.001975   469.3 min
  restart   4/8    eval   690   this Q    0.001987   best Q    0.001975   469.5 min
  restart   4/8    eval   691   this Q    0.001994   best Q    0.001975   469.7 min
  restart   4/8    eval   692   this Q    0.001984   best Q    0.001975   469.8 min
  restart   4/8    eval   693   this Q    0.001977   best Q    0.001975   470.0 min
  restart   4/8    eval   694   this Q    0.001978   best Q    0.001975   470.1 min
  restart   4/8    eval   695   this Q    0.001986   best Q    0.001975   470.3 min
  restart   4/8    eval   696   this Q    0.001977   best Q    0.001975   470.5 min
  restart   4/8    eval   697   this Q    0.001978   best Q    0.001975   470.6 min
  restart   4/8    eval   698   this Q    0.001983   best Q    0.001975   470.8 min
  restart   4/8    eval   699   this Q    0.001984   best Q    0.001975   471.0 min
  restart   4/8    eval   700   this Q    0.001982   best Q    0.001975   471.1 min
  restart   4/8    eval   701   this Q     0.00198   best Q    0.001975   471.3 min
  restart   4/8    eval   702   this Q    0.001979   best Q    0.001975   471.4 min
  restart   4/8    eval   703   this Q    0.001977   best Q    0.001975   471.6 min
  restart   4/8    eval   704   this Q    0.001979   best Q    0.001975   471.8 min
  restart   4/8    eval   705   this Q     0.00199   best Q    0.001975   471.9 min
  restart   4/8    eval   706   this Q    0.001981   best Q    0.001975   472.1 min
  restart   4/8    eval   707   this Q    0.001976   best Q    0.001975   472.3 min
  restart   4/8    eval   708   this Q    0.001986   best Q    0.001975   472.4 min
  restart   4/8    eval   709   this Q    0.001975   best Q    0.001975   472.6 min
  restart   4/8    eval   710   this Q    0.001986   best Q    0.001975   472.7 min
  restart   4/8    eval   711   this Q    0.001976   best Q    0.001975   472.9 min
  restart   4/8    eval   712   this Q    0.001974   best Q    0.001974   473.1 min
  restart   4/8    eval   713   this Q    0.001975   best Q    0.001974   473.2 min
  restart   4/8    eval   714   this Q     0.00198   best Q    0.001974   473.4 min
  restart   4/8    eval   715   this Q    0.001976   best Q    0.001974   473.6 min
  restart   4/8    eval   716   this Q    0.001984   best Q    0.001974   473.7 min
  restart   4/8    eval   717   this Q    0.001975   best Q    0.001974   473.9 min
  restart   4/8    eval   718   this Q    0.001976   best Q    0.001974   474.0 min
  restart   4/8    eval   719   this Q    0.001979   best Q    0.001974   474.2 min
  restart   4/8    eval   720   this Q    0.001975   best Q    0.001974   474.4 min
  restart   4/8    eval   721   this Q    0.001974   best Q    0.001974   474.5 min
  restart   4/8    eval   722   this Q    0.001974   best Q    0.001974   474.7 min
  restart   4/8    eval   723   this Q    0.001976   best Q    0.001974   474.9 min
  restart   4/8    eval   724   this Q    0.001975   best Q    0.001974   475.0 min
  restart   4/8    eval   725   this Q    0.001975   best Q    0.001974   475.2 min
  restart   4/8    eval   726   this Q    0.001975   best Q    0.001974   475.3 min
  restart   4/8    eval   727   this Q    0.001977   best Q    0.001974   475.5 min
  restart   4/8    eval   728   this Q    0.001975   best Q    0.001974   475.7 min
  restart   4/8   DONE   this    0.001974   best Q    0.001974   475.7 min, ~476 min left
  restart   5/8    eval     1   this Q      0.4893   best Q    0.001974   475.8 min
  restart   5/8    eval     2   this Q      0.4893   best Q    0.001974   476.0 min
  restart   5/8    eval     3   this Q       1.428   best Q    0.001974   476.1 min
  restart   5/8    eval     4   this Q      0.5512   best Q    0.001974   476.3 min
  restart   5/8    eval     5   this Q      0.2105   best Q    0.001974   476.5 min
  restart   5/8    eval     6   this Q       2.576   best Q    0.001974   476.6 min
  restart   5/8    eval     7   this Q       1.376   best Q    0.001974   476.8 min
  restart   5/8    eval     8   this Q      0.2599   best Q    0.001974   477.0 min
  restart   5/8    eval     9   this Q       1.979   best Q    0.001974   477.1 min
  restart   5/8    eval    10   this Q      0.5213   best Q    0.001974   477.3 min
  restart   5/8    eval    11   this Q        1.21   best Q    0.001974   477.5 min
  restart   5/8    eval    12   this Q       2.601   best Q    0.001974   477.6 min
  restart   5/8    eval    13   this Q      0.6746   best Q    0.001974   477.8 min
  restart   5/8    eval    14   this Q      0.5839   best Q    0.001974   478.0 min
  restart   5/8    eval    15   this Q       1.711   best Q    0.001974   478.1 min
  restart   5/8    eval    16   this Q      0.3775   best Q    0.001974   478.3 min
  restart   5/8    eval    17   this Q       1.446   best Q    0.001974   478.5 min
  restart   5/8    eval    18   this Q      0.3242   best Q    0.001974   478.6 min
  restart   5/8    eval    19   this Q      0.7724   best Q    0.001974   478.8 min
  restart   5/8    eval    20   this Q      0.2814   best Q    0.001974   478.9 min
  restart   5/8    eval    21   this Q      0.7814   best Q    0.001974   479.1 min
  restart   5/8    eval    22   this Q        0.18   best Q    0.001974   479.3 min
  restart   5/8    eval    23   this Q       1.298   best Q    0.001974   479.4 min
  restart   5/8    eval    24   this Q      0.2514   best Q    0.001974   479.6 min
  restart   5/8    eval    25   this Q      0.5189   best Q    0.001974   479.7 min
  restart   5/8    eval    26   this Q        0.45   best Q    0.001974   479.9 min
  restart   5/8    eval    27   this Q      0.5141   best Q    0.001974   480.1 min
  restart   5/8    eval    28   this Q      0.2519   best Q    0.001974   480.2 min
  restart   5/8    eval    29   this Q       0.592   best Q    0.001974   480.4 min
  restart   5/8    eval    30   this Q      0.1915   best Q    0.001974   480.6 min
  restart   5/8    eval    31   this Q      0.3265   best Q    0.001974   480.7 min
  restart   5/8    eval    32   this Q      0.4578   best Q    0.001974   480.9 min
  restart   5/8    eval    33   this Q      0.1231   best Q    0.001974   481.1 min
  restart   5/8    eval    34   this Q       0.429   best Q    0.001974   481.2 min
  restart   5/8    eval    35   this Q        0.07   best Q    0.001974   481.4 min
  restart   5/8    eval    36   this Q      0.2631   best Q    0.001974   481.5 min
  restart   5/8    eval    37   this Q      0.2373   best Q    0.001974   481.7 min
  restart   5/8    eval    38   this Q      0.2188   best Q    0.001974   481.9 min
  restart   5/8    eval    39   this Q      0.3877   best Q    0.001974   482.0 min
  restart   5/8    eval    40   this Q     0.05566   best Q    0.001974   482.2 min
  restart   5/8    eval    41   this Q      0.3853   best Q    0.001974   482.4 min
  restart   5/8    eval    42   this Q       0.128   best Q    0.001974   482.5 min
  restart   5/8    eval    43   this Q      0.4029   best Q    0.001974   482.7 min
  restart   5/8    eval    44   this Q      0.1099   best Q    0.001974   482.8 min
  restart   5/8    eval    45   this Q      0.2738   best Q    0.001974   483.0 min
  restart   5/8    eval    46   this Q     0.07558   best Q    0.001974   483.2 min
  restart   5/8    eval    47   this Q      0.2504   best Q    0.001974   483.3 min
  restart   5/8    eval    48   this Q     0.07906   best Q    0.001974   483.5 min
  restart   5/8    eval    49   this Q      0.2833   best Q    0.001974   483.7 min
  restart   5/8    eval    50   this Q     0.04179   best Q    0.001974   483.8 min
  restart   5/8    eval    51   this Q      0.2695   best Q    0.001974   484.0 min
  restart   5/8    eval    52   this Q     0.08176   best Q    0.001974   484.1 min
  restart   5/8    eval    53   this Q      0.1543   best Q    0.001974   484.3 min
  restart   5/8    eval    54   this Q     0.06792   best Q    0.001974   484.5 min
  restart   5/8    eval    55   this Q     0.04976   best Q    0.001974   484.6 min
  restart   5/8    eval    56   this Q      0.1465   best Q    0.001974   484.8 min
  restart   5/8    eval    57   this Q     0.05457   best Q    0.001974   485.0 min
  restart   5/8    eval    58   this Q      0.1171   best Q    0.001974   485.1 min
  restart   5/8    eval    59   this Q     0.05428   best Q    0.001974   485.3 min
  restart   5/8    eval    60   this Q      0.1427   best Q    0.001974   485.4 min
  restart   5/8    eval    61   this Q     0.03994   best Q    0.001974   485.6 min
  restart   5/8    eval    62   this Q     0.04056   best Q    0.001974   485.8 min
  restart   5/8    eval    63   this Q     0.04599   best Q    0.001974   485.9 min
  restart   5/8    eval    64   this Q     0.04936   best Q    0.001974   486.1 min
  restart   5/8    eval    65   this Q     0.03532   best Q    0.001974   486.3 min
  restart   5/8    eval    66   this Q      0.1265   best Q    0.001974   486.4 min
  restart   5/8    eval    67   this Q     0.06564   best Q    0.001974   486.6 min
  restart   5/8    eval    68   this Q     0.02573   best Q    0.001974   486.7 min
  restart   5/8    eval    69   this Q     0.03444   best Q    0.001974   486.9 min
  restart   5/8    eval    70   this Q     0.04385   best Q    0.001974   487.1 min
  restart   5/8    eval    71   this Q     0.03464   best Q    0.001974   487.2 min
  restart   5/8    eval    72   this Q      0.1056   best Q    0.001974   487.4 min
  restart   5/8    eval    73   this Q     0.01821   best Q    0.001974   487.6 min
  restart   5/8    eval    74   this Q     0.05691   best Q    0.001974   487.7 min
  restart   5/8    eval    75   this Q     0.02071   best Q    0.001974   487.9 min
  restart   5/8    eval    76   this Q     0.06626   best Q    0.001974   488.0 min
  restart   5/8    eval    77   this Q     0.01636   best Q    0.001974   488.2 min
  restart   5/8    eval    78   this Q      0.0279   best Q    0.001974   488.4 min
  restart   5/8    eval    79   this Q     0.07446   best Q    0.001974   488.5 min
  restart   5/8    eval    80   this Q     0.01678   best Q    0.001974   488.7 min
  restart   5/8    eval    81   this Q        0.03   best Q    0.001974   488.8 min
  restart   5/8    eval    82   this Q     0.02933   best Q    0.001974   489.0 min
  restart   5/8    eval    83   this Q     0.04095   best Q    0.001974   489.2 min
  restart   5/8    eval    84   this Q     0.01686   best Q    0.001974   489.3 min
  restart   5/8    eval    85   this Q     0.04016   best Q    0.001974   489.5 min
  restart   5/8    eval    86   this Q     0.01516   best Q    0.001974   489.7 min
  restart   5/8    eval    87   this Q     0.04927   best Q    0.001974   489.8 min
  restart   5/8    eval    88   this Q     0.01295   best Q    0.001974   490.0 min
  restart   5/8    eval    89   this Q     0.03032   best Q    0.001974   490.1 min
  restart   5/8    eval    90   this Q      0.0158   best Q    0.001974   490.3 min
  restart   5/8    eval    91   this Q     0.03804   best Q    0.001974   490.5 min
  restart   5/8    eval    92   this Q     0.01495   best Q    0.001974   490.6 min
  restart   5/8    eval    93   this Q     0.01037   best Q    0.001974   490.8 min
  restart   5/8    eval    94   this Q     0.02595   best Q    0.001974   490.9 min
  restart   5/8    eval    95   this Q    0.009814   best Q    0.001974   491.1 min
  restart   5/8    eval    96   this Q     0.02267   best Q    0.001974   491.3 min
  restart   5/8    eval    97   this Q      0.0142   best Q    0.001974   491.4 min
  restart   5/8    eval    98   this Q     0.01284   best Q    0.001974   491.6 min
  restart   5/8    eval    99   this Q     0.01883   best Q    0.001974   491.7 min
  restart   5/8    eval   100   this Q    0.009834   best Q    0.001974   491.9 min
  restart   5/8    eval   101   this Q     0.01399   best Q    0.001974   492.1 min
  restart   5/8    eval   102   this Q     0.01187   best Q    0.001974   492.2 min
  restart   5/8    eval   103   this Q     0.01461   best Q    0.001974   492.4 min
  restart   5/8    eval   104   this Q     0.01706   best Q    0.001974   492.5 min
  restart   5/8    eval   105   this Q    0.008918   best Q    0.001974   492.7 min
  restart   5/8    eval   106   this Q     0.01536   best Q    0.001974   492.9 min
  restart   5/8    eval   107   this Q     0.00886   best Q    0.001974   493.0 min
  restart   5/8    eval   108   this Q     0.01482   best Q    0.001974   493.2 min
  restart   5/8    eval   109   this Q    0.008632   best Q    0.001974   493.4 min
  restart   5/8    eval   110   this Q     0.01606   best Q    0.001974   493.5 min
  restart   5/8    eval   111   this Q    0.008674   best Q    0.001974   493.7 min
  restart   5/8    eval   112   this Q     0.01882   best Q    0.001974   493.8 min
  restart   5/8    eval   113   this Q    0.007823   best Q    0.001974   494.0 min
  restart   5/8    eval   114   this Q     0.01772   best Q    0.001974   494.2 min
  restart   5/8    eval   115   this Q    0.007859   best Q    0.001974   494.3 min
  restart   5/8    eval   116   this Q     0.01544   best Q    0.001974   494.5 min
  restart   5/8    eval   117   this Q    0.007886   best Q    0.001974   494.6 min
  restart   5/8    eval   118   this Q     0.01172   best Q    0.001974   494.8 min
  restart   5/8    eval   119   this Q    0.007833   best Q    0.001974   495.0 min
  restart   5/8    eval   120   this Q    0.007039   best Q    0.001974   495.1 min
  restart   5/8    eval   121   this Q      0.0097   best Q    0.001974   495.3 min
  restart   5/8    eval   122   this Q    0.009149   best Q    0.001974   495.4 min
  restart   5/8    eval   123   this Q    0.007357   best Q    0.001974   495.6 min
  restart   5/8    eval   124   this Q    0.008639   best Q    0.001974   495.8 min
  restart   5/8    eval   125   this Q    0.008901   best Q    0.001974   495.9 min
  restart   5/8    eval   126   this Q    0.007308   best Q    0.001974   496.1 min
  restart   5/8    eval   127   this Q     0.01005   best Q    0.001974   496.2 min
  restart   5/8    eval   128   this Q    0.007152   best Q    0.001974   496.4 min
  restart   5/8    eval   129   this Q    0.008356   best Q    0.001974   496.6 min
  restart   5/8    eval   130   this Q    0.007676   best Q    0.001974   496.7 min
  restart   5/8    eval   131   this Q    0.007691   best Q    0.001974   496.9 min
  restart   5/8    eval   132   this Q    0.007751   best Q    0.001974   497.0 min
  restart   5/8    eval   133   this Q     0.00915   best Q    0.001974   497.2 min
  restart   5/8    eval   134   this Q    0.006796   best Q    0.001974   497.4 min
  restart   5/8    eval   135   this Q    0.007671   best Q    0.001974   497.5 min
  restart   5/8    eval   136   this Q    0.008662   best Q    0.001974   497.7 min
  restart   5/8    eval   137   this Q    0.006834   best Q    0.001974   497.9 min
  restart   5/8    eval   138   this Q    0.008023   best Q    0.001974   498.0 min
  restart   5/8    eval   139   this Q    0.006875   best Q    0.001974   498.2 min
  restart   5/8    eval   140   this Q    0.008563   best Q    0.001974   498.3 min
  restart   5/8    eval   141   this Q    0.006798   best Q    0.001974   498.5 min
  restart   5/8    eval   142   this Q     0.00864   best Q    0.001974   498.7 min
  restart   5/8    eval   143   this Q    0.006805   best Q    0.001974   498.8 min
  restart   5/8    eval   144   this Q    0.007899   best Q    0.001974   499.0 min
  restart   5/8    eval   145   this Q    0.006864   best Q    0.001974   499.1 min
  restart   5/8    eval   146   this Q    0.007139   best Q    0.001974   499.3 min
  restart   5/8    eval   147   this Q     0.00688   best Q    0.001974   499.5 min
  restart   5/8    eval   148   this Q    0.007121   best Q    0.001974   499.6 min
  restart   5/8    eval   149   this Q    0.007491   best Q    0.001974   499.8 min
  restart   5/8    eval   150   this Q    0.006679   best Q    0.001974   499.9 min
  restart   5/8    eval   151   this Q     0.00713   best Q    0.001974   500.1 min
  restart   5/8    eval   152   this Q    0.006698   best Q    0.001974   500.3 min
  restart   5/8    eval   153   this Q    0.007133   best Q    0.001974   500.4 min
  restart   5/8    eval   154   this Q    0.006675   best Q    0.001974   500.6 min
  restart   5/8    eval   155   this Q    0.006938   best Q    0.001974   500.7 min
  restart   5/8    eval   156   this Q    0.006641   best Q    0.001974   500.9 min
  restart   5/8    eval   157   this Q    0.007016   best Q    0.001974   501.1 min
  restart   5/8    eval   158   this Q    0.006631   best Q    0.001974   501.2 min
  restart   5/8    eval   159   this Q    0.006488   best Q    0.001974   501.4 min
  restart   5/8    eval   160   this Q     0.00668   best Q    0.001974   501.5 min
  restart   5/8    eval   161   this Q    0.007099   best Q    0.001974   501.7 min
  restart   5/8    eval   162   this Q    0.006577   best Q    0.001974   501.9 min
  restart   5/8    eval   163   this Q    0.007043   best Q    0.001974   502.0 min
  restart   5/8    eval   164   this Q    0.006581   best Q    0.001974   502.2 min
  restart   5/8    eval   165   this Q    0.006731   best Q    0.001974   502.4 min
  restart   5/8    eval   166   this Q    0.006962   best Q    0.001974   502.5 min
  restart   5/8    eval   167   this Q     0.00658   best Q    0.001974   502.7 min
  restart   5/8    eval   168   this Q    0.006769   best Q    0.001974   502.8 min
  restart   5/8    eval   169   this Q    0.006582   best Q    0.001974   503.0 min
  restart   5/8    eval   170   this Q    0.006701   best Q    0.001974   503.2 min
  restart   5/8    eval   171   this Q    0.006571   best Q    0.001974   503.3 min
  restart   5/8    eval   172   this Q    0.006625   best Q    0.001974   503.5 min
  restart   5/8    eval   173   this Q    0.006627   best Q    0.001974   503.6 min
  restart   5/8    eval   174   this Q    0.006565   best Q    0.001974   503.8 min
  restart   5/8    eval   175   this Q    0.006452   best Q    0.001974   504.0 min
  restart   5/8    eval   176   this Q    0.006486   best Q    0.001974   504.1 min
  restart   5/8    eval   177   this Q    0.006582   best Q    0.001974   504.3 min
  restart   5/8    eval   178   this Q    0.006668   best Q    0.001974   504.4 min
  restart   5/8    eval   179   this Q    0.006521   best Q    0.001974   504.6 min
  restart   5/8    eval   180   this Q    0.006515   best Q    0.001974   504.8 min
  restart   5/8    eval   181   this Q    0.006603   best Q    0.001974   504.9 min
  restart   5/8    eval   182   this Q    0.006508   best Q    0.001974   505.1 min
  restart   5/8    eval   183   this Q    0.006496   best Q    0.001974   505.2 min
  restart   5/8    eval   184   this Q    0.006416   best Q    0.001974   505.4 min
  restart   5/8    eval   185   this Q    0.006422   best Q    0.001974   505.6 min
  restart   5/8    eval   186   this Q    0.006456   best Q    0.001974   505.7 min
  restart   5/8    eval   187   this Q    0.006483   best Q    0.001974   505.9 min
  restart   5/8    eval   188   this Q    0.006405   best Q    0.001974   506.0 min
  restart   5/8    eval   189   this Q    0.006488   best Q    0.001974   506.2 min
  restart   5/8    eval   190   this Q     0.00646   best Q    0.001974   506.4 min
  restart   5/8    eval   191   this Q    0.006372   best Q    0.001974   506.5 min
  restart   5/8    eval   192   this Q    0.006391   best Q    0.001974   506.7 min
  restart   5/8    eval   193   this Q    0.006341   best Q    0.001974   506.9 min
  restart   5/8    eval   194   this Q    0.006346   best Q    0.001974   507.0 min
  restart   5/8    eval   195   this Q    0.006509   best Q    0.001974   507.2 min
  restart   5/8    eval   196   this Q     0.00641   best Q    0.001974   507.3 min
  restart   5/8    eval   197   this Q    0.006366   best Q    0.001974   507.5 min
  restart   5/8    eval   198   this Q    0.006456   best Q    0.001974   507.7 min
  restart   5/8    eval   199   this Q    0.006461   best Q    0.001974   507.8 min
  restart   5/8    eval   200   this Q    0.006392   best Q    0.001974   508.0 min
  restart   5/8    eval   201   this Q      0.0064   best Q    0.001974   508.1 min
  restart   5/8    eval   202   this Q    0.006436   best Q    0.001974   508.3 min
  restart   5/8    eval   203   this Q    0.006303   best Q    0.001974   508.5 min
  restart   5/8    eval   204   this Q    0.006294   best Q    0.001974   508.6 min
  restart   5/8    eval   205   this Q    0.006407   best Q    0.001974   508.8 min
  restart   5/8    eval   206   this Q    0.006354   best Q    0.001974   508.9 min
  restart   5/8    eval   207   this Q     0.00626   best Q    0.001974   509.1 min
  restart   5/8    eval   208   this Q    0.006217   best Q    0.001974   509.3 min
  restart   5/8    eval   209   this Q     0.00634   best Q    0.001974   509.4 min
  restart   5/8    eval   210   this Q    0.006258   best Q    0.001974   509.6 min
  restart   5/8    eval   211   this Q    0.006383   best Q    0.001974   509.7 min
  restart   5/8    eval   212   this Q    0.006163   best Q    0.001974   509.9 min
  restart   5/8    eval   213   this Q    0.006064   best Q    0.001974   510.1 min
  restart   5/8    eval   214   this Q    0.006328   best Q    0.001974   510.2 min
  restart   5/8    eval   215   this Q    0.006211   best Q    0.001974   510.4 min
  restart   5/8    eval   216   this Q    0.006147   best Q    0.001974   510.6 min
  restart   5/8    eval   217   this Q    0.006159   best Q    0.001974   510.7 min
  restart   5/8    eval   218   this Q    0.006053   best Q    0.001974   510.9 min
  restart   5/8    eval   219   this Q    0.005975   best Q    0.001974   511.0 min
  restart   5/8    eval   220   this Q    0.005981   best Q    0.001974   511.2 min
  restart   5/8    eval   221   this Q    0.006141   best Q    0.001974   511.4 min
  restart   5/8    eval   222   this Q    0.005963   best Q    0.001974   511.5 min
  restart   5/8    eval   223   this Q    0.005974   best Q    0.001974   511.7 min
  restart   5/8    eval   224   this Q    0.005902   best Q    0.001974   511.8 min
  restart   5/8    eval   225   this Q    0.005833   best Q    0.001974   512.0 min
  restart   5/8    eval   226   this Q    0.005893   best Q    0.001974   512.2 min
  restart   5/8    eval   227   this Q    0.005862   best Q    0.001974   512.3 min
  restart   5/8    eval   228   this Q    0.005805   best Q    0.001974   512.5 min
  restart   5/8    eval   229   this Q    0.005805   best Q    0.001974   512.6 min
  restart   5/8    eval   230   this Q    0.005726   best Q    0.001974   512.8 min
  restart   5/8    eval   231   this Q    0.005687   best Q    0.001974   513.0 min
  restart   5/8    eval   232   this Q    0.005783   best Q    0.001974   513.1 min
  restart   5/8    eval   233   this Q    0.005671   best Q    0.001974   513.3 min
  restart   5/8    eval   234   this Q    0.005729   best Q    0.001974   513.5 min
  restart   5/8    eval   235   this Q    0.005604   best Q    0.001974   513.6 min
  restart   5/8    eval   236   this Q     0.00556   best Q    0.001974   513.8 min
  restart   5/8    eval   237   this Q    0.005471   best Q    0.001974   513.9 min
  restart   5/8    eval   238   this Q    0.005316   best Q    0.001974   514.1 min
  restart   5/8    eval   239   this Q    0.005668   best Q    0.001974   514.3 min
  restart   5/8    eval   240   this Q    0.005709   best Q    0.001974   514.4 min
  restart   5/8    eval   241   this Q    0.005693   best Q    0.001974   514.6 min
  restart   5/8    eval   242   this Q    0.005382   best Q    0.001974   514.7 min
  restart   5/8    eval   243   this Q    0.005681   best Q    0.001974   514.9 min
  restart   5/8    eval   244   this Q    0.005747   best Q    0.001974   515.1 min
  restart   5/8    eval   245   this Q    0.005562   best Q    0.001974   515.2 min
  restart   5/8    eval   246   this Q     0.00551   best Q    0.001974   515.4 min
  restart   5/8    eval   247   this Q    0.005573   best Q    0.001974   515.5 min
  restart   5/8    eval   248   this Q    0.005329   best Q    0.001974   515.7 min
  restart   5/8    eval   249   this Q    0.005638   best Q    0.001974   515.9 min
  restart   5/8    eval   250   this Q    0.005369   best Q    0.001974   516.0 min
  restart   5/8    eval   251   this Q    0.005316   best Q    0.001974   516.2 min
  restart   5/8    eval   252   this Q    0.005457   best Q    0.001974   516.3 min
  restart   5/8    eval   253   this Q    0.005547   best Q    0.001974   516.5 min
  restart   5/8    eval   254   this Q    0.005375   best Q    0.001974   516.7 min
  restart   5/8    eval   255   this Q    0.005289   best Q    0.001974   516.8 min
  restart   5/8    eval   256   this Q    0.005435   best Q    0.001974   517.0 min
  restart   5/8    eval   257   this Q     0.00511   best Q    0.001974   517.2 min
  restart   5/8    eval   258   this Q    0.005011   best Q    0.001974   517.3 min
  restart   5/8    eval   259   this Q    0.005317   best Q    0.001974   517.5 min
  restart   5/8    eval   260   this Q    0.005107   best Q    0.001974   517.6 min
  restart   5/8    eval   261   this Q    0.005212   best Q    0.001974   517.8 min
  restart   5/8    eval   262   this Q    0.005328   best Q    0.001974   518.0 min
  restart   5/8    eval   263   this Q     0.00513   best Q    0.001974   518.1 min
  restart   5/8    eval   264   this Q    0.005242   best Q    0.001974   518.3 min
  restart   5/8    eval   265   this Q    0.005214   best Q    0.001974   518.4 min
  restart   5/8    eval   266   this Q    0.005128   best Q    0.001974   518.6 min
  restart   5/8    eval   267   this Q    0.005161   best Q    0.001974   518.8 min
  restart   5/8    eval   268   this Q    0.005043   best Q    0.001974   518.9 min
  restart   5/8    eval   269   this Q    0.005126   best Q    0.001974   519.1 min
  restart   5/8    eval   270   this Q    0.005246   best Q    0.001974   519.3 min
  restart   5/8    eval   271   this Q    0.005083   best Q    0.001974   519.4 min
  restart   5/8    eval   272   this Q    0.005112   best Q    0.001974   519.6 min
  restart   5/8    eval   273   this Q    0.005029   best Q    0.001974   519.7 min
  restart   5/8    eval   274   this Q    0.005133   best Q    0.001974   519.9 min
  restart   5/8    eval   275   this Q    0.005032   best Q    0.001974   520.1 min
  restart   5/8    eval   276   this Q    0.005185   best Q    0.001974   520.2 min
  restart   5/8    eval   277   this Q    0.005031   best Q    0.001974   520.4 min
  restart   5/8    eval   278   this Q    0.005041   best Q    0.001974   520.5 min
  restart   5/8    eval   279   this Q    0.004994   best Q    0.001974   520.7 min
  restart   5/8    eval   280   this Q    0.005166   best Q    0.001974   520.9 min
  restart   5/8    eval   281   this Q    0.005151   best Q    0.001974   521.0 min
  restart   5/8    eval   282   this Q     0.00502   best Q    0.001974   521.2 min
  restart   5/8    eval   283   this Q    0.004932   best Q    0.001974   521.4 min
  restart   5/8    eval   284   this Q    0.005025   best Q    0.001974   521.5 min
  restart   5/8    eval   285   this Q    0.004969   best Q    0.001974   521.7 min
  restart   5/8    eval   286   this Q    0.004924   best Q    0.001974   521.8 min
  restart   5/8    eval   287   this Q    0.004971   best Q    0.001974   522.0 min
  restart   5/8    eval   288   this Q    0.005064   best Q    0.001974   522.2 min
  restart   5/8    eval   289   this Q     0.00497   best Q    0.001974   522.3 min
  restart   5/8    eval   290   this Q    0.004909   best Q    0.001974   522.5 min
  restart   5/8    eval   291   this Q    0.004907   best Q    0.001974   522.6 min
  restart   5/8    eval   292   this Q    0.004918   best Q    0.001974   522.8 min
  restart   5/8    eval   293   this Q    0.004951   best Q    0.001974   523.0 min
  restart   5/8    eval   294   this Q    0.004861   best Q    0.001974   523.1 min
  restart   5/8    eval   295   this Q    0.004906   best Q    0.001974   523.3 min
  restart   5/8    eval   296   this Q    0.004877   best Q    0.001974   523.5 min
  restart   5/8    eval   297   this Q     0.00491   best Q    0.001974   523.6 min
  restart   5/8    eval   298   this Q    0.004864   best Q    0.001974   523.8 min
  restart   5/8    eval   299   this Q     0.00485   best Q    0.001974   523.9 min
  restart   5/8    eval   300   this Q    0.004956   best Q    0.001974   524.1 min
  restart   5/8    eval   301   this Q    0.004907   best Q    0.001974   524.3 min
  restart   5/8    eval   302   this Q    0.004823   best Q    0.001974   524.4 min
  restart   5/8    eval   303   this Q    0.004912   best Q    0.001974   524.6 min
  restart   5/8    eval   304   this Q    0.004977   best Q    0.001974   524.7 min
  restart   5/8    eval   305   this Q    0.004845   best Q    0.001974   524.9 min
  restart   5/8    eval   306   this Q    0.004767   best Q    0.001974   525.1 min
  restart   5/8    eval   307   this Q    0.004758   best Q    0.001974   525.2 min
  restart   5/8    eval   308   this Q    0.004911   best Q    0.001974   525.4 min
  restart   5/8    eval   309   this Q    0.004846   best Q    0.001974   525.6 min
  restart   5/8    eval   310   this Q    0.004914   best Q    0.001974   525.7 min
  restart   5/8    eval   311   this Q    0.004847   best Q    0.001974   525.9 min
  restart   5/8    eval   312   this Q    0.004783   best Q    0.001974   526.0 min
  restart   5/8    eval   313   this Q    0.004848   best Q    0.001974   526.2 min
  restart   5/8    eval   314   this Q    0.004745   best Q    0.001974   526.4 min
  restart   5/8    eval   315   this Q    0.004765   best Q    0.001974   526.5 min
  restart   5/8    eval   316   this Q    0.004772   best Q    0.001974   526.7 min
  restart   5/8    eval   317   this Q    0.004777   best Q    0.001974   526.9 min
  restart   5/8    eval   318   this Q    0.004872   best Q    0.001974   527.0 min
  restart   5/8    eval   319   this Q    0.004772   best Q    0.001974   527.2 min
  restart   5/8    eval   320   this Q    0.004717   best Q    0.001974   527.3 min
  restart   5/8    eval   321   this Q    0.004723   best Q    0.001974   527.5 min
  restart   5/8    eval   322   this Q    0.004706   best Q    0.001974   527.7 min
  restart   5/8    eval   323   this Q    0.004709   best Q    0.001974   527.8 min
  restart   5/8    eval   324   this Q    0.004619   best Q    0.001974   528.0 min
  restart   5/8    eval   325   this Q    0.004532   best Q    0.001974   528.1 min
  restart   5/8    eval   326   this Q    0.004709   best Q    0.001974   528.3 min
  restart   5/8    eval   327   this Q    0.004663   best Q    0.001974   528.5 min
  restart   5/8    eval   328   this Q    0.004751   best Q    0.001974   528.6 min
  restart   5/8    eval   329   this Q    0.004668   best Q    0.001974   528.8 min
  restart   5/8    eval   330   this Q    0.004656   best Q    0.001974   528.9 min
  restart   5/8    eval   331   this Q    0.004573   best Q    0.001974   529.1 min
  restart   5/8    eval   332   this Q    0.004652   best Q    0.001974   529.3 min
  restart   5/8    eval   333   this Q    0.004484   best Q    0.001974   529.4 min
  restart   5/8    eval   334   this Q    0.004377   best Q    0.001974   529.6 min
  restart   5/8    eval   335   this Q    0.004501   best Q    0.001974   529.8 min
  restart   5/8    eval   336   this Q    0.004503   best Q    0.001974   529.9 min
  restart   5/8    eval   337   this Q    0.004414   best Q    0.001974   530.1 min
  restart   5/8    eval   338   this Q    0.004482   best Q    0.001974   530.2 min
  restart   5/8    eval   339   this Q    0.004362   best Q    0.001974   530.4 min
  restart   5/8    eval   340   this Q    0.004291   best Q    0.001974   530.6 min
  restart   5/8    eval   341   this Q    0.004296   best Q    0.001974   530.7 min
  restart   5/8    eval   342   this Q    0.004315   best Q    0.001974   530.9 min
  restart   5/8    eval   343   this Q    0.004271   best Q    0.001974   531.0 min
  restart   5/8    eval   344   this Q    0.004284   best Q    0.001974   531.2 min
  restart   5/8    eval   345   this Q    0.004207   best Q    0.001974   531.4 min
  restart   5/8    eval   346   this Q    0.004144   best Q    0.001974   531.5 min
  restart   5/8    eval   347   this Q    0.004159   best Q    0.001974   531.7 min
  restart   5/8    eval   348   this Q    0.004092   best Q    0.001974   531.9 min
  restart   5/8    eval   349   this Q     0.00403   best Q    0.001974   532.0 min
  restart   5/8    eval   350   this Q    0.004065   best Q    0.001974   532.2 min
  restart   5/8    eval   351   this Q    0.004038   best Q    0.001974   532.3 min
  restart   5/8    eval   352   this Q     0.00396   best Q    0.001974   532.5 min
  restart   5/8    eval   353   this Q    0.003917   best Q    0.001974   532.7 min
  restart   5/8    eval   354   this Q    0.004003   best Q    0.001974   532.8 min
  restart   5/8    eval   355   this Q    0.004034   best Q    0.001974   533.0 min
  restart   5/8    eval   356   this Q    0.003852   best Q    0.001974   533.1 min
  restart   5/8    eval   357   this Q     0.00386   best Q    0.001974   533.3 min
  restart   5/8    eval   358   this Q    0.003834   best Q    0.001974   533.5 min
  restart   5/8    eval   359   this Q    0.003929   best Q    0.001974   533.6 min
  restart   5/8    eval   360   this Q    0.003913   best Q    0.001974   533.8 min
  restart   5/8    eval   361   this Q    0.003944   best Q    0.001974   534.0 min
  restart   5/8    eval   362   this Q    0.004136   best Q    0.001974   534.1 min
  restart   5/8    eval   363   this Q    0.003921   best Q    0.001974   534.3 min
  restart   5/8    eval   364   this Q    0.003824   best Q    0.001974   534.4 min
  restart   5/8    eval   365   this Q    0.003877   best Q    0.001974   534.6 min
  restart   5/8    eval   366   this Q      0.0038   best Q    0.001974   534.8 min
  restart   5/8    eval   367   this Q    0.003877   best Q    0.001974   534.9 min
  restart   5/8    eval   368   this Q    0.003844   best Q    0.001974   535.1 min
  restart   5/8    eval   369   this Q    0.003827   best Q    0.001974   535.3 min
  restart   5/8    eval   370   this Q    0.003789   best Q    0.001974   535.4 min
  restart   5/8    eval   371   this Q    0.003939   best Q    0.001974   535.6 min
  restart   5/8    eval   372   this Q    0.003831   best Q    0.001974   535.7 min
  restart   5/8    eval   373   this Q    0.003687   best Q    0.001974   535.9 min
  restart   5/8    eval   374   this Q    0.003686   best Q    0.001974   536.1 min
  restart   5/8    eval   375   this Q    0.003629   best Q    0.001974   536.2 min
  restart   5/8    eval   376   this Q    0.003608   best Q    0.001974   536.4 min
  restart   5/8    eval   377   this Q    0.003767   best Q    0.001974   536.6 min
  restart   5/8    eval   378   this Q    0.003612   best Q    0.001974   536.7 min
  restart   5/8    eval   379   this Q    0.003629   best Q    0.001974   536.9 min
  restart   5/8    eval   380   this Q    0.003572   best Q    0.001974   537.0 min
  restart   5/8    eval   381   this Q    0.003642   best Q    0.001974   537.2 min
  restart   5/8    eval   382   this Q    0.003493   best Q    0.001974   537.4 min
  restart   5/8    eval   383   this Q     0.00347   best Q    0.001974   537.5 min
  restart   5/8    eval   384   this Q    0.003346   best Q    0.001974   537.7 min
  restart   5/8    eval   385   this Q    0.003208   best Q    0.001974   537.9 min
  restart   5/8    eval   386   this Q    0.003607   best Q    0.001974   538.0 min
  restart   5/8    eval   387   this Q    0.003297   best Q    0.001974   538.2 min
  restart   5/8    eval   388   this Q    0.003397   best Q    0.001974   538.3 min
  restart   5/8    eval   389   this Q    0.003317   best Q    0.001974   538.5 min
  restart   5/8    eval   390   this Q    0.003384   best Q    0.001974   538.7 min
  restart   5/8    eval   391   this Q    0.003368   best Q    0.001974   538.8 min
  restart   5/8    eval   392   this Q    0.003145   best Q    0.001974   539.0 min
  restart   5/8    eval   393   this Q    0.003148   best Q    0.001974   539.2 min
  restart   5/8    eval   394   this Q    0.003292   best Q    0.001974   539.3 min
  restart   5/8    eval   395   this Q    0.002962   best Q    0.001974   539.5 min
  restart   5/8    eval   396   this Q    0.002852   best Q    0.001974   539.6 min
  restart   5/8    eval   397   this Q    0.003142   best Q    0.001974   539.8 min
  restart   5/8    eval   398   this Q    0.002966   best Q    0.001974   540.0 min
  restart   5/8    eval   399   this Q    0.002861   best Q    0.001974   540.1 min
  restart   5/8    eval   400   this Q    0.002866   best Q    0.001974   540.3 min
  restart   5/8    eval   401   this Q    0.002788   best Q    0.001974   540.5 min
  restart   5/8    eval   402   this Q    0.002844   best Q    0.001974   540.6 min
  restart   5/8    eval   403   this Q     0.00305   best Q    0.001974   540.8 min
  restart   5/8    eval   404   this Q    0.002805   best Q    0.001974   540.9 min
  restart   5/8    eval   405   this Q    0.002601   best Q    0.001974   541.1 min
  restart   5/8    eval   406   this Q    0.002554   best Q    0.001974   541.3 min
  restart   5/8    eval   407   this Q      0.0026   best Q    0.001974   541.4 min
  restart   5/8    eval   408   this Q     0.00255   best Q    0.001974   541.6 min
  restart   5/8    eval   409   this Q    0.002697   best Q    0.001974   541.8 min
  restart   5/8    eval   410   this Q    0.002699   best Q    0.001974   541.9 min
  restart   5/8    eval   411   this Q    0.002367   best Q    0.001974   542.1 min
  restart   5/8    eval   412   this Q    0.002332   best Q    0.001974   542.2 min
  restart   5/8    eval   413   this Q    0.002759   best Q    0.001974   542.4 min
  restart   5/8    eval   414   this Q    0.002503   best Q    0.001974   542.6 min
  restart   5/8    eval   415   this Q    0.002314   best Q    0.001974   542.7 min
  restart   5/8    eval   416   this Q    0.003511   best Q    0.001974   542.9 min
  restart   5/8    eval   417   this Q    0.002357   best Q    0.001974   543.1 min
  restart   5/8    eval   418   this Q    0.004456   best Q    0.001974   543.2 min
  restart   5/8    eval   419   this Q    0.002495   best Q    0.001974   543.4 min
  restart   5/8    eval   420   this Q    0.002287   best Q    0.001974   543.5 min
  restart   5/8    eval   421   this Q    0.002611   best Q    0.001974   543.7 min
  restart   5/8    eval   422   this Q    0.002579   best Q    0.001974   543.9 min
  restart   5/8    eval   423   this Q    0.002166   best Q    0.001974   544.0 min
  restart   5/8    eval   424   this Q    0.002303   best Q    0.001974   544.2 min
  restart   5/8    eval   425   this Q    0.002569   best Q    0.001974   544.4 min
  restart   5/8    eval   426   this Q    0.002334   best Q    0.001974   544.5 min
  restart   5/8    eval   427   this Q    0.002264   best Q    0.001974   544.7 min
  restart   5/8    eval   428   this Q    0.002698   best Q    0.001974   544.8 min
  restart   5/8    eval   429   this Q    0.002333   best Q    0.001974   545.0 min
  restart   5/8    eval   430   this Q     0.00235   best Q    0.001974   545.2 min
  restart   5/8    eval   431   this Q    0.002553   best Q    0.001974   545.3 min
  restart   5/8    eval   432   this Q     0.00232   best Q    0.001974   545.5 min
  restart   5/8    eval   433   this Q    0.002584   best Q    0.001974   545.7 min
  restart   5/8    eval   434   this Q    0.002216   best Q    0.001974   545.8 min
  restart   5/8    eval   435   this Q    0.002446   best Q    0.001974   546.0 min
  restart   5/8    eval   436   this Q    0.002233   best Q    0.001974   546.2 min
  restart   5/8    eval   437   this Q    0.002168   best Q    0.001974   546.3 min
  restart   5/8    eval   438   this Q    0.002167   best Q    0.001974   546.5 min
  restart   5/8    eval   439   this Q    0.002304   best Q    0.001974   546.7 min
  restart   5/8    eval   440   this Q    0.002109   best Q    0.001974   546.8 min
  restart   5/8    eval   441   this Q    0.002952   best Q    0.001974   547.0 min
  restart   5/8    eval   442   this Q    0.002201   best Q    0.001974   547.2 min
  restart   5/8    eval   443   this Q    0.002227   best Q    0.001974   547.3 min
  restart   5/8    eval   444   this Q    0.002809   best Q    0.001974   547.5 min
  restart   5/8    eval   445   this Q    0.002168   best Q    0.001974   547.7 min
  restart   5/8    eval   446   this Q    0.002189   best Q    0.001974   547.8 min
  restart   5/8    eval   447   this Q    0.002142   best Q    0.001974   548.0 min
  restart   5/8    eval   448   this Q    0.002199   best Q    0.001974   548.2 min
  restart   5/8    eval   449   this Q    0.002029   best Q    0.001974   548.3 min
  restart   5/8    eval   450   this Q    0.002059   best Q    0.001974   548.5 min
  restart   5/8    eval   451   this Q    0.002299   best Q    0.001974   548.7 min
  restart   5/8    eval   452   this Q    0.002102   best Q    0.001974   548.8 min
  restart   5/8    eval   453   this Q    0.002223   best Q    0.001974   549.0 min
  restart   5/8    eval   454   this Q    0.002104   best Q    0.001974   549.1 min
  restart   5/8    eval   455   this Q    0.002136   best Q    0.001974   549.3 min
  restart   5/8    eval   456   this Q    0.002174   best Q    0.001974   549.5 min
  restart   5/8    eval   457   this Q    0.002087   best Q    0.001974   549.6 min
  restart   5/8    eval   458   this Q    0.002317   best Q    0.001974   549.8 min
  restart   5/8    eval   459   this Q    0.002101   best Q    0.001974   550.0 min
  restart   5/8    eval   460   this Q    0.002156   best Q    0.001974   550.1 min
  restart   5/8    eval   461   this Q    0.002159   best Q    0.001974   550.3 min
  restart   5/8    eval   462   this Q    0.002088   best Q    0.001974   550.5 min
  restart   5/8    eval   463   this Q    0.002197   best Q    0.001974   550.6 min
  restart   5/8    eval   464   this Q     0.00208   best Q    0.001974   550.8 min
  restart   5/8    eval   465   this Q    0.002218   best Q    0.001974   550.9 min
  restart   5/8    eval   466   this Q    0.002073   best Q    0.001974   551.1 min
  restart   5/8    eval   467   this Q    0.002196   best Q    0.001974   551.3 min
  restart   5/8    eval   468   this Q    0.002078   best Q    0.001974   551.4 min
  restart   5/8    eval   469   this Q    0.002141   best Q    0.001974   551.6 min
  restart   5/8    eval   470   this Q    0.002065   best Q    0.001974   551.8 min
  restart   5/8    eval   471   this Q    0.002078   best Q    0.001974   551.9 min
  restart   5/8    eval   472   this Q    0.002028   best Q    0.001974   552.1 min
  restart   5/8    eval   473   this Q    0.002086   best Q    0.001974   552.3 min
  restart   5/8    eval   474   this Q    0.002026   best Q    0.001974   552.4 min
  restart   5/8    eval   475   this Q    0.002182   best Q    0.001974   552.6 min
  restart   5/8    eval   476   this Q    0.002049   best Q    0.001974   552.7 min
  restart   5/8    eval   477   this Q    0.002056   best Q    0.001974   552.9 min
  restart   5/8    eval   478   this Q    0.002099   best Q    0.001974   553.1 min
  restart   5/8    eval   479   this Q    0.002052   best Q    0.001974   553.2 min
  restart   5/8    eval   480   this Q     0.00205   best Q    0.001974   553.4 min
  restart   5/8    eval   481   this Q    0.002043   best Q    0.001974   553.6 min
  restart   5/8    eval   482   this Q    0.002011   best Q    0.001974   553.7 min
  restart   5/8    eval   483   this Q    0.002021   best Q    0.001974   553.9 min
  restart   5/8    eval   484   this Q    0.002023   best Q    0.001974   554.1 min
  restart   5/8    eval   485   this Q    0.002036   best Q    0.001974   554.2 min
  restart   5/8    eval   486   this Q    0.002054   best Q    0.001974   554.4 min
  restart   5/8    eval   487   this Q    0.002033   best Q    0.001974   554.5 min
  restart   5/8    eval   488   this Q    0.002039   best Q    0.001974   554.7 min
  restart   5/8    eval   489   this Q    0.002002   best Q    0.001974   554.9 min
  restart   5/8    eval   490   this Q    0.002034   best Q    0.001974   555.0 min
  restart   5/8    eval   491   this Q    0.002055   best Q    0.001974   555.2 min
  restart   5/8    eval   492   this Q    0.002016   best Q    0.001974   555.4 min
  restart   5/8    eval   493   this Q    0.002048   best Q    0.001974   555.5 min
  restart   5/8    eval   494   this Q    0.002015   best Q    0.001974   555.7 min
  restart   5/8    eval   495   this Q    0.002051   best Q    0.001974   555.9 min
  restart   5/8    eval   496   this Q    0.002017   best Q    0.001974   556.0 min
  restart   5/8    eval   497   this Q    0.001992   best Q    0.001974   556.2 min
  restart   5/8    eval   498   this Q    0.002001   best Q    0.001974   556.3 min
  restart   5/8    eval   499   this Q    0.002067   best Q    0.001974   556.5 min
  restart   5/8    eval   500   this Q    0.002011   best Q    0.001974   556.7 min
  restart   5/8    eval   501   this Q    0.002022   best Q    0.001974   556.8 min
  restart   5/8    eval   502   this Q    0.001999   best Q    0.001974   557.0 min
  restart   5/8    eval   503   this Q     0.00202   best Q    0.001974   557.2 min
  restart   5/8    eval   504   this Q    0.002036   best Q    0.001974   557.3 min
  restart   5/8    eval   505   this Q       0.002   best Q    0.001974   557.5 min
  restart   5/8    eval   506   this Q    0.002017   best Q    0.001974   557.7 min
  restart   5/8    eval   507   this Q    0.002008   best Q    0.001974   557.8 min
  restart   5/8    eval   508   this Q    0.002009   best Q    0.001974   558.0 min
  restart   5/8    eval   509   this Q    0.002004   best Q    0.001974   558.1 min
  restart   5/8    eval   510   this Q    0.002013   best Q    0.001974   558.3 min
  restart   5/8    eval   511   this Q    0.001998   best Q    0.001974   558.5 min
  restart   5/8    eval   512   this Q    0.001992   best Q    0.001974   558.6 min
  restart   5/8    eval   513   this Q    0.002007   best Q    0.001974   558.8 min
  restart   5/8    eval   514   this Q       0.002   best Q    0.001974   559.0 min
  restart   5/8    eval   515   this Q    0.001995   best Q    0.001974   559.1 min
  restart   5/8    eval   516   this Q    0.002008   best Q    0.001974   559.3 min
  restart   5/8    eval   517   this Q    0.002001   best Q    0.001974   559.4 min
  restart   5/8    eval   518   this Q       0.002   best Q    0.001974   559.6 min
  restart   5/8    eval   519   this Q    0.001998   best Q    0.001974   559.8 min
  restart   5/8    eval   520   this Q    0.001999   best Q    0.001974   559.9 min
  restart   5/8    eval   521   this Q    0.001993   best Q    0.001974   560.1 min
  restart   5/8    eval   522   this Q    0.002011   best Q    0.001974   560.3 min
  restart   5/8    eval   523   this Q    0.001991   best Q    0.001974   560.4 min
  restart   5/8    eval   524   this Q    0.001998   best Q    0.001974   560.6 min
  restart   5/8    eval   525   this Q       0.002   best Q    0.001974   560.7 min
  restart   5/8    eval   526   this Q    0.001993   best Q    0.001974   560.9 min
  restart   5/8    eval   527   this Q    0.002009   best Q    0.001974   561.1 min
  restart   5/8    eval   528   this Q    0.001993   best Q    0.001974   561.2 min
  restart   5/8    eval   529   this Q    0.002007   best Q    0.001974   561.4 min
  restart   5/8    eval   530   this Q     0.00199   best Q    0.001974   561.6 min
  restart   5/8    eval   531   this Q    0.001992   best Q    0.001974   561.7 min
  restart   5/8    eval   532   this Q    0.001995   best Q    0.001974   561.9 min
  restart   5/8    eval   533   this Q    0.002003   best Q    0.001974   562.0 min
  restart   5/8    eval   534   this Q    0.001989   best Q    0.001974   562.2 min
  restart   5/8    eval   535   this Q    0.001998   best Q    0.001974   562.4 min
  restart   5/8    eval   536   this Q    0.001988   best Q    0.001974   562.5 min
  restart   5/8    eval   537   this Q    0.001998   best Q    0.001974   562.7 min
  restart   5/8    eval   538   this Q    0.001984   best Q    0.001974   562.9 min
  restart   5/8    eval   539   this Q    0.001988   best Q    0.001974   563.0 min
  restart   5/8    eval   540   this Q    0.001992   best Q    0.001974   563.2 min
  restart   5/8    eval   541   this Q    0.001994   best Q    0.001974   563.3 min
  restart   5/8    eval   542   this Q    0.001987   best Q    0.001974   563.5 min
  restart   5/8    eval   543   this Q    0.001992   best Q    0.001974   563.7 min
  restart   5/8    eval   544   this Q    0.001996   best Q    0.001974   563.8 min
  restart   5/8    eval   545   this Q    0.001995   best Q    0.001974   564.0 min
  restart   5/8    eval   546   this Q    0.001987   best Q    0.001974   564.2 min
  restart   5/8    eval   547   this Q    0.001986   best Q    0.001974   564.3 min
  restart   5/8    eval   548   this Q    0.001985   best Q    0.001974   564.5 min
  restart   5/8    eval   549   this Q    0.001995   best Q    0.001974   564.7 min
  restart   5/8    eval   550   this Q    0.001986   best Q    0.001974   564.8 min
  restart   5/8    eval   551   this Q    0.001988   best Q    0.001974   565.0 min
  restart   5/8    eval   552   this Q    0.001988   best Q    0.001974   565.1 min
  restart   5/8    eval   553   this Q    0.001987   best Q    0.001974   565.3 min
  restart   5/8    eval   554   this Q    0.001985   best Q    0.001974   565.5 min
  restart   5/8    eval   555   this Q     0.00199   best Q    0.001974   565.6 min
  restart   5/8    eval   556   this Q     0.00199   best Q    0.001974   565.8 min
  restart   5/8    eval   557   this Q    0.001992   best Q    0.001974   566.0 min
  restart   5/8    eval   558   this Q    0.001993   best Q    0.001974   566.1 min
  restart   5/8    eval   559   this Q    0.001986   best Q    0.001974   566.3 min
  restart   5/8    eval   560   this Q    0.001987   best Q    0.001974   566.4 min
  restart   5/8    eval   561   this Q    0.001984   best Q    0.001974   566.6 min
  restart   5/8    eval   562   this Q    0.001986   best Q    0.001974   566.8 min
  restart   5/8    eval   563   this Q    0.001986   best Q    0.001974   566.9 min
  restart   5/8    eval   564   this Q    0.001986   best Q    0.001974   567.1 min
  restart   5/8    eval   565   this Q    0.001985   best Q    0.001974   567.3 min
  restart   5/8    eval   566   this Q    0.001986   best Q    0.001974   567.4 min
  restart   5/8    eval   567   this Q    0.001986   best Q    0.001974   567.6 min
  restart   5/8    eval   568   this Q    0.001986   best Q    0.001974   567.7 min
  restart   5/8    eval   569   this Q     0.00199   best Q    0.001974   567.9 min
  restart   5/8    eval   570   this Q    0.001985   best Q    0.001974   568.1 min
  restart   5/8    eval   571   this Q    0.001984   best Q    0.001974   568.2 min
  restart   5/8    eval   572   this Q    0.001989   best Q    0.001974   568.4 min
  restart   5/8    eval   573   this Q    0.001985   best Q    0.001974   568.6 min
  restart   5/8    eval   574   this Q    0.001991   best Q    0.001974   568.7 min
  restart   5/8    eval   575   this Q    0.001985   best Q    0.001974   568.9 min
  restart   5/8    eval   576   this Q    0.001985   best Q    0.001974   569.0 min
  restart   5/8    eval   577   this Q    0.001984   best Q    0.001974   569.2 min
  restart   5/8    eval   578   this Q    0.001985   best Q    0.001974   569.4 min
  restart   5/8    eval   579   this Q    0.001986   best Q    0.001974   569.5 min
  restart   5/8    eval   580   this Q    0.001986   best Q    0.001974   569.7 min
  restart   5/8    eval   581   this Q    0.001985   best Q    0.001974   569.9 min
  restart   5/8   DONE   this    0.001984   best Q    0.001974   569.9 min, ~342 min left
  restart   6/8    eval     1   this Q     0.02766   best Q    0.001974   570.0 min
  restart   6/8    eval     2   this Q     0.02766   best Q    0.001974   570.2 min
  restart   6/8    eval     3   this Q       1.218   best Q    0.001974   570.3 min
  restart   6/8    eval     4   this Q      0.5095   best Q    0.001974   570.5 min
  restart   6/8    eval     5   this Q      0.5972   best Q    0.001974   570.7 min
  restart   6/8    eval     6   this Q        2.13   best Q    0.001974   570.8 min
  restart   6/8    eval     7   this Q       1.181   best Q    0.001974   571.0 min
  restart   6/8    eval     8   this Q      0.1735   best Q    0.001974   571.1 min
  restart   6/8    eval     9   this Q       1.414   best Q    0.001974   571.3 min
  restart   6/8    eval    10   this Q     0.03165   best Q    0.001974   571.5 min
  restart   6/8    eval    11   this Q      0.7151   best Q    0.001974   571.6 min
  restart   6/8    eval    12   this Q       1.746   best Q    0.001974   571.8 min
  restart   6/8    eval    13   this Q      0.4177   best Q    0.001974   571.9 min
  restart   6/8    eval    14   this Q      0.6447   best Q    0.001974   572.1 min
  restart   6/8    eval    15   this Q      0.4072   best Q    0.001974   572.3 min
  restart   6/8    eval    16   this Q       1.141   best Q    0.001974   572.4 min
  restart   6/8    eval    17   this Q      0.2723   best Q    0.001974   572.6 min
  restart   6/8    eval    18   this Q      0.7511   best Q    0.001974   572.7 min
  restart   6/8    eval    19   this Q      0.1558   best Q    0.001974   572.9 min
  restart   6/8    eval    20   this Q       3.237   best Q    0.001974   573.1 min
  restart   6/8    eval    21   this Q      0.1884   best Q    0.001974   573.2 min
  restart   6/8    eval    22   this Q      0.2266   best Q    0.001974   573.4 min
  restart   6/8    eval    23   this Q      0.2356   best Q    0.001974   573.5 min
  restart   6/8    eval    24   this Q      0.3902   best Q    0.001974   573.7 min
  restart   6/8    eval    25   this Q       1.151   best Q    0.001974   573.9 min
  restart   6/8    eval    26   this Q     0.09179   best Q    0.001974   574.0 min
  restart   6/8    eval    27   this Q      0.4328   best Q    0.001974   574.2 min
  restart   6/8    eval    28   this Q      0.1086   best Q    0.001974   574.3 min
  restart   6/8    eval    29   this Q      0.3596   best Q    0.001974   574.5 min
  restart   6/8    eval    30   this Q     0.06038   best Q    0.001974   574.7 min
  restart   6/8    eval    31   this Q      0.4665   best Q    0.001974   574.8 min
  restart   6/8    eval    32   this Q     0.07848   best Q    0.001974   575.0 min
  restart   6/8    eval    33   this Q      0.3855   best Q    0.001974   575.1 min
  restart   6/8    eval    34   this Q      0.0844   best Q    0.001974   575.3 min
  restart   6/8    eval    35   this Q      0.1983   best Q    0.001974   575.5 min
  restart   6/8    eval    36   this Q     0.06342   best Q    0.001974   575.6 min
  restart   6/8    eval    37   this Q       0.268   best Q    0.001974   575.8 min
  restart   6/8    eval    38   this Q     0.04548   best Q    0.001974   575.9 min
  restart   6/8    eval    39   this Q      0.1493   best Q    0.001974   576.1 min
  restart   6/8    eval    40   this Q     0.05083   best Q    0.001974   576.3 min
  restart   6/8    eval    41   this Q     0.07483   best Q    0.001974   576.4 min
  restart   6/8    eval    42   this Q       0.261   best Q    0.001974   576.6 min
  restart   6/8    eval    43   this Q     0.02357   best Q    0.001974   576.7 min
  restart   6/8    eval    44   this Q     0.07317   best Q    0.001974   576.9 min
  restart   6/8    eval    45   this Q     0.08652   best Q    0.001974   577.1 min
  restart   6/8    eval    46   this Q     0.02779   best Q    0.001974   577.2 min
  restart   6/8    eval    47   this Q       0.107   best Q    0.001974   577.4 min
  restart   6/8    eval    48   this Q     0.02165   best Q    0.001974   577.5 min
  restart   6/8    eval    49   this Q     0.07724   best Q    0.001974   577.7 min
  restart   6/8    eval    50   this Q     0.02005   best Q    0.001974   577.9 min
  restart   6/8    eval    51   this Q     0.05971   best Q    0.001974   578.0 min
  restart   6/8    eval    52   this Q      0.1054   best Q    0.001974   578.2 min
  restart   6/8    eval    53   this Q     0.01493   best Q    0.001974   578.3 min
  restart   6/8    eval    54   this Q     0.06819   best Q    0.001974   578.5 min
  restart   6/8    eval    55   this Q     0.01829   best Q    0.001974   578.6 min
  restart   6/8    eval    56   this Q     0.04441   best Q    0.001974   578.8 min
  restart   6/8    eval    57   this Q      0.0535   best Q    0.001974   579.0 min
  restart   6/8    eval    58   this Q     0.01587   best Q    0.001974   579.1 min
  restart   6/8    eval    59   this Q     0.04311   best Q    0.001974   579.3 min
  restart   6/8    eval    60   this Q     0.01649   best Q    0.001974   579.4 min
  restart   6/8    eval    61   this Q      0.0393   best Q    0.001974   579.6 min
  restart   6/8    eval    62   this Q     0.01216   best Q    0.001974   579.8 min
  restart   6/8    eval    63   this Q     0.03116   best Q    0.001974   579.9 min
  restart   6/8    eval    64   this Q     0.01217   best Q    0.001974   580.1 min
  restart   6/8    eval    65   this Q     0.03558   best Q    0.001974   580.2 min
  restart   6/8    eval    66   this Q     0.01102   best Q    0.001974   580.4 min
  restart   6/8    eval    67   this Q     0.05055   best Q    0.001974   580.6 min
  restart   6/8    eval    68   this Q    0.008723   best Q    0.001974   580.7 min
  restart   6/8    eval    69   this Q     0.03573   best Q    0.001974   580.9 min
  restart   6/8    eval    70   this Q    0.009451   best Q    0.001974   581.0 min
  restart   6/8    eval    71   this Q     0.01297   best Q    0.001974   581.2 min
  restart   6/8    eval    72   this Q     0.01941   best Q    0.001974   581.4 min
  restart   6/8    eval    73   this Q    0.009313   best Q    0.001974   581.5 min
  restart   6/8    eval    74   this Q     0.01262   best Q    0.001974   581.7 min
  restart   6/8    eval    75   this Q     0.01415   best Q    0.001974   581.8 min
  restart   6/8    eval    76   this Q     0.01108   best Q    0.001974   582.0 min
  restart   6/8    eval    77   this Q      0.0213   best Q    0.001974   582.2 min
  restart   6/8    eval    78   this Q    0.007216   best Q    0.001974   582.3 min
  restart   6/8    eval    79   this Q     0.01776   best Q    0.001974   582.5 min
  restart   6/8    eval    80   this Q     0.00738   best Q    0.001974   582.6 min
  restart   6/8    eval    81   this Q     0.01782   best Q    0.001974   582.8 min
  restart   6/8    eval    82   this Q    0.007027   best Q    0.001974   583.0 min
  restart   6/8    eval    83   this Q     0.01017   best Q    0.001974   583.1 min
  restart   6/8    eval    84   this Q      0.0077   best Q    0.001974   583.3 min
  restart   6/8    eval    85   this Q    0.009952   best Q    0.001974   583.4 min
  restart   6/8    eval    86   this Q    0.009274   best Q    0.001974   583.6 min
  restart   6/8    eval    87   this Q     0.01474   best Q    0.001974   583.8 min
  restart   6/8    eval    88   this Q     0.00576   best Q    0.001974   583.9 min
  restart   6/8    eval    89   this Q     0.01146   best Q    0.001974   584.1 min
  restart   6/8    eval    90   this Q    0.006104   best Q    0.001974   584.2 min
  restart   6/8    eval    91   this Q     0.01006   best Q    0.001974   584.4 min
  restart   6/8    eval    92   this Q    0.006075   best Q    0.001974   584.6 min
  restart   6/8    eval    93   this Q    0.007141   best Q    0.001974   584.7 min
  restart   6/8    eval    94   this Q    0.007941   best Q    0.001974   584.9 min
  restart   6/8    eval    95   this Q     0.01475   best Q    0.001974   585.0 min
  restart   6/8    eval    96   this Q    0.005132   best Q    0.001974   585.2 min
  restart   6/8    eval    97   this Q    0.009041   best Q    0.001974   585.3 min
  restart   6/8    eval    98   this Q    0.005444   best Q    0.001974   585.5 min
  restart   6/8    eval    99   this Q    0.009437   best Q    0.001974   585.7 min
  restart   6/8    eval   100   this Q    0.005338   best Q    0.001974   585.8 min
  restart   6/8    eval   101   this Q    0.005565   best Q    0.001974   586.0 min
  restart   6/8    eval   102   this Q    0.006915   best Q    0.001974   586.1 min
  restart   6/8    eval   103   this Q    0.009712   best Q    0.001974   586.3 min
  restart   6/8    eval   104   this Q    0.004948   best Q    0.001974   586.5 min
  restart   6/8    eval   105   this Q    0.006706   best Q    0.001974   586.6 min
  restart   6/8    eval   106   this Q    0.005808   best Q    0.001974   586.8 min
  restart   6/8    eval   107   this Q    0.008377   best Q    0.001974   586.9 min
  restart   6/8    eval   108   this Q    0.004847   best Q    0.001974   587.1 min
  restart   6/8    eval   109   this Q    0.005041   best Q    0.001974   587.3 min
  restart   6/8    eval   110   this Q    0.004428   best Q    0.001974   587.4 min
  restart   6/8    eval   111   this Q    0.006487   best Q    0.001974   587.6 min
  restart   6/8    eval   112   this Q    0.006473   best Q    0.001974   587.7 min
  restart   6/8    eval   113   this Q     0.00455   best Q    0.001974   587.9 min
  restart   6/8    eval   114   this Q    0.006047   best Q    0.001974   588.1 min
  restart   6/8    eval   115   this Q    0.004559   best Q    0.001974   588.2 min
  restart   6/8    eval   116   this Q    0.006966   best Q    0.001974   588.4 min
  restart   6/8    eval   117   this Q    0.004397   best Q    0.001974   588.5 min
  restart   6/8    eval   118   this Q    0.006309   best Q    0.001974   588.7 min
  restart   6/8    eval   119   this Q    0.004448   best Q    0.001974   588.9 min
  restart   6/8    eval   120   this Q    0.004017   best Q    0.001974   589.0 min
  restart   6/8    eval   121   this Q    0.004866   best Q    0.001974   589.2 min
  restart   6/8    eval   122   this Q    0.004385   best Q    0.001974   589.3 min
  restart   6/8    eval   123   this Q    0.006284   best Q    0.001974   589.5 min
  restart   6/8    eval   124   this Q    0.004177   best Q    0.001974   589.7 min
  restart   6/8    eval   125   this Q    0.005088   best Q    0.001974   589.8 min
  restart   6/8    eval   126   this Q    0.004264   best Q    0.001974   590.0 min
  restart   6/8    eval   127   this Q    0.004614   best Q    0.001974   590.1 min
  restart   6/8    eval   128   this Q    0.004155   best Q    0.001974   590.3 min
  restart   6/8    eval   129   this Q    0.003745   best Q    0.001974   590.5 min
  restart   6/8    eval   130   this Q    0.003812   best Q    0.001974   590.6 min
  restart   6/8    eval   131   this Q    0.003887   best Q    0.001974   590.8 min
  restart   6/8    eval   132   this Q    0.004147   best Q    0.001974   590.9 min
  restart   6/8    eval   133   this Q    0.004479   best Q    0.001974   591.1 min
  restart   6/8    eval   134   this Q    0.003989   best Q    0.001974   591.3 min
  restart   6/8    eval   135   this Q    0.003849   best Q    0.001974   591.4 min
  restart   6/8    eval   136   this Q    0.004118   best Q    0.001974   591.6 min
  restart   6/8    eval   137   this Q    0.003731   best Q    0.001974   591.7 min
  restart   6/8    eval   138   this Q    0.004233   best Q    0.001974   591.9 min
  restart   6/8    eval   139   this Q    0.004585   best Q    0.001974   592.1 min
  restart   6/8    eval   140   this Q     0.00379   best Q    0.001974   592.2 min
  restart   6/8    eval   141   this Q    0.004067   best Q    0.001974   592.4 min
  restart   6/8    eval   142   this Q    0.004052   best Q    0.001974   592.5 min
  restart   6/8    eval   143   this Q    0.003886   best Q    0.001974   592.7 min
  restart   6/8    eval   144   this Q    0.004433   best Q    0.001974   592.9 min
  restart   6/8    eval   145   this Q    0.003743   best Q    0.001974   593.0 min
  restart   6/8    eval   146   this Q    0.004197   best Q    0.001974   593.2 min
  restart   6/8    eval   147   this Q     0.00376   best Q    0.001974   593.3 min
  restart   6/8    eval   148   this Q    0.003661   best Q    0.001974   593.5 min
  restart   6/8    eval   149   this Q    0.003985   best Q    0.001974   593.7 min
  restart   6/8    eval   150   this Q    0.003458   best Q    0.001974   593.8 min
  restart   6/8    eval   151   this Q    0.003491   best Q    0.001974   594.0 min
  restart   6/8    eval   152   this Q    0.003645   best Q    0.001974   594.1 min
  restart   6/8    eval   153   this Q    0.003712   best Q    0.001974   594.3 min
  restart   6/8    eval   154   this Q    0.003629   best Q    0.001974   594.5 min
  restart   6/8    eval   155   this Q    0.003419   best Q    0.001974   594.6 min
  restart   6/8    eval   156   this Q    0.003491   best Q    0.001974   594.8 min
  restart   6/8    eval   157   this Q     0.00336   best Q    0.001974   594.9 min
  restart   6/8    eval   158   this Q     0.00341   best Q    0.001974   595.1 min
  restart   6/8    eval   159   this Q    0.003611   best Q    0.001974   595.2 min
  restart   6/8    eval   160   this Q    0.003273   best Q    0.001974   595.4 min
  restart   6/8    eval   161   this Q    0.003301   best Q    0.001974   595.6 min
  restart   6/8    eval   162   this Q     0.00377   best Q    0.001974   595.7 min
  restart   6/8    eval   163   this Q    0.003471   best Q    0.001974   595.9 min
  restart   6/8    eval   164   this Q    0.003412   best Q    0.001974   596.1 min
  restart   6/8    eval   165   this Q    0.003319   best Q    0.001974   596.2 min
  restart   6/8    eval   166   this Q    0.003422   best Q    0.001974   596.4 min
  restart   6/8    eval   167   this Q    0.003508   best Q    0.001974   596.5 min
  restart   6/8    eval   168   this Q    0.003334   best Q    0.001974   596.7 min
  restart   6/8    eval   169   this Q    0.003588   best Q    0.001974   596.9 min
  restart   6/8    eval   170   this Q    0.003319   best Q    0.001974   597.0 min
  restart   6/8    eval   171   this Q    0.003142   best Q    0.001974   597.2 min
  restart   6/8    eval   172   this Q    0.003148   best Q    0.001974   597.3 min
  restart   6/8    eval   173   this Q     0.00318   best Q    0.001974   597.5 min
  restart   6/8    eval   174   this Q    0.003687   best Q    0.001974   597.6 min
  restart   6/8    eval   175   this Q    0.003239   best Q    0.001974   597.8 min
  restart   6/8    eval   176   this Q     0.00317   best Q    0.001974   598.0 min
  restart   6/8    eval   177   this Q    0.003155   best Q    0.001974   598.1 min
  restart   6/8    eval   178   this Q    0.003152   best Q    0.001974   598.3 min
  restart   6/8    eval   179   this Q    0.003239   best Q    0.001974   598.4 min
  restart   6/8    eval   180   this Q     0.00313   best Q    0.001974   598.6 min
  restart   6/8    eval   181   this Q    0.003346   best Q    0.001974   598.8 min
  restart   6/8    eval   182   this Q    0.003021   best Q    0.001974   598.9 min
  restart   6/8    eval   183   this Q    0.003086   best Q    0.001974   599.1 min
  restart   6/8    eval   184   this Q    0.003049   best Q    0.001974   599.3 min
  restart   6/8    eval   185   this Q    0.002981   best Q    0.001974   599.4 min
  restart   6/8    eval   186   this Q    0.003032   best Q    0.001974   599.6 min
  restart   6/8    eval   187   this Q    0.003244   best Q    0.001974   599.7 min
  restart   6/8    eval   188   this Q    0.003087   best Q    0.001974   599.9 min
  restart   6/8    eval   189   this Q    0.003062   best Q    0.001974   600.1 min
  restart   6/8    eval   190   this Q    0.003042   best Q    0.001974   600.2 min
  restart   6/8    eval   191   this Q    0.003025   best Q    0.001974   600.4 min
  restart   6/8    eval   192   this Q    0.003068   best Q    0.001974   600.5 min
  restart   6/8    eval   193   this Q    0.002895   best Q    0.001974   600.7 min
  restart   6/8    eval   194   this Q    0.002897   best Q    0.001974   600.9 min
  restart   6/8    eval   195   this Q    0.002984   best Q    0.001974   601.0 min
  restart   6/8    eval   196   this Q    0.002897   best Q    0.001974   601.2 min
  restart   6/8    eval   197   this Q    0.003052   best Q    0.001974   601.4 min
  restart   6/8    eval   198   this Q    0.002955   best Q    0.001974   601.5 min
  restart   6/8    eval   199   this Q    0.003019   best Q    0.001974   601.7 min
  restart   6/8    eval   200   this Q    0.002939   best Q    0.001974   601.9 min
  restart   6/8    eval   201   this Q    0.002943   best Q    0.001974   602.0 min
  restart   6/8    eval   202   this Q    0.003081   best Q    0.001974   602.2 min
  restart   6/8    eval   203   this Q    0.002919   best Q    0.001974   602.3 min
  restart   6/8    eval   204   this Q    0.002831   best Q    0.001974   602.5 min
  restart   6/8    eval   205   this Q    0.002868   best Q    0.001974   602.7 min
  restart   6/8    eval   206   this Q    0.002994   best Q    0.001974   602.8 min
  restart   6/8    eval   207   this Q      0.0029   best Q    0.001974   603.0 min
  restart   6/8    eval   208   this Q    0.002979   best Q    0.001974   603.2 min
  restart   6/8    eval   209   this Q    0.002783   best Q    0.001974   603.3 min
  restart   6/8    eval   210   this Q    0.002753   best Q    0.001974   603.5 min
  restart   6/8    eval   211   this Q    0.002976   best Q    0.001974   603.6 min
  restart   6/8    eval   212   this Q    0.002874   best Q    0.001974   603.8 min
  restart   6/8    eval   213   this Q    0.002932   best Q    0.001974   604.0 min
  restart   6/8    eval   214   this Q     0.00289   best Q    0.001974   604.1 min
  restart   6/8    eval   215   this Q    0.002914   best Q    0.001974   604.3 min
  restart   6/8    eval   216   this Q    0.002958   best Q    0.001974   604.4 min
  restart   6/8    eval   217   this Q    0.002855   best Q    0.001974   604.6 min
  restart   6/8    eval   218   this Q    0.002824   best Q    0.001974   604.8 min
  restart   6/8    eval   219   this Q    0.002891   best Q    0.001974   604.9 min
  restart   6/8    eval   220   this Q    0.002867   best Q    0.001974   605.1 min
  restart   6/8    eval   221   this Q    0.002835   best Q    0.001974   605.2 min
  restart   6/8    eval   222   this Q    0.002773   best Q    0.001974   605.4 min
  restart   6/8    eval   223   this Q    0.002874   best Q    0.001974   605.6 min
  restart   6/8    eval   224   this Q    0.002817   best Q    0.001974   605.7 min
  restart   6/8    eval   225   this Q    0.002854   best Q    0.001974   605.9 min
  restart   6/8    eval   226   this Q    0.002744   best Q    0.001974   606.0 min
  restart   6/8    eval   227   this Q     0.00276   best Q    0.001974   606.2 min
  restart   6/8    eval   228   this Q    0.002815   best Q    0.001974   606.4 min
  restart   6/8    eval   229   this Q     0.00276   best Q    0.001974   606.5 min
  restart   6/8    eval   230   this Q    0.002827   best Q    0.001974   606.7 min
  restart   6/8    eval   231   this Q    0.002775   best Q    0.001974   606.8 min
  restart   6/8    eval   232   this Q    0.002811   best Q    0.001974   607.0 min
  restart   6/8    eval   233   this Q    0.002803   best Q    0.001974   607.2 min
  restart   6/8    eval   234   this Q    0.002704   best Q    0.001974   607.3 min
  restart   6/8    eval   235   this Q    0.002708   best Q    0.001974   607.5 min
  restart   6/8    eval   236   this Q    0.002733   best Q    0.001974   607.7 min
  restart   6/8    eval   237   this Q    0.002803   best Q    0.001974   607.8 min
  restart   6/8    eval   238   this Q    0.002804   best Q    0.001974   608.0 min
  restart   6/8    eval   239   this Q    0.002742   best Q    0.001974   608.1 min
  restart   6/8    eval   240   this Q    0.002834   best Q    0.001974   608.3 min
  restart   6/8    eval   241   this Q    0.002738   best Q    0.001974   608.5 min
  restart   6/8    eval   242   this Q    0.002728   best Q    0.001974   608.6 min
  restart   6/8    eval   243   this Q    0.002773   best Q    0.001974   608.8 min
  restart   6/8    eval   244   this Q    0.002734   best Q    0.001974   608.9 min
  restart   6/8    eval   245   this Q    0.002688   best Q    0.001974   609.1 min
  restart   6/8    eval   246   this Q    0.002696   best Q    0.001974   609.3 min
  restart   6/8    eval   247   this Q    0.002759   best Q    0.001974   609.4 min
  restart   6/8    eval   248   this Q    0.002717   best Q    0.001974   609.6 min
  restart   6/8    eval   249   this Q     0.00273   best Q    0.001974   609.7 min
  restart   6/8    eval   250   this Q    0.002671   best Q    0.001974   609.9 min
  restart   6/8    eval   251   this Q    0.002661   best Q    0.001974   610.1 min
  restart   6/8    eval   252   this Q    0.002677   best Q    0.001974   610.2 min
  restart   6/8    eval   253   this Q    0.002687   best Q    0.001974   610.4 min
  restart   6/8    eval   254   this Q    0.002668   best Q    0.001974   610.5 min
  restart   6/8    eval   255   this Q    0.002673   best Q    0.001974   610.7 min
  restart   6/8    eval   256   this Q    0.002684   best Q    0.001974   610.9 min
  restart   6/8    eval   257   this Q     0.00267   best Q    0.001974   611.0 min
  restart   6/8    eval   258   this Q    0.002678   best Q    0.001974   611.2 min
  restart   6/8    eval   259   this Q    0.002641   best Q    0.001974   611.3 min
  restart   6/8    eval   260   this Q    0.002673   best Q    0.001974   611.5 min
  restart   6/8    eval   261   this Q    0.002653   best Q    0.001974   611.7 min
  restart   6/8    eval   262   this Q    0.002649   best Q    0.001974   611.8 min
  restart   6/8    eval   263   this Q    0.002665   best Q    0.001974   612.0 min
  restart   6/8    eval   264   this Q    0.002673   best Q    0.001974   612.2 min
  restart   6/8    eval   265   this Q    0.002641   best Q    0.001974   612.3 min
  restart   6/8    eval   266   this Q    0.002688   best Q    0.001974   612.5 min
  restart   6/8    eval   267   this Q    0.002642   best Q    0.001974   612.6 min
  restart   6/8    eval   268   this Q    0.002662   best Q    0.001974   612.8 min
  restart   6/8    eval   269   this Q    0.002684   best Q    0.001974   613.0 min
  restart   6/8    eval   270   this Q    0.002643   best Q    0.001974   613.1 min
  restart   6/8    eval   271   this Q    0.002618   best Q    0.001974   613.3 min
  restart   6/8    eval   272   this Q     0.00263   best Q    0.001974   613.5 min
  restart   6/8    eval   273   this Q     0.00264   best Q    0.001974   613.6 min
  restart   6/8    eval   274   this Q    0.002649   best Q    0.001974   613.8 min
  restart   6/8    eval   275   this Q    0.002636   best Q    0.001974   613.9 min
  restart   6/8    eval   276   this Q    0.002623   best Q    0.001974   614.1 min
  restart   6/8    eval   277   this Q    0.002645   best Q    0.001974   614.3 min
  restart   6/8    eval   278   this Q    0.002647   best Q    0.001974   614.4 min
  restart   6/8    eval   279   this Q    0.002622   best Q    0.001974   614.6 min
  restart   6/8    eval   280   this Q    0.002637   best Q    0.001974   614.7 min
  restart   6/8    eval   281   this Q     0.00262   best Q    0.001974   614.9 min
  restart   6/8    eval   282   this Q    0.002631   best Q    0.001974   615.1 min
  restart   6/8    eval   283   this Q    0.002635   best Q    0.001974   615.2 min
  restart   6/8    eval   284   this Q      0.0026   best Q    0.001974   615.4 min
  restart   6/8    eval   285   this Q    0.002609   best Q    0.001974   615.5 min
  restart   6/8    eval   286   this Q    0.002615   best Q    0.001974   615.7 min
  restart   6/8    eval   287   this Q    0.002608   best Q    0.001974   615.9 min
  restart   6/8    eval   288   this Q    0.002619   best Q    0.001974   616.0 min
  restart   6/8    eval   289   this Q    0.002631   best Q    0.001974   616.2 min
  restart   6/8    eval   290   this Q    0.002619   best Q    0.001974   616.3 min
  restart   6/8    eval   291   this Q    0.002629   best Q    0.001974   616.5 min
  restart   6/8    eval   292   this Q    0.002608   best Q    0.001974   616.7 min
  restart   6/8    eval   293   this Q    0.002607   best Q    0.001974   616.8 min
  restart   6/8    eval   294   this Q    0.002593   best Q    0.001974   617.0 min
  restart   6/8    eval   295   this Q    0.002604   best Q    0.001974   617.1 min
  restart   6/8    eval   296   this Q    0.002612   best Q    0.001974   617.3 min
  restart   6/8    eval   297   this Q    0.002609   best Q    0.001974   617.5 min
  restart   6/8    eval   298   this Q    0.002621   best Q    0.001974   617.6 min
  restart   6/8    eval   299   this Q    0.002605   best Q    0.001974   617.8 min
  restart   6/8    eval   300   this Q    0.002584   best Q    0.001974   617.9 min
  restart   6/8    eval   301   this Q    0.002597   best Q    0.001974   618.1 min
  restart   6/8    eval   302   this Q    0.002616   best Q    0.001974   618.3 min
  restart   6/8    eval   303   this Q    0.002597   best Q    0.001974   618.4 min
  restart   6/8    eval   304   this Q    0.002627   best Q    0.001974   618.6 min
  restart   6/8    eval   305   this Q    0.002596   best Q    0.001974   618.7 min
  restart   6/8    eval   306   this Q    0.002609   best Q    0.001974   618.9 min
  restart   6/8    eval   307   this Q     0.00259   best Q    0.001974   619.1 min
  restart   6/8    eval   308   this Q    0.002595   best Q    0.001974   619.2 min
  restart   6/8    eval   309   this Q    0.002577   best Q    0.001974   619.4 min
  restart   6/8    eval   310   this Q    0.002584   best Q    0.001974   619.5 min
  restart   6/8    eval   311   this Q     0.00261   best Q    0.001974   619.7 min
  restart   6/8    eval   312   this Q    0.002598   best Q    0.001974   619.9 min
  restart   6/8    eval   313   this Q    0.002586   best Q    0.001974   620.0 min
  restart   6/8    eval   314   this Q    0.002601   best Q    0.001974   620.2 min
  restart   6/8    eval   315   this Q    0.002588   best Q    0.001974   620.3 min
  restart   6/8    eval   316   this Q    0.002593   best Q    0.001974   620.5 min
  restart   6/8    eval   317   this Q    0.002575   best Q    0.001974   620.7 min
  restart   6/8    eval   318   this Q    0.002573   best Q    0.001974   620.8 min
  restart   6/8    eval   319   this Q    0.002591   best Q    0.001974   621.0 min
  restart   6/8    eval   320   this Q    0.002597   best Q    0.001974   621.1 min
  restart   6/8    eval   321   this Q    0.002582   best Q    0.001974   621.3 min
  restart   6/8    eval   322   this Q    0.002576   best Q    0.001974   621.5 min
  restart   6/8    eval   323   this Q    0.002588   best Q    0.001974   621.6 min
  restart   6/8    eval   324   this Q    0.002589   best Q    0.001974   621.8 min
  restart   6/8    eval   325   this Q    0.002573   best Q    0.001974   621.9 min
  restart   6/8    eval   326   this Q    0.002567   best Q    0.001974   622.1 min
  restart   6/8    eval   327   this Q    0.002586   best Q    0.001974   622.3 min
  restart   6/8    eval   328   this Q    0.002589   best Q    0.001974   622.4 min
  restart   6/8    eval   329   this Q    0.002582   best Q    0.001974   622.6 min
  restart   6/8    eval   330   this Q    0.002571   best Q    0.001974   622.7 min
  restart   6/8    eval   331   this Q     0.00257   best Q    0.001974   622.9 min
  restart   6/8    eval   332   this Q    0.002578   best Q    0.001974   623.1 min
  restart   6/8    eval   333   this Q    0.002567   best Q    0.001974   623.2 min
  restart   6/8    eval   334   this Q    0.002565   best Q    0.001974   623.4 min
  restart   6/8    eval   335   this Q    0.002559   best Q    0.001974   623.5 min
  restart   6/8    eval   336   this Q    0.002565   best Q    0.001974   623.7 min
  restart   6/8    eval   337   this Q    0.002559   best Q    0.001974   623.9 min
  restart   6/8    eval   338   this Q    0.002566   best Q    0.001974   624.0 min
  restart   6/8    eval   339   this Q    0.002564   best Q    0.001974   624.2 min
  restart   6/8    eval   340   this Q    0.002577   best Q    0.001974   624.3 min
  restart   6/8    eval   341   this Q    0.002565   best Q    0.001974   624.5 min
  restart   6/8    eval   342   this Q    0.002546   best Q    0.001974   624.7 min
  restart   6/8    eval   343   this Q    0.002542   best Q    0.001974   624.8 min
  restart   6/8    eval   344   this Q    0.002538   best Q    0.001974   625.0 min
  restart   6/8    eval   345   this Q    0.002529   best Q    0.001974   625.1 min
  restart   6/8    eval   346   this Q    0.002555   best Q    0.001974   625.3 min
  restart   6/8    eval   347   this Q    0.002543   best Q    0.001974   625.5 min
  restart   6/8    eval   348   this Q    0.002537   best Q    0.001974   625.6 min
  restart   6/8    eval   349   this Q    0.002538   best Q    0.001974   625.8 min
  restart   6/8    eval   350   this Q    0.002537   best Q    0.001974   625.9 min
  restart   6/8    eval   351   this Q    0.002543   best Q    0.001974   626.1 min
  restart   6/8    eval   352   this Q    0.002517   best Q    0.001974   626.3 min
  restart   6/8    eval   353   this Q    0.002505   best Q    0.001974   626.4 min
  restart   6/8    eval   354   this Q    0.002526   best Q    0.001974   626.6 min
  restart   6/8    eval   355   this Q    0.002498   best Q    0.001974   626.7 min
  restart   6/8    eval   356   this Q     0.00248   best Q    0.001974   626.9 min
  restart   6/8    eval   357   this Q    0.002504   best Q    0.001974   627.1 min
  restart   6/8    eval   358   this Q    0.002509   best Q    0.001974   627.2 min
  restart   6/8    eval   359   this Q    0.002485   best Q    0.001974   627.4 min
  restart   6/8    eval   360   this Q    0.002487   best Q    0.001974   627.6 min
  restart   6/8    eval   361   this Q    0.002466   best Q    0.001974   627.7 min
  restart   6/8    eval   362   this Q     0.00245   best Q    0.001974   627.9 min
  restart   6/8    eval   363   this Q     0.00249   best Q    0.001974   628.0 min
  restart   6/8    eval   364   this Q    0.002479   best Q    0.001974   628.2 min
  restart   6/8    eval   365   this Q    0.002432   best Q    0.001974   628.4 min
  restart   6/8    eval   366   this Q    0.002395   best Q    0.001974   628.5 min
  restart   6/8    eval   367   this Q    0.002457   best Q    0.001974   628.7 min
  restart   6/8    eval   368   this Q    0.002436   best Q    0.001974   628.8 min
  restart   6/8    eval   369   this Q    0.002423   best Q    0.001974   629.0 min
  restart   6/8    eval   370   this Q    0.002434   best Q    0.001974   629.2 min
  restart   6/8    eval   371   this Q    0.002415   best Q    0.001974   629.3 min
  restart   6/8    eval   372   this Q     0.00239   best Q    0.001974   629.5 min
  restart   6/8    eval   373   this Q    0.002376   best Q    0.001974   629.6 min
  restart   6/8    eval   374   this Q    0.002369   best Q    0.001974   629.8 min
  restart   6/8    eval   375   this Q    0.002349   best Q    0.001974   630.0 min
  restart   6/8    eval   376   this Q    0.002376   best Q    0.001974   630.1 min
  restart   6/8    eval   377   this Q    0.002366   best Q    0.001974   630.3 min
  restart   6/8    eval   378   this Q    0.002335   best Q    0.001974   630.4 min
  restart   6/8    eval   379   this Q     0.00229   best Q    0.001974   630.6 min
  restart   6/8    eval   380   this Q    0.002296   best Q    0.001974   630.8 min
  restart   6/8    eval   381   this Q     0.00236   best Q    0.001974   630.9 min
  restart   6/8    eval   382   this Q    0.002296   best Q    0.001974   631.1 min
  restart   6/8    eval   383   this Q    0.002268   best Q    0.001974   631.3 min
  restart   6/8    eval   384   this Q    0.002223   best Q    0.001974   631.4 min
  restart   6/8    eval   385   this Q    0.002303   best Q    0.001974   631.6 min
  restart   6/8    eval   386   this Q    0.002298   best Q    0.001974   631.7 min
  restart   6/8    eval   387   this Q    0.002254   best Q    0.001974   631.9 min
  restart   6/8    eval   388   this Q    0.002389   best Q    0.001974   632.1 min
  restart   6/8    eval   389   this Q    0.002314   best Q    0.001974   632.2 min
  restart   6/8    eval   390   this Q    0.002207   best Q    0.001974   632.4 min
  restart   6/8    eval   391   this Q    0.002175   best Q    0.001974   632.6 min
  restart   6/8    eval   392   this Q    0.002348   best Q    0.001974   632.7 min
  restart   6/8    eval   393   this Q    0.002222   best Q    0.001974   632.9 min
  restart   6/8    eval   394   this Q    0.002282   best Q    0.001974   633.0 min
  restart   6/8    eval   395   this Q    0.002209   best Q    0.001974   633.2 min
  restart   6/8    eval   396   this Q    0.002241   best Q    0.001974   633.4 min
  restart   6/8    eval   397   this Q    0.002479   best Q    0.001974   633.5 min
  restart   6/8    eval   398   this Q    0.002251   best Q    0.001974   633.7 min
  restart   6/8    eval   399   this Q    0.002181   best Q    0.001974   633.8 min
  restart   6/8    eval   400   this Q    0.002164   best Q    0.001974   634.0 min
  restart   6/8    eval   401   this Q    0.002222   best Q    0.001974   634.2 min
  restart   6/8    eval   402   this Q    0.002194   best Q    0.001974   634.3 min
  restart   6/8    eval   403   this Q    0.002169   best Q    0.001974   634.5 min
  restart   6/8    eval   404   this Q     0.00213   best Q    0.001974   634.7 min
  restart   6/8    eval   405   this Q    0.002365   best Q    0.001974   634.8 min
  restart   6/8    eval   406   this Q    0.002236   best Q    0.001974   635.0 min
  restart   6/8    eval   407   this Q    0.002148   best Q    0.001974   635.1 min
  restart   6/8    eval   408   this Q    0.002158   best Q    0.001974   635.3 min
  restart   6/8    eval   409   this Q     0.00215   best Q    0.001974   635.5 min
  restart   6/8    eval   410   this Q    0.002166   best Q    0.001974   635.6 min
  restart   6/8    eval   411   this Q     0.00252   best Q    0.001974   635.8 min
  restart   6/8    eval   412   this Q    0.002158   best Q    0.001974   635.9 min
  restart   6/8    eval   413   this Q    0.002167   best Q    0.001974   636.1 min
  restart   6/8    eval   414   this Q    0.002122   best Q    0.001974   636.3 min
  restart   6/8    eval   415   this Q     0.00211   best Q    0.001974   636.4 min
  restart   6/8    eval   416   this Q    0.002134   best Q    0.001974   636.6 min
  restart   6/8    eval   417   this Q     0.00223   best Q    0.001974   636.8 min
  restart   6/8    eval   418   this Q    0.002136   best Q    0.001974   636.9 min
  restart   6/8    eval   419   this Q    0.002131   best Q    0.001974   637.1 min
  restart   6/8    eval   420   this Q    0.002146   best Q    0.001974   637.2 min
  restart   6/8    eval   421   this Q    0.002133   best Q    0.001974   637.4 min
  restart   6/8    eval   422   this Q     0.00209   best Q    0.001974   637.6 min
  restart   6/8    eval   423   this Q    0.002171   best Q    0.001974   637.7 min
  restart   6/8    eval   424   this Q    0.002152   best Q    0.001974   637.9 min
  restart   6/8    eval   425   this Q    0.002123   best Q    0.001974   638.1 min
  restart   6/8    eval   426   this Q    0.002116   best Q    0.001974   638.2 min
  restart   6/8    eval   427   this Q    0.002154   best Q    0.001974   638.4 min
  restart   6/8    eval   428   this Q    0.002119   best Q    0.001974   638.5 min
  restart   6/8    eval   429   this Q    0.002107   best Q    0.001974   638.7 min
  restart   6/8    eval   430   this Q    0.002118   best Q    0.001974   638.9 min
  restart   6/8    eval   431   this Q    0.002119   best Q    0.001974   639.0 min
  restart   6/8    eval   432   this Q    0.002091   best Q    0.001974   639.2 min
  restart   6/8    eval   433   this Q    0.002111   best Q    0.001974   639.4 min
  restart   6/8    eval   434   this Q    0.002091   best Q    0.001974   639.5 min
  restart   6/8    eval   435   this Q    0.002096   best Q    0.001974   639.7 min
  restart   6/8    eval   436   this Q    0.002083   best Q    0.001974   639.8 min
  restart   6/8    eval   437   this Q     0.00209   best Q    0.001974   640.0 min
  restart   6/8    eval   438   this Q     0.00209   best Q    0.001974   640.2 min
  restart   6/8    eval   439   this Q    0.002104   best Q    0.001974   640.3 min
  restart   6/8    eval   440   this Q    0.002293   best Q    0.001974   640.5 min
  restart   6/8    eval   441   this Q    0.002091   best Q    0.001974   640.7 min
  restart   6/8    eval   442   this Q    0.002072   best Q    0.001974   640.8 min
  restart   6/8    eval   443   this Q    0.002136   best Q    0.001974   641.0 min
  restart   6/8    eval   444   this Q    0.002066   best Q    0.001974   641.1 min
  restart   6/8    eval   445   this Q    0.002061   best Q    0.001974   641.3 min
  restart   6/8    eval   446   this Q    0.002095   best Q    0.001974   641.5 min
  restart   6/8    eval   447   this Q     0.00208   best Q    0.001974   641.6 min
  restart   6/8    eval   448   this Q    0.002121   best Q    0.001974   641.8 min
  restart   6/8    eval   449   this Q    0.002077   best Q    0.001974   642.0 min
  restart   6/8    eval   450   this Q    0.002071   best Q    0.001974   642.1 min
  restart   6/8    eval   451   this Q    0.002097   best Q    0.001974   642.3 min
  restart   6/8    eval   452   this Q    0.002079   best Q    0.001974   642.4 min
  restart   6/8    eval   453   this Q    0.002071   best Q    0.001974   642.6 min
  restart   6/8    eval   454   this Q    0.002072   best Q    0.001974   642.8 min
  restart   6/8    eval   455   this Q    0.002069   best Q    0.001974   642.9 min
  restart   6/8    eval   456   this Q    0.002068   best Q    0.001974   643.1 min
  restart   6/8    eval   457   this Q    0.002065   best Q    0.001974   643.3 min
  restart   6/8    eval   458   this Q    0.002051   best Q    0.001974   643.4 min
  restart   6/8    eval   459   this Q    0.002038   best Q    0.001974   643.6 min
  restart   6/8    eval   460   this Q    0.002056   best Q    0.001974   643.7 min
  restart   6/8    eval   461   this Q    0.002059   best Q    0.001974   643.9 min
  restart   6/8    eval   462   this Q    0.002059   best Q    0.001974   644.1 min
  restart   6/8    eval   463   this Q    0.002062   best Q    0.001974   644.2 min
  restart   6/8    eval   464   this Q     0.00206   best Q    0.001974   644.4 min
  restart   6/8    eval   465   this Q    0.002065   best Q    0.001974   644.6 min
  restart   6/8    eval   466   this Q    0.002048   best Q    0.001974   644.7 min
  restart   6/8    eval   467   this Q    0.002063   best Q    0.001974   644.9 min
  restart   6/8    eval   468   this Q    0.002071   best Q    0.001974   645.0 min
  restart   6/8    eval   469   this Q    0.002052   best Q    0.001974   645.2 min
  restart   6/8    eval   470   this Q    0.002072   best Q    0.001974   645.4 min
  restart   6/8    eval   471   this Q     0.00205   best Q    0.001974   645.5 min
  restart   6/8    eval   472   this Q    0.002066   best Q    0.001974   645.7 min
  restart   6/8    eval   473   this Q     0.00205   best Q    0.001974   645.9 min
  restart   6/8    eval   474   this Q    0.002042   best Q    0.001974   646.0 min
  restart   6/8    eval   475   this Q    0.002064   best Q    0.001974   646.2 min
  restart   6/8    eval   476   this Q    0.002048   best Q    0.001974   646.3 min
  restart   6/8    eval   477   this Q     0.00206   best Q    0.001974   646.5 min
  restart   6/8    eval   478   this Q     0.00205   best Q    0.001974   646.7 min
  restart   6/8    eval   479   this Q     0.00205   best Q    0.001974   646.8 min
  restart   6/8    eval   480   this Q    0.002042   best Q    0.001974   647.0 min
  restart   6/8    eval   481   this Q    0.002046   best Q    0.001974   647.1 min
  restart   6/8    eval   482   this Q    0.002038   best Q    0.001974   647.3 min
  restart   6/8    eval   483   this Q    0.002035   best Q    0.001974   647.5 min
  restart   6/8    eval   484   this Q    0.002045   best Q    0.001974   647.6 min
  restart   6/8    eval   485   this Q    0.002036   best Q    0.001974   647.8 min
  restart   6/8    eval   486   this Q    0.002042   best Q    0.001974   648.0 min
  restart   6/8    eval   487   this Q    0.002044   best Q    0.001974   648.1 min
  restart   6/8    eval   488   this Q    0.002028   best Q    0.001974   648.3 min
  restart   6/8    eval   489   this Q    0.002067   best Q    0.001974   648.4 min
  restart   6/8    eval   490   this Q    0.002034   best Q    0.001974   648.6 min
  restart   6/8    eval   491   this Q    0.002045   best Q    0.001974   648.8 min
  restart   6/8    eval   492   this Q     0.00203   best Q    0.001974   648.9 min
  restart   6/8    eval   493   this Q    0.002031   best Q    0.001974   649.1 min
  restart   6/8    eval   494   this Q    0.002033   best Q    0.001974   649.3 min
  restart   6/8    eval   495   this Q     0.00206   best Q    0.001974   649.4 min
  restart   6/8    eval   496   this Q    0.002031   best Q    0.001974   649.6 min
  restart   6/8    eval   497   this Q    0.002022   best Q    0.001974   649.7 min
  restart   6/8    eval   498   this Q    0.002041   best Q    0.001974   649.9 min
  restart   6/8    eval   499   this Q    0.002029   best Q    0.001974   650.1 min
  restart   6/8    eval   500   this Q    0.002024   best Q    0.001974   650.2 min
  restart   6/8    eval   501   this Q    0.002031   best Q    0.001974   650.4 min
  restart   6/8    eval   502   this Q    0.002039   best Q    0.001974   650.6 min
  restart   6/8    eval   503   this Q    0.002032   best Q    0.001974   650.7 min
  restart   6/8    eval   504   this Q    0.002033   best Q    0.001974   650.9 min
  restart   6/8    eval   505   this Q    0.002027   best Q    0.001974   651.0 min
  restart   6/8    eval   506   this Q    0.002038   best Q    0.001974   651.2 min
  restart   6/8    eval   507   this Q    0.002025   best Q    0.001974   651.4 min
  restart   6/8    eval   508   this Q    0.002035   best Q    0.001974   651.5 min
  restart   6/8    eval   509   this Q    0.002028   best Q    0.001974   651.7 min
  restart   6/8    eval   510   this Q    0.002028   best Q    0.001974   651.9 min
  restart   6/8    eval   511   this Q    0.002021   best Q    0.001974   652.0 min
  restart   6/8    eval   512   this Q    0.002031   best Q    0.001974   652.2 min
  restart   6/8    eval   513   this Q    0.002029   best Q    0.001974   652.3 min
  restart   6/8    eval   514   this Q    0.002023   best Q    0.001974   652.5 min
  restart   6/8    eval   515   this Q    0.002028   best Q    0.001974   652.7 min
  restart   6/8    eval   516   this Q    0.002024   best Q    0.001974   652.8 min
  restart   6/8    eval   517   this Q    0.002028   best Q    0.001974   653.0 min
  restart   6/8    eval   518   this Q    0.002023   best Q    0.001974   653.2 min
  restart   6/8    eval   519   this Q    0.002024   best Q    0.001974   653.3 min
  restart   6/8    eval   520   this Q    0.002027   best Q    0.001974   653.5 min
  restart   6/8    eval   521   this Q    0.002018   best Q    0.001974   653.6 min
  restart   6/8    eval   522   this Q    0.002022   best Q    0.001974   653.8 min
  restart   6/8    eval   523   this Q    0.002026   best Q    0.001974   654.0 min
  restart   6/8    eval   524   this Q    0.002023   best Q    0.001974   654.1 min
  restart   6/8    eval   525   this Q    0.002017   best Q    0.001974   654.3 min
  restart   6/8    eval   526   this Q    0.002019   best Q    0.001974   654.5 min
  restart   6/8    eval   527   this Q    0.002051   best Q    0.001974   654.6 min
  restart   6/8    eval   528   this Q    0.002022   best Q    0.001974   654.8 min
  restart   6/8    eval   529   this Q    0.002021   best Q    0.001974   654.9 min
  restart   6/8    eval   530   this Q    0.002026   best Q    0.001974   655.1 min
  restart   6/8    eval   531   this Q    0.002021   best Q    0.001974   655.3 min
  restart   6/8    eval   532   this Q    0.002016   best Q    0.001974   655.4 min
  restart   6/8    eval   533   this Q    0.002019   best Q    0.001974   655.6 min
  restart   6/8    eval   534   this Q    0.002018   best Q    0.001974   655.8 min
  restart   6/8    eval   535   this Q    0.002019   best Q    0.001974   655.9 min
  restart   6/8    eval   536   this Q    0.002017   best Q    0.001974   656.1 min
  restart   6/8    eval   537   this Q    0.002012   best Q    0.001974   656.2 min
  restart   6/8    eval   538   this Q    0.002012   best Q    0.001974   656.4 min
  restart   6/8    eval   539   this Q    0.002015   best Q    0.001974   656.6 min
  restart   6/8    eval   540   this Q    0.002016   best Q    0.001974   656.7 min
  restart   6/8    eval   541   this Q    0.002017   best Q    0.001974   656.9 min
  restart   6/8    eval   542   this Q    0.002012   best Q    0.001974   657.1 min
  restart   6/8    eval   543   this Q    0.002014   best Q    0.001974   657.2 min
  restart   6/8    eval   544   this Q    0.002009   best Q    0.001974   657.4 min
  restart   6/8    eval   545   this Q     0.00201   best Q    0.001974   657.5 min
  restart   6/8    eval   546   this Q    0.002013   best Q    0.001974   657.7 min
  restart   6/8    eval   547   this Q    0.002011   best Q    0.001974   657.9 min
  restart   6/8    eval   548   this Q    0.002012   best Q    0.001974   658.0 min
  restart   6/8    eval   549   this Q    0.002009   best Q    0.001974   658.2 min
  restart   6/8    eval   550   this Q    0.002006   best Q    0.001974   658.4 min
  restart   6/8    eval   551   this Q    0.002005   best Q    0.001974   658.5 min
  restart   6/8    eval   552   this Q    0.002008   best Q    0.001974   658.7 min
  restart   6/8    eval   553   this Q    0.002007   best Q    0.001974   658.8 min
  restart   6/8    eval   554   this Q    0.002007   best Q    0.001974   659.0 min
  restart   6/8    eval   555   this Q     0.00201   best Q    0.001974   659.2 min
  restart   6/8    eval   556   this Q    0.002002   best Q    0.001974   659.3 min
  restart   6/8    eval   557   this Q    0.002003   best Q    0.001974   659.5 min
  restart   6/8    eval   558   this Q    0.002013   best Q    0.001974   659.7 min
  restart   6/8    eval   559   this Q    0.002009   best Q    0.001974   659.8 min
  restart   6/8    eval   560   this Q    0.002002   best Q    0.001974   660.0 min
  restart   6/8    eval   561   this Q    0.002013   best Q    0.001974   660.1 min
  restart   6/8    eval   562   this Q    0.002006   best Q    0.001974   660.3 min
  restart   6/8    eval   563   this Q    0.002003   best Q    0.001974   660.5 min
  restart   6/8    eval   564   this Q    0.002007   best Q    0.001974   660.6 min
  restart   6/8    eval   565   this Q     0.00201   best Q    0.001974   660.8 min
  restart   6/8    eval   566   this Q    0.002005   best Q    0.001974   661.0 min
  restart   6/8    eval   567   this Q    0.002003   best Q    0.001974   661.1 min
  restart   6/8    eval   568   this Q    0.002003   best Q    0.001974   661.3 min
  restart   6/8    eval   569   this Q    0.002003   best Q    0.001974   661.4 min
  restart   6/8    eval   570   this Q    0.002009   best Q    0.001974   661.6 min
  restart   6/8    eval   571   this Q    0.002004   best Q    0.001974   661.8 min
  restart   6/8    eval   572   this Q    0.002001   best Q    0.001974   661.9 min
  restart   6/8    eval   573   this Q    0.002011   best Q    0.001974   662.1 min
  restart   6/8    eval   574   this Q    0.002004   best Q    0.001974   662.3 min
  restart   6/8    eval   575   this Q    0.002001   best Q    0.001974   662.4 min
  restart   6/8    eval   576   this Q    0.002004   best Q    0.001974   662.6 min
  restart   6/8    eval   577   this Q    0.001999   best Q    0.001974   662.7 min
  restart   6/8    eval   578   this Q       0.002   best Q    0.001974   662.9 min
  restart   6/8    eval   579   this Q    0.001998   best Q    0.001974   663.1 min
  restart   6/8    eval   580   this Q    0.001997   best Q    0.001974   663.2 min
  restart   6/8    eval   581   this Q    0.001998   best Q    0.001974   663.4 min
  restart   6/8    eval   582   this Q    0.001997   best Q    0.001974   663.6 min
  restart   6/8    eval   583   this Q    0.002002   best Q    0.001974   663.7 min
  restart   6/8    eval   584   this Q    0.002008   best Q    0.001974   663.9 min
  restart   6/8    eval   585   this Q    0.001999   best Q    0.001974   664.0 min
  restart   6/8    eval   586   this Q    0.002003   best Q    0.001974   664.2 min
  restart   6/8    eval   587   this Q    0.001999   best Q    0.001974   664.4 min
  restart   6/8    eval   588   this Q    0.001998   best Q    0.001974   664.5 min
  restart   6/8    eval   589   this Q    0.002003   best Q    0.001974   664.7 min
  restart   6/8    eval   590   this Q    0.001998   best Q    0.001974   664.9 min
  restart   6/8    eval   591   this Q    0.001997   best Q    0.001974   665.0 min
  restart   6/8    eval   592   this Q    0.001997   best Q    0.001974   665.2 min
  restart   6/8    eval   593   this Q    0.001994   best Q    0.001974   665.3 min
  restart   6/8    eval   594   this Q    0.002003   best Q    0.001974   665.5 min
  restart   6/8    eval   595   this Q    0.001996   best Q    0.001974   665.7 min
  restart   6/8    eval   596   this Q    0.001995   best Q    0.001974   665.8 min
  restart   6/8    eval   597   this Q    0.002004   best Q    0.001974   666.0 min
  restart   6/8    eval   598   this Q    0.001998   best Q    0.001974   666.1 min
  restart   6/8    eval   599   this Q    0.001995   best Q    0.001974   666.3 min
  restart   6/8    eval   600   this Q    0.001996   best Q    0.001974   666.5 min
  restart   6/8    eval   601   this Q    0.001999   best Q    0.001974   666.6 min
  restart   6/8    eval   602   this Q    0.001995   best Q    0.001974   666.8 min
  restart   6/8    eval   603   this Q    0.001993   best Q    0.001974   667.0 min
  restart   6/8    eval   604   this Q    0.001995   best Q    0.001974   667.1 min
  restart   6/8    eval   605   this Q    0.002002   best Q    0.001974   667.3 min
  restart   6/8    eval   606   this Q    0.001996   best Q    0.001974   667.4 min
  restart   6/8    eval   607   this Q    0.001994   best Q    0.001974   667.6 min
  restart   6/8    eval   608   this Q    0.001996   best Q    0.001974   667.8 min
  restart   6/8    eval   609   this Q    0.001996   best Q    0.001974   667.9 min
  restart   6/8    eval   610   this Q    0.001997   best Q    0.001974   668.1 min
  restart   6/8    eval   611   this Q    0.001993   best Q    0.001974   668.3 min
  restart   6/8    eval   612   this Q    0.001995   best Q    0.001974   668.4 min
  restart   6/8    eval   613   this Q    0.001996   best Q    0.001974   668.6 min
  restart   6/8    eval   614   this Q    0.001995   best Q    0.001974   668.7 min
  restart   6/8    eval   615   this Q    0.001995   best Q    0.001974   668.9 min
  restart   6/8    eval   616   this Q    0.001994   best Q    0.001974   669.1 min
  restart   6/8    eval   617   this Q    0.001993   best Q    0.001974   669.2 min
  restart   6/8    eval   618   this Q    0.001994   best Q    0.001974   669.4 min
  restart   6/8   DONE   this    0.001993   best Q    0.001974   669.4 min, ~223 min left
  restart   7/8    eval     1   this Q     0.01004   best Q    0.001974   669.6 min
  restart   7/8    eval     2   this Q     0.01004   best Q    0.001974   669.7 min
  restart   7/8    eval     3   this Q       1.041   best Q    0.001974   669.9 min
  restart   7/8    eval     4   this Q      0.4093   best Q    0.001974   670.0 min
  restart   7/8    eval     5   this Q       0.367   best Q    0.001974   670.2 min
  restart   7/8    eval     6   this Q       2.117   best Q    0.001974   670.4 min
  restart   7/8    eval     7   this Q       1.352   best Q    0.001974   670.5 min
  restart   7/8    eval     8   this Q      0.1575   best Q    0.001974   670.7 min
  restart   7/8    eval     9   this Q      0.8723   best Q    0.001974   670.8 min
  restart   7/8    eval    10   this Q    0.007333   best Q    0.001974   671.0 min
  restart   7/8    eval    11   this Q      0.6639   best Q    0.001974   671.2 min
  restart   7/8    eval    12   this Q       2.052   best Q    0.001974   671.3 min
  restart   7/8    eval    13   this Q      0.5225   best Q    0.001974   671.5 min
  restart   7/8    eval    14   this Q       1.521   best Q    0.001974   671.7 min
  restart   7/8    eval    15   this Q      0.3615   best Q    0.001974   671.8 min
  restart   7/8    eval    16   this Q      0.6318   best Q    0.001974   672.0 min
  restart   7/8    eval    17   this Q      0.3959   best Q    0.001974   672.1 min
  restart   7/8    eval    18   this Q       1.056   best Q    0.001974   672.3 min
  restart   7/8    eval    19   this Q      0.1111   best Q    0.001974   672.5 min
  restart   7/8    eval    20   this Q       1.078   best Q    0.001974   672.6 min
  restart   7/8    eval    21   this Q      0.1993   best Q    0.001974   672.8 min
  restart   7/8    eval    22   this Q      0.5717   best Q    0.001974   673.0 min
  restart   7/8    eval    23   this Q      0.1571   best Q    0.001974   673.1 min
  restart   7/8    eval    24   this Q      0.2111   best Q    0.001974   673.3 min
  restart   7/8    eval    25   this Q      0.5844   best Q    0.001974   673.4 min
  restart   7/8    eval    26   this Q      0.1531   best Q    0.001974   673.6 min
  restart   7/8    eval    27   this Q      0.3013   best Q    0.001974   673.8 min
  restart   7/8    eval    28   this Q      0.1895   best Q    0.001974   673.9 min
  restart   7/8    eval    29   this Q      0.4042   best Q    0.001974   674.1 min
  restart   7/8    eval    30   this Q      0.1204   best Q    0.001974   674.3 min
  restart   7/8    eval    31   this Q      0.3637   best Q    0.001974   674.4 min
  restart   7/8    eval    32   this Q     0.08685   best Q    0.001974   674.6 min
  restart   7/8    eval    33   this Q      0.3412   best Q    0.001974   674.7 min
  restart   7/8    eval    34   this Q     0.05309   best Q    0.001974   674.9 min
  restart   7/8    eval    35   this Q      0.3107   best Q    0.001974   675.1 min
  restart   7/8    eval    36   this Q     0.04872   best Q    0.001974   675.2 min
  restart   7/8    eval    37   this Q      0.1673   best Q    0.001974   675.4 min
  restart   7/8    eval    38   this Q     0.05887   best Q    0.001974   675.6 min
  restart   7/8    eval    39   this Q     0.09754   best Q    0.001974   675.7 min
  restart   7/8    eval    40   this Q     0.08182   best Q    0.001974   675.9 min
  restart   7/8    eval    41   this Q      0.1187   best Q    0.001974   676.0 min
  restart   7/8    eval    42   this Q     0.02988   best Q    0.001974   676.2 min
  restart   7/8    eval    43   this Q      0.1286   best Q    0.001974   676.4 min
  restart   7/8    eval    44   this Q     0.02962   best Q    0.001974   676.5 min
  restart   7/8    eval    45   this Q     0.09834   best Q    0.001974   676.7 min
  restart   7/8    eval    46   this Q     0.03092   best Q    0.001974   676.9 min
  restart   7/8    eval    47   this Q     0.09839   best Q    0.001974   677.0 min
  restart   7/8    eval    48   this Q     0.02837   best Q    0.001974   677.2 min
  restart   7/8    eval    49   this Q      0.0908   best Q    0.001974   677.3 min
  restart   7/8    eval    50   this Q     0.02515   best Q    0.001974   677.5 min
  restart   7/8    eval    51   this Q     0.09665   best Q    0.001974   677.7 min
  restart   7/8    eval    52   this Q     0.01649   best Q    0.001974   677.8 min
  restart   7/8    eval    53   this Q     0.08969   best Q    0.001974   678.0 min
  restart   7/8    eval    54   this Q     0.01487   best Q    0.001974   678.2 min
  restart   7/8    eval    55   this Q     0.02876   best Q    0.001974   678.3 min
  restart   7/8    eval    56   this Q      0.0146   best Q    0.001974   678.5 min
  restart   7/8    eval    57   this Q     0.02433   best Q    0.001974   678.6 min
  restart   7/8    eval    58   this Q     0.04469   best Q    0.001974   678.8 min
  restart   7/8    eval    59   this Q    0.008279   best Q    0.001974   679.0 min
  restart   7/8    eval    60   this Q     0.04625   best Q    0.001974   679.1 min
  restart   7/8    eval    61   this Q    0.008693   best Q    0.001974   679.3 min
  restart   7/8    eval    62   this Q     0.01682   best Q    0.001974   679.4 min
  restart   7/8    eval    63   this Q     0.03532   best Q    0.001974   679.6 min
  restart   7/8    eval    64   this Q    0.007263   best Q    0.001974   679.8 min
  restart   7/8    eval    65   this Q     0.02682   best Q    0.001974   679.9 min
  restart   7/8    eval    66   this Q    0.008185   best Q    0.001974   680.1 min
  restart   7/8    eval    67   this Q     0.02604   best Q    0.001974   680.3 min
  restart   7/8    eval    68   this Q     0.00462   best Q    0.001974   680.4 min
  restart   7/8    eval    69   this Q     0.01214   best Q    0.001974   680.6 min
  restart   7/8    eval    70   this Q     0.02306   best Q    0.001974   680.7 min
  restart   7/8    eval    71   this Q    0.005159   best Q    0.001974   680.9 min
  restart   7/8    eval    72   this Q     0.02517   best Q    0.001974   681.1 min
  restart   7/8    eval    73   this Q    0.004369   best Q    0.001974   681.2 min
  restart   7/8    eval    74   this Q       0.016   best Q    0.001974   681.4 min
  restart   7/8    eval    75   this Q    0.004598   best Q    0.001974   681.6 min
  restart   7/8    eval    76   this Q     0.00992   best Q    0.001974   681.7 min
  restart   7/8    eval    77   this Q    0.004381   best Q    0.001974   681.9 min
  restart   7/8    eval    78   this Q    0.009357   best Q    0.001974   682.0 min
  restart   7/8    eval    79   this Q    0.004037   best Q    0.001974   682.2 min
  restart   7/8    eval    80   this Q    0.009134   best Q    0.001974   682.4 min
  restart   7/8    eval    81   this Q    0.003902   best Q    0.001974   682.5 min
  restart   7/8    eval    82   this Q     0.01472   best Q    0.001974   682.7 min
  restart   7/8    eval    83   this Q    0.003407   best Q    0.001974   682.8 min
  restart   7/8    eval    84   this Q     0.01028   best Q    0.001974   683.0 min
  restart   7/8    eval    85   this Q    0.003494   best Q    0.001974   683.2 min
  restart   7/8    eval    86   this Q    0.005744   best Q    0.001974   683.3 min
  restart   7/8    eval    87   this Q    0.003177   best Q    0.001974   683.5 min
  restart   7/8    eval    88   this Q    0.005089   best Q    0.001974   683.7 min
  restart   7/8    eval    89   this Q    0.003092   best Q    0.001974   683.8 min
  restart   7/8    eval    90   this Q    0.004822   best Q    0.001974   684.0 min
  restart   7/8    eval    91   this Q    0.002963   best Q    0.001974   684.1 min
  restart   7/8    eval    92   this Q    0.004756   best Q    0.001974   684.3 min
  restart   7/8    eval    93   this Q    0.002993   best Q    0.001974   684.5 min
  restart   7/8    eval    94   this Q    0.004172   best Q    0.001974   684.6 min
  restart   7/8    eval    95   this Q    0.006855   best Q    0.001974   684.8 min
  restart   7/8    eval    96   this Q    0.002679   best Q    0.001974   684.9 min
  restart   7/8    eval    97   this Q    0.004083   best Q    0.001974   685.1 min
  restart   7/8    eval    98   this Q    0.002865   best Q    0.001974   685.3 min
  restart   7/8    eval    99   this Q    0.003315   best Q    0.001974   685.4 min
  restart   7/8    eval   100   this Q    0.004271   best Q    0.001974   685.6 min
  restart   7/8    eval   101   this Q    0.002731   best Q    0.001974   685.8 min
  restart   7/8    eval   102   this Q    0.003729   best Q    0.001974   685.9 min
  restart   7/8    eval   103   this Q     0.00264   best Q    0.001974   686.1 min
  restart   7/8    eval   104   this Q    0.005281   best Q    0.001974   686.2 min
  restart   7/8    eval   105   this Q    0.002477   best Q    0.001974   686.4 min
  restart   7/8    eval   106   this Q    0.003984   best Q    0.001974   686.6 min
  restart   7/8    eval   107   this Q     0.00258   best Q    0.001974   686.7 min
  restart   7/8    eval   108   this Q    0.003727   best Q    0.001974   686.9 min
  restart   7/8    eval   109   this Q    0.002559   best Q    0.001974   687.1 min
  restart   7/8    eval   110   this Q    0.002855   best Q    0.001974   687.2 min
  restart   7/8    eval   111   this Q    0.002727   best Q    0.001974   687.4 min
  restart   7/8    eval   112   this Q    0.003175   best Q    0.001974   687.5 min
  restart   7/8    eval   113   this Q    0.002508   best Q    0.001974   687.7 min
  restart   7/8    eval   114   this Q    0.002468   best Q    0.001974   687.9 min
  restart   7/8    eval   115   this Q    0.003161   best Q    0.001974   688.0 min
  restart   7/8    eval   116   this Q    0.002865   best Q    0.001974   688.2 min
  restart   7/8    eval   117   this Q    0.002478   best Q    0.001974   688.3 min
  restart   7/8    eval   118   this Q    0.002743   best Q    0.001974   688.5 min
  restart   7/8    eval   119   this Q    0.002435   best Q    0.001974   688.7 min
  restart   7/8    eval   120   this Q    0.002785   best Q    0.001974   688.8 min
  restart   7/8    eval   121   this Q    0.002433   best Q    0.001974   689.0 min
  restart   7/8    eval   122   this Q    0.002849   best Q    0.001974   689.2 min
  restart   7/8    eval   123   this Q    0.002404   best Q    0.001974   689.3 min
  restart   7/8    eval   124   this Q    0.002813   best Q    0.001974   689.5 min
  restart   7/8    eval   125   this Q    0.002396   best Q    0.001974   689.6 min
  restart   7/8    eval   126   this Q    0.002696   best Q    0.001974   689.8 min
  restart   7/8    eval   127   this Q    0.002396   best Q    0.001974   690.0 min
  restart   7/8    eval   128   this Q    0.002484   best Q    0.001974   690.1 min
  restart   7/8    eval   129   this Q    0.002547   best Q    0.001974   690.3 min
  restart   7/8    eval   130   this Q    0.002374   best Q    0.001974   690.5 min
  restart   7/8    eval   131   this Q    0.002531   best Q    0.001974   690.6 min
  restart   7/8    eval   132   this Q    0.002372   best Q    0.001974   690.8 min
  restart   7/8    eval   133   this Q    0.002467   best Q    0.001974   690.9 min
  restart   7/8    eval   134   this Q    0.002499   best Q    0.001974   691.1 min
  restart   7/8    eval   135   this Q    0.002366   best Q    0.001974   691.3 min
  restart   7/8    eval   136   this Q    0.002584   best Q    0.001974   691.4 min
  restart   7/8    eval   137   this Q    0.002358   best Q    0.001974   691.6 min
  restart   7/8    eval   138   this Q    0.002499   best Q    0.001974   691.8 min
  restart   7/8    eval   139   this Q    0.002372   best Q    0.001974   691.9 min
  restart   7/8    eval   140   this Q      0.0024   best Q    0.001974   692.1 min
  restart   7/8    eval   141   this Q    0.002456   best Q    0.001974   692.2 min
  restart   7/8    eval   142   this Q    0.002356   best Q    0.001974   692.4 min
  restart   7/8    eval   143   this Q    0.002497   best Q    0.001974   692.6 min
  restart   7/8    eval   144   this Q    0.002339   best Q    0.001974   692.7 min
  restart   7/8    eval   145   this Q    0.002437   best Q    0.001974   692.9 min
  restart   7/8    eval   146   this Q    0.002352   best Q    0.001974   693.0 min
  restart   7/8    eval   147   this Q    0.002415   best Q    0.001974   693.2 min
  restart   7/8    eval   148   this Q    0.002345   best Q    0.001974   693.4 min
  restart   7/8    eval   149   this Q    0.002393   best Q    0.001974   693.5 min
  restart   7/8    eval   150   this Q    0.002349   best Q    0.001974   693.7 min
  restart   7/8    eval   151   this Q    0.002399   best Q    0.001974   693.9 min
  restart   7/8    eval   152   this Q    0.002342   best Q    0.001974   694.0 min
  restart   7/8    eval   153   this Q    0.002351   best Q    0.001974   694.2 min
  restart   7/8    eval   154   this Q    0.002386   best Q    0.001974   694.3 min
  restart   7/8    eval   155   this Q    0.002344   best Q    0.001974   694.5 min
  restart   7/8    eval   156   this Q    0.002358   best Q    0.001974   694.7 min
  restart   7/8    eval   157   this Q    0.002338   best Q    0.001974   694.8 min
  restart   7/8    eval   158   this Q    0.002377   best Q    0.001974   695.0 min
  restart   7/8    eval   159   this Q    0.002339   best Q    0.001974   695.2 min
  restart   7/8    eval   160   this Q    0.002338   best Q    0.001974   695.3 min
  restart   7/8    eval   161   this Q    0.002377   best Q    0.001974   695.5 min
  restart   7/8    eval   162   this Q    0.002358   best Q    0.001974   695.6 min
  restart   7/8    eval   163   this Q    0.002332   best Q    0.001974   695.8 min
  restart   7/8    eval   164   this Q     0.00237   best Q    0.001974   696.0 min
  restart   7/8    eval   165   this Q    0.002334   best Q    0.001974   696.1 min
  restart   7/8    eval   166   this Q    0.002342   best Q    0.001974   696.3 min
  restart   7/8    eval   167   this Q    0.002334   best Q    0.001974   696.5 min
  restart   7/8    eval   168   this Q    0.002354   best Q    0.001974   696.6 min
  restart   7/8    eval   169   this Q    0.002329   best Q    0.001974   696.8 min
  restart   7/8    eval   170   this Q    0.002349   best Q    0.001974   696.9 min
  restart   7/8    eval   171   this Q    0.002333   best Q    0.001974   697.1 min
  restart   7/8    eval   172   this Q     0.00233   best Q    0.001974   697.3 min
  restart   7/8    eval   173   this Q    0.002348   best Q    0.001974   697.4 min
  restart   7/8    eval   174   this Q    0.002335   best Q    0.001974   697.6 min
  restart   7/8    eval   175   this Q    0.002339   best Q    0.001974   697.7 min
  restart   7/8    eval   176   this Q    0.002331   best Q    0.001974   697.9 min
  restart   7/8    eval   177   this Q    0.002327   best Q    0.001974   698.1 min
  restart   7/8    eval   178   this Q    0.002336   best Q    0.001974   698.2 min
  restart   7/8    eval   179   this Q     0.00234   best Q    0.001974   698.4 min
  restart   7/8    eval   180   this Q    0.002334   best Q    0.001974   698.6 min
  restart   7/8    eval   181   this Q    0.002331   best Q    0.001974   698.7 min
  restart   7/8    eval   182   this Q    0.002329   best Q    0.001974   698.9 min
  restart   7/8    eval   183   this Q    0.002338   best Q    0.001974   699.0 min
  restart   7/8    eval   184   this Q     0.00233   best Q    0.001974   699.2 min
  restart   7/8    eval   185   this Q     0.00234   best Q    0.001974   699.4 min
  restart   7/8    eval   186   this Q    0.002331   best Q    0.001974   699.5 min
  restart   7/8    eval   187   this Q    0.002342   best Q    0.001974   699.7 min
  restart   7/8    eval   188   this Q    0.002329   best Q    0.001974   699.9 min
  restart   7/8    eval   189   this Q    0.002327   best Q    0.001974   700.0 min
  restart   7/8    eval   190   this Q    0.002335   best Q    0.001974   700.2 min
  restart   7/8    eval   191   this Q    0.002334   best Q    0.001974   700.3 min
  restart   7/8    eval   192   this Q    0.002326   best Q    0.001974   700.5 min
  restart   7/8    eval   193   this Q    0.002324   best Q    0.001974   700.7 min
  restart   7/8    eval   194   this Q    0.002336   best Q    0.001974   700.8 min
  restart   7/8    eval   195   this Q    0.002328   best Q    0.001974   701.0 min
  restart   7/8    eval   196   this Q    0.002337   best Q    0.001974   701.1 min
  restart   7/8    eval   197   this Q    0.002326   best Q    0.001974   701.3 min
  restart   7/8    eval   198   this Q    0.002329   best Q    0.001974   701.5 min
  restart   7/8    eval   199   this Q    0.002333   best Q    0.001974   701.6 min
  restart   7/8    eval   200   this Q    0.002329   best Q    0.001974   701.8 min
  restart   7/8    eval   201   this Q    0.002326   best Q    0.001974   702.0 min
  restart   7/8    eval   202   this Q    0.002329   best Q    0.001974   702.1 min
  restart   7/8    eval   203   this Q    0.002332   best Q    0.001974   702.3 min
  restart   7/8    eval   204   this Q    0.002327   best Q    0.001974   702.4 min
  restart   7/8    eval   205   this Q    0.002327   best Q    0.001974   702.6 min
  restart   7/8    eval   206   this Q    0.002331   best Q    0.001974   702.8 min
  restart   7/8    eval   207   this Q    0.002329   best Q    0.001974   702.9 min
  restart   7/8    eval   208   this Q     0.00233   best Q    0.001974   703.1 min
  restart   7/8    eval   209   this Q    0.002329   best Q    0.001974   703.3 min
  restart   7/8    eval   210   this Q    0.002327   best Q    0.001974   703.4 min
  restart   7/8    eval   211   this Q    0.002328   best Q    0.001974   703.6 min
  restart   7/8    eval   212   this Q    0.002325   best Q    0.001974   703.7 min
  restart   7/8    eval   213   this Q    0.002328   best Q    0.001974   703.9 min
  restart   7/8    eval   214   this Q    0.002325   best Q    0.001974   704.1 min
  restart   7/8    eval   215   this Q    0.002326   best Q    0.001974   704.2 min
  restart   7/8    eval   216   this Q    0.002328   best Q    0.001974   704.4 min
  restart   7/8    eval   217   this Q    0.002326   best Q    0.001974   704.6 min
  restart   7/8    eval   218   this Q     0.00233   best Q    0.001974   704.7 min
  restart   7/8    eval   219   this Q    0.002327   best Q    0.001974   704.9 min
  restart   7/8    eval   220   this Q    0.002326   best Q    0.001974   705.0 min
  restart   7/8    eval   221   this Q    0.002329   best Q    0.001974   705.2 min
  restart   7/8    eval   222   this Q    0.002325   best Q    0.001974   705.4 min
  restart   7/8    eval   223   this Q    0.002327   best Q    0.001974   705.5 min
  restart   7/8    eval   224   this Q    0.002323   best Q    0.001974   705.7 min
  restart   7/8    eval   225   this Q     0.00233   best Q    0.001974   705.8 min
  restart   7/8    eval   226   this Q    0.002326   best Q    0.001974   706.0 min
  restart   7/8    eval   227   this Q    0.002328   best Q    0.001974   706.2 min
  restart   7/8    eval   228   this Q    0.002324   best Q    0.001974   706.3 min
  restart   7/8    eval   229   this Q    0.002325   best Q    0.001974   706.5 min
  restart   7/8    eval   230   this Q    0.002327   best Q    0.001974   706.7 min
  restart   7/8    eval   231   this Q    0.002323   best Q    0.001974   706.8 min
  restart   7/8    eval   232   this Q    0.002326   best Q    0.001974   707.0 min
  restart   7/8    eval   233   this Q    0.002323   best Q    0.001974   707.1 min
  restart   7/8    eval   234   this Q    0.002327   best Q    0.001974   707.3 min
  restart   7/8    eval   235   this Q    0.002329   best Q    0.001974   707.5 min
  restart   7/8    eval   236   this Q    0.002324   best Q    0.001974   707.6 min
  restart   7/8    eval   237   this Q    0.002326   best Q    0.001974   707.8 min
  restart   7/8    eval   238   this Q    0.002326   best Q    0.001974   708.0 min
  restart   7/8    eval   239   this Q    0.002326   best Q    0.001974   708.1 min
  restart   7/8    eval   240   this Q    0.002325   best Q    0.001974   708.3 min
  restart   7/8    eval   241   this Q    0.002325   best Q    0.001974   708.4 min
  restart   7/8    eval   242   this Q    0.002323   best Q    0.001974   708.6 min
  restart   7/8    eval   243   this Q    0.002325   best Q    0.001974   708.8 min
  restart   7/8    eval   244   this Q    0.002325   best Q    0.001974   708.9 min
  restart   7/8    eval   245   this Q    0.002326   best Q    0.001974   709.1 min
  restart   7/8    eval   246   this Q    0.002326   best Q    0.001974   709.2 min
  restart   7/8    eval   247   this Q    0.002325   best Q    0.001974   709.4 min
  restart   7/8    eval   248   this Q    0.002326   best Q    0.001974   709.6 min
  restart   7/8    eval   249   this Q    0.002326   best Q    0.001974   709.7 min
  restart   7/8    eval   250   this Q    0.002326   best Q    0.001974   709.9 min
  restart   7/8    eval   251   this Q    0.002326   best Q    0.001974   710.1 min
  restart   7/8    eval   252   this Q    0.002323   best Q    0.001974   710.2 min
  restart   7/8    eval   253   this Q    0.002323   best Q    0.001974   710.4 min
  restart   7/8    eval   254   this Q    0.002326   best Q    0.001974   710.5 min
  restart   7/8    eval   255   this Q    0.002323   best Q    0.001974   710.7 min
  restart   7/8    eval   256   this Q    0.002325   best Q    0.001974   710.9 min
  restart   7/8    eval   257   this Q    0.002323   best Q    0.001974   711.0 min
  restart   7/8    eval   258   this Q    0.002326   best Q    0.001974   711.2 min
  restart   7/8    eval   259   this Q    0.002323   best Q    0.001974   711.3 min
  restart   7/8    eval   260   this Q    0.002323   best Q    0.001974   711.5 min
  restart   7/8    eval   261   this Q    0.002326   best Q    0.001974   711.7 min
  restart   7/8    eval   262   this Q    0.002323   best Q    0.001974   711.8 min
  restart   7/8    eval   263   this Q    0.002325   best Q    0.001974   712.0 min
  restart   7/8    eval   264   this Q    0.002325   best Q    0.001974   712.2 min
  restart   7/8    eval   265   this Q    0.002325   best Q    0.001974   712.3 min
  restart   7/8    eval   266   this Q    0.002325   best Q    0.001974   712.5 min
  restart   7/8    eval   267   this Q    0.002325   best Q    0.001974   712.6 min
  restart   7/8    eval   268   this Q    0.002323   best Q    0.001974   712.8 min
  restart   7/8   DONE   this    0.002323   best Q    0.001974   712.8 min, ~102 min left
  restart   8/8    eval     1   this Q     0.00224   best Q    0.001974   713.0 min
  restart   8/8    eval     2   this Q     0.00224   best Q    0.001974   713.1 min
  restart   8/8    eval     3   this Q      0.9548   best Q    0.001974   713.3 min
  restart   8/8    eval     4   this Q      0.4312   best Q    0.001974   713.4 min
  restart   8/8    eval     5   this Q      0.3004   best Q    0.001974   713.6 min
  restart   8/8    eval     6   this Q       2.138   best Q    0.001974   713.8 min
  restart   8/8    eval     7   this Q       1.379   best Q    0.001974   713.9 min
  restart   8/8    eval     8   this Q      0.1445   best Q    0.001974   714.1 min
  restart   8/8    eval     9   this Q      0.8786   best Q    0.001974   714.3 min
  restart   8/8    eval    10   this Q    0.002119   best Q    0.001974   714.4 min
  restart   8/8    eval    11   this Q      0.7045   best Q    0.001974   714.6 min
  restart   8/8    eval    12   this Q       2.296   best Q    0.001974   714.8 min
  restart   8/8    eval    13   this Q      0.5533   best Q    0.001974   714.9 min
  restart   8/8    eval    14   this Q       1.675   best Q    0.001974   715.1 min
  restart   8/8    eval    15   this Q      0.3594   best Q    0.001974   715.2 min
  restart   8/8    eval    16   this Q      0.7147   best Q    0.001974   715.4 min
  restart   8/8    eval    17   this Q      0.3793   best Q    0.001974   715.6 min
  restart   8/8    eval    18   this Q       1.039   best Q    0.001974   715.7 min
  restart   8/8    eval    19   this Q      0.2476   best Q    0.001974   715.9 min
  restart   8/8    eval    20   this Q       1.047   best Q    0.001974   716.1 min
  restart   8/8    eval    21   this Q      0.1293   best Q    0.001974   716.2 min
  restart   8/8    eval    22   this Q      0.4768   best Q    0.001974   716.4 min
  restart   8/8    eval    23   this Q      0.1504   best Q    0.001974   716.6 min
  restart   8/8    eval    24   this Q      0.1284   best Q    0.001974   716.7 min
  restart   8/8    eval    25   this Q      0.5885   best Q    0.001974   716.9 min
  restart   8/8    eval    26   this Q      0.1382   best Q    0.001974   717.1 min
  restart   8/8    eval    27   this Q      0.2292   best Q    0.001974   717.2 min
  restart   8/8    eval    28   this Q      0.1624   best Q    0.001974   717.4 min
  restart   8/8    eval    29   this Q      0.2959   best Q    0.001974   717.5 min
  restart   8/8    eval    30   this Q     0.06582   best Q    0.001974   717.7 min
  restart   8/8    eval    31   this Q      0.3651   best Q    0.001974   717.9 min
  restart   8/8    eval    32   this Q     0.04522   best Q    0.001974   718.0 min
  restart   8/8    eval    33   this Q      0.2233   best Q    0.001974   718.2 min
  restart   8/8    eval    34   this Q     0.05795   best Q    0.001974   718.4 min
  restart   8/8    eval    35   this Q      0.1265   best Q    0.001974   718.5 min
  restart   8/8    eval    36   this Q      0.1921   best Q    0.001974   718.7 min
  restart   8/8    eval    37   this Q     0.04678   best Q    0.001974   718.8 min
  restart   8/8    eval    38   this Q      0.1079   best Q    0.001974   719.0 min
  restart   8/8    eval    39   this Q      0.1556   best Q    0.001974   719.2 min
  restart   8/8    eval    40   this Q     0.03652   best Q    0.001974   719.3 min
  restart   8/8    eval    41   this Q      0.2684   best Q    0.001974   719.5 min
  restart   8/8    eval    42   this Q     0.04637   best Q    0.001974   719.7 min
  restart   8/8    eval    43   this Q      0.1105   best Q    0.001974   719.8 min
  restart   8/8    eval    44   this Q     0.03221   best Q    0.001974   720.0 min
  restart   8/8    eval    45   this Q      0.1416   best Q    0.001974   720.2 min
  restart   8/8    eval    46   this Q      0.0327   best Q    0.001974   720.3 min
  restart   8/8    eval    47   this Q     0.07229   best Q    0.001974   720.5 min
  restart   8/8    eval    48   this Q     0.02344   best Q    0.001974   720.6 min
  restart   8/8    eval    49   this Q     0.07699   best Q    0.001974   720.8 min
  restart   8/8    eval    50   this Q     0.02251   best Q    0.001974   721.0 min
  restart   8/8    eval    51   this Q     0.07555   best Q    0.001974   721.1 min
  restart   8/8    eval    52   this Q     0.01612   best Q    0.001974   721.3 min
  restart   8/8    eval    53   this Q     0.06602   best Q    0.001974   721.5 min
  restart   8/8    eval    54   this Q     0.02067   best Q    0.001974   721.6 min
  restart   8/8    eval    55   this Q      0.0213   best Q    0.001974   721.8 min
  restart   8/8    eval    56   this Q     0.04651   best Q    0.001974   721.9 min
  restart   8/8    eval    57   this Q     0.01311   best Q    0.001974   722.1 min
  restart   8/8    eval    58   this Q     0.04732   best Q    0.001974   722.3 min
  restart   8/8    eval    59   this Q     0.01243   best Q    0.001974   722.4 min
  restart   8/8    eval    60   this Q     0.03011   best Q    0.001974   722.6 min
  restart   8/8    eval    61   this Q     0.01285   best Q    0.001974   722.8 min
  restart   8/8    eval    62   this Q     0.02283   best Q    0.001974   722.9 min
  restart   8/8    eval    63   this Q     0.01063   best Q    0.001974   723.1 min
  restart   8/8    eval    64   this Q     0.00881   best Q    0.001974   723.2 min
  restart   8/8    eval    65   this Q     0.02502   best Q    0.001974   723.4 min
  restart   8/8    eval    66   this Q    0.009319   best Q    0.001974   723.6 min
  restart   8/8    eval    67   this Q    0.005903   best Q    0.001974   723.7 min
  restart   8/8    eval    68   this Q    0.008489   best Q    0.001974   723.9 min
  restart   8/8    eval    69   this Q     0.01124   best Q    0.001974   724.0 min
  restart   8/8    eval    70   this Q     0.01001   best Q    0.001974   724.2 min
  restart   8/8    eval    71   this Q     0.01843   best Q    0.001974   724.4 min
  restart   8/8    eval    72   this Q    0.004432   best Q    0.001974   724.5 min
  restart   8/8    eval    73   this Q    0.009455   best Q    0.001974   724.7 min
  restart   8/8    eval    74   this Q     0.01158   best Q    0.001974   724.9 min
  restart   8/8    eval    75   this Q    0.004547   best Q    0.001974   725.0 min
  restart   8/8    eval    76   this Q     0.01192   best Q    0.001974   725.2 min
  restart   8/8    eval    77   this Q    0.003879   best Q    0.001974   725.3 min
  restart   8/8    eval    78   this Q     0.01024   best Q    0.001974   725.5 min
  restart   8/8    eval    79   this Q    0.003963   best Q    0.001974   725.7 min
  restart   8/8    eval    80   this Q     0.01247   best Q    0.001974   725.8 min
  restart   8/8    eval    81   this Q      0.0037   best Q    0.001974   726.0 min
  restart   8/8    eval    82   this Q     0.01026   best Q    0.001974   726.2 min
  restart   8/8    eval    83   this Q    0.003687   best Q    0.001974   726.3 min
  restart   8/8    eval    84   this Q    0.008591   best Q    0.001974   726.5 min
  restart   8/8    eval    85   this Q    0.003826   best Q    0.001974   726.6 min
  restart   8/8    eval    86   this Q    0.008733   best Q    0.001974   726.8 min
  restart   8/8    eval    87   this Q    0.002725   best Q    0.001974   727.0 min
  restart   8/8    eval    88   this Q    0.003636   best Q    0.001974   727.1 min
  restart   8/8    eval    89   this Q    0.004305   best Q    0.001974   727.3 min
  restart   8/8    eval    90   this Q    0.002667   best Q    0.001974   727.5 min
  restart   8/8    eval    91   this Q    0.004239   best Q    0.001974   727.6 min
  restart   8/8    eval    92   this Q    0.002581   best Q    0.001974   727.8 min
  restart   8/8    eval    93   this Q    0.003554   best Q    0.001974   727.9 min
  restart   8/8    eval    94   this Q    0.003578   best Q    0.001974   728.1 min
  restart   8/8    eval    95   this Q    0.004107   best Q    0.001974   728.3 min
  restart   8/8    eval    96   this Q    0.002467   best Q    0.001974   728.4 min
  restart   8/8    eval    97   this Q    0.003937   best Q    0.001974   728.6 min
  restart   8/8    eval    98   this Q    0.002454   best Q    0.001974   728.8 min
  restart   8/8    eval    99   this Q     0.00449   best Q    0.001974   728.9 min
  restart   8/8    eval   100   this Q    0.002367   best Q    0.001974   729.1 min
  restart   8/8    eval   101   this Q    0.003919   best Q    0.001974   729.2 min
  restart   8/8    eval   102   this Q    0.002418   best Q    0.001974   729.4 min
  restart   8/8    eval   103   this Q    0.003383   best Q    0.001974   729.6 min
  restart   8/8    eval   104   this Q    0.002373   best Q    0.001974   729.7 min
  restart   8/8    eval   105   this Q    0.002555   best Q    0.001974   729.9 min
  restart   8/8    eval   106   this Q    0.002887   best Q    0.001974   730.1 min
  restart   8/8    eval   107   this Q    0.002179   best Q    0.001974   730.2 min
  restart   8/8    eval   108   this Q    0.002693   best Q    0.001974   730.4 min
  restart   8/8    eval   109   this Q    0.002165   best Q    0.001974   730.5 min
  restart   8/8    eval   110   this Q    0.002584   best Q    0.001974   730.7 min
  restart   8/8    eval   111   this Q    0.002179   best Q    0.001974   730.9 min
  restart   8/8    eval   112   this Q    0.002342   best Q    0.001974   731.0 min
  restart   8/8    eval   113   this Q    0.002439   best Q    0.001974   731.2 min
  restart   8/8    eval   114   this Q     0.00213   best Q    0.001974   731.4 min
  restart   8/8    eval   115   this Q    0.002707   best Q    0.001974   731.5 min
  restart   8/8    eval   116   this Q    0.002096   best Q    0.001974   731.7 min
  restart   8/8    eval   117   this Q    0.002253   best Q    0.001974   731.8 min
  restart   8/8    eval   118   this Q    0.002372   best Q    0.001974   732.0 min
  restart   8/8    eval   119   this Q    0.002102   best Q    0.001974   732.2 min
  restart   8/8    eval   120   this Q    0.002437   best Q    0.001974   732.3 min
  restart   8/8    eval   121   this Q    0.002085   best Q    0.001974   732.5 min
  restart   8/8    eval   122   this Q    0.002335   best Q    0.001974   732.7 min
  restart   8/8    eval   123   this Q    0.002069   best Q    0.001974   732.8 min
  restart   8/8    eval   124   this Q    0.002377   best Q    0.001974   733.0 min
  restart   8/8    eval   125   this Q    0.002058   best Q    0.001974   733.1 min
  restart   8/8    eval   126   this Q    0.002181   best Q    0.001974   733.3 min
  restart   8/8    eval   127   this Q    0.002057   best Q    0.001974   733.5 min
  restart   8/8    eval   128   this Q    0.002288   best Q    0.001974   733.6 min
  restart   8/8    eval   129   this Q    0.002049   best Q    0.001974   733.8 min
  restart   8/8    eval   130   this Q    0.002188   best Q    0.001974   734.0 min
  restart   8/8    eval   131   this Q    0.002052   best Q    0.001974   734.1 min
  restart   8/8    eval   132   this Q    0.002102   best Q    0.001974   734.3 min
  restart   8/8    eval   133   this Q    0.002196   best Q    0.001974   734.4 min
  restart   8/8    eval   134   this Q    0.002041   best Q    0.001974   734.6 min
  restart   8/8    eval   135   this Q    0.002122   best Q    0.001974   734.8 min
  restart   8/8    eval   136   this Q    0.002036   best Q    0.001974   734.9 min
  restart   8/8    eval   137   this Q    0.002092   best Q    0.001974   735.1 min
  restart   8/8    eval   138   this Q    0.002118   best Q    0.001974   735.3 min
  restart   8/8    eval   139   this Q    0.002036   best Q    0.001974   735.4 min
  restart   8/8    eval   140   this Q    0.002107   best Q    0.001974   735.6 min
  restart   8/8    eval   141   this Q    0.002029   best Q    0.001974   735.7 min
  restart   8/8    eval   142   this Q    0.002151   best Q    0.001974   735.9 min
  restart   8/8    eval   143   this Q    0.002024   best Q    0.001974   736.1 min
  restart   8/8    eval   144   this Q    0.002075   best Q    0.001974   736.2 min
  restart   8/8    eval   145   this Q    0.002025   best Q    0.001974   736.4 min
  restart   8/8    eval   146   this Q    0.002097   best Q    0.001974   736.6 min
  restart   8/8    eval   147   this Q    0.002026   best Q    0.001974   736.7 min
  restart   8/8    eval   148   this Q    0.002071   best Q    0.001974   736.9 min
  restart   8/8    eval   149   this Q    0.002028   best Q    0.001974   737.0 min
  restart   8/8    eval   150   this Q    0.002037   best Q    0.001974   737.2 min
  restart   8/8    eval   151   this Q    0.002061   best Q    0.001974   737.4 min
  restart   8/8    eval   152   this Q    0.002019   best Q    0.001974   737.5 min
  restart   8/8    eval   153   this Q    0.002031   best Q    0.001974   737.7 min
  restart   8/8    eval   154   this Q    0.002065   best Q    0.001974   737.9 min
  restart   8/8    eval   155   this Q    0.002026   best Q    0.001974   738.0 min
  restart   8/8    eval   156   this Q    0.002031   best Q    0.001974   738.2 min
  restart   8/8    eval   157   this Q    0.002018   best Q    0.001974   738.3 min
  restart   8/8    eval   158   this Q     0.00206   best Q    0.001974   738.5 min
  restart   8/8    eval   159   this Q    0.002034   best Q    0.001974   738.7 min
  restart   8/8    eval   160   this Q    0.002016   best Q    0.001974   738.8 min
  restart   8/8    eval   161   this Q    0.002054   best Q    0.001974   739.0 min
  restart   8/8    eval   162   this Q    0.002017   best Q    0.001974   739.2 min
  restart   8/8    eval   163   this Q    0.002028   best Q    0.001974   739.3 min
  restart   8/8    eval   164   this Q    0.002019   best Q    0.001974   739.5 min
  restart   8/8    eval   165   this Q    0.002038   best Q    0.001974   739.6 min
  restart   8/8    eval   166   this Q    0.002021   best Q    0.001974   739.8 min
  restart   8/8    eval   167   this Q    0.002025   best Q    0.001974   740.0 min
  restart   8/8    eval   168   this Q    0.002025   best Q    0.001974   740.1 min
  restart   8/8    eval   169   this Q    0.002019   best Q    0.001974   740.3 min
  restart   8/8    eval   170   this Q     0.00202   best Q    0.001974   740.5 min
  restart   8/8    eval   171   this Q    0.002017   best Q    0.001974   740.6 min
  restart   8/8    eval   172   this Q     0.00203   best Q    0.001974   740.8 min
  restart   8/8    eval   173   this Q    0.002015   best Q    0.001974   740.9 min
  restart   8/8    eval   174   this Q     0.00201   best Q    0.001974   741.1 min
  restart   8/8    eval   175   this Q    0.002015   best Q    0.001974   741.3 min
  restart   8/8    eval   176   this Q    0.002026   best Q    0.001974   741.4 min
  restart   8/8    eval   177   this Q    0.002017   best Q    0.001974   741.6 min
  restart   8/8    eval   178   this Q    0.002013   best Q    0.001974   741.8 min
  restart   8/8    eval   179   this Q    0.002015   best Q    0.001974   741.9 min
  restart   8/8    eval   180   this Q    0.002028   best Q    0.001974   742.1 min
  restart   8/8    eval   181   this Q    0.002009   best Q    0.001974   742.2 min
  restart   8/8    eval   182   this Q    0.002018   best Q    0.001974   742.4 min
  restart   8/8    eval   183   this Q    0.002011   best Q    0.001974   742.6 min
  restart   8/8    eval   184   this Q    0.002013   best Q    0.001974   742.7 min
  restart   8/8    eval   185   this Q    0.002026   best Q    0.001974   742.9 min
  restart   8/8    eval   186   this Q    0.002012   best Q    0.001974   743.1 min
  restart   8/8    eval   187   this Q    0.002023   best Q    0.001974   743.2 min
  restart   8/8    eval   188   this Q    0.002017   best Q    0.001974   743.4 min
  restart   8/8    eval   189   this Q     0.00201   best Q    0.001974   743.6 min
  restart   8/8    eval   190   this Q    0.002008   best Q    0.001974   743.7 min
  restart   8/8    eval   191   this Q    0.002009   best Q    0.001974   743.9 min
  restart   8/8    eval   192   this Q    0.002009   best Q    0.001974   744.0 min
  restart   8/8    eval   193   this Q    0.002008   best Q    0.001974   744.2 min
  restart   8/8    eval   194   this Q    0.002009   best Q    0.001974   744.4 min
  restart   8/8    eval   195   this Q    0.002007   best Q    0.001974   744.5 min
  restart   8/8    eval   196   this Q    0.002011   best Q    0.001974   744.7 min
  restart   8/8    eval   197   this Q     0.00201   best Q    0.001974   744.9 min
  restart   8/8    eval   198   this Q    0.002012   best Q    0.001974   745.0 min
  restart   8/8    eval   199   this Q    0.002009   best Q    0.001974   745.2 min
  restart   8/8    eval   200   this Q     0.00201   best Q    0.001974   745.3 min
  restart   8/8    eval   201   this Q    0.002017   best Q    0.001974   745.5 min
  restart   8/8    eval   202   this Q    0.002009   best Q    0.001974   745.7 min
  restart   8/8    eval   203   this Q     0.00201   best Q    0.001974   745.8 min
  restart   8/8    eval   204   this Q    0.002008   best Q    0.001974   746.0 min
  restart   8/8    eval   205   this Q    0.002011   best Q    0.001974   746.2 min
  restart   8/8    eval   206   this Q    0.002009   best Q    0.001974   746.3 min
  restart   8/8   DONE   this    0.002007   best Q    0.001974   746.3 min, ~0 min left
  restart   8/8    eval     1   this Q    0.001974   best Q    0.001974   746.5 min
  restart   8/8    eval     2   this Q      0.9494   best Q    0.001974   746.7 min
  restart   8/8    eval     3   this Q      0.4348   best Q    0.001974   746.8 min
  restart   8/8    eval     4   this Q      0.2965   best Q    0.001974   747.0 min
  restart   8/8    eval     5   this Q       2.143   best Q    0.001974   747.2 min
  restart   8/8    eval     6   this Q       1.379   best Q    0.001974   747.3 min
  restart   8/8    eval     7   this Q      0.1425   best Q    0.001974   747.5 min
  restart   8/8    eval     8   this Q      0.9242   best Q    0.001974   747.7 min
  restart   8/8    eval     9   this Q    0.001975   best Q    0.001974   747.8 min
  restart   8/8    eval    10   this Q      0.7114   best Q    0.001974   748.0 min
  restart   8/8    eval    11   this Q      0.3202   best Q    0.001974   748.2 min
  restart   8/8    eval    12   this Q       0.109   best Q    0.001974   748.3 min
  restart   8/8    eval    13   this Q      0.1845   best Q    0.001974   748.5 min
  restart   8/8    eval    14   this Q       2.171   best Q    0.001974   748.7 min
  restart   8/8    eval    15   this Q         1.2   best Q    0.001974   748.8 min
  restart   8/8    eval    16   this Q      0.1172   best Q    0.001974   749.0 min
  restart   8/8    eval    17   this Q      0.3384   best Q    0.001974   749.2 min
  restart   8/8    eval    18   this Q    0.001973   best Q    0.001973   749.3 min
  restart   8/8    eval    19   this Q      0.4569   best Q    0.001973   749.5 min
  restart   8/8    eval    20   this Q     0.08037   best Q    0.001973   749.7 min
  restart   8/8    eval    21   this Q    0.001972   best Q    0.001972   749.8 min
  restart   8/8    eval    22   this Q     0.02014   best Q    0.001972   750.0 min
  restart   8/8    eval    23   this Q    0.004402   best Q    0.001972   750.2 min
  restart   8/8    eval    24   this Q     0.00327   best Q    0.001972   750.3 min
  restart   8/8    eval    25   this Q    0.002823   best Q    0.001972   750.5 min
  restart   8/8    eval    26   this Q      0.0035   best Q    0.001972   750.7 min
  restart   8/8    eval    27   this Q     0.01076   best Q    0.001972   750.8 min
  restart   8/8    eval    28   this Q    0.004482   best Q    0.001972   751.0 min
  restart   8/8    eval    29   this Q    0.007926   best Q    0.001972   751.2 min
  restart   8/8    eval    30   this Q    0.006993   best Q    0.001972   751.3 min
  restart   8/8    eval    31   this Q    0.008568   best Q    0.001972   751.5 min
  restart   8/8    eval    32   this Q    0.002975   best Q    0.001972   751.7 min
  restart   8/8    eval    33   this Q    0.004215   best Q    0.001972   751.8 min
  restart   8/8    eval    34   this Q    0.003741   best Q    0.001972   752.0 min
  restart   8/8    eval    35   this Q    0.004263   best Q    0.001972   752.1 min
  restart   8/8    eval    36   this Q    0.002541   best Q    0.001972   752.3 min
  restart   8/8    eval    37   this Q    0.003016   best Q    0.001972   752.5 min
  restart   8/8    eval    38   this Q    0.002208   best Q    0.001972   752.6 min
  restart   8/8    eval    39   this Q     0.02347   best Q    0.001972   752.8 min
  restart   8/8    eval    40   this Q     0.01342   best Q    0.001972   753.0 min
  restart   8/8    eval    41   this Q    0.002068   best Q    0.001972   753.1 min
  restart   8/8    eval    42   this Q    0.002125   best Q    0.001972   753.3 min
  restart   8/8    eval    43   this Q    0.002014   best Q    0.001972   753.5 min
  restart   8/8    eval    44   this Q    0.001975   best Q    0.001972   753.6 min
  restart   8/8    eval    45   this Q    0.001989   best Q    0.001972   753.8 min
  restart   8/8    eval    46   this Q    0.002038   best Q    0.001972   753.9 min
  restart   8/8    eval    47   this Q    0.001975   best Q    0.001972   754.1 min
  restart   8/8    eval    48   this Q     0.00208   best Q    0.001972   754.3 min
  restart   8/8    eval    49   this Q     0.00198   best Q    0.001972   754.4 min
  restart   8/8    eval    50   this Q     0.00216   best Q    0.001972   754.6 min
  restart   8/8    eval    51   this Q    0.001986   best Q    0.001972   754.8 min
  restart   8/8    eval    52   this Q    0.002083   best Q    0.001972   754.9 min
  restart   8/8    eval    53   this Q    0.001986   best Q    0.001972   755.1 min
  restart   8/8    eval    54   this Q    0.001989   best Q    0.001972   755.3 min
  restart   8/8    eval    55   this Q    0.001978   best Q    0.001972   755.4 min
  restart   8/8    eval    56   this Q    0.002041   best Q    0.001972   755.6 min
  restart   8/8    eval    57   this Q    0.001966   best Q    0.001966   755.7 min
  restart   8/8    eval    58   this Q    0.001966   best Q    0.001966   755.9 min
  restart   8/8    eval    59   this Q    0.001969   best Q    0.001966   756.1 min
  restart   8/8    eval    60   this Q    0.001967   best Q    0.001966   756.2 min
  restart   8/8    eval    61   this Q    0.001974   best Q    0.001966   756.4 min
  restart   8/8    eval    62   this Q    0.001964   best Q    0.001964   756.6 min
  restart   8/8    eval    63   this Q    0.001965   best Q    0.001964   756.7 min
  restart   8/8    eval    64   this Q    0.001964   best Q    0.001964   756.9 min
  restart   8/8    eval    65   this Q    0.001964   best Q    0.001964   757.1 min
  restart   8/8    eval    66   this Q    0.001968   best Q    0.001964   757.2 min
  restart   8/8    eval    67   this Q    0.001966   best Q    0.001964   757.4 min
  restart   8/8    eval    68   this Q    0.001971   best Q    0.001964   757.5 min
  restart   8/8    eval    69   this Q    0.001965   best Q    0.001964   757.7 min
  restart   8/8    eval    70   this Q    0.001965   best Q    0.001964   757.9 min
  restart   8/8    eval    71   this Q    0.001972   best Q    0.001964   758.0 min
  restart   8/8    eval    72   this Q    0.001964   best Q    0.001964   758.2 min
  restart   8/8    eval    73   this Q    0.001963   best Q    0.001963   758.4 min
  restart   8/8    eval    74   this Q    0.001963   best Q    0.001963   758.5 min
  restart   8/8    eval    75   this Q     0.00197   best Q    0.001963   758.7 min
  restart   8/8    eval    76   this Q    0.001966   best Q    0.001963   758.9 min
  restart   8/8    eval    77   this Q    0.001962   best Q    0.001962   759.0 min
  restart   8/8    eval    78   this Q    0.001967   best Q    0.001962   759.2 min
  restart   8/8    eval    79   this Q    0.001962   best Q    0.001962   759.4 min
  restart   8/8    eval    80   this Q    0.001967   best Q    0.001962   759.5 min
  restart   8/8    eval    81   this Q    0.001962   best Q    0.001962   759.7 min
  restart   8/8    eval    82   this Q    0.001963   best Q    0.001962   759.8 min
  restart   8/8    eval    83   this Q    0.001963   best Q    0.001962   760.0 min
  restart   8/8    eval    84   this Q    0.001962   best Q    0.001962   760.2 min
  restart   8/8    eval    85   this Q    0.001963   best Q    0.001962   760.3 min
  restart   8/8    eval    86   this Q    0.001962   best Q    0.001962   760.5 min
  restart   8/8    eval    87   this Q    0.001962   best Q    0.001962   760.7 min
  restart   8/8    eval    88   this Q    0.001962   best Q    0.001962   760.8 min
  restart   8/8    eval    89   this Q    0.001963   best Q    0.001962   761.0 min
  restart   8/8    eval    90   this Q    0.001962   best Q    0.001962   761.2 min
  restart   8/8    eval    91   this Q    0.001962   best Q    0.001962   761.3 min
  restart   8/8    eval    92   this Q    0.001963   best Q    0.001962   761.5 min
  restart   8/8    eval    93   this Q    0.001962   best Q    0.001962   761.7 min
  restart   8/8    eval    94   this Q    0.001962   best Q    0.001962   761.8 min
  restart   8/8    eval    95   this Q    0.001963   best Q    0.001962   762.0 min
  restart   8/8    eval    96   this Q    0.001962   best Q    0.001962   762.1 min
  restart   8/8    eval    97   this Q    0.001962   best Q    0.001962   762.3 min
  restart   8/8    eval    98   this Q    0.001963   best Q    0.001962   762.5 min
  restart   8/8    eval    99   this Q    0.001963   best Q    0.001962   762.6 min
  restart   8/8    eval   100   this Q    0.001962   best Q    0.001962   762.8 min
  restart   8/8    eval   101   this Q    0.001962   best Q    0.001962   763.0 min
  restart   8/8    eval   102   this Q    0.001963   best Q    0.001962   763.2 min
  restart   8/8    eval   103   this Q    0.001963   best Q    0.001962   763.3 min
  restart   8/8    eval   104   this Q    0.001964   best Q    0.001962   763.5 min
  restart   8/8    eval   105   this Q    0.001963   best Q    0.001962   763.7 min
  restart   8/8    eval   106   this Q    0.001962   best Q    0.001962   763.8 min
  restart   8/8    eval   107   this Q    0.001962   best Q    0.001962   764.0 min
  restart   8/8    eval   108   this Q    0.001964   best Q    0.001962   764.2 min
  restart   8/8    eval   109   this Q    0.001962   best Q    0.001962   764.3 min
  restart   8/8    eval   110   this Q    0.001963   best Q    0.001962   764.5 min
  restart   8/8    eval   111   this Q    0.001962   best Q    0.001962   764.7 min
  restart   8/8    eval   112   this Q    0.001962   best Q    0.001962   764.8 min
  restart   8/8    eval   113   this Q    0.001963   best Q    0.001962   765.0 min
  restart   8/8    eval   114   this Q    0.001962   best Q    0.001962   765.2 min
  restart   8/8    eval   115   this Q    0.001962   best Q    0.001962   765.3 min
  restart   8/8    eval   116   this Q    0.001962   best Q    0.001962   765.5 min
  restart   8/8    eval   117   this Q    0.001962   best Q    0.001962   765.7 min
  restart   8/8    eval   118   this Q    0.001962   best Q    0.001962   765.8 min
  restart   8/8    eval   119   this Q    0.001962   best Q    0.001962   766.0 min
  restart   8/8    eval   120   this Q    0.001962   best Q    0.001962   766.2 min
  restart   8/8    eval   121   this Q    0.001962   best Q    0.001962   766.3 min
  restart   8/8    eval   122   this Q    0.001962   best Q    0.001962   766.5 min
  restart   8/8    eval   123   this Q    0.001962   best Q    0.001962   766.7 min
  restart   8/8    eval   124   this Q    0.001962   best Q    0.001962   766.8 min
  restart   8/8    eval   125   this Q    0.001962   best Q    0.001962   767.0 min
  restart   8/8    eval   126   this Q    0.001962   best Q    0.001962   767.2 min
  restart   8/8    eval   127   this Q    0.001962   best Q    0.001962   767.3 min
  restart   8/8    eval   128   this Q    0.001962   best Q    0.001962   767.5 min
  restart   8/8    eval   129   this Q    0.001962   best Q    0.001962   767.7 min
  restart   8/8    eval   130   this Q    0.001962   best Q    0.001962   767.8 min
  restart   8/8    eval   131   this Q    0.001962   best Q    0.001962   768.0 min
  restart   8/8    eval   132   this Q    0.001962   best Q    0.001962   768.2 min
  restart   8/8    eval   133   this Q    0.001962   best Q    0.001962   768.3 min
  restart   8/8    eval   134   this Q    0.001962   best Q    0.001962   768.5 min
  restart   8/8    eval   135   this Q    0.001962   best Q    0.001962   768.7 min
  restart   8/8    eval   136   this Q    0.001962   best Q    0.001962   768.8 min
  restart   8/8    eval   137   this Q    0.001962   best Q    0.001962   769.0 min
  restart   8/8    eval   138   this Q    0.001962   best Q    0.001962   769.2 min
  restart   8/8    eval   139   this Q    0.001962   best Q    0.001962   769.3 min
  restart   8/8    eval   140   this Q    0.001962   best Q    0.001962   769.5 min
  restart   8/8    eval   141   this Q    0.001962   best Q    0.001962   769.7 min
  restart   8/8    eval   142   this Q    0.001962   best Q    0.001962   769.8 min
  restart   8/8    eval   143   this Q    0.001962   best Q    0.001962   770.0 min
  restart   8/8    eval   144   this Q    0.001962   best Q    0.001962   770.2 min
  restart   8/8    eval   145   this Q    0.001962   best Q    0.001962   770.3 min
  restart   8/8    eval   146   this Q    0.001962   best Q    0.001962   770.5 min
  restart   8/8    eval   147   this Q    0.001962   best Q    0.001962   770.7 min
  restart   8/8    eval   148   this Q    0.001962   best Q    0.001962   770.8 min
  restart   8/8    eval   149   this Q    0.001962   best Q    0.001962   771.0 min
  restart   8/8    eval   150   this Q    0.001962   best Q    0.001962   771.2 min
  restart   8/8    eval   151   this Q    0.001962   best Q    0.001962   771.3 min
  restart   8/8    eval   152   this Q    0.001962   best Q    0.001962   771.5 min
  restart   8/8    eval   153   this Q    0.001962   best Q    0.001962   771.6 min
  restart   8/8    eval   154   this Q    0.001962   best Q    0.001962   771.8 min
  restart   8/8    eval   155   this Q    0.001962   best Q    0.001962   772.0 min
  restart   8/8    eval   156   this Q    0.001962   best Q    0.001962   772.1 min
  restart   8/8    eval   157   this Q    0.001962   best Q    0.001962   772.3 min
  restart   8/8    eval   158   this Q    0.001962   best Q    0.001962   772.5 min
  restart   8/8    eval   159   this Q    0.001962   best Q    0.001962   772.6 min
  restart   8/8    eval   160   this Q    0.001962   best Q    0.001962   772.8 min
  restart   8/8    eval   161   this Q    0.001962   best Q    0.001962   773.0 min
  restart   8/8    eval   162   this Q    0.001962   best Q    0.001962   773.1 min
  restart   8/8    eval   163   this Q    0.001962   best Q    0.001962   773.3 min
  restart   8/8    eval   164   this Q    0.001962   best Q    0.001962   773.5 min
  restart   8/8    eval   165   this Q    0.001962   best Q    0.001962   773.6 min
  restart   8/8    eval   166   this Q    0.001962   best Q    0.001962   773.8 min
  restart   8/8    eval   167   this Q    0.001962   best Q    0.001962   774.0 min
  restart   8/8    eval   168   this Q    0.001962   best Q    0.001962   774.1 min
  restart   8/8    eval   169   this Q    0.001962   best Q    0.001962   774.3 min
  restart   8/8    eval   170   this Q    0.001962   best Q    0.001962   774.5 min
  restart   8/8    eval   171   this Q    0.001962   best Q    0.001962   774.6 min
  restart   8/8    eval   172   this Q    0.001962   best Q    0.001962   774.8 min
  restart   8/8    eval   173   this Q    0.001962   best Q    0.001962   775.0 min
  restart   8/8    eval   174   this Q    0.001962   best Q    0.001962   775.1 min
  restart   8/8    eval   175   this Q    0.001962   best Q    0.001962   775.3 min
  restart   8/8    eval   176   this Q    0.001962   best Q    0.001962   775.4 min
  restart   8/8    eval   177   this Q    0.001962   best Q    0.001962   775.6 min
  restart   8/8    eval   178   this Q    0.001962   best Q    0.001962   775.8 min
  restart   8/8    eval   179   this Q    0.001962   best Q    0.001962   775.9 min
  restart   8/8    eval   180   this Q    0.001962   best Q    0.001962   776.1 min
  restart   8/8    eval   181   this Q    0.001962   best Q    0.001962   776.3 min
  restart   8/8    eval   182   this Q    0.001962   best Q    0.001962   776.4 min
  restart   8/8    eval   183   this Q    0.001962   best Q    0.001962   776.6 min
  restart   8/8    eval   184   this Q    0.001962   best Q    0.001962   776.8 min
  restart   8/8    eval   185   this Q    0.001962   best Q    0.001962   776.9 min
  restart   8/8    eval   186   this Q    0.001962   best Q    0.001962   777.1 min
  restart   8/8    eval   187   this Q    0.001962   best Q    0.001962   777.2 min
  restart   8/8    eval   188   this Q    0.001962   best Q    0.001962   777.4 min
  restart   8/8    eval   189   this Q    0.001962   best Q    0.001962   777.6 min
  restart   8/8    eval   190   this Q    0.001962   best Q    0.001962   777.7 min
  restart   8/8    eval   191   this Q    0.001962   best Q    0.001962   777.9 min
  restart   8/8    eval   192   this Q    0.001962   best Q    0.001962   778.1 min
  restart   8/8    eval   193   this Q    0.001962   best Q    0.001962   778.2 min
  restart   8/8    eval   194   this Q    0.001962   best Q    0.001962   778.4 min
  restart   8/8    eval   195   this Q    0.001962   best Q    0.001962   778.6 min
  restart   8/8    eval   196   this Q    0.001962   best Q    0.001962   778.7 min
  restart   8/8    eval   197   this Q    0.001962   best Q    0.001962   778.9 min
  restart   8/8    eval   198   this Q    0.001962   best Q    0.001962   779.0 min
  restart   8/8    eval   199   this Q    0.001962   best Q    0.001962   779.2 min
  restart   8/8    eval   200   this Q    0.001962   best Q    0.001962   779.4 min
  restart   8/8    eval   201   this Q    0.001962   best Q    0.001962   779.5 min
  restart   8/8    eval   202   this Q    0.001962   best Q    0.001962   779.7 min
  restart   8/8    eval   203   this Q    0.001962   best Q    0.001962   779.9 min
  restart   8/8    eval   204   this Q    0.001962   best Q    0.001962   780.0 min
  restart   8/8    eval   205   this Q    0.001962   best Q    0.001962   780.2 min
  restart   8/8    eval   206   this Q    0.001962   best Q    0.001962   780.4 min
  restart   8/8    eval   207   this Q    0.001962   best Q    0.001962   780.5 min
  restart   8/8    eval   208   this Q    0.001962   best Q    0.001962   780.7 min
  restart   8/8    eval   209   this Q    0.001962   best Q    0.001962   780.9 min
  restart   8/8    eval   210   this Q    0.001962   best Q    0.001962   781.0 min
  restart   8/8    eval   211   this Q    0.001962   best Q    0.001962   781.2 min
  restart   8/8    eval   212   this Q    0.001962   best Q    0.001962   781.3 min
  restart   8/8    eval   213   this Q    0.001962   best Q    0.001962   781.5 min
  restart   8/8    eval   214   this Q    0.001962   best Q    0.001962   781.7 min
  restart   8/8    eval   215   this Q    0.001962   best Q    0.001962   781.8 min
  restart   8/8    eval   216   this Q    0.001962   best Q    0.001962   782.0 min
  restart   8/8    eval   217   this Q    0.001962   best Q    0.001962   782.2 min
  restart   8/8    eval   218   this Q    0.001962   best Q    0.001962   782.3 min
  restart   8/8    eval   219   this Q    0.001962   best Q    0.001962   782.5 min
  restart   8/8    eval   220   this Q    0.001962   best Q    0.001962   782.7 min
  restart   8/8    eval   221   this Q    0.001962   best Q    0.001962   782.8 min
  restart   8/8    eval   222   this Q    0.001962   best Q    0.001962   783.0 min
  restart   8/8    eval   223   this Q    0.001962   best Q    0.001962   783.1 min
  restart   8/8    eval   224   this Q    0.001962   best Q    0.001962   783.3 min
  restart   8/8    eval   225   this Q    0.001962   best Q    0.001962   783.5 min
  restart   8/8    eval   226   this Q    0.001962   best Q    0.001962   783.6 min
  restart   8/8    eval   227   this Q    0.001962   best Q    0.001962   783.8 min
  restart   8/8    eval   228   this Q    0.001962   best Q    0.001962   784.0 min
  restart   8/8    eval   229   this Q    0.001962   best Q    0.001962   784.1 min
  restart   8/8    eval   230   this Q    0.001962   best Q    0.001962   784.3 min
  restart   8/8    eval   231   this Q    0.001962   best Q    0.001962   784.4 min
  restart   8/8    eval   232   this Q    0.001962   best Q    0.001962   784.6 min
  restart   8/8    eval   233   this Q    0.001962   best Q    0.001962   784.8 min
  restart   8/8    eval   234   this Q    0.001962   best Q    0.001962   784.9 min
  restart   8/8    eval   235   this Q    0.001962   best Q    0.001962   785.1 min
  restart   8/8    eval   236   this Q    0.001962   best Q    0.001962   785.3 min
  restart   8/8    eval   237   this Q    0.001962   best Q    0.001962   785.4 min
  restart   8/8    eval   238   this Q    0.001962   best Q    0.001962   785.6 min
  restart   8/8    eval   239   this Q    0.001962   best Q    0.001962   785.8 min
  restart   8/8    eval   240   this Q    0.001962   best Q    0.001962   785.9 min
  restart   8/8    eval   241   this Q    0.001962   best Q    0.001962   786.1 min
  restart   8/8    eval   242   this Q    0.001962   best Q    0.001962   786.2 min
  restart   8/8    eval   243   this Q    0.001962   best Q    0.001962   786.4 min
  restart   8/8    eval   244   this Q    0.001962   best Q    0.001962   786.6 min
  restart   8/8    eval   245   this Q    0.001962   best Q    0.001962   786.7 min
  restart   8/8    eval   246   this Q    0.001962   best Q    0.001962   786.9 min
  restart   8/8    eval   247   this Q    0.001962   best Q    0.001962   787.1 min
  restart   8/8    eval   248   this Q    0.001962   best Q    0.001962   787.2 min
  restart   8/8    eval   249   this Q    0.001962   best Q    0.001962   787.4 min
  restart   8/8    eval   250   this Q    0.001962   best Q    0.001962   787.6 min
  restart   8/8    eval   251   this Q    0.001962   best Q    0.001962   787.7 min
  restart   8/8    eval   252   this Q    0.001962   best Q    0.001962   787.9 min
  restart   8/8    eval   253   this Q    0.001962   best Q    0.001962   788.1 min
  restart   8/8    eval   254   this Q    0.001962   best Q    0.001962   788.2 min
  restart   8/8    eval   255   this Q    0.001962   best Q    0.001962   788.4 min
  restart   8/8    eval   256   this Q    0.001962   best Q    0.001962   788.6 min
  restart   8/8    eval   257   this Q    0.001962   best Q    0.001962   788.7 min
  restart   8/8    eval   258   this Q    0.001962   best Q    0.001962   788.9 min
  restart   8/8    eval   259   this Q    0.001962   best Q    0.001962   789.1 min
  restart   8/8    eval   260   this Q    0.001962   best Q    0.001962   789.2 min
  restart   8/8    eval   261   this Q    0.001962   best Q    0.001962   789.4 min
  restart   8/8    eval   262   this Q    0.001962   best Q    0.001962   789.6 min
  restart   8/8    eval   263   this Q    0.001962   best Q    0.001962   789.7 min
  restart   8/8    eval   264   this Q    0.001962   best Q    0.001962   789.9 min
  restart   8/8    eval   265   this Q    0.001962   best Q    0.001962   790.1 min
  restart   8/8    eval   266   this Q    0.001962   best Q    0.001962   790.3 min
  restart   8/8    eval   267   this Q    0.001962   best Q    0.001962   790.4 min
  restart   8/8    eval   268   this Q    0.001962   best Q    0.001962   790.6 min
  restart   8/8    eval   269   this Q    0.001962   best Q    0.001962   790.8 min
  restart   8/8    eval   270   this Q    0.001962   best Q    0.001962   791.0 min
  restart   8/8    eval   271   this Q    0.001962   best Q    0.001962   791.1 min
  restart   8/8    eval   272   this Q    0.001962   best Q    0.001962   791.3 min
  restart   8/8    eval   273   this Q    0.001962   best Q    0.001962   791.5 min
  restart   8/8    eval   274   this Q    0.001962   best Q    0.001962   791.7 min
  restart   8/8    eval   275   this Q    0.001962   best Q    0.001962   791.8 min
  restart   8/8    eval   276   this Q    0.001962   best Q    0.001962   792.0 min
  restart   8/8    eval   277   this Q    0.001962   best Q    0.001962   792.2 min
  restart   8/8    eval   278   this Q    0.001962   best Q    0.001962   792.4 min
  restart   8/8    eval   279   this Q    0.001962   best Q    0.001962   792.5 min
  restart   8/8    eval   280   this Q    0.001962   best Q    0.001962   792.7 min
  restart   8/8    eval   281   this Q    0.001962   best Q    0.001962   792.9 min
  restart   8/8    eval   282   this Q    0.001962   best Q    0.001962   793.1 min
  restart   8/8    eval   283   this Q    0.001962   best Q    0.001962   793.2 min

============================================================================
Finished in 793.2 min -- 8695 evaluations
============================================================================
Q: sobol-best 0.00766852  ->  pre-polish 0.00197362  ->  final 0.0019618
incumbent Q was 0.00766852  (improvement 74.4%)

how the local searches ended
  FTOL_REACHED               8   (converged)
                             8 converged / 0 hit a budget / 0 other
polish: ret FTOL_REACHED (converged), 283 evaluations, improved the incumbent

search ran at the full grid -- no refinement stage needed

penalised evaluations: 289 of 8695 (3.3%)
  AssertionError              191
  infeasible_sigma_2           74
  ErrorException               24
(a penalised draw is a parameter vector the model cannot be solved at --
 scored 1e6 rather than crashed on. A high rate means the SEARCH BOX is
 too wide, not that the model is wrong.)

============================================================================
Estimated calibration
============================================================================

Parameters
--------------------------------------------------------------
  phi_2            0.1885   (was 0.1781)
  phi_3            1.4241   (was 1.1028)
  lambda_2        54.1330   (was 20.0000)
  R_0             43.7206   (was 48.6115)
  sigma_1_0       -1.2461   (was -0.6854)
  sigma_1_1       -0.1555   (was -0.1306)
  sigma_2_0       -4.2743   (was -3.6962)
  sigma_2_1       -0.1500   (was -0.1206)
  sigma_4_0       -3.9627   (was -3.2324)

Targeted moments
----------------------------------------------------------------------------
  moment          model       data     gap %   source
  mean_c_p       3.2361     3.1155      3.9%   cons_exhous_real_w99
  mean_h_p       0.3018     0.3073     -1.8%   (wh_mom + wh_dad)/2 / 112
  mean_t_p_early     0.4575     0.4544      0.7%   par_time_tot / 112, child ages 1-9
  mean_t_p_late     0.3334     0.3333      0.0%   par_time_tot / 112, child ages 10-17
  mean_e_p_early     0.3424     0.3429     -0.2%   m_method2_final_w99, child ages 1-9
  mean_e_p_late     0.3920     0.3911      0.2%   m_method2_final_w99, child ages 10-17
  mean_i_c_early     0.3678     0.3649      0.8%   c_time_hrs / 112 (school + own study), child ages 6-9
  mean_i_c_late     0.3857     0.3872     -0.4%   c_time_hrs / 112 (school + own study), child ages 10-17
  mean_hc_early     6.0711     6.0737     -0.3%   x_gach (log PCA composite), child ages 3-9
  mean_hc_late     6.2494     6.2508     -0.1%   x_gach (log PCA composite), child ages 10-17
  Q                                  0.0020    (gap % is in LEVELS for log moments)

  c_p           32361 USD/yr  vs data 31155
  h_p            33.8 hrs/wk  vs data 34.4
  t_p  1-9       51.2 hrs/wk  vs data 50.9
  t_p 10-17      37.3 hrs/wk  vs data 37.3
  e_p  1-9       3424 USD/yr  vs data 3429
  e_p 10-17      3920 USD/yr  vs data 3911

  t_p late/early  model 0.73x  vs data 0.73x
  e_p late/early  model 1.15x  vs data 1.14x
  l_p (residual)  model 33.5 hrs/wk  vs 33.1 implied by the h_p/t_p targets
                  (measured leisure is 59.2 hrs/wk -- par_time_tot overlaps it)

Untargeted -- does the fit stay believable?
--------------------------------------------------------------
  after-tax income        4.5753  (45753 USD/yr)
  implied saving rate       30.4%
  terminal assets        36.8466  (368466 USD)
  leisure l_p             0.2991  (33.5 hrs/wk)
  invalid sim cells            0
  assets above a_max=100  max 91.4  (households: 0 ever (0.00%), 0 at t=1, 0 at handoff)
  HC in [50, 1500]      range 297.7 - 530.9  (households: 0 ever above, 0 ever below, 0 above at handoff)
  every simulated state is inside both grids

!! PARAMETERS NEAR A SEARCH BOUND -- boundary review required:
  sigma_2_1  =    -0.1500  near its LOWER bound [-0.150, 0.050]  (0.0% into the box)
This proximity flag is separate from the optimizer stopping status. Check a
boundary profile and numerical sensitivity before promoting the result; proximity
alone does not prove that the box is too narrow or the target is unattainable.

acceptance -- about the RETAINED WINNER, not about the other restarts
  winner came from        polish
  its own return code     FTOL_REACHED  (converged)  yes
  refinement              skipped (ret NOT_RUN, 0 evals)  yes
  no objective exceptions yes  (0)
  final sim in domain     yes  (0 invalid cells)
  no parameter on a bound NO   (sigma_2_1)
  objective finite        yes  (Q = 0.0019618)
  (for context: 8 of 8 restarts converged, 0 hit a budget, 0 other)
  NOT ACCEPTED -- do not quote this point. Fix the failing condition above first;
  a finite Q is not a certification, and neither is another restart's convergence.

wrote output/smm_runs/2026-09-08_100413/run_record.toml
wrote output/smm_runs/2026-09-08_100413/restarts.csv
wrote output/smm_runs/2026-09-08_100413/estimates.toml
wrote output/smm_runs/2026-09-08_100413/run.log
