
============================================================================
SMM: 16 parameters (11 parent + 5 child) against 17 moments (10 parent + 7 TAS)
============================================================================
started    2026-09-11 18:28:37
host       haflinger.ceu.edu
machine    112 cores, 503 GB RAM, load average 2.4
workers    20 of 112 cores (18%) -- capped by shared-server budget
budget     1000 Sobol points, 3 restarts (<= 1200 evals each, polish 500)
init-from  output/smm_runs/2026-09-11_142509_exp16/init_next_M.toml
grids      Na=Nhc=30 for both the search and the report
writing to output/smm_runs/2026-09-11_182836_exp16b
           (also reachable as output/smm_runs/latest -- tail that, no timestamp needed)
7.7s
running on 21 process(es): 1 master + 20 worker(s), 1 BLAS thread each
11.8s
27.6s (all processes at once)

============================================================================
Targets  (output/smm_runs/2026-09-11_182836_exp16b/targets.toml)
============================================================================
17 moments, 16 parameters -- OVER-identified, Q cannot reach 0 and weights matter
parameters: phi_2, phi_3, lambda_2, R_0, sigma_1_0, sigma_1_1, sigma_2_0, sigma_2_1, sigma_4_0, sigma_4_1, kappa_0, kappa_theta, kappa_ParEd, kappa_terminal, sigma_eta, sigma_eps
moment           mean         sd        N   source
mean_c_p       3.1155     1.6993     6742   cons_exhous_real_w99
mean_h_p       0.3073     0.0999    15665   (wh_mom + wh_dad)/2 / 112
mean_t_p_early     0.4544     0.1656      475   par_time_tot / 112, child ages 1-9
mean_t_p_late     0.3333     0.1669      590   par_time_tot / 112, child ages 10-17
mean_e_p_early     0.3429     0.4794     8178   m_method2_final_w99, child ages 1-9
mean_e_p_late     0.3911     0.6638     7182   m_method2_final_w99, child ages 10-17
mean_i_c_early     0.0393     0.0358      171   study_hrs / 112 (own study only), child ages 6-9
mean_i_c_late     0.0496     0.0595      584   study_hrs / 112 (own study only), child ages 10-17
mean_hc_early     6.0737     0.1081      252   x_gach (log PCA composite), child ages 3-9
mean_hc_late     6.2589     0.0302      459   x_gach (log PCA composite), child ages 12-17
k0_complete     0.3226     0.4676     2771   y_complete | hf_complete
kth_ga17_gap     0.0312     0.0248      317   ln(g_ACH) | hf_complete, ach_age==17: completers minus non-completers
kpe_g0_c       0.2108     0.4080     1319   y_complete | hf_complete, pared_col==0
kpe_g1_c       0.6013     0.4899      913   y_complete | hf_complete, pared_col==1
kterm_x_strict_w99    33.1977    73.3467      737   pwx_strict winsorised at p99 (cut = 4,448,695 USD) | ever_strict
kse_w_gap     36.8431    92.8528      665   pwx_strict winsorised at p99 | ever_strict & hf_complete: completers minus non-completers
sd_ga17        0.0329     0.0329      317   sample SD of ln(g_ACH) | hf_complete, ach_age==17

SDs are shown but NOT targeted: the model's cross-sectional dispersion comes
from a 5-node wage shock plus initial draws and cannot reach the data's
(leisure SD is 7.4x too small). Targeting them would distort the means.

settings written to output/smm_runs/2026-09-11_182836_exp16b/run_record.toml  (status = started)
initial point
  phi_2              0.199664   (init-from)
  phi_3               1.50096   (init-from)
  lambda_2            14.5257   (init-from)
  R_0                  48.348   (init-from)
  sigma_1_0         -0.906488   (init-from)
  sigma_1_1        -0.0896559   (init-from)
  sigma_2_0          -3.72723   (init-from)
  sigma_2_1        -0.0936766   (init-from)
  sigma_4_0          -6.01985   (init-from)
  sigma_4_1          0.126248   (init-from)
  kappa_0               -0.35   (init-from)
  kappa_theta         -2.6107   (init-from)
  kappa_ParEd            -0.2   (init-from)
  kappa_terminal      9.14258   (init-from)
  sigma_eta         0.0292454   (init-from)
  sigma_eps               0.6   (init-from)
  R_1                       0   (FIXED, not estimated)
27.4s

projected runtime
  sobol stage     1001 evals / 20 workers  =   22.9 min   (parallel)
  local stage      495 evals, sequential    =  226.3 min   (cannot be parallelised)
  total                                     249.2 min

The local stage dominates because TikTak's restarts are sequential by
construction. More workers shorten the first line only -- to use a wide
machine well, raise --sobol (better seeds), not --restarts.

============================================================================
Incumbent calibration
============================================================================
Q = 313.342966

Parameters
--------------------------------------------------------------
  phi_2            0.1997   (was 0.1897)
  phi_3            1.5010   (was 1.2478)
  lambda_2        14.5257   (was 10.6722)
  R_0             48.3480   (was 50.4519)
  sigma_1_0       -0.9065   (was -0.7374)
  sigma_1_1       -0.0897   (was -0.0851)
  sigma_2_0       -3.7272   (was -3.6233)
  sigma_2_1       -0.0937   (was -0.0830)
  sigma_4_0       -6.0198   (was -5.7707)
  sigma_4_1        0.1262   (was 0.1327)
  kappa_0         -0.3500   (was 0.0587)
  kappa_theta     -2.6107   (was -0.0342)
  kappa_ParEd     -0.2000   (was -0.0070)
  kappa_terminal     9.1426   (was 5.0000)
  sigma_eta        0.0292   (was 0.0300)
  sigma_eps        0.6000   (was 0.5000)

Targeted moments -- 17 moments, 16 parameters (over-identified)
--------------------------------------------------------------------------------------------------------
  moment                     model        data     gap %         t  Q share   source
  mean_c_p                  3.0434      3.1155     -2.3%      -2.0     1.3%   cons_exhous_real_w99
  mean_h_p                  0.3068      0.3073     -0.2%      -0.2     0.0%   (wh_mom + wh_dad)/2 / 112
  mean_t_p_early            0.4426      0.4544     -2.6%      -1.6     0.8%   par_time_tot / 112, child ages 1-9
  mean_t_p_late             0.3465      0.3333      4.0%       1.9     1.2%   par_time_tot / 112, child ages 10-17
  mean_e_p_early            0.3411      0.3429     -0.5%      -0.1     0.0%   m_method2_final_w99, child ages 1-9
  mean_e_p_late             0.3960      0.3911      1.3%       0.3     0.0%   m_method2_final_w99, child ages 10-17
  mean_i_c_early            0.0395      0.0393      0.6%       0.1     0.0%   study_hrs / 112 (own study only), child ages 6-9
  mean_i_c_late             0.0508      0.0496      2.5%       0.5     0.1%   study_hrs / 112 (own study only), child ages 10-17
  mean_hc_early             6.0715      6.0737     -0.2%      -0.6     0.1%   x_gach (log PCA composite), child ages 3-9
  mean_hc_late              6.2597      6.2589      0.1%       0.6     0.1%   x_gach (log PCA composite), child ages 12-17
  ---------------------------------------- TAS block ----------------------------------------
  k0_complete               0.2730      0.3226    -15.4%      -4.3     6.0%   y_complete | hf_complete
  kth_ga17_gap              0.0143      0.0312    -54.1%      -5.4     9.2%   ln(g_ACH) | hf_complete, ach_age==17: completers minus non-completers
  kpe_g0_c                  0.0554      0.2108    -73.7%     -12.1    47.1%   y_complete | hf_complete, pared_col==0
  kpe_g1_c                  0.7701      0.6013     28.1%       9.2    26.8%   y_complete | hf_complete, pared_col==1
  kterm_x_strict_w99       25.6436     33.1977    -22.8%      -2.3     1.7%   pwx_strict winsorised at p99 (cut = 4,448,695 USD) | ever_strict
  kse_w_gap                 6.0914     36.8431    -83.5%      -4.1     5.4%   pwx_strict winsorised at p99 | ever_strict & hf_complete: completers minus non-completers
  sd_ga17                   0.0340      0.0329      3.3%       0.6     0.1%   sample SD of ln(g_ACH) | hf_complete, ach_age==17
  Q                                                                  313.3430

  Q concentration: top 3 moments carry 83.1% of Q  (kpe_g0_c 47%, kpe_g1_c 27%, kth_ga17_gap 9%)

TAS block -- college completion and terminal wealth
----------------------------------------------------------------------------
  college completion      0.2730  vs data 0.3226   (546 of 2000 simulated children)
  ability gap (log HC)  +0.0143  vs data +0.0312   (completers 6.2724 / non 6.2581; data 6.2843 / 6.2532)
  SD log HC at 17       0.0340  vs data 0.0329   (sample SD; the sigma_eta moment)
  ability tertiles      T1 0.177  T2 0.282  T3 0.360   (model, DIAGNOSTIC since 2026-09-11)
                        T1 0.113  T2 0.245  T3 0.629   (data)
  wealth gap (retained) +6.091  vs data +36.843   (10k USD, completers minus non; the sigma_eps moment)
  wealth tertiles       T1 0.030  T2 0.246  T3 0.544   (model, diagnostic)
                        T1 0.207  T2 0.357  T3 0.617   (data; completion on the wealth frame 0.394 -- data-only)
  SD log HC by age      model 3:0.040 4:0.042 5:0.043 6:0.042 7:0.038 8:0.036 9:0.034 10:0.033 11:0.034 12:0.033 13:0.033 14:0.033 15:0.033 16:0.033 17:0.034 
                        data  3:0.083 4:0.053 5:0.044 6:0.054 7:0.059 8:0.045 9:0.031 10:0.023 11:0.030 12:0.029 13:0.028 14:0.021 15:0.022 16:0.030 17:0.031   (CDS panel, data-only diagnostic)
  parental education    g0 0.055  g1 0.770   (model; 609 of 2000 are BothCollege)
                        g0 0.211  g1 0.601   (data -- EITHER-parent, see ERRORS.md P7c)
  mean transfer          17.6851  (176851 USD)
  retained assets        25.6436  (256436 USD)  vs data 331977 USD
  pre-transfer assets    43.3286  (433286 USD)  -- NOT the target; the target is post-transfer
  LIMITATION: the data is measured at a median child age of ~29, a median 4 years
  after independence; the model's object is assets at the transfer, child age 18.

  c_p           30434 USD/yr  vs data 31155
  h_p            34.4 hrs/wk  vs data 34.4
  t_p  1-9       49.6 hrs/wk  vs data 50.9
  t_p 10-17      38.8 hrs/wk  vs data 37.3
  e_p  1-9       3411 USD/yr  vs data 3429
  e_p 10-17      3960 USD/yr  vs data 3911

  t_p late/early  model 0.78x  vs data 0.73x
  e_p late/early  model 1.16x  vs data 1.14x
  l_p (residual)  model 33.1 hrs/wk  vs 33.1 implied by the h_p/t_p targets
                  (measured leisure is 59.2 hrs/wk -- par_time_tot overlaps it)

Untargeted -- does the fit stay believable?
--------------------------------------------------------------
  after-tax income        4.6736  (46736 USD/yr)
  implied saving rate       35.3%
  terminal assets        43.3286  (433286 USD)
  leisure l_p             0.2958  (33.1 hrs/wk)
  invalid sim cells            0
  assets above a_max=100  max 99.4  (households: 0 ever (0.00%), 0 at t=1, 0 at handoff)
  HC in [50, 1500]      range 297.7 - 597.5  (households: 0 ever above, 0 ever below, 0 above at handoff)
  every simulated state is inside both grids

============================================================================
TikTak search
============================================================================
  sobol        1/1001    0%   best Q       1e+06     0.4 min elapsed, ~449 min left
  sobol        3/1001    0%   best Q       1e+06     0.5 min elapsed, ~161 min left
  sobol       11/1001    1%   best Q       1e+06     0.5 min elapsed, ~48 min left
  sobol       19/1001    2%   best Q       1e+06     0.6 min elapsed, ~29 min left
  sobol       21/1001    2%   best Q       1e+06     0.6 min elapsed, ~28 min left
  sobol       22/1001    2%   best Q       1e+06     0.7 min elapsed, ~29 min left
  sobol       25/1001    2%   best Q       1e+06     0.7 min elapsed, ~27 min left
  sobol       34/1001    3%   best Q       1e+06     0.7 min elapsed, ~21 min left
  sobol       37/1001    4%   best Q       1e+06     0.8 min elapsed, ~20 min left
  sobol       41/1001    4%   best Q       1e+06     0.8 min elapsed, ~19 min left
  sobol       44/1001    4%   best Q       1e+06     0.9 min elapsed, ~19 min left
  sobol       47/1001    5%   best Q       1e+06     0.9 min elapsed, ~18 min left
  sobol       53/1001    5%   best Q   8.753e+04     0.9 min elapsed, ~17 min left
  sobol       58/1001    6%   best Q   8.753e+04     1.0 min elapsed, ~16 min left
  sobol       60/1001    6%   best Q   8.753e+04     1.0 min elapsed, ~16 min left
  sobol       65/1001    6%   best Q   8.753e+04     1.1 min elapsed, ~15 min left
  sobol       69/1001    7%   best Q   8.753e+04     1.1 min elapsed, ~15 min left
  sobol       71/1001    7%   best Q   8.753e+04     1.1 min elapsed, ~15 min left
  sobol       74/1001    7%   best Q   8.753e+04     1.2 min elapsed, ~14 min left
  sobol       79/1001    8%   best Q   8.753e+04     1.2 min elapsed, ~14 min left
  sobol       83/1001    8%   best Q   8.753e+04     1.2 min elapsed, ~14 min left
  sobol       89/1001    9%   best Q   8.753e+04     1.3 min elapsed, ~13 min left
  sobol       92/1001    9%   best Q   8.753e+04     1.3 min elapsed, ~13 min left
  sobol       95/1001    9%   best Q   8.753e+04     1.4 min elapsed, ~13 min left
  sobol       99/1001   10%   best Q   8.753e+04     1.4 min elapsed, ~13 min left
  sobol      105/1001   10%   best Q   8.753e+04     1.5 min elapsed, ~12 min left
  sobol      109/1001   11%   best Q   8.753e+04     1.5 min elapsed, ~12 min left
  sobol      115/1001   11%   best Q   8.753e+04     1.5 min elapsed, ~12 min left
  sobol      119/1001   12%   best Q   8.753e+04     1.6 min elapsed, ~12 min left
  sobol      120/1001   12%   best Q   8.753e+04     1.6 min elapsed, ~12 min left
  sobol      122/1001   12%   best Q   8.753e+04     1.6 min elapsed, ~12 min left
  sobol      129/1001   13%   best Q   5.188e+04     1.7 min elapsed, ~11 min left
  sobol      133/1001   13%   best Q   5.188e+04     1.7 min elapsed, ~11 min left
  sobol      138/1001   14%   best Q   5.188e+04     1.8 min elapsed, ~11 min left
  sobol      141/1001   14%   best Q   5.188e+04     1.8 min elapsed, ~11 min left
  sobol      147/1001   15%   best Q   5.188e+04     1.9 min elapsed, ~11 min left
  sobol      153/1001   15%   best Q   5.188e+04     1.9 min elapsed, ~11 min left
  sobol      159/1001   16%   best Q   5.188e+04     2.0 min elapsed, ~10 min left
  sobol      161/1001   16%   best Q   5.188e+04     2.0 min elapsed, ~10 min left
  sobol      164/1001   16%   best Q   5.188e+04     2.0 min elapsed, ~10 min left
  sobol      169/1001   17%   best Q   5.188e+04     2.1 min elapsed, ~10 min left
  sobol      173/1001   17%   best Q   5.188e+04     2.1 min elapsed, ~10 min left
  sobol      178/1001   18%   best Q   5.188e+04     2.2 min elapsed, ~10 min left
  sobol      181/1001   18%   best Q   5.188e+04     2.2 min elapsed, ~10 min left
  sobol      185/1001   18%   best Q   5.188e+04     2.2 min elapsed, ~10 min left
  sobol      186/1001   19%   best Q   5.188e+04     2.3 min elapsed, ~10 min left
  sobol      195/1001   19%   best Q   5.188e+04     2.3 min elapsed, ~10 min left
  sobol      200/1001   20%   best Q   5.188e+04     2.4 min elapsed, ~10 min left
  sobol      207/1001   21%   best Q   3.195e+04     2.4 min elapsed, ~9 min left
  sobol      210/1001   21%   best Q   3.195e+04     2.5 min elapsed, ~9 min left
  sobol      213/1001   21%   best Q   3.195e+04     2.5 min elapsed, ~9 min left
  sobol      217/1001   22%   best Q   3.195e+04     2.6 min elapsed, ~9 min left
  sobol      222/1001   22%   best Q   3.195e+04     2.6 min elapsed, ~9 min left
  sobol      224/1001   22%   best Q   3.195e+04     2.6 min elapsed, ~9 min left
  sobol      232/1001   23%   best Q   3.195e+04     2.7 min elapsed, ~9 min left
  sobol      236/1001   24%   best Q   3.195e+04     2.7 min elapsed, ~9 min left
  sobol      241/1001   24%   best Q   3.195e+04     2.8 min elapsed, ~9 min left
  sobol      245/1001   24%   best Q   3.195e+04     2.8 min elapsed, ~9 min left
  sobol      250/1001   25%   best Q   3.195e+04     2.9 min elapsed, ~9 min left
  sobol      255/1001   25%   best Q   3.195e+04     2.9 min elapsed, ~8 min left
  sobol      256/1001   26%   best Q   3.195e+04     2.9 min elapsed, ~9 min left
  sobol      261/1001   26%   best Q   3.195e+04     3.0 min elapsed, ~8 min left
  sobol      265/1001   26%   best Q   3.195e+04     3.0 min elapsed, ~8 min left
  sobol      272/1001   27%   best Q   3.195e+04     3.1 min elapsed, ~8 min left
  sobol      276/1001   28%   best Q   3.195e+04     3.1 min elapsed, ~8 min left
  sobol      279/1001   28%   best Q   3.195e+04     3.1 min elapsed, ~8 min left
  sobol      281/1001   28%   best Q   3.195e+04     3.2 min elapsed, ~8 min left
  sobol      287/1001   29%   best Q   3.195e+04     3.2 min elapsed, ~8 min left
  sobol      292/1001   29%   best Q   3.195e+04     3.3 min elapsed, ~8 min left
  sobol      295/1001   29%   best Q   3.195e+04     3.3 min elapsed, ~8 min left
  sobol      301/1001   30%   best Q   3.195e+04     3.3 min elapsed, ~8 min left
  sobol      303/1001   30%   best Q   3.195e+04     3.4 min elapsed, ~8 min left
  sobol      307/1001   31%   best Q   3.195e+04     3.4 min elapsed, ~8 min left
  sobol      309/1001   31%   best Q   3.195e+04     3.4 min elapsed, ~8 min left
  sobol      315/1001   31%   best Q   3.195e+04     3.5 min elapsed, ~8 min left
  sobol      317/1001   32%   best Q   3.195e+04     3.5 min elapsed, ~8 min left
  sobol      322/1001   32%   best Q   3.195e+04     3.6 min elapsed, ~8 min left
  sobol      324/1001   32%   best Q   3.195e+04     3.6 min elapsed, ~8 min left
  sobol      331/1001   33%   best Q   3.195e+04     3.6 min elapsed, ~7 min left
  sobol      336/1001   34%   best Q   3.195e+04     3.7 min elapsed, ~7 min left
  sobol      339/1001   34%   best Q   3.195e+04     3.7 min elapsed, ~7 min left
  sobol      344/1001   34%   best Q   3.195e+04     3.8 min elapsed, ~7 min left
  sobol      349/1001   35%   best Q   3.195e+04     3.8 min elapsed, ~7 min left
  sobol      354/1001   35%   best Q   3.195e+04     3.9 min elapsed, ~7 min left
  sobol      359/1001   36%   best Q   3.195e+04     3.9 min elapsed, ~7 min left
  sobol      361/1001   36%   best Q   3.195e+04     3.9 min elapsed, ~7 min left
  sobol      366/1001   37%   best Q   3.195e+04     4.0 min elapsed, ~7 min left
  sobol      368/1001   37%   best Q   3.195e+04     4.0 min elapsed, ~7 min left
  sobol      372/1001   37%   best Q   3.195e+04     4.1 min elapsed, ~7 min left
  sobol      376/1001   38%   best Q   3.195e+04     4.1 min elapsed, ~7 min left
  sobol      380/1001   38%   best Q   3.195e+04     4.1 min elapsed, ~7 min left
  sobol      384/1001   38%   best Q   3.195e+04     4.2 min elapsed, ~7 min left
  sobol      387/1001   39%   best Q   3.195e+04     4.2 min elapsed, ~7 min left
  sobol      393/1001   39%   best Q   3.195e+04     4.3 min elapsed, ~7 min left
  sobol      397/1001   40%   best Q   3.195e+04     4.3 min elapsed, ~7 min left
  sobol      405/1001   40%   best Q   3.195e+04     4.4 min elapsed, ~6 min left
  sobol      408/1001   41%   best Q   3.195e+04     4.4 min elapsed, ~6 min left
  sobol      411/1001   41%   best Q   3.195e+04     4.4 min elapsed, ~6 min left
  sobol      415/1001   41%   best Q   3.195e+04     4.5 min elapsed, ~6 min left
  sobol      422/1001   42%   best Q   3.195e+04     4.5 min elapsed, ~6 min left
  sobol      426/1001   43%   best Q   3.195e+04     4.6 min elapsed, ~6 min left
  sobol      430/1001   43%   best Q   3.195e+04     4.6 min elapsed, ~6 min left
  sobol      432/1001   43%   best Q   3.195e+04     4.7 min elapsed, ~6 min left
  sobol      437/1001   44%   best Q   3.195e+04     4.7 min elapsed, ~6 min left
  sobol      440/1001   44%   best Q   3.195e+04     4.8 min elapsed, ~6 min left
  sobol      446/1001   45%   best Q   3.195e+04     4.8 min elapsed, ~6 min left
  sobol      451/1001   45%   best Q   3.195e+04     4.8 min elapsed, ~6 min left
  sobol      452/1001   45%   best Q   3.195e+04     4.9 min elapsed, ~6 min left
  sobol      454/1001   45%   best Q   3.195e+04     4.9 min elapsed, ~6 min left
  sobol      462/1001   46%   best Q   3.195e+04     4.9 min elapsed, ~6 min left
  sobol      465/1001   46%   best Q   3.195e+04     5.0 min elapsed, ~6 min left
  sobol      469/1001   47%   best Q   3.195e+04     5.0 min elapsed, ~6 min left
  sobol      472/1001   47%   best Q   3.195e+04     5.1 min elapsed, ~6 min left
  sobol      475/1001   47%   best Q   3.195e+04     5.1 min elapsed, ~6 min left
  sobol      480/1001   48%   best Q   3.195e+04     5.1 min elapsed, ~6 min left
  sobol      487/1001   49%   best Q   3.195e+04     5.2 min elapsed, ~5 min left
  sobol      489/1001   49%   best Q    2.44e+04     5.2 min elapsed, ~5 min left
  sobol      492/1001   49%   best Q    2.44e+04     5.3 min elapsed, ~5 min left
  sobol      495/1001   49%   best Q    2.44e+04     5.3 min elapsed, ~5 min left
  sobol      500/1001   50%   best Q    2.44e+04     5.3 min elapsed, ~5 min left
  sobol      503/1001   50%   best Q    2.44e+04     5.4 min elapsed, ~5 min left
  sobol      510/1001   51%   best Q    2.44e+04     5.5 min elapsed, ~5 min left
  sobol      517/1001   52%   best Q    2.44e+04     5.5 min elapsed, ~5 min left
  sobol      519/1001   52%   best Q    2.44e+04     5.5 min elapsed, ~5 min left
  sobol      526/1001   53%   best Q    2.44e+04     5.6 min elapsed, ~5 min left
  sobol      529/1001   53%   best Q    2.44e+04     5.6 min elapsed, ~5 min left
  sobol      532/1001   53%   best Q    2.44e+04     5.7 min elapsed, ~5 min left
  sobol      536/1001   54%   best Q    2.44e+04     5.7 min elapsed, ~5 min left
  sobol      541/1001   54%   best Q    2.44e+04     5.8 min elapsed, ~5 min left
  sobol      547/1001   55%   best Q    2.44e+04     5.8 min elapsed, ~5 min left
  sobol      553/1001   55%   best Q    2.44e+04     5.9 min elapsed, ~5 min left
  sobol      557/1001   56%   best Q    2.44e+04     5.9 min elapsed, ~5 min left
  sobol      559/1001   56%   best Q    2.44e+04     5.9 min elapsed, ~5 min left
  sobol      565/1001   56%   best Q    2.44e+04     6.0 min elapsed, ~5 min left
  sobol      569/1001   57%   best Q    2.44e+04     6.0 min elapsed, ~5 min left
  sobol      571/1001   57%   best Q    2.44e+04     6.1 min elapsed, ~5 min left
  sobol      577/1001   58%   best Q    2.44e+04     6.1 min elapsed, ~4 min left
  sobol      582/1001   58%   best Q    2.44e+04     6.1 min elapsed, ~4 min left
  sobol      587/1001   59%   best Q    2.44e+04     6.2 min elapsed, ~4 min left
  sobol      591/1001   59%   best Q    2.44e+04     6.2 min elapsed, ~4 min left
  sobol      597/1001   60%   best Q    2.44e+04     6.3 min elapsed, ~4 min left
  sobol      602/1001   60%   best Q    2.44e+04     6.3 min elapsed, ~4 min left
  sobol      605/1001   60%   best Q    2.44e+04     6.4 min elapsed, ~4 min left
  sobol      608/1001   61%   best Q    2.44e+04     6.4 min elapsed, ~4 min left
  sobol      614/1001   61%   best Q    2.44e+04     6.5 min elapsed, ~4 min left
  sobol      619/1001   62%   best Q    2.44e+04     6.5 min elapsed, ~4 min left
  sobol      622/1001   62%   best Q    2.44e+04     6.5 min elapsed, ~4 min left
  sobol      625/1001   62%   best Q    2.44e+04     6.6 min elapsed, ~4 min left
  sobol      628/1001   63%   best Q    2.44e+04     6.6 min elapsed, ~4 min left
  sobol      634/1001   63%   best Q    2.44e+04     6.7 min elapsed, ~4 min left
  sobol      636/1001   64%   best Q    2.44e+04     6.7 min elapsed, ~4 min left
  sobol      643/1001   64%   best Q    2.44e+04     6.7 min elapsed, ~4 min left
  sobol      645/1001   64%   best Q    2.44e+04     6.8 min elapsed, ~4 min left
  sobol      647/1001   65%   best Q    2.44e+04     6.8 min elapsed, ~4 min left
  sobol      653/1001   65%   best Q    2.44e+04     6.8 min elapsed, ~4 min left
  sobol      657/1001   66%   best Q    2.44e+04     6.9 min elapsed, ~4 min left
  sobol      663/1001   66%   best Q    2.44e+04     6.9 min elapsed, ~4 min left
  sobol      666/1001   67%   best Q    2.44e+04     7.0 min elapsed, ~4 min left
  sobol      667/1001   67%   best Q    2.44e+04     7.0 min elapsed, ~4 min left
  sobol      674/1001   67%   best Q    2.44e+04     7.0 min elapsed, ~3 min left
  sobol      678/1001   68%   best Q    2.44e+04     7.1 min elapsed, ~3 min left
  sobol      684/1001   68%   best Q    2.44e+04     7.1 min elapsed, ~3 min left
  sobol      688/1001   69%   best Q    2.44e+04     7.2 min elapsed, ~3 min left
  sobol      691/1001   69%   best Q    2.44e+04     7.2 min elapsed, ~3 min left
  sobol      696/1001   70%   best Q    2.44e+04     7.3 min elapsed, ~3 min left
  sobol      702/1001   70%   best Q    2.44e+04     7.3 min elapsed, ~3 min left
  sobol      704/1001   70%   best Q    2.44e+04     7.4 min elapsed, ~3 min left
  sobol      709/1001   71%   best Q    2.44e+04     7.4 min elapsed, ~3 min left
  sobol      713/1001   71%   best Q    2.44e+04     7.4 min elapsed, ~3 min left
  sobol      718/1001   72%   best Q    2.44e+04     7.5 min elapsed, ~3 min left
  sobol      721/1001   72%   best Q    2.44e+04     7.5 min elapsed, ~3 min left
  sobol      726/1001   73%   best Q    2.44e+04     7.6 min elapsed, ~3 min left
  sobol      731/1001   73%   best Q    2.44e+04     7.6 min elapsed, ~3 min left
  sobol      736/1001   74%   best Q    2.44e+04     7.7 min elapsed, ~3 min left
  sobol      741/1001   74%   best Q    2.44e+04     7.7 min elapsed, ~3 min left
  sobol      747/1001   75%   best Q    2.44e+04     7.8 min elapsed, ~3 min left
  sobol      751/1001   75%   best Q    2.44e+04     7.8 min elapsed, ~3 min left
  sobol      756/1001   76%   best Q    2.44e+04     7.8 min elapsed, ~3 min left
  sobol      760/1001   76%   best Q    2.44e+04     7.9 min elapsed, ~3 min left
  sobol      763/1001   76%   best Q    2.44e+04     7.9 min elapsed, ~2 min left
  sobol      769/1001   77%   best Q    2.44e+04     8.0 min elapsed, ~2 min left
  sobol      775/1001   77%   best Q    2.44e+04     8.0 min elapsed, ~2 min left
  sobol      779/1001   78%   best Q    2.44e+04     8.1 min elapsed, ~2 min left
  sobol      783/1001   78%   best Q    2.44e+04     8.1 min elapsed, ~2 min left
  sobol      785/1001   78%   best Q    2.44e+04     8.2 min elapsed, ~2 min left
  sobol      789/1001   79%   best Q    2.44e+04     8.2 min elapsed, ~2 min left
  sobol      794/1001   79%   best Q    2.44e+04     8.2 min elapsed, ~2 min left
  sobol      796/1001   80%   best Q    2.44e+04     8.3 min elapsed, ~2 min left
  sobol      801/1001   80%   best Q    2.44e+04     8.3 min elapsed, ~2 min left
  sobol      810/1001   81%   best Q    2.44e+04     8.4 min elapsed, ~2 min left
  sobol      812/1001   81%   best Q    2.44e+04     8.4 min elapsed, ~2 min left
  sobol      817/1001   82%   best Q    2.44e+04     8.5 min elapsed, ~2 min left
  sobol      821/1001   82%   best Q    2.44e+04     8.5 min elapsed, ~2 min left
  sobol      827/1001   83%   best Q    2.44e+04     8.5 min elapsed, ~2 min left
  sobol      830/1001   83%   best Q    2.44e+04     8.6 min elapsed, ~2 min left
  sobol      833/1001   83%   best Q    2.44e+04     8.6 min elapsed, ~2 min left
  sobol      840/1001   84%   best Q    2.44e+04     8.7 min elapsed, ~2 min left
  sobol      844/1001   84%   best Q    2.44e+04     8.7 min elapsed, ~2 min left
  sobol      846/1001   85%   best Q    2.44e+04     8.7 min elapsed, ~2 min left
  sobol      851/1001   85%   best Q    2.44e+04     8.8 min elapsed, ~2 min left
  sobol      854/1001   85%   best Q    2.44e+04     8.8 min elapsed, ~2 min left
  sobol      858/1001   86%   best Q    2.44e+04     8.8 min elapsed, ~1 min left
  sobol      864/1001   86%   best Q    2.44e+04     8.9 min elapsed, ~1 min left
  sobol      867/1001   87%   best Q    2.44e+04     8.9 min elapsed, ~1 min left
  sobol      871/1001   87%   best Q    2.44e+04     9.0 min elapsed, ~1 min left
  sobol      875/1001   87%   best Q    2.44e+04     9.0 min elapsed, ~1 min left
  sobol      881/1001   88%   best Q    2.44e+04     9.1 min elapsed, ~1 min left
  sobol      886/1001   89%   best Q    2.44e+04     9.1 min elapsed, ~1 min left
  sobol      892/1001   89%   best Q    2.44e+04     9.2 min elapsed, ~1 min left
  sobol      896/1001   90%   best Q    2.44e+04     9.2 min elapsed, ~1 min left
  sobol      900/1001   90%   best Q    2.44e+04     9.3 min elapsed, ~1 min left
  sobol      902/1001   90%   best Q    2.44e+04     9.3 min elapsed, ~1 min left
  sobol      907/1001   91%   best Q    2.44e+04     9.3 min elapsed, ~1 min left
  sobol      913/1001   91%   best Q    2.44e+04     9.4 min elapsed, ~1 min left
  sobol      920/1001   92%   best Q    2.44e+04     9.5 min elapsed, ~1 min left
  sobol      922/1001   92%   best Q    2.44e+04     9.5 min elapsed, ~1 min left
  sobol      924/1001   92%   best Q    2.44e+04     9.5 min elapsed, ~1 min left
  sobol      931/1001   93%   best Q    2.44e+04     9.6 min elapsed, ~1 min left
  sobol      934/1001   93%   best Q    2.44e+04     9.6 min elapsed, ~1 min left
  sobol      939/1001   94%   best Q    2.44e+04     9.7 min elapsed, ~1 min left
  sobol      943/1001   94%   best Q    2.44e+04     9.7 min elapsed, ~1 min left
  sobol      947/1001   95%   best Q    2.44e+04     9.8 min elapsed, ~1 min left
  sobol      952/1001   95%   best Q    2.44e+04     9.8 min elapsed, ~1 min left
  sobol      957/1001   96%   best Q    2.44e+04     9.8 min elapsed, ~0 min left
  sobol      961/1001   96%   best Q    2.44e+04     9.9 min elapsed, ~0 min left
  sobol      965/1001   96%   best Q    2.44e+04     9.9 min elapsed, ~0 min left
  sobol      971/1001   97%   best Q    2.44e+04    10.0 min elapsed, ~0 min left
  sobol      976/1001   98%   best Q    2.44e+04    10.0 min elapsed, ~0 min left
  sobol      980/1001   98%   best Q    2.44e+04    10.1 min elapsed, ~0 min left
  sobol      985/1001   98%   best Q    2.44e+04    10.1 min elapsed, ~0 min left
  sobol      989/1001   99%   best Q    2.44e+04    10.1 min elapsed, ~0 min left
  sobol      991/1001   99%   best Q    2.44e+04    10.2 min elapsed, ~0 min left
  sobol      995/1001   99%   best Q    2.44e+04    10.2 min elapsed, ~0 min left
  sobol      999/1001  100%   best Q    2.44e+04    10.3 min elapsed, ~0 min left
  sobol     1001/1001  100%   best Q       313.3    10.3 min elapsed, ~0 min left
  sobol    complete: 1001 evaluations, best Q 313.3, 10.3 min
  restart   1/3    eval     1   this Q       313.3   best Q       313.3    10.5 min
  restart   1/3    eval     2   this Q       313.3   best Q       313.3    10.7 min
  restart   1/3    eval     3   this Q   1.663e+04   best Q       313.3    10.9 min
  restart   1/3    eval     4   this Q        8389   best Q       313.3    11.2 min
  restart   1/3    eval     5   this Q   1.692e+04   best Q       313.3    11.4 min
  restart   1/3    eval     6   this Q       1e+06   best Q       313.3    11.6 min
  restart   1/3    eval     7   this Q       1e+06   best Q       313.3    11.8 min
  restart   1/3    eval     8   this Q       1e+06   best Q       313.3    12.0 min
  restart   1/3    eval     9   this Q        5743   best Q       313.3    12.2 min
  restart   1/3    eval    10   this Q        2892   best Q       313.3    12.4 min
  restart   1/3    eval    11   this Q       1e+06   best Q       313.3    12.6 min
  restart   1/3    eval    12   this Q       347.9   best Q       313.3    12.8 min
  restart   1/3    eval    13   this Q       1e+06   best Q       313.3    13.0 min
  restart   1/3    eval    14   this Q       365.9   best Q       313.3    13.2 min
  restart   1/3    eval    15   this Q       720.7   best Q       313.3    13.4 min
  restart   1/3    eval    16   this Q        3102   best Q       313.3    13.6 min
  restart   1/3    eval    17   this Q       339.5   best Q       313.3    13.8 min
  restart   1/3    eval    18   this Q       137.9   best Q       137.9    14.0 min
  restart   1/3    eval    19   this Q       1e+06   best Q       137.9    14.2 min
  restart   1/3    eval    20   this Q       1e+06   best Q       137.9    14.5 min
  restart   1/3    eval    21   this Q       205.6   best Q       137.9    14.7 min
  restart   1/3    eval    22   this Q        3249   best Q       137.9    14.9 min
  restart   1/3    eval    23   this Q        2892   best Q       137.9    15.1 min
  restart   1/3    eval    24   this Q        5594   best Q       137.9    15.3 min
  restart   1/3    eval    25   this Q       1e+06   best Q       137.9    15.4 min
  restart   1/3    eval    26   this Q        2677   best Q       137.9    15.6 min
  restart   1/3    eval    27   this Q        3189   best Q       137.9    15.8 min
  restart   1/3    eval    28   this Q        1026   best Q       137.9    16.0 min
  restart   1/3    eval    29   this Q       598.8   best Q       137.9    16.2 min
  restart   1/3    eval    30   this Q        3956   best Q       137.9    16.4 min
  restart   1/3    eval    31   this Q       227.6   best Q       137.9    16.6 min
  restart   1/3    eval    32   this Q       1e+06   best Q       137.9    16.8 min
  restart   1/3    eval    33   this Q       213.5   best Q       137.9    17.0 min
  restart   1/3    eval    34   this Q       233.4   best Q       137.9    17.2 min
  restart   1/3    eval    35   this Q       632.3   best Q       137.9    17.4 min
  restart   1/3    eval    36   this Q       209.5   best Q       137.9    17.6 min
  restart   1/3    eval    37   this Q        9444   best Q       137.9    17.8 min
  restart   1/3    eval    38   this Q       1e+06   best Q       137.9    18.0 min
  restart   1/3    eval    39   this Q   3.936e+04   best Q       137.9    18.2 min
  restart   1/3    eval    40   this Q       1e+06   best Q       137.9    18.5 min
  restart   1/3    eval    41   this Q   1.133e+04   best Q       137.9    18.7 min
  restart   1/3    eval    42   this Q        9746   best Q       137.9    18.9 min
  restart   1/3    eval    43   this Q        2899   best Q       137.9    19.1 min
  restart   1/3    eval    44   this Q       1e+06   best Q       137.9    19.3 min
  restart   1/3    eval    45   this Q        3524   best Q       137.9    19.5 min
  restart   1/3    eval    46   this Q   1.121e+04   best Q       137.9    19.7 min
  restart   1/3    eval    47   this Q        1771   best Q       137.9    19.9 min
  restart   1/3    eval    48   this Q       914.5   best Q       137.9    20.1 min
  restart   1/3    eval    49   this Q        2933   best Q       137.9    20.4 min
  restart   1/3    eval    50   this Q        1270   best Q       137.9    20.6 min
  restart   1/3    eval    51   this Q        1076   best Q       137.9    20.8 min
  restart   1/3    eval    52   this Q        4849   best Q       137.9    21.0 min
  restart   1/3    eval    53   this Q        1471   best Q       137.9    21.2 min
  restart   1/3    eval    54   this Q        2845   best Q       137.9    21.4 min
  restart   1/3    eval    55   this Q        2830   best Q       137.9    21.6 min
  restart   1/3    eval    56   this Q        3193   best Q       137.9    21.8 min
  restart   1/3    eval    57   this Q       923.4   best Q       137.9    22.0 min
  restart   1/3    eval    58   this Q        2788   best Q       137.9    22.3 min
  restart   1/3    eval    59   this Q        1053   best Q       137.9    22.5 min
  restart   1/3    eval    60   this Q        2650   best Q       137.9    22.7 min
  restart   1/3    eval    61   this Q       990.5   best Q       137.9    22.9 min
  restart   1/3    eval    62   this Q        1322   best Q       137.9    23.1 min
  restart   1/3    eval    63   this Q        2343   best Q       137.9    23.3 min
  restart   1/3    eval    64   this Q       604.4   best Q       137.9    23.5 min
  restart   1/3    eval    65   this Q        1801   best Q       137.9    23.7 min
  restart   1/3    eval    66   this Q       454.4   best Q       137.9    24.0 min
  restart   1/3    eval    67   this Q        1460   best Q       137.9    24.2 min
  restart   1/3    eval    68   this Q       500.8   best Q       137.9    24.4 min
  restart   1/3    eval    69   this Q        1366   best Q       137.9    24.6 min
  restart   1/3    eval    70   this Q       507.5   best Q       137.9    24.8 min
  restart   1/3    eval    71   this Q       978.7   best Q       137.9    25.0 min
  restart   1/3    eval    72   this Q       428.9   best Q       137.9    25.2 min
  restart   1/3    eval    73   this Q       743.8   best Q       137.9    25.4 min
  restart   1/3    eval    74   this Q        1050   best Q       137.9    25.6 min
  restart   1/3    eval    75   this Q         367   best Q       137.9    25.8 min
  restart   1/3    eval    76   this Q       852.7   best Q       137.9    26.1 min
  restart   1/3    eval    77   this Q        3162   best Q       137.9    26.3 min
  restart   1/3    eval    78   this Q       382.4   best Q       137.9    26.5 min
  restart   1/3    eval    79   this Q       849.2   best Q       137.9    26.7 min
  restart   1/3    eval    80   this Q       337.5   best Q       137.9    26.9 min
  restart   1/3    eval    81   this Q       859.2   best Q       137.9    27.2 min
  restart   1/3    eval    82   this Q       264.5   best Q       137.9    27.4 min
  restart   1/3    eval    83   this Q       341.7   best Q       137.9    27.6 min
  restart   1/3    eval    84   this Q       591.7   best Q       137.9    27.8 min
  restart   1/3    eval    85   this Q       349.7   best Q       137.9    28.0 min
  restart   1/3    eval    86   this Q       568.6   best Q       137.9    28.2 min
  restart   1/3    eval    87   this Q       315.4   best Q       137.9    28.5 min
  restart   1/3    eval    88   this Q       525.7   best Q       137.9    28.7 min
  restart   1/3    eval    89   this Q       279.3   best Q       137.9    28.9 min
  restart   1/3    eval    90   this Q       516.3   best Q       137.9    29.1 min
  restart   1/3    eval    91   this Q       324.9   best Q       137.9    29.3 min
  restart   1/3    eval    92   this Q       577.2   best Q       137.9    29.5 min
  restart   1/3    eval    93   this Q         257   best Q       137.9    29.7 min
  restart   1/3    eval    94   this Q       589.5   best Q       137.9    29.9 min
  restart   1/3    eval    95   this Q       273.9   best Q       137.9    30.1 min
  restart   1/3    eval    96   this Q       455.8   best Q       137.9    30.4 min
  restart   1/3    eval    97   this Q       230.6   best Q       137.9    30.6 min
  restart   1/3    eval    98   this Q       436.4   best Q       137.9    30.8 min
  restart   1/3    eval    99   this Q       253.5   best Q       137.9    31.0 min
  restart   1/3    eval   100   this Q       589.4   best Q       137.9    31.2 min
  restart   1/3    eval   101   this Q       225.9   best Q       137.9    31.4 min
  restart   1/3    eval   102   this Q       586.5   best Q       137.9    31.6 min
  restart   1/3    eval   103   this Q       219.2   best Q       137.9    31.8 min
  restart   1/3    eval   104   this Q       302.7   best Q       137.9    32.0 min
  restart   1/3    eval   105   this Q       292.4   best Q       137.9    32.2 min
  restart   1/3    eval   106   this Q       211.6   best Q       137.9    32.5 min
  restart   1/3    eval   107   this Q       315.9   best Q       137.9    32.7 min
  restart   1/3    eval   108   this Q       222.2   best Q       137.9    32.9 min
  restart   1/3    eval   109   this Q       315.8   best Q       137.9    33.1 min
  restart   1/3    eval   110   this Q       218.1   best Q       137.9    33.3 min
  restart   1/3    eval   111   this Q       337.4   best Q       137.9    33.5 min
  restart   1/3    eval   112   this Q       216.2   best Q       137.9    33.7 min
  restart   1/3    eval   113   this Q       273.3   best Q       137.9    33.9 min
  restart   1/3    eval   114   this Q       157.8   best Q       137.9    34.1 min
  restart   1/3    eval   115   this Q       274.3   best Q       137.9    34.3 min
  restart   1/3    eval   116   this Q       244.6   best Q       137.9    34.5 min
  restart   1/3    eval   117   this Q       277.4   best Q       137.9    34.7 min
  restart   1/3    eval   118   this Q       211.1   best Q       137.9    35.0 min
  restart   1/3    eval   119   this Q         236   best Q       137.9    35.2 min
  restart   1/3    eval   120   this Q       203.3   best Q       137.9    35.4 min
  restart   1/3    eval   121   this Q       253.5   best Q       137.9    35.6 min
  restart   1/3    eval   122   this Q       210.3   best Q       137.9    35.9 min
  restart   1/3    eval   123   this Q       236.6   best Q       137.9    36.1 min
  restart   1/3    eval   124   this Q       166.9   best Q       137.9    36.3 min
  restart   1/3    eval   125   this Q       265.2   best Q       137.9    36.5 min
  restart   1/3    eval   126   this Q       221.2   best Q       137.9    36.7 min
  restart   1/3    eval   127   this Q       165.4   best Q       137.9    36.9 min
  restart   1/3    eval   128   this Q       211.9   best Q       137.9    37.1 min
  restart   1/3    eval   129   this Q       245.3   best Q       137.9    37.3 min
  restart   1/3    eval   130   this Q       204.2   best Q       137.9    37.5 min
  restart   1/3    eval   131   this Q       197.1   best Q       137.9    37.8 min
  restart   1/3    eval   132   this Q       227.2   best Q       137.9    38.0 min
  restart   1/3    eval   133   this Q       197.9   best Q       137.9    38.2 min
  restart   1/3    eval   134   this Q       216.6   best Q       137.9    38.4 min
  restart   1/3    eval   135   this Q       189.5   best Q       137.9    38.6 min
  restart   1/3    eval   136   this Q       226.9   best Q       137.9    38.8 min
  restart   1/3    eval   137   this Q         196   best Q       137.9    39.0 min
  restart   1/3    eval   138   this Q       123.4   best Q       123.4    39.2 min
  restart   1/3    eval   139   this Q       276.9   best Q       123.4    39.5 min
  restart   1/3    eval   140   this Q       186.3   best Q       123.4    39.7 min
  restart   1/3    eval   141   this Q         229   best Q       123.4    39.9 min
  restart   1/3    eval   142   this Q       170.8   best Q       123.4    40.1 min
  restart   1/3    eval   143   this Q       167.8   best Q       123.4    40.3 min
  restart   1/3    eval   144   this Q       170.4   best Q       123.4    40.6 min
  restart   1/3    eval   145   this Q         184   best Q       123.4    40.8 min
  restart   1/3    eval   146   this Q       137.9   best Q       123.4    41.0 min
  restart   1/3    eval   147   this Q       160.3   best Q       123.4    41.2 min
  restart   1/3    eval   148   this Q       142.8   best Q       123.4    41.4 min
  restart   1/3    eval   149   this Q         126   best Q       123.4    41.6 min
  restart   1/3    eval   150   this Q       178.1   best Q       123.4    41.8 min
  restart   1/3    eval   151   this Q       117.3   best Q       117.3    42.0 min
  restart   1/3    eval   152   this Q       118.5   best Q       117.3    42.3 min
  restart   1/3    eval   153   this Q       129.3   best Q       117.3    42.5 min
  restart   1/3    eval   154   this Q       170.7   best Q       117.3    42.7 min
  restart   1/3    eval   155   this Q       158.1   best Q       117.3    42.9 min
  restart   1/3    eval   156   this Q       179.3   best Q       117.3    43.1 min
  restart   1/3    eval   157   this Q         143   best Q       117.3    43.3 min
  restart   1/3    eval   158   this Q       105.7   best Q       105.7    43.6 min
  restart   1/3    eval   159   this Q       105.7   best Q       105.7    43.8 min
  restart   1/3    eval   160   this Q         172   best Q       105.7    44.0 min
  restart   1/3    eval   161   this Q         135   best Q       105.7    44.2 min
  restart   1/3    eval   162   this Q       116.3   best Q       105.7    44.4 min
  restart   1/3    eval   163   this Q       122.1   best Q       105.7    44.6 min
  restart   1/3    eval   164   this Q       158.5   best Q       105.7    44.9 min
  restart   1/3    eval   165   this Q       117.2   best Q       105.7    45.1 min
  restart   1/3    eval   166   this Q       126.4   best Q       105.7    45.3 min
  restart   1/3    eval   167   this Q         115   best Q       105.7    45.5 min
  restart   1/3    eval   168   this Q       131.2   best Q       105.7    45.7 min
  restart   1/3    eval   169   this Q       131.5   best Q       105.7    45.9 min
  restart   1/3    eval   170   this Q       97.65   best Q       97.65    46.1 min
  restart   1/3    eval   171   this Q       116.2   best Q       97.65    46.4 min
  restart   1/3    eval   172   this Q       105.3   best Q       97.65    46.6 min
  restart   1/3    eval   173   this Q       143.7   best Q       97.65    46.8 min
  restart   1/3    eval   174   this Q         117   best Q       97.65    47.0 min
  restart   1/3    eval   175   this Q       84.34   best Q       84.34    47.2 min
  restart   1/3    eval   176   this Q       104.9   best Q       84.34    47.5 min
  restart   1/3    eval   177   this Q       90.37   best Q       84.34    47.7 min
  restart   1/3    eval   178   this Q       166.7   best Q       84.34    47.9 min
  restart   1/3    eval   179   this Q       104.5   best Q       84.34    48.1 min
  restart   1/3    eval   180   this Q       148.8   best Q       84.34    48.3 min
  restart   1/3    eval   181   this Q         107   best Q       84.34    48.5 min
  restart   1/3    eval   182   this Q         101   best Q       84.34    48.8 min
  restart   1/3    eval   183   this Q       115.1   best Q       84.34    49.0 min
  restart   1/3    eval   184   this Q       87.99   best Q       84.34    49.2 min
  restart   1/3    eval   185   this Q       105.3   best Q       84.34    49.4 min
  restart   1/3    eval   186   this Q       103.8   best Q       84.34    49.7 min
  restart   1/3    eval   187   this Q       85.83   best Q       84.34    49.9 min
  restart   1/3    eval   188   this Q       98.87   best Q       84.34    50.1 min
  restart   1/3    eval   189   this Q       94.25   best Q       84.34    50.3 min
  restart   1/3    eval   190   this Q        82.3   best Q        82.3    50.5 min
  restart   1/3    eval   191   this Q       96.85   best Q        82.3    50.8 min
  restart   1/3    eval   192   this Q         116   best Q        82.3    51.0 min
  restart   1/3    eval   193   this Q       95.51   best Q        82.3    51.2 min
  restart   1/3    eval   194   this Q       129.8   best Q        82.3    51.4 min
  restart   1/3    eval   195   this Q       106.7   best Q        82.3    51.6 min
  restart   1/3    eval   196   this Q       81.93   best Q       81.93    51.8 min
  restart   1/3    eval   197   this Q       88.08   best Q       81.93    52.1 min
  restart   1/3    eval   198   this Q       88.78   best Q       81.93    52.3 min
  restart   1/3    eval   199   this Q       76.45   best Q       76.45    52.5 min
  restart   1/3    eval   200   this Q       88.75   best Q       76.45    52.7 min
  restart   1/3    eval   201   this Q       85.29   best Q       76.45    52.9 min
  restart   1/3    eval   202   this Q       121.6   best Q       76.45    53.2 min
  restart   1/3    eval   203   this Q       89.66   best Q       76.45    53.4 min
  restart   1/3    eval   204   this Q       95.33   best Q       76.45    53.6 min
  restart   1/3    eval   205   this Q       94.57   best Q       76.45    53.8 min
  restart   1/3    eval   206   this Q       85.09   best Q       76.45    54.1 min
  restart   1/3    eval   207   this Q       110.9   best Q       76.45    54.3 min
  restart   1/3    eval   208   this Q        86.1   best Q       76.45    54.5 min
  restart   1/3    eval   209   this Q       83.09   best Q       76.45    54.7 min
  restart   1/3    eval   210   this Q       79.39   best Q       76.45    54.9 min
  restart   1/3    eval   211   this Q       96.12   best Q       76.45    55.1 min
  restart   1/3    eval   212   this Q       81.76   best Q       76.45    55.4 min
  restart   1/3    eval   213   this Q       93.52   best Q       76.45    55.6 min
  restart   1/3    eval   214   this Q       80.32   best Q       76.45    55.8 min
  restart   1/3    eval   215   this Q       94.78   best Q       76.45    56.0 min
  restart   1/3    eval   216   this Q       80.56   best Q       76.45    56.2 min
  restart   1/3    eval   217   this Q       94.16   best Q       76.45    56.4 min
  restart   1/3    eval   218   this Q       79.51   best Q       76.45    56.6 min
  restart   1/3    eval   219   this Q       73.54   best Q       73.54    56.8 min
  restart   1/3    eval   220   this Q       183.4   best Q       73.54    57.1 min
  restart   1/3    eval   221   this Q       97.37   best Q       73.54    57.3 min
  restart   1/3    eval   222   this Q       78.67   best Q       73.54    57.5 min
  restart   1/3    eval   223   this Q       76.86   best Q       73.54    57.7 min
  restart   1/3    eval   224   this Q       70.62   best Q       70.62    57.9 min
  restart   1/3    eval   225   this Q       76.05   best Q       70.62    58.1 min
  restart   1/3    eval   226   this Q       85.78   best Q       70.62    58.3 min
  restart   1/3    eval   227   this Q       73.92   best Q       70.62    58.6 min
  restart   1/3    eval   228   this Q       90.18   best Q       70.62    58.8 min
  restart   1/3    eval   229   this Q       77.34   best Q       70.62    59.0 min
  restart   1/3    eval   230   this Q        79.8   best Q       70.62    59.2 min
  restart   1/3    eval   231   this Q       76.63   best Q       70.62    59.4 min
  restart   1/3    eval   232   this Q       84.76   best Q       70.62    59.6 min
  restart   1/3    eval   233   this Q       76.59   best Q       70.62    59.8 min
  restart   1/3    eval   234   this Q       78.51   best Q       70.62    60.1 min
  restart   1/3    eval   235   this Q       75.83   best Q       70.62    60.3 min
  restart   1/3    eval   236   this Q       81.16   best Q       70.62    60.5 min
  restart   1/3    eval   237   this Q       73.94   best Q       70.62    60.7 min
  restart   1/3    eval   238   this Q        71.9   best Q       70.62    60.9 min
  restart   1/3    eval   239   this Q       71.87   best Q       70.62    61.1 min
  restart   1/3    eval   240   this Q       85.22   best Q       70.62    61.4 min
  restart   1/3    eval   241   this Q       72.68   best Q       70.62    61.6 min
  restart   1/3    eval   242   this Q       66.86   best Q       66.86    61.8 min
  restart   1/3    eval   243   this Q       73.61   best Q       66.86    62.0 min
  restart   1/3    eval   244   this Q       77.97   best Q       66.86    62.2 min
  restart   1/3    eval   245   this Q       69.69   best Q       66.86    62.4 min
  restart   1/3    eval   246   this Q       78.19   best Q       66.86    62.6 min
  restart   1/3    eval   247   this Q        70.4   best Q       66.86    62.9 min
  restart   1/3    eval   248   this Q        81.3   best Q       66.86    63.1 min
  restart   1/3    eval   249   this Q       70.53   best Q       66.86    63.3 min
  restart   1/3    eval   250   this Q       73.64   best Q       66.86    63.5 min
  restart   1/3    eval   251   this Q       88.21   best Q       66.86    63.7 min
  restart   1/3    eval   252   this Q       72.53   best Q       66.86    63.9 min
  restart   1/3    eval   253   this Q       75.49   best Q       66.86    64.1 min
  restart   1/3    eval   254   this Q       72.35   best Q       66.86    64.4 min
  restart   1/3    eval   255   this Q       70.45   best Q       66.86    64.6 min
  restart   1/3    eval   256   this Q       68.71   best Q       66.86    64.8 min
  restart   1/3    eval   257   this Q       75.32   best Q       66.86    65.0 min
  restart   1/3    eval   258   this Q       67.91   best Q       66.86    65.2 min
  restart   1/3    eval   259   this Q       64.96   best Q       64.96    65.4 min
  restart   1/3    eval   260   this Q        69.3   best Q       64.96    65.7 min
  restart   1/3    eval   261   this Q        66.4   best Q       64.96    65.9 min
  restart   1/3    eval   262   this Q       71.81   best Q       64.96    66.1 min
  restart   1/3    eval   263   this Q       78.15   best Q       64.96    66.3 min
  restart   1/3    eval   264   this Q       68.77   best Q       64.96    66.5 min
  restart   1/3    eval   265   this Q       66.44   best Q       64.96    66.7 min
  restart   1/3    eval   266   this Q       73.38   best Q       64.96    67.0 min
  restart   1/3    eval   267   this Q       68.78   best Q       64.96    67.2 min
  restart   1/3    eval   268   this Q       73.39   best Q       64.96    67.4 min
  restart   1/3    eval   269   this Q       66.92   best Q       64.96    67.6 min
  restart   1/3    eval   270   this Q       68.23   best Q       64.96    67.8 min
  restart   1/3    eval   271   this Q        68.4   best Q       64.96    68.0 min
  restart   1/3    eval   272   this Q       73.23   best Q       64.96    68.3 min
  restart   1/3    eval   273   this Q        67.3   best Q       64.96    68.5 min
  restart   1/3    eval   274   this Q       69.85   best Q       64.96    68.7 min
  restart   1/3    eval   275   this Q       67.32   best Q       64.96    68.9 min
  restart   1/3    eval   276   this Q        72.6   best Q       64.96    69.1 min
  restart   1/3    eval   277   this Q        66.5   best Q       64.96    69.3 min
  restart   1/3    eval   278   this Q       66.39   best Q       64.96    69.6 min
  restart   1/3    eval   279   this Q       68.01   best Q       64.96    69.8 min
  restart   1/3    eval   280   this Q       68.56   best Q       64.96    70.0 min
  restart   1/3    eval   281   this Q       70.07   best Q       64.96    70.2 min
  restart   1/3    eval   282   this Q       66.13   best Q       64.96    70.4 min
  restart   1/3    eval   283   this Q       69.88   best Q       64.96    70.7 min
  restart   1/3    eval   284   this Q       66.03   best Q       64.96    70.9 min
  restart   1/3    eval   285   this Q       66.16   best Q       64.96    71.1 min
  restart   1/3    eval   286   this Q       71.72   best Q       64.96    71.3 min
  restart   1/3    eval   287   this Q       65.87   best Q       64.96    71.5 min
  restart   1/3    eval   288   this Q       72.35   best Q       64.96    71.8 min
  restart   1/3    eval   289   this Q       65.64   best Q       64.96    72.0 min
  restart   1/3    eval   290   this Q        71.3   best Q       64.96    72.2 min
  restart   1/3    eval   291   this Q       65.76   best Q       64.96    72.4 min
  restart   1/3    eval   292   this Q       69.31   best Q       64.96    72.6 min
  restart   1/3    eval   293   this Q       66.12   best Q       64.96    72.8 min
  restart   1/3    eval   294   this Q          70   best Q       64.96    73.1 min
  restart   1/3    eval   295   this Q        66.5   best Q       64.96    73.3 min
  restart   1/3    eval   296   this Q       68.33   best Q       64.96    73.5 min
  restart   1/3    eval   297   this Q       66.36   best Q       64.96    73.7 min
  restart   1/3    eval   298   this Q       64.03   best Q       64.03    73.9 min
  restart   1/3    eval   299   this Q       73.92   best Q       64.03    74.2 min
  restart   1/3    eval   300   this Q       67.26   best Q       64.03    74.4 min
  restart   1/3    eval   301   this Q       65.21   best Q       64.03    74.6 min
  restart   1/3    eval   302   this Q       66.53   best Q       64.03    74.8 min
  restart   1/3    eval   303   this Q       65.47   best Q       64.03    75.0 min
  restart   1/3    eval   304   this Q       66.44   best Q       64.03    75.3 min
  restart   1/3    eval   305   this Q       63.66   best Q       63.66    75.5 min
  restart   1/3    eval   306   this Q       70.34   best Q       63.66    75.7 min
  restart   1/3    eval   307   this Q       67.58   best Q       63.66    75.9 min
  restart   1/3    eval   308   this Q       65.42   best Q       63.66    76.1 min
  restart   1/3    eval   309   this Q       66.47   best Q       63.66    76.4 min
  restart   1/3    eval   310   this Q       65.35   best Q       63.66    76.6 min
  restart   1/3    eval   311   this Q       66.95   best Q       63.66    76.8 min
  restart   1/3    eval   312   this Q       65.49   best Q       63.66    77.0 min
  restart   1/3    eval   313   this Q       69.42   best Q       63.66    77.2 min
  restart   1/3    eval   314   this Q       64.66   best Q       63.66    77.4 min
  restart   1/3    eval   315   this Q       64.85   best Q       63.66    77.7 min
  restart   1/3    eval   316   this Q       67.23   best Q       63.66    77.9 min
  restart   1/3    eval   317   this Q       64.82   best Q       63.66    78.1 min
  restart   1/3    eval   318   this Q       70.25   best Q       63.66    78.3 min
  restart   1/3    eval   319   this Q       65.82   best Q       63.66    78.5 min
  restart   1/3    eval   320   this Q       65.42   best Q       63.66    78.8 min
  restart   1/3    eval   321   this Q       64.93   best Q       63.66    79.0 min
  restart   1/3    eval   322   this Q       66.23   best Q       63.66    79.2 min
  restart   1/3    eval   323   this Q       65.13   best Q       63.66    79.4 min
  restart   1/3    eval   324   this Q       63.39   best Q       63.39    79.6 min
  restart   1/3    eval   325   this Q       67.77   best Q       63.39    79.9 min
  restart   1/3    eval   326   this Q       64.68   best Q       63.39    80.1 min
  restart   1/3    eval   327   this Q       65.15   best Q       63.39    80.3 min
  restart   1/3    eval   328   this Q       63.69   best Q       63.39    80.5 min
  restart   1/3    eval   329   this Q       64.69   best Q       63.39    80.7 min
  restart   1/3    eval   330   this Q       64.74   best Q       63.39    81.0 min
  restart   1/3    eval   331   this Q       64.53   best Q       63.39    81.2 min
  restart   1/3    eval   332   this Q       63.73   best Q       63.39    81.4 min
  restart   1/3    eval   333   this Q       67.37   best Q       63.39    81.6 min
  restart   1/3    eval   334   this Q       64.78   best Q       63.39    81.8 min
  restart   1/3    eval   335   this Q       64.45   best Q       63.39    82.1 min
  restart   1/3    eval   336   this Q       63.79   best Q       63.39    82.3 min
  restart   1/3    eval   337   this Q       72.45   best Q       63.39    82.5 min
  restart   1/3    eval   338   this Q       65.38   best Q       63.39    82.7 min
  restart   1/3    eval   339   this Q        64.1   best Q       63.39    83.0 min
  restart   1/3    eval   340   this Q        64.4   best Q       63.39    83.2 min
  restart   1/3    eval   341   this Q       64.16   best Q       63.39    83.4 min
  restart   1/3    eval   342   this Q       64.09   best Q       63.39    83.6 min
  restart   1/3    eval   343   this Q        64.3   best Q       63.39    83.8 min
  restart   1/3    eval   344   this Q       63.31   best Q       63.31    84.1 min
  restart   1/3    eval   345   this Q       63.81   best Q       63.31    84.3 min
  restart   1/3    eval   346   this Q       65.26   best Q       63.31    84.5 min
  restart   1/3    eval   347   this Q       63.05   best Q       63.05    84.7 min
  restart   1/3    eval   348   this Q       63.99   best Q       63.05    84.9 min
  restart   1/3    eval   349   this Q       63.87   best Q       63.05    85.2 min
  restart   1/3    eval   350   this Q       62.86   best Q       62.86    85.4 min
  restart   1/3    eval   351   this Q       63.89   best Q       62.86    85.6 min
  restart   1/3    eval   352   this Q       63.44   best Q       62.86    85.8 min
  restart   1/3    eval   353   this Q       64.83   best Q       62.86    86.0 min
  restart   1/3    eval   354   this Q        64.3   best Q       62.86    86.2 min
  restart   1/3    eval   355   this Q       63.91   best Q       62.86    86.5 min
  restart   1/3    eval   356   this Q       64.01   best Q       62.86    86.7 min
  restart   1/3    eval   357   this Q       63.27   best Q       62.86    86.9 min
  restart   1/3    eval   358   this Q        64.2   best Q       62.86    87.1 min
  restart   1/3    eval   359   this Q       64.22   best Q       62.86    87.3 min
  restart   1/3    eval   360   this Q       63.43   best Q       62.86    87.6 min
  restart   1/3    eval   361   this Q       64.32   best Q       62.86    87.8 min
  restart   1/3    eval   362   this Q       63.93   best Q       62.86    88.0 min
  restart   1/3    eval   363   this Q       64.13   best Q       62.86    88.2 min
  restart   1/3    eval   364   this Q       64.12   best Q       62.86    88.4 min
  restart   1/3    eval   365   this Q       63.52   best Q       62.86    88.7 min
  restart   1/3    eval   366   this Q       64.24   best Q       62.86    88.9 min
  restart   1/3    eval   367   this Q       63.84   best Q       62.86    89.1 min
  restart   1/3    eval   368   this Q       63.98   best Q       62.86    89.3 min
  restart   1/3    eval   369   this Q       64.63   best Q       62.86    89.5 min
  restart   1/3    eval   370   this Q       63.95   best Q       62.86    89.8 min
  restart   1/3    eval   371   this Q       64.06   best Q       62.86    90.0 min
  restart   1/3    eval   372   this Q       63.95   best Q       62.86    90.2 min
  restart   1/3    eval   373   this Q       63.77   best Q       62.86    90.4 min
  restart   1/3    eval   374   this Q        63.2   best Q       62.86    90.6 min
  restart   1/3    eval   375   this Q       63.32   best Q       62.86    90.9 min
  restart   1/3    eval   376   this Q       63.13   best Q       62.86    91.1 min
  restart   1/3    eval   377   this Q       65.29   best Q       62.86    91.3 min
  restart   1/3    eval   378   this Q       63.14   best Q       62.86    91.5 min
  restart   1/3    eval   379   this Q       63.87   best Q       62.86    91.7 min
  restart   1/3    eval   380   this Q        63.5   best Q       62.86    92.0 min
  restart   1/3    eval   381   this Q       62.72   best Q       62.72    92.2 min
  restart   1/3    eval   382   this Q       63.58   best Q       62.72    92.4 min
  restart   1/3    eval   383   this Q       63.43   best Q       62.72    92.6 min
  restart   1/3    eval   384   this Q       63.14   best Q       62.72    92.8 min
  restart   1/3    eval   385   this Q       63.99   best Q       62.72    93.1 min
  restart   1/3    eval   386   this Q       63.55   best Q       62.72    93.3 min
  restart   1/3    eval   387   this Q       63.38   best Q       62.72    93.5 min
  restart   1/3    eval   388   this Q       63.64   best Q       62.72    93.7 min
  restart   1/3    eval   389   this Q       63.38   best Q       62.72    93.9 min
  restart   1/3    eval   390   this Q       63.52   best Q       62.72    94.1 min
  restart   1/3    eval   391   this Q       63.16   best Q       62.72    94.4 min
  restart   1/3    eval   392   this Q       63.82   best Q       62.72    94.6 min
  restart   1/3    eval   393   this Q       63.39   best Q       62.72    94.8 min
  restart   1/3    eval   394   this Q       63.47   best Q       62.72    95.0 min
  restart   1/3    eval   395   this Q       63.27   best Q       62.72    95.2 min
  restart   1/3    eval   396   this Q       63.51   best Q       62.72    95.5 min
  restart   1/3    eval   397   this Q       63.35   best Q       62.72    95.7 min
  restart   1/3    eval   398   this Q       63.85   best Q       62.72    95.9 min
  restart   1/3    eval   399   this Q       63.41   best Q       62.72    96.1 min
  restart   1/3    eval   400   this Q       62.94   best Q       62.72    96.3 min
  restart   1/3    eval   401   this Q       62.71   best Q       62.71    96.5 min
  restart   1/3    eval   402   this Q       63.25   best Q       62.71    96.8 min
  restart   1/3    eval   403   this Q       63.18   best Q       62.71    97.0 min
  restart   1/3    eval   404   this Q       63.04   best Q       62.71    97.2 min
  restart   1/3    eval   405   this Q       62.67   best Q       62.67    97.4 min
  restart   1/3    eval   406   this Q       63.11   best Q       62.67    97.6 min
  restart   1/3    eval   407   this Q       62.57   best Q       62.57    97.9 min
  restart   1/3    eval   408   this Q       63.11   best Q       62.57    98.1 min
  restart   1/3    eval   409   this Q       62.89   best Q       62.57    98.3 min
  restart   1/3    eval   410   this Q       62.77   best Q       62.57    98.5 min
  restart   1/3    eval   411   this Q       63.12   best Q       62.57    98.7 min
  restart   1/3    eval   412   this Q       63.21   best Q       62.57    98.9 min
  restart   1/3    eval   413   this Q       63.17   best Q       62.57    99.2 min
  restart   1/3    eval   414   this Q       63.31   best Q       62.57    99.4 min
  restart   1/3    eval   415   this Q       63.15   best Q       62.57    99.6 min
  restart   1/3    eval   416   this Q       62.94   best Q       62.57    99.8 min
  restart   1/3    eval   417   this Q       62.56   best Q       62.56   100.0 min
  restart   1/3    eval   418   this Q       63.19   best Q       62.56   100.3 min
  restart   1/3    eval   419   this Q        62.6   best Q       62.56   100.5 min
  restart   1/3    eval   420   this Q       62.67   best Q       62.56   100.7 min
  restart   1/3    eval   421   this Q       63.33   best Q       62.56   100.9 min
  restart   1/3    eval   422   this Q       63.19   best Q       62.56   101.1 min
  restart   1/3    eval   423   this Q       62.58   best Q       62.56   101.3 min
  restart   1/3    eval   424   this Q       62.64   best Q       62.56   101.6 min
  restart   1/3    eval   425   this Q       62.56   best Q       62.56   101.8 min
  restart   1/3    eval   426   this Q       63.23   best Q       62.56   102.0 min
  restart   1/3    eval   427   this Q       62.61   best Q       62.56   102.2 min
  restart   1/3    eval   428   this Q       62.57   best Q       62.56   102.4 min
  restart   1/3    eval   429   this Q       62.56   best Q       62.56   102.7 min
  restart   1/3    eval   430   this Q       62.97   best Q       62.56   102.9 min
  restart   1/3    eval   431   this Q       62.61   best Q       62.56   103.1 min
  restart   1/3    eval   432   this Q        62.6   best Q       62.56   103.3 min
  restart   1/3    eval   433   this Q       62.46   best Q       62.46   103.5 min
  restart   1/3    eval   434   this Q       62.57   best Q       62.46   103.7 min
  restart   1/3    eval   435   this Q       62.57   best Q       62.46   104.0 min
  restart   1/3    eval   436   this Q       63.17   best Q       62.46   104.2 min
  restart   1/3    eval   437   this Q        62.6   best Q       62.46   104.4 min
  restart   1/3    eval   438   this Q       63.11   best Q       62.46   104.6 min
  restart   1/3    eval   439   this Q       62.62   best Q       62.46   104.8 min
  restart   1/3    eval   440   this Q       62.96   best Q       62.46   105.1 min
  restart   1/3    eval   441   this Q       62.57   best Q       62.46   105.3 min
  restart   1/3    eval   442   this Q       63.11   best Q       62.46   105.5 min
  restart   1/3    eval   443   this Q       63.04   best Q       62.46   105.7 min
  restart   1/3    eval   444   this Q       62.59   best Q       62.46   105.9 min
  restart   1/3    eval   445   this Q       62.62   best Q       62.46   106.2 min
  restart   1/3    eval   446   this Q       62.58   best Q       62.46   106.4 min
  restart   1/3    eval   447   this Q       62.65   best Q       62.46   106.6 min
  restart   1/3    eval   448   this Q       62.62   best Q       62.46   106.8 min
  restart   1/3    eval   449   this Q       62.61   best Q       62.46   107.0 min
  restart   1/3    eval   450   this Q        62.6   best Q       62.46   107.2 min
  restart   1/3    eval   451   this Q       62.58   best Q       62.46   107.5 min
  restart   1/3    eval   452   this Q       62.87   best Q       62.46   107.7 min
  restart   1/3    eval   453   this Q        62.6   best Q       62.46   107.9 min
  restart   1/3    eval   454   this Q       62.61   best Q       62.46   108.1 min
  restart   1/3    eval   455   this Q       62.59   best Q       62.46   108.3 min
  restart   1/3    eval   456   this Q       62.59   best Q       62.46   108.6 min
  restart   1/3    eval   457   this Q       62.61   best Q       62.46   108.8 min
  restart   1/3    eval   458   this Q        62.6   best Q       62.46   109.0 min
  restart   1/3    eval   459   this Q       62.59   best Q       62.46   109.2 min
  restart   1/3    eval   460   this Q        62.7   best Q       62.46   109.4 min
  restart   1/3    eval   461   this Q       62.63   best Q       62.46   109.7 min
  restart   1/3    eval   462   this Q        62.6   best Q       62.46   109.9 min
  restart   1/3    eval   463   this Q       62.57   best Q       62.46   110.1 min
  restart   1/3    eval   464   this Q       62.57   best Q       62.46   110.3 min
  restart   1/3    eval   465   this Q       63.13   best Q       62.46   110.5 min
  restart   1/3    eval   466   this Q       62.61   best Q       62.46   110.8 min
  restart   1/3    eval   467   this Q       62.64   best Q       62.46   111.0 min
  restart   1/3    eval   468   this Q        62.6   best Q       62.46   111.2 min
  restart   1/3    eval   469   this Q       62.58   best Q       62.46   111.4 min
  restart   1/3    eval   470   this Q       62.62   best Q       62.46   111.6 min
  restart   1/3    eval   471   this Q        62.6   best Q       62.46   111.8 min
  restart   1/3    eval   472   this Q       62.58   best Q       62.46   112.1 min
  restart   1/3    eval   473   this Q       62.62   best Q       62.46   112.3 min
  restart   1/3    eval   474   this Q        62.6   best Q       62.46   112.5 min
  restart   1/3    eval   475   this Q       62.63   best Q       62.46   112.7 min
  restart   1/3    eval   476   this Q       62.59   best Q       62.46   112.9 min
  restart   1/3    eval   477   this Q       62.64   best Q       62.46   113.2 min
  restart   1/3    eval   478   this Q        62.6   best Q       62.46   113.4 min
  restart   1/3    eval   479   this Q       62.57   best Q       62.46   113.6 min
  restart   1/3    eval   480   this Q       62.57   best Q       62.46   113.8 min
  restart   1/3    eval   481   this Q       62.57   best Q       62.46   114.0 min
  restart   1/3    eval   482   this Q       63.09   best Q       62.46   114.3 min
  restart   1/3    eval   483   this Q       62.59   best Q       62.46   114.5 min
  restart   1/3    eval   484   this Q       62.62   best Q       62.46   114.7 min
  restart   1/3    eval   485   this Q       62.59   best Q       62.46   114.9 min
  restart   1/3    eval   486   this Q       62.58   best Q       62.46   115.1 min
  restart   1/3    eval   487   this Q       62.62   best Q       62.46   115.4 min
  restart   1/3    eval   488   this Q       62.59   best Q       62.46   115.6 min
  restart   1/3    eval   489   this Q       62.57   best Q       62.46   115.8 min
  restart   1/3    eval   490   this Q       62.57   best Q       62.46   116.0 min
  restart   1/3    eval   491   this Q       62.57   best Q       62.46   116.2 min
  restart   1/3    eval   492   this Q       62.56   best Q       62.46   116.5 min
  restart   1/3    eval   493   this Q       62.57   best Q       62.46   116.7 min
  restart   1/3    eval   494   this Q       62.56   best Q       62.46   116.9 min
  restart   1/3    eval   495   this Q       62.57   best Q       62.46   117.1 min
  restart   1/3    eval   496   this Q       62.63   best Q       62.46   117.3 min
  restart   1/3    eval   497   this Q       62.58   best Q       62.46   117.6 min
  restart   1/3    eval   498   this Q       62.58   best Q       62.46   117.8 min
  restart   1/3    eval   499   this Q       62.39   best Q       62.39   118.0 min
  restart   1/3    eval   500   this Q       62.91   best Q       62.39   118.2 min
  restart   1/3    eval   501   this Q       62.38   best Q       62.38   118.4 min
  restart   1/3    eval   502   this Q       63.17   best Q       62.38   118.7 min
  restart   1/3    eval   503   this Q       62.62   best Q       62.38   118.9 min
  restart   1/3    eval   504   this Q       62.58   best Q       62.38   119.1 min
  restart   1/3    eval   505   this Q       62.38   best Q       62.38   119.3 min
  restart   1/3    eval   506   this Q       62.56   best Q       62.38   119.5 min
  restart   1/3    eval   507   this Q       62.37   best Q       62.37   119.8 min
  restart   1/3    eval   508   this Q       62.37   best Q       62.37   120.0 min
  restart   1/3    eval   509   this Q       62.57   best Q       62.37   120.2 min
  restart   1/3    eval   510   this Q       62.38   best Q       62.37   120.4 min
  restart   1/3    eval   511   this Q       62.38   best Q       62.37   120.6 min
  restart   1/3    eval   512   this Q       62.38   best Q       62.37   120.9 min
  restart   1/3    eval   513   this Q       62.57   best Q       62.37   121.1 min
  restart   1/3    eval   514   this Q       62.38   best Q       62.37   121.3 min
  restart   1/3    eval   515   this Q        62.4   best Q       62.37   121.5 min
  restart   1/3    eval   516   this Q       62.56   best Q       62.37   121.7 min
  restart   1/3    eval   517   this Q       62.37   best Q       62.37   122.0 min
  restart   1/3    eval   518   this Q       62.37   best Q       62.37   122.2 min
  restart   1/3    eval   519   this Q       62.37   best Q       62.37   122.4 min
  restart   1/3    eval   520   this Q       62.37   best Q       62.37   122.6 min
  restart   1/3    eval   521   this Q       62.63   best Q       62.37   122.8 min
  restart   1/3    eval   522   this Q       62.38   best Q       62.37   123.1 min
  restart   1/3    eval   523   this Q       62.37   best Q       62.37   123.3 min
  restart   1/3    eval   524   this Q       62.63   best Q       62.37   123.5 min
  restart   1/3    eval   525   this Q       62.37   best Q       62.37   123.7 min
  restart   1/3    eval   526   this Q       62.64   best Q       62.37   123.9 min
  restart   1/3    eval   527   this Q       62.37   best Q       62.37   124.2 min
  restart   1/3   DONE   this       62.37   best Q       62.37   124.2 min, ~248 min left
  restart   2/3    eval     1   this Q        3932   best Q       62.37   124.4 min
  restart   2/3    eval     2   this Q        3932   best Q       62.37   124.6 min
  restart   2/3    eval     3   this Q   1.641e+04   best Q       62.37   124.8 min
  restart   2/3    eval     4   this Q   1.192e+04   best Q       62.37   125.1 min
  restart   2/3    eval     5   this Q   1.464e+04   best Q       62.37   125.3 min
  restart   2/3    eval     6   this Q       1e+06   best Q       62.37   125.5 min
  restart   2/3    eval     7   this Q   1.185e+04   best Q       62.37   125.8 min
  restart   2/3    eval     8   this Q   1.763e+04   best Q       62.37   126.0 min
  restart   2/3    eval     9   this Q        7272   best Q       62.37   126.2 min
  restart   2/3    eval    10   this Q        5092   best Q       62.37   126.4 min
  restart   2/3    eval    11   this Q   2.467e+04   best Q       62.37   126.7 min
  restart   2/3    eval    12   this Q        3745   best Q       62.37   126.9 min
  restart   2/3    eval    13   this Q        4248   best Q       62.37   127.1 min
  restart   2/3    eval    14   this Q        3589   best Q       62.37   127.3 min
  restart   2/3    eval    15   this Q        3018   best Q       62.37   127.5 min
  restart   2/3    eval    16   this Q        3678   best Q       62.37   127.7 min
  restart   2/3    eval    17   this Q        3294   best Q       62.37   127.9 min
  restart   2/3    eval    18   this Q        3101   best Q       62.37   128.1 min
  restart   2/3    eval    19   this Q       1e+06   best Q       62.37   128.3 min
  restart   2/3    eval    20   this Q       1e+06   best Q       62.37   128.5 min
  restart   2/3    eval    21   this Q        3379   best Q       62.37   128.8 min
  restart   2/3    eval    22   this Q        4349   best Q       62.37   128.9 min
  restart   2/3    eval    23   this Q        5032   best Q       62.37   129.2 min
  restart   2/3    eval    24   this Q        4923   best Q       62.37   129.4 min
  restart   2/3    eval    25   this Q       1e+06   best Q       62.37   129.6 min
  restart   2/3    eval    26   this Q        4795   best Q       62.37   129.8 min
  restart   2/3    eval    27   this Q        5848   best Q       62.37   130.0 min
  restart   2/3    eval    28   this Q        3553   best Q       62.37   130.2 min
  restart   2/3    eval    29   this Q        3245   best Q       62.37   130.4 min
  restart   2/3    eval    30   this Q        5594   best Q       62.37   130.5 min
  restart   2/3    eval    31   this Q        3329   best Q       62.37   130.8 min
  restart   2/3    eval    32   this Q        3246   best Q       62.37   131.0 min
  restart   2/3    eval    33   this Q        3520   best Q       62.37   131.2 min
  restart   2/3    eval    34   this Q        2926   best Q       62.37   131.4 min
  restart   2/3    eval    35   this Q        3117   best Q       62.37   131.6 min
  restart   2/3    eval    36   this Q        3075   best Q       62.37   131.8 min
  restart   2/3    eval    37   this Q   1.462e+05   best Q       62.37   132.0 min
  restart   2/3    eval    38   this Q   4.274e+04   best Q       62.37   132.2 min
  restart   2/3    eval    39   this Q   3.239e+04   best Q       62.37   132.4 min
  restart   2/3    eval    40   this Q        9530   best Q       62.37   132.6 min
  restart   2/3    eval    41   this Q   1.406e+04   best Q       62.37   132.8 min
  restart   2/3    eval    42   this Q        3831   best Q       62.37   133.0 min
  restart   2/3    eval    43   this Q        3360   best Q       62.37   133.2 min
  restart   2/3    eval    44   this Q        1741   best Q       62.37   133.4 min
  restart   2/3    eval    45   this Q        2104   best Q       62.37   133.6 min
  restart   2/3    eval    46   this Q        3265   best Q       62.37   133.8 min
  restart   2/3    eval    47   this Q   1.077e+04   best Q       62.37   134.0 min
  restart   2/3    eval    48   this Q        1756   best Q       62.37   134.2 min
  restart   2/3    eval    49   this Q        2857   best Q       62.37   134.4 min
  restart   2/3    eval    50   this Q        3853   best Q       62.37   134.6 min
  restart   2/3    eval    51   this Q        2465   best Q       62.37   134.8 min
  restart   2/3    eval    52   this Q        3419   best Q       62.37   135.0 min
  restart   2/3    eval    53   this Q        1426   best Q       62.37   135.2 min
  restart   2/3    eval    54   this Q        1589   best Q       62.37   135.4 min
  restart   2/3    eval    55   this Q         908   best Q       62.37   135.6 min
  restart   2/3    eval    56   this Q       942.8   best Q       62.37   135.9 min
  restart   2/3    eval    57   this Q        3444   best Q       62.37   136.1 min
  restart   2/3    eval    58   this Q        2073   best Q       62.37   136.3 min
  restart   2/3    eval    59   this Q       928.5   best Q       62.37   136.5 min
  restart   2/3    eval    60   this Q        3152   best Q       62.37   136.7 min
  restart   2/3    eval    61   this Q       924.5   best Q       62.37   136.9 min
  restart   2/3    eval    62   this Q        3516   best Q       62.37   137.1 min
  restart   2/3    eval    63   this Q        1613   best Q       62.37   137.3 min
  restart   2/3    eval    64   this Q        7713   best Q       62.37   137.5 min
  restart   2/3    eval    65   this Q        1674   best Q       62.37   137.7 min
  restart   2/3    eval    66   this Q        1137   best Q       62.37   137.9 min
  restart   2/3    eval    67   this Q        3046   best Q       62.37   138.1 min
  restart   2/3    eval    68   this Q        1034   best Q       62.37   138.3 min
  restart   2/3    eval    69   this Q        1165   best Q       62.37   138.5 min
  restart   2/3    eval    70   this Q        2044   best Q       62.37   138.7 min
  restart   2/3    eval    71   this Q        1016   best Q       62.37   138.9 min
  restart   2/3    eval    72   this Q        1357   best Q       62.37   139.1 min
  restart   2/3    eval    73   this Q        1510   best Q       62.37   139.3 min
  restart   2/3    eval    74   this Q       971.4   best Q       62.37   139.5 min
  restart   2/3    eval    75   this Q        1586   best Q       62.37   139.7 min
  restart   2/3    eval    76   this Q        2131   best Q       62.37   140.0 min
  restart   2/3    eval    77   this Q       956.5   best Q       62.37   140.2 min
  restart   2/3    eval    78   this Q        2342   best Q       62.37   140.4 min
  restart   2/3    eval    79   this Q       842.5   best Q       62.37   140.6 min
  restart   2/3    eval    80   this Q        1759   best Q       62.37   140.8 min
  restart   2/3    eval    81   this Q        1029   best Q       62.37   141.0 min
  restart   2/3    eval    82   this Q        1590   best Q       62.37   141.2 min
  restart   2/3    eval    83   this Q        2458   best Q       62.37   141.4 min
  restart   2/3    eval    84   this Q       840.3   best Q       62.37   141.6 min
  restart   2/3    eval    85   this Q        1650   best Q       62.37   141.8 min
  restart   2/3    eval    86   this Q       834.8   best Q       62.37   142.0 min
  restart   2/3    eval    87   this Q        1681   best Q       62.37   142.2 min
  restart   2/3    eval    88   this Q         852   best Q       62.37   142.4 min
  restart   2/3    eval    89   this Q        2267   best Q       62.37   142.6 min
  restart   2/3    eval    90   this Q       735.8   best Q       62.37   142.8 min
  restart   2/3    eval    91   this Q       992.7   best Q       62.37   143.0 min
  restart   2/3    eval    92   this Q        1257   best Q       62.37   143.2 min
  restart   2/3    eval    93   this Q       751.9   best Q       62.37   143.4 min
  restart   2/3    eval    94   this Q       803.9   best Q       62.37   143.6 min
  restart   2/3    eval    95   this Q       581.8   best Q       62.37   143.8 min
  restart   2/3    eval    96   this Q        2053   best Q       62.37   144.1 min
  restart   2/3    eval    97   this Q       766.4   best Q       62.37   144.3 min
  restart   2/3    eval    98   this Q       765.9   best Q       62.37   144.5 min
  restart   2/3    eval    99   this Q        1017   best Q       62.37   144.7 min
  restart   2/3    eval   100   this Q       662.4   best Q       62.37   144.9 min
  restart   2/3    eval   101   this Q        1577   best Q       62.37   145.1 min
  restart   2/3    eval   102   this Q       555.4   best Q       62.37   145.3 min
  restart   2/3    eval   103   this Q        1701   best Q       62.37   145.5 min
  restart   2/3    eval   104   this Q       557.5   best Q       62.37   145.7 min
  restart   2/3    eval   105   this Q       596.3   best Q       62.37   145.9 min
  restart   2/3    eval   106   this Q       382.3   best Q       62.37   146.1 min
  restart   2/3    eval   107   this Q       539.8   best Q       62.37   146.3 min
  restart   2/3    eval   108   this Q         445   best Q       62.37   146.5 min
  restart   2/3    eval   109   this Q       465.8   best Q       62.37   146.7 min
  restart   2/3    eval   110   this Q       648.1   best Q       62.37   146.9 min
  restart   2/3    eval   111   this Q        1206   best Q       62.37   147.1 min
  restart   2/3    eval   112   this Q       577.2   best Q       62.37   147.3 min
  restart   2/3    eval   113   this Q       650.9   best Q       62.37   147.5 min
  restart   2/3    eval   114   this Q       814.6   best Q       62.37   147.7 min
  restart   2/3    eval   115   this Q       497.8   best Q       62.37   147.9 min
  restart   2/3    eval   116   this Q       551.3   best Q       62.37   148.1 min
  restart   2/3    eval   117   this Q       571.4   best Q       62.37   148.3 min
  restart   2/3    eval   118   this Q       747.1   best Q       62.37   148.5 min
  restart   2/3    eval   119   this Q       601.1   best Q       62.37   148.8 min
  restart   2/3    eval   120   this Q       691.4   best Q       62.37   149.0 min
  restart   2/3    eval   121   this Q       617.7   best Q       62.37   149.2 min
  restart   2/3    eval   122   this Q       740.2   best Q       62.37   149.4 min
  restart   2/3    eval   123   this Q       407.9   best Q       62.37   149.6 min
  restart   2/3    eval   124   this Q       346.8   best Q       62.37   149.8 min
  restart   2/3    eval   125   this Q       671.6   best Q       62.37   150.0 min
  restart   2/3    eval   126   this Q       479.5   best Q       62.37   150.2 min
  restart   2/3    eval   127   this Q       970.2   best Q       62.37   150.4 min
  restart   2/3    eval   128   this Q       398.8   best Q       62.37   150.6 min
  restart   2/3    eval   129   this Q       621.5   best Q       62.37   150.8 min
  restart   2/3    eval   130   this Q       429.9   best Q       62.37   151.0 min
  restart   2/3    eval   131   this Q       601.2   best Q       62.37   151.2 min
  restart   2/3    eval   132   this Q       428.4   best Q       62.37   151.4 min
  restart   2/3    eval   133   this Q       491.9   best Q       62.37   151.6 min
  restart   2/3    eval   134   this Q       553.5   best Q       62.37   151.8 min
  restart   2/3    eval   135   this Q       554.6   best Q       62.37   152.0 min
  restart   2/3    eval   136   this Q       639.2   best Q       62.37   152.2 min
  restart   2/3    eval   137   this Q         400   best Q       62.37   152.4 min
  restart   2/3    eval   138   this Q         517   best Q       62.37   152.6 min
  restart   2/3    eval   139   this Q       424.7   best Q       62.37   152.8 min
  restart   2/3    eval   140   this Q       511.2   best Q       62.37   153.0 min
  restart   2/3    eval   141   this Q       619.3   best Q       62.37   153.2 min
  restart   2/3    eval   142   this Q       374.6   best Q       62.37   153.4 min
  restart   2/3    eval   143   this Q       451.4   best Q       62.37   153.6 min
  restart   2/3    eval   144   this Q         514   best Q       62.37   153.8 min
  restart   2/3    eval   145   this Q         383   best Q       62.37   154.0 min
  restart   2/3    eval   146   this Q       534.6   best Q       62.37   154.3 min
  restart   2/3    eval   147   this Q       405.6   best Q       62.37   154.5 min
  restart   2/3    eval   148   this Q       579.3   best Q       62.37   154.7 min
  restart   2/3    eval   149   this Q       352.3   best Q       62.37   154.9 min
  restart   2/3    eval   150   this Q       426.4   best Q       62.37   155.1 min
  restart   2/3    eval   151   this Q       636.5   best Q       62.37   155.3 min
  restart   2/3    eval   152   this Q       402.2   best Q       62.37   155.5 min
  restart   2/3    eval   153   this Q         431   best Q       62.37   155.7 min
  restart   2/3    eval   154   this Q       510.6   best Q       62.37   155.9 min
  restart   2/3    eval   155   this Q       357.3   best Q       62.37   156.1 min
  restart   2/3    eval   156   this Q       327.8   best Q       62.37   156.3 min
  restart   2/3    eval   157   this Q         534   best Q       62.37   156.5 min
  restart   2/3    eval   158   this Q       455.4   best Q       62.37   156.7 min
  restart   2/3    eval   159   this Q       321.8   best Q       62.37   156.9 min
  restart   2/3    eval   160   this Q       409.5   best Q       62.37   157.1 min
  restart   2/3    eval   161   this Q       405.1   best Q       62.37   157.3 min
  restart   2/3    eval   162   this Q       524.9   best Q       62.37   157.5 min
  restart   2/3    eval   163   this Q         345   best Q       62.37   157.7 min
  restart   2/3    eval   164   this Q       545.2   best Q       62.37   157.9 min
  restart   2/3    eval   165   this Q       340.8   best Q       62.37   158.1 min
  restart   2/3    eval   166   this Q       380.1   best Q       62.37   158.3 min
  restart   2/3    eval   167   this Q       431.8   best Q       62.37   158.5 min
  restart   2/3    eval   168   this Q       326.4   best Q       62.37   158.7 min
  restart   2/3    eval   169   this Q       347.5   best Q       62.37   158.9 min
  restart   2/3    eval   170   this Q       431.6   best Q       62.37   159.1 min
  restart   2/3    eval   171   this Q       333.5   best Q       62.37   159.3 min
  restart   2/3    eval   172   this Q       387.5   best Q       62.37   159.5 min
  restart   2/3    eval   173   this Q       441.1   best Q       62.37   159.7 min
  restart   2/3    eval   174   this Q       329.7   best Q       62.37   159.9 min
  restart   2/3    eval   175   this Q       365.9   best Q       62.37   160.1 min
  restart   2/3    eval   176   this Q       379.8   best Q       62.37   160.3 min
  restart   2/3    eval   177   this Q       312.1   best Q       62.37   160.5 min
  restart   2/3    eval   178   this Q       409.1   best Q       62.37   160.7 min
  restart   2/3    eval   179   this Q       270.2   best Q       62.37   160.9 min
  restart   2/3    eval   180   this Q       288.9   best Q       62.37   161.1 min
  restart   2/3    eval   181   this Q       348.6   best Q       62.37   161.3 min
  restart   2/3    eval   182   this Q       362.8   best Q       62.37   161.5 min
  restart   2/3    eval   183   this Q       288.8   best Q       62.37   161.7 min
  restart   2/3    eval   184   this Q       368.8   best Q       62.37   162.0 min
  restart   2/3    eval   185   this Q       307.4   best Q       62.37   162.2 min
  restart   2/3    eval   186   this Q         378   best Q       62.37   162.4 min
  restart   2/3    eval   187   this Q       303.5   best Q       62.37   162.6 min
  restart   2/3    eval   188   this Q         307   best Q       62.37   162.8 min
  restart   2/3    eval   189   this Q         281   best Q       62.37   163.0 min
  restart   2/3    eval   190   this Q       364.1   best Q       62.37   163.2 min
  restart   2/3    eval   191   this Q       294.4   best Q       62.37   163.4 min
  restart   2/3    eval   192   this Q       315.7   best Q       62.37   163.6 min
  restart   2/3    eval   193   this Q       385.6   best Q       62.37   163.8 min
  restart   2/3    eval   194   this Q       296.5   best Q       62.37   164.0 min
  restart   2/3    eval   195   this Q       280.1   best Q       62.37   164.2 min
  restart   2/3    eval   196   this Q       305.4   best Q       62.37   164.4 min
  restart   2/3    eval   197   this Q       320.7   best Q       62.37   164.6 min
  restart   2/3    eval   198   this Q       260.1   best Q       62.37   164.8 min
  restart   2/3    eval   199   this Q       293.2   best Q       62.37   165.0 min
  restart   2/3    eval   200   this Q       295.8   best Q       62.37   165.2 min
  restart   2/3    eval   201   this Q       273.6   best Q       62.37   165.4 min
  restart   2/3    eval   202   this Q       321.2   best Q       62.37   165.6 min
  restart   2/3    eval   203   this Q       281.7   best Q       62.37   165.8 min
  restart   2/3    eval   204   this Q       292.1   best Q       62.37   166.0 min
  restart   2/3    eval   205   this Q       325.3   best Q       62.37   166.2 min
  restart   2/3    eval   206   this Q       280.3   best Q       62.37   166.4 min
  restart   2/3    eval   207   this Q       264.5   best Q       62.37   166.6 min
  restart   2/3    eval   208   this Q       255.4   best Q       62.37   166.8 min
  restart   2/3    eval   209   this Q       301.5   best Q       62.37   167.0 min
  restart   2/3    eval   210   this Q       290.6   best Q       62.37   167.2 min
  restart   2/3    eval   211   this Q       340.2   best Q       62.37   167.4 min
  restart   2/3    eval   212   this Q       258.1   best Q       62.37   167.6 min
  restart   2/3    eval   213   this Q       274.3   best Q       62.37   167.8 min
  restart   2/3    eval   214   this Q       229.3   best Q       62.37   168.0 min
  restart   2/3    eval   215   this Q       222.4   best Q       62.37   168.2 min
  restart   2/3    eval   216   this Q       279.6   best Q       62.37   168.4 min
  restart   2/3    eval   217   this Q       272.5   best Q       62.37   168.6 min
  restart   2/3    eval   218   this Q       298.5   best Q       62.37   168.8 min
  restart   2/3    eval   219   this Q       259.8   best Q       62.37   169.0 min
  restart   2/3    eval   220   this Q       281.6   best Q       62.37   169.2 min
  restart   2/3    eval   221   this Q       242.3   best Q       62.37   169.4 min
  restart   2/3    eval   222   this Q       259.3   best Q       62.37   169.6 min
  restart   2/3    eval   223   this Q       276.1   best Q       62.37   169.8 min
  restart   2/3    eval   224   this Q       278.4   best Q       62.37   170.0 min
  restart   2/3    eval   225   this Q       253.8   best Q       62.37   170.2 min
  restart   2/3    eval   226   this Q       240.2   best Q       62.37   170.4 min
  restart   2/3    eval   227   this Q         269   best Q       62.37   170.6 min
  restart   2/3    eval   228   this Q       273.2   best Q       62.37   170.8 min
  restart   2/3    eval   229   this Q       258.3   best Q       62.37   171.0 min
  restart   2/3    eval   230   this Q       235.2   best Q       62.37   171.2 min
  restart   2/3    eval   231   this Q       250.1   best Q       62.37   171.4 min
  restart   2/3    eval   232   this Q       271.5   best Q       62.37   171.6 min
  restart   2/3    eval   233   this Q         257   best Q       62.37   171.8 min
  restart   2/3    eval   234   this Q       264.8   best Q       62.37   172.0 min
  restart   2/3    eval   235   this Q       224.9   best Q       62.37   172.2 min
  restart   2/3    eval   236   this Q       325.2   best Q       62.37   172.4 min
  restart   2/3    eval   237   this Q       230.9   best Q       62.37   172.6 min
  restart   2/3    eval   238   this Q         278   best Q       62.37   172.8 min
  restart   2/3    eval   239   this Q         234   best Q       62.37   173.0 min
  restart   2/3    eval   240   this Q       255.2   best Q       62.37   173.2 min
  restart   2/3    eval   241   this Q       232.3   best Q       62.37   173.4 min
  restart   2/3    eval   242   this Q       234.6   best Q       62.37   173.6 min
  restart   2/3    eval   243   this Q       234.4   best Q       62.37   173.8 min
  restart   2/3    eval   244   this Q       225.6   best Q       62.37   174.0 min
  restart   2/3    eval   245   this Q       216.7   best Q       62.37   174.2 min
  restart   2/3    eval   246   this Q       267.4   best Q       62.37   174.4 min
  restart   2/3    eval   247   this Q       260.6   best Q       62.37   174.6 min
  restart   2/3    eval   248   this Q       226.2   best Q       62.37   174.8 min
  restart   2/3    eval   249   this Q       217.7   best Q       62.37   175.0 min
  restart   2/3    eval   250   this Q       226.2   best Q       62.37   175.2 min
  restart   2/3    eval   251   this Q       229.5   best Q       62.37   175.4 min
  restart   2/3    eval   252   this Q       202.2   best Q       62.37   175.6 min
  restart   2/3    eval   253   this Q       221.3   best Q       62.37   175.8 min
  restart   2/3    eval   254   this Q         231   best Q       62.37   176.0 min
  restart   2/3    eval   255   this Q       227.3   best Q       62.37   176.3 min
  restart   2/3    eval   256   this Q       208.1   best Q       62.37   176.5 min
  restart   2/3    eval   257   this Q       232.3   best Q       62.37   176.7 min
  restart   2/3    eval   258   this Q       240.6   best Q       62.37   176.9 min
  restart   2/3    eval   259   this Q       212.2   best Q       62.37   177.1 min
  restart   2/3    eval   260   this Q       202.7   best Q       62.37   177.3 min
  restart   2/3    eval   261   this Q       229.7   best Q       62.37   177.5 min
  restart   2/3    eval   262   this Q       212.1   best Q       62.37   177.7 min
  restart   2/3    eval   263   this Q       217.8   best Q       62.37   177.9 min
  restart   2/3    eval   264   this Q       235.3   best Q       62.37   178.1 min
  restart   2/3    eval   265   this Q       210.1   best Q       62.37   178.3 min
  restart   2/3    eval   266   this Q       231.3   best Q       62.37   178.5 min
  restart   2/3    eval   267   this Q       205.7   best Q       62.37   178.7 min
  restart   2/3    eval   268   this Q       242.7   best Q       62.37   178.9 min
  restart   2/3    eval   269   this Q       204.5   best Q       62.37   179.1 min
  restart   2/3    eval   270   this Q       224.3   best Q       62.37   179.3 min
  restart   2/3    eval   271   this Q       215.4   best Q       62.37   179.5 min
  restart   2/3    eval   272   this Q       185.3   best Q       62.37   179.7 min
  restart   2/3    eval   273   this Q       187.5   best Q       62.37   179.9 min
  restart   2/3    eval   274   this Q       206.1   best Q       62.37   180.1 min
  restart   2/3    eval   275   this Q       219.6   best Q       62.37   180.3 min
  restart   2/3    eval   276   this Q       214.1   best Q       62.37   180.5 min
  restart   2/3    eval   277   this Q       198.3   best Q       62.37   180.7 min
  restart   2/3    eval   278   this Q       225.6   best Q       62.37   180.9 min
  restart   2/3    eval   279   this Q       199.9   best Q       62.37   181.0 min
  restart   2/3    eval   280   this Q       208.2   best Q       62.37   181.2 min
  restart   2/3    eval   281   this Q       194.9   best Q       62.37   181.4 min
  restart   2/3    eval   282   this Q       201.7   best Q       62.37   181.6 min
  restart   2/3    eval   283   this Q       194.9   best Q       62.37   181.9 min
  restart   2/3    eval   284   this Q         215   best Q       62.37   182.0 min
  restart   2/3    eval   285   this Q       196.5   best Q       62.37   182.2 min
  restart   2/3    eval   286   this Q       178.4   best Q       62.37   182.4 min
  restart   2/3    eval   287   this Q       182.9   best Q       62.37   182.6 min
  restart   2/3    eval   288   this Q       219.7   best Q       62.37   182.8 min
  restart   2/3    eval   289   this Q       192.7   best Q       62.37   183.0 min
  restart   2/3    eval   290   this Q       182.1   best Q       62.37   183.2 min
  restart   2/3    eval   291   this Q       201.9   best Q       62.37   183.4 min
  restart   2/3    eval   292   this Q       202.8   best Q       62.37   183.6 min
  restart   2/3    eval   293   this Q       189.1   best Q       62.37   183.9 min
  restart   2/3    eval   294   this Q       178.7   best Q       62.37   184.1 min
  restart   2/3    eval   295   this Q         173   best Q       62.37   184.3 min
  restart   2/3    eval   296   this Q       178.2   best Q       62.37   184.5 min
  restart   2/3    eval   297   this Q       198.8   best Q       62.37   184.7 min
  restart   2/3    eval   298   this Q       220.1   best Q       62.37   184.9 min
  restart   2/3    eval   299   this Q       184.4   best Q       62.37   185.1 min
  restart   2/3    eval   300   this Q       185.6   best Q       62.37   185.3 min
  restart   2/3    eval   301   this Q       195.4   best Q       62.37   185.5 min
  restart   2/3    eval   302   this Q       202.4   best Q       62.37   185.7 min
  restart   2/3    eval   303   this Q         185   best Q       62.37   185.9 min
  restart   2/3    eval   304   this Q       176.6   best Q       62.37   186.1 min
  restart   2/3    eval   305   this Q       191.7   best Q       62.37   186.3 min
  restart   2/3    eval   306   this Q       192.5   best Q       62.37   186.5 min
  restart   2/3    eval   307   this Q       176.2   best Q       62.37   186.7 min
  restart   2/3    eval   308   this Q       189.9   best Q       62.37   186.9 min
  restart   2/3    eval   309   this Q       173.8   best Q       62.37   187.1 min
  restart   2/3    eval   310   this Q       183.3   best Q       62.37   187.3 min
  restart   2/3    eval   311   this Q       161.3   best Q       62.37   187.5 min
  restart   2/3    eval   312   this Q       152.4   best Q       62.37   187.7 min
  restart   2/3    eval   313   this Q       188.5   best Q       62.37   187.9 min
  restart   2/3    eval   314   this Q       182.9   best Q       62.37   188.1 min
  restart   2/3    eval   315   this Q         184   best Q       62.37   188.3 min
  restart   2/3    eval   316   this Q       174.8   best Q       62.37   188.5 min
  restart   2/3    eval   317   this Q         193   best Q       62.37   188.7 min
  restart   2/3    eval   318   this Q       172.2   best Q       62.37   188.9 min
  restart   2/3    eval   319   this Q       167.1   best Q       62.37   189.1 min
  restart   2/3    eval   320   this Q       161.3   best Q       62.37   189.3 min
  restart   2/3    eval   321   this Q       162.8   best Q       62.37   189.5 min
  restart   2/3    eval   322   this Q       155.4   best Q       62.37   189.7 min
  restart   2/3    eval   323   this Q       173.2   best Q       62.37   189.9 min
  restart   2/3    eval   324   this Q       182.5   best Q       62.37   190.1 min
  restart   2/3    eval   325   this Q       167.6   best Q       62.37   190.3 min
  restart   2/3    eval   326   this Q       184.4   best Q       62.37   190.6 min
  restart   2/3    eval   327   this Q       167.1   best Q       62.37   190.8 min
  restart   2/3    eval   328   this Q       183.1   best Q       62.37   191.0 min
  restart   2/3    eval   329   this Q       168.4   best Q       62.37   191.2 min
  restart   2/3    eval   330   this Q       172.2   best Q       62.37   191.4 min
  restart   2/3    eval   331   this Q       156.4   best Q       62.37   191.6 min
  restart   2/3    eval   332   this Q       166.4   best Q       62.37   191.8 min
  restart   2/3    eval   333   this Q       166.4   best Q       62.37   192.0 min
  restart   2/3    eval   334   this Q       165.7   best Q       62.37   192.2 min
  restart   2/3    eval   335   this Q       161.8   best Q       62.37   192.4 min
  restart   2/3    eval   336   this Q       169.1   best Q       62.37   192.6 min
  restart   2/3    eval   337   this Q       153.5   best Q       62.37   192.8 min
  restart   2/3    eval   338   this Q       165.2   best Q       62.37   193.0 min
  restart   2/3    eval   339   this Q       147.6   best Q       62.37   193.2 min
  restart   2/3    eval   340   this Q       171.4   best Q       62.37   193.4 min
  restart   2/3    eval   341   this Q         167   best Q       62.37   193.6 min
  restart   2/3    eval   342   this Q       165.6   best Q       62.37   193.8 min
  restart   2/3    eval   343   this Q       156.6   best Q       62.37   194.0 min
  restart   2/3    eval   344   this Q       147.7   best Q       62.37   194.2 min
  restart   2/3    eval   345   this Q         148   best Q       62.37   194.4 min
  restart   2/3    eval   346   this Q       160.2   best Q       62.37   194.6 min
  restart   2/3    eval   347   this Q       184.4   best Q       62.37   194.8 min
  restart   2/3    eval   348   this Q       153.8   best Q       62.37   195.0 min
  restart   2/3    eval   349   this Q       153.4   best Q       62.37   195.3 min
  restart   2/3    eval   350   this Q       157.7   best Q       62.37   195.5 min
  restart   2/3    eval   351   this Q       159.3   best Q       62.37   195.7 min
  restart   2/3    eval   352   this Q       173.8   best Q       62.37   195.9 min
  restart   2/3    eval   353   this Q       154.4   best Q       62.37   196.1 min
  restart   2/3    eval   354   this Q       147.9   best Q       62.37   196.3 min
  restart   2/3    eval   355   this Q       148.3   best Q       62.37   196.5 min
  restart   2/3    eval   356   this Q       147.2   best Q       62.37   196.7 min
  restart   2/3    eval   357   this Q       168.7   best Q       62.37   196.9 min
  restart   2/3    eval   358   this Q         156   best Q       62.37   197.1 min
  restart   2/3    eval   359   this Q         163   best Q       62.37   197.3 min
  restart   2/3    eval   360   this Q       150.3   best Q       62.37   197.5 min
  restart   2/3    eval   361   this Q         158   best Q       62.37   197.7 min
  restart   2/3    eval   362   this Q       147.5   best Q       62.37   197.9 min
  restart   2/3    eval   363   this Q       159.8   best Q       62.37   198.1 min
  restart   2/3    eval   364   this Q       148.3   best Q       62.37   198.3 min
  restart   2/3    eval   365   this Q       153.1   best Q       62.37   198.5 min
  restart   2/3    eval   366   this Q       159.6   best Q       62.37   198.7 min
  restart   2/3    eval   367   this Q       145.5   best Q       62.37   199.0 min
  restart   2/3    eval   368   this Q       143.5   best Q       62.37   199.2 min
  restart   2/3    eval   369   this Q       143.1   best Q       62.37   199.4 min
  restart   2/3    eval   370   this Q       144.3   best Q       62.37   199.6 min
  restart   2/3    eval   371   this Q       144.9   best Q       62.37   199.8 min
  restart   2/3    eval   372   this Q       139.7   best Q       62.37   200.0 min
  restart   2/3    eval   373   this Q       144.5   best Q       62.37   200.2 min
  restart   2/3    eval   374   this Q       159.9   best Q       62.37   200.4 min
  restart   2/3    eval   375   this Q       144.1   best Q       62.37   200.6 min
  restart   2/3    eval   376   this Q       147.1   best Q       62.37   200.8 min
  restart   2/3    eval   377   this Q       144.2   best Q       62.37   201.0 min
  restart   2/3    eval   378   this Q         143   best Q       62.37   201.2 min
  restart   2/3    eval   379   this Q       154.1   best Q       62.37   201.4 min
  restart   2/3    eval   380   this Q       143.1   best Q       62.37   201.6 min
  restart   2/3    eval   381   this Q       143.5   best Q       62.37   201.8 min
  restart   2/3    eval   382   this Q       158.5   best Q       62.37   202.0 min
  restart   2/3    eval   383   this Q       142.4   best Q       62.37   202.3 min
  restart   2/3    eval   384   this Q       147.8   best Q       62.37   202.5 min
  restart   2/3    eval   385   this Q       141.9   best Q       62.37   202.7 min
  restart   2/3    eval   386   this Q       137.1   best Q       62.37   202.9 min
  restart   2/3    eval   387   this Q       136.2   best Q       62.37   203.1 min
  restart   2/3    eval   388   this Q       142.7   best Q       62.37   203.3 min
  restart   2/3    eval   389   this Q       130.8   best Q       62.37   203.5 min
  restart   2/3    eval   390   this Q       129.4   best Q       62.37   203.7 min
  restart   2/3    eval   391   this Q       152.5   best Q       62.37   203.9 min
  restart   2/3    eval   392   this Q       140.5   best Q       62.37   204.1 min
  restart   2/3    eval   393   this Q         143   best Q       62.37   204.3 min
  restart   2/3    eval   394   this Q       138.6   best Q       62.37   204.5 min
  restart   2/3    eval   395   this Q       134.7   best Q       62.37   204.8 min
  restart   2/3    eval   396   this Q       139.1   best Q       62.37   205.0 min
  restart   2/3    eval   397   this Q       135.1   best Q       62.37   205.2 min
  restart   2/3    eval   398   this Q       135.7   best Q       62.37   205.4 min
  restart   2/3    eval   399   this Q       132.5   best Q       62.37   205.6 min
  restart   2/3    eval   400   this Q       132.4   best Q       62.37   205.8 min
  restart   2/3    eval   401   this Q       150.7   best Q       62.37   206.0 min
  restart   2/3    eval   402   this Q       137.1   best Q       62.37   206.2 min
  restart   2/3    eval   403   this Q       133.4   best Q       62.37   206.4 min
  restart   2/3    eval   404   this Q       133.8   best Q       62.37   206.6 min
  restart   2/3    eval   405   this Q       130.7   best Q       62.37   206.9 min
  restart   2/3    eval   406   this Q       128.3   best Q       62.37   207.1 min
  restart   2/3    eval   407   this Q         150   best Q       62.37   207.3 min
  restart   2/3    eval   408   this Q       129.4   best Q       62.37   207.5 min
  restart   2/3    eval   409   this Q       131.5   best Q       62.37   207.7 min
  restart   2/3    eval   410   this Q       126.1   best Q       62.37   207.9 min
  restart   2/3    eval   411   this Q       128.1   best Q       62.37   208.1 min
  restart   2/3    eval   412   this Q       129.9   best Q       62.37   208.3 min
  restart   2/3    eval   413   this Q       130.1   best Q       62.37   208.5 min
  restart   2/3    eval   414   this Q       122.7   best Q       62.37   208.7 min
  restart   2/3    eval   415   this Q       139.6   best Q       62.37   208.9 min
  restart   2/3    eval   416   this Q       127.7   best Q       62.37   209.2 min
  restart   2/3    eval   417   this Q         132   best Q       62.37   209.4 min
  restart   2/3    eval   418   this Q       126.6   best Q       62.37   209.6 min
  restart   2/3    eval   419   this Q       130.4   best Q       62.37   209.8 min
  restart   2/3    eval   420   this Q       142.5   best Q       62.37   210.0 min
  restart   2/3    eval   421   this Q       130.7   best Q       62.37   210.2 min
  restart   2/3    eval   422   this Q       132.1   best Q       62.37   210.4 min
  restart   2/3    eval   423   this Q       126.2   best Q       62.37   210.6 min
  restart   2/3    eval   424   this Q         124   best Q       62.37   210.8 min
  restart   2/3    eval   425   this Q       132.2   best Q       62.37   211.0 min
  restart   2/3    eval   426   this Q       128.7   best Q       62.37   211.3 min
  restart   2/3    eval   427   this Q       129.4   best Q       62.37   211.5 min
  restart   2/3    eval   428   this Q       123.6   best Q       62.37   211.7 min
  restart   2/3    eval   429   this Q       136.3   best Q       62.37   211.9 min
  restart   2/3    eval   430   this Q         128   best Q       62.37   212.1 min
  restart   2/3    eval   431   this Q       126.3   best Q       62.37   212.3 min
  restart   2/3    eval   432   this Q       127.9   best Q       62.37   212.5 min
  restart   2/3    eval   433   this Q       132.2   best Q       62.37   212.7 min
  restart   2/3    eval   434   this Q       126.1   best Q       62.37   212.9 min
  restart   2/3    eval   435   this Q       131.8   best Q       62.37   213.2 min
  restart   2/3    eval   436   this Q         127   best Q       62.37   213.4 min
  restart   2/3    eval   437   this Q         128   best Q       62.37   213.6 min
  restart   2/3    eval   438   this Q       124.2   best Q       62.37   213.8 min
  restart   2/3    eval   439   this Q       123.3   best Q       62.37   214.0 min
  restart   2/3    eval   440   this Q         123   best Q       62.37   214.2 min
  restart   2/3    eval   441   this Q       122.8   best Q       62.37   214.4 min
  restart   2/3    eval   442   this Q       119.1   best Q       62.37   214.6 min
  restart   2/3    eval   443   this Q       116.7   best Q       62.37   214.9 min
  restart   2/3    eval   444   this Q       124.8   best Q       62.37   215.1 min
  restart   2/3    eval   445   this Q       124.5   best Q       62.37   215.3 min
  restart   2/3    eval   446   this Q         123   best Q       62.37   215.5 min
  restart   2/3    eval   447   this Q       120.9   best Q       62.37   215.7 min
  restart   2/3    eval   448   this Q       120.2   best Q       62.37   215.9 min
  restart   2/3    eval   449   this Q       123.1   best Q       62.37   216.1 min
  restart   2/3    eval   450   this Q       121.8   best Q       62.37   216.3 min
  restart   2/3    eval   451   this Q       118.7   best Q       62.37   216.6 min
  restart   2/3    eval   452   this Q       117.5   best Q       62.37   216.8 min
  restart   2/3    eval   453   this Q       123.9   best Q       62.37   217.0 min
  restart   2/3    eval   454   this Q       127.7   best Q       62.37   217.2 min
  restart   2/3    eval   455   this Q       121.1   best Q       62.37   217.4 min
  restart   2/3    eval   456   this Q       121.4   best Q       62.37   217.6 min
  restart   2/3    eval   457   this Q       118.5   best Q       62.37   217.8 min
  restart   2/3    eval   458   this Q       123.4   best Q       62.37   218.1 min
  restart   2/3    eval   459   this Q       116.8   best Q       62.37   218.3 min
  restart   2/3    eval   460   this Q       124.4   best Q       62.37   218.5 min
  restart   2/3    eval   461   this Q       120.2   best Q       62.37   218.7 min
  restart   2/3    eval   462   this Q       117.7   best Q       62.37   218.9 min
  restart   2/3    eval   463   this Q         121   best Q       62.37   219.1 min
  restart   2/3    eval   464   this Q       119.4   best Q       62.37   219.3 min
  restart   2/3    eval   465   this Q       118.8   best Q       62.37   219.5 min
  restart   2/3    eval   466   this Q       118.1   best Q       62.37   219.8 min
  restart   2/3    eval   467   this Q       114.1   best Q       62.37   220.0 min
  restart   2/3    eval   468   this Q       117.5   best Q       62.37   220.2 min
  restart   2/3    eval   469   this Q       121.9   best Q       62.37   220.4 min
  restart   2/3    eval   470   this Q       118.7   best Q       62.37   220.6 min
  restart   2/3    eval   471   this Q       120.4   best Q       62.37   220.8 min
  restart   2/3    eval   472   this Q       114.6   best Q       62.37   221.0 min
  restart   2/3    eval   473   this Q       119.2   best Q       62.37   221.3 min
  restart   2/3    eval   474   this Q       116.4   best Q       62.37   221.5 min
  restart   2/3    eval   475   this Q       128.1   best Q       62.37   221.7 min
  restart   2/3    eval   476   this Q       117.9   best Q       62.37   221.9 min
  restart   2/3    eval   477   this Q       129.3   best Q       62.37   222.1 min
  restart   2/3    eval   478   this Q       117.6   best Q       62.37   222.3 min
  restart   2/3    eval   479   this Q       115.6   best Q       62.37   222.5 min
  restart   2/3    eval   480   this Q       118.6   best Q       62.37   222.7 min
  restart   2/3    eval   481   this Q         117   best Q       62.37   222.9 min
  restart   2/3    eval   482   this Q       117.9   best Q       62.37   223.2 min
  restart   2/3    eval   483   this Q       114.7   best Q       62.37   223.4 min
  restart   2/3    eval   484   this Q       115.6   best Q       62.37   223.6 min
  restart   2/3    eval   485   this Q       117.4   best Q       62.37   223.8 min
  restart   2/3    eval   486   this Q       115.9   best Q       62.37   224.0 min
  restart   2/3    eval   487   this Q       117.8   best Q       62.37   224.2 min
  restart   2/3    eval   488   this Q       112.9   best Q       62.37   224.4 min
  restart   2/3    eval   489   this Q         114   best Q       62.37   224.6 min
  restart   2/3    eval   490   this Q       118.4   best Q       62.37   224.8 min
  restart   2/3    eval   491   this Q       114.9   best Q       62.37   225.1 min
  restart   2/3    eval   492   this Q       117.6   best Q       62.37   225.3 min
  restart   2/3    eval   493   this Q       117.1   best Q       62.37   225.5 min
  restart   2/3    eval   494   this Q       117.6   best Q       62.37   225.7 min
  restart   2/3    eval   495   this Q       114.7   best Q       62.37   225.9 min
  restart   2/3    eval   496   this Q       114.8   best Q       62.37   226.1 min
  restart   2/3    eval   497   this Q       114.8   best Q       62.37   226.3 min
  restart   2/3    eval   498   this Q       119.4   best Q       62.37   226.5 min
  restart   2/3    eval   499   this Q       115.6   best Q       62.37   226.8 min
  restart   2/3    eval   500   this Q       115.7   best Q       62.37   227.0 min
  restart   2/3    eval   501   this Q       115.4   best Q       62.37   227.2 min
  restart   2/3    eval   502   this Q       113.4   best Q       62.37   227.4 min
  restart   2/3    eval   503   this Q       113.7   best Q       62.37   227.6 min
  restart   2/3    eval   504   this Q       119.1   best Q       62.37   227.8 min
  restart   2/3    eval   505   this Q       114.2   best Q       62.37   228.0 min
  restart   2/3    eval   506   this Q       116.7   best Q       62.37   228.2 min
  restart   2/3    eval   507   this Q       114.1   best Q       62.37   228.4 min
  restart   2/3    eval   508   this Q       117.1   best Q       62.37   228.7 min
  restart   2/3    eval   509   this Q       113.8   best Q       62.37   228.9 min
  restart   2/3    eval   510   this Q       117.5   best Q       62.37   229.1 min
  restart   2/3    eval   511   this Q       113.8   best Q       62.37   229.3 min
  restart   2/3    eval   512   this Q       113.4   best Q       62.37   229.5 min
  restart   2/3    eval   513   this Q       114.2   best Q       62.37   229.7 min
  restart   2/3    eval   514   this Q       115.1   best Q       62.37   229.9 min
  restart   2/3    eval   515   this Q       113.6   best Q       62.37   230.1 min
  restart   2/3    eval   516   this Q       113.7   best Q       62.37   230.4 min
  restart   2/3    eval   517   this Q       116.3   best Q       62.37   230.6 min
  restart   2/3    eval   518   this Q         113   best Q       62.37   230.8 min
  restart   2/3    eval   519   this Q       114.1   best Q       62.37   231.0 min
  restart   2/3    eval   520   this Q       115.2   best Q       62.37   231.2 min
  restart   2/3    eval   521   this Q       113.8   best Q       62.37   231.4 min
  restart   2/3    eval   522   this Q       113.5   best Q       62.37   231.6 min
  restart   2/3    eval   523   this Q       114.6   best Q       62.37   231.8 min
  restart   2/3    eval   524   this Q       114.1   best Q       62.37   232.0 min
  restart   2/3    eval   525   this Q       113.6   best Q       62.37   232.2 min
  restart   2/3    eval   526   this Q       113.9   best Q       62.37   232.4 min
  restart   2/3    eval   527   this Q       113.4   best Q       62.37   232.6 min
  restart   2/3    eval   528   this Q       111.9   best Q       62.37   232.8 min
  restart   2/3    eval   529   this Q       111.8   best Q       62.37   233.0 min
  restart   2/3    eval   530   this Q       115.8   best Q       62.37   233.2 min
  restart   2/3    eval   531   this Q       113.6   best Q       62.37   233.5 min
  restart   2/3    eval   532   this Q       111.8   best Q       62.37   233.7 min
  restart   2/3    eval   533   this Q       113.6   best Q       62.37   233.9 min
  restart   2/3    eval   534   this Q       112.5   best Q       62.37   234.1 min
  restart   2/3    eval   535   this Q       113.5   best Q       62.37   234.3 min
  restart   2/3    eval   536   this Q       111.2   best Q       62.37   234.5 min
  restart   2/3    eval   537   this Q       112.1   best Q       62.37   234.7 min
  restart   2/3    eval   538   this Q       113.4   best Q       62.37   234.9 min
  restart   2/3    eval   539   this Q       115.6   best Q       62.37   235.1 min
  restart   2/3    eval   540   this Q       114.1   best Q       62.37   235.3 min
  restart   2/3    eval   541   this Q       111.2   best Q       62.37   235.5 min
  restart   2/3    eval   542   this Q       111.8   best Q       62.37   235.7 min
  restart   2/3    eval   543   this Q       112.7   best Q       62.37   235.9 min
  restart   2/3    eval   544   this Q       112.8   best Q       62.37   236.1 min
  restart   2/3    eval   545   this Q       112.3   best Q       62.37   236.3 min
  restart   2/3    eval   546   this Q       112.6   best Q       62.37   236.5 min
  restart   2/3    eval   547   this Q       111.2   best Q       62.37   236.7 min
  restart   2/3    eval   548   this Q       112.9   best Q       62.37   236.9 min
  restart   2/3    eval   549   this Q       112.7   best Q       62.37   237.1 min
  restart   2/3    eval   550   this Q       113.5   best Q       62.37   237.3 min
  restart   2/3    eval   551   this Q       112.4   best Q       62.37   237.5 min
  restart   2/3    eval   552   this Q         112   best Q       62.37   237.7 min
  restart   2/3    eval   553   this Q         112   best Q       62.37   238.0 min
  restart   2/3    eval   554   this Q       112.4   best Q       62.37   238.2 min
  restart   2/3    eval   555   this Q       112.3   best Q       62.37   238.4 min
  restart   2/3    eval   556   this Q       111.9   best Q       62.37   238.6 min
  restart   2/3    eval   557   this Q       112.8   best Q       62.37   238.8 min
  restart   2/3    eval   558   this Q       112.3   best Q       62.37   239.0 min
  restart   2/3    eval   559   this Q       113.8   best Q       62.37   239.2 min
  restart   2/3    eval   560   this Q         112   best Q       62.37   239.4 min
  restart   2/3    eval   561   this Q       112.3   best Q       62.37   239.6 min
  restart   2/3    eval   562   this Q       112.1   best Q       62.37   239.8 min
  restart   2/3    eval   563   this Q       112.5   best Q       62.37   240.0 min
  restart   2/3    eval   564   this Q       111.1   best Q       62.37   240.2 min
  restart   2/3    eval   565   this Q       111.4   best Q       62.37   240.4 min
  restart   2/3    eval   566   this Q       112.3   best Q       62.37   240.6 min
  restart   2/3    eval   567   this Q       111.6   best Q       62.37   240.8 min
  restart   2/3    eval   568   this Q       112.5   best Q       62.37   241.0 min
  restart   2/3    eval   569   this Q       111.5   best Q       62.37   241.2 min
  restart   2/3    eval   570   this Q       112.4   best Q       62.37   241.4 min
  restart   2/3    eval   571   this Q       111.6   best Q       62.37   241.6 min
  restart   2/3    eval   572   this Q         113   best Q       62.37   241.8 min
  restart   2/3    eval   573   this Q       112.3   best Q       62.37   242.0 min
  restart   2/3    eval   574   this Q       111.2   best Q       62.37   242.2 min
  restart   2/3    eval   575   this Q       111.4   best Q       62.37   242.4 min
  restart   2/3    eval   576   this Q       112.2   best Q       62.37   242.6 min
  restart   2/3    eval   577   this Q       111.8   best Q       62.37   242.8 min
  restart   2/3    eval   578   this Q       112.4   best Q       62.37   243.0 min
  restart   2/3    eval   579   this Q       111.2   best Q       62.37   243.2 min
  restart   2/3    eval   580   this Q       111.4   best Q       62.37   243.5 min
  restart   2/3    eval   581   this Q       111.5   best Q       62.37   243.7 min
  restart   2/3    eval   582   this Q       111.5   best Q       62.37   243.9 min
  restart   2/3    eval   583   this Q       111.9   best Q       62.37   244.1 min
  restart   2/3    eval   584   this Q       111.5   best Q       62.37   244.3 min
  restart   2/3    eval   585   this Q       111.5   best Q       62.37   244.5 min
  restart   2/3    eval   586   this Q       111.5   best Q       62.37   244.7 min
  restart   2/3    eval   587   this Q       110.9   best Q       62.37   244.9 min
  restart   2/3    eval   588   this Q       111.5   best Q       62.37   245.1 min
  restart   2/3    eval   589   this Q       111.8   best Q       62.37   245.3 min
  restart   2/3    eval   590   this Q       111.6   best Q       62.37   245.5 min
  restart   2/3    eval   591   this Q       111.6   best Q       62.37   245.7 min
  restart   2/3    eval   592   this Q       111.5   best Q       62.37   245.9 min
  restart   2/3    eval   593   this Q       110.8   best Q       62.37   246.1 min
  restart   2/3    eval   594   this Q       111.9   best Q       62.37   246.3 min
  restart   2/3    eval   595   this Q       111.2   best Q       62.37   246.5 min
  restart   2/3    eval   596   this Q       112.1   best Q       62.37   246.7 min
  restart   2/3    eval   597   this Q       111.5   best Q       62.37   246.9 min
  restart   2/3    eval   598   this Q       111.5   best Q       62.37   247.1 min
  restart   2/3    eval   599   this Q       111.2   best Q       62.37   247.3 min
  restart   2/3    eval   600   this Q       111.7   best Q       62.37   247.5 min
  restart   2/3    eval   601   this Q       111.3   best Q       62.37   247.7 min
  restart   2/3    eval   602   this Q       111.6   best Q       62.37   247.9 min
  restart   2/3    eval   603   this Q       111.5   best Q       62.37   248.1 min
  restart   2/3    eval   604   this Q       110.4   best Q       62.37   248.3 min
  restart   2/3    eval   605   this Q       111.4   best Q       62.37   248.5 min
  restart   2/3    eval   606   this Q       110.8   best Q       62.37   248.7 min
  restart   2/3    eval   607   this Q       110.8   best Q       62.37   248.9 min
  restart   2/3    eval   608   this Q       110.8   best Q       62.37   249.2 min
  restart   2/3    eval   609   this Q       110.5   best Q       62.37   249.4 min
  restart   2/3    eval   610   this Q       111.9   best Q       62.37   249.6 min
  restart   2/3    eval   611   this Q       111.2   best Q       62.37   249.8 min
  restart   2/3    eval   612   this Q       110.9   best Q       62.37   250.0 min
  restart   2/3    eval   613   this Q       110.8   best Q       62.37   250.2 min
  restart   2/3    eval   614   this Q         111   best Q       62.37   250.4 min
  restart   2/3    eval   615   this Q       110.6   best Q       62.37   250.6 min
  restart   2/3    eval   616   this Q       110.6   best Q       62.37   250.8 min
  restart   2/3    eval   617   this Q       110.6   best Q       62.37   251.0 min
  restart   2/3    eval   618   this Q       110.7   best Q       62.37   251.3 min
  restart   2/3    eval   619   this Q       111.4   best Q       62.37   251.5 min
  restart   2/3    eval   620   this Q       110.9   best Q       62.37   251.7 min
  restart   2/3    eval   621   this Q       111.6   best Q       62.37   251.9 min
  restart   2/3    eval   622   this Q       110.8   best Q       62.37   252.1 min
  restart   2/3    eval   623   this Q       111.3   best Q       62.37   252.4 min
  restart   2/3    eval   624   this Q         111   best Q       62.37   252.6 min
  restart   2/3    eval   625   this Q       110.7   best Q       62.37   252.8 min
  restart   2/3    eval   626   this Q       110.6   best Q       62.37   253.0 min
  restart   2/3    eval   627   this Q         112   best Q       62.37   253.2 min
  restart   2/3    eval   628   this Q       110.8   best Q       62.37   253.5 min
  restart   2/3    eval   629   this Q       110.6   best Q       62.37   253.7 min
  restart   2/3    eval   630   this Q       110.6   best Q       62.37   253.9 min
  restart   2/3    eval   631   this Q       110.6   best Q       62.37   254.1 min
  restart   2/3    eval   632   this Q       110.6   best Q       62.37   254.3 min
  restart   2/3    eval   633   this Q       110.8   best Q       62.37   254.6 min
  restart   2/3    eval   634   this Q       110.8   best Q       62.37   254.8 min
  restart   2/3    eval   635   this Q       110.9   best Q       62.37   255.0 min
  restart   2/3    eval   636   this Q       110.7   best Q       62.37   255.2 min
  restart   2/3    eval   637   this Q       110.7   best Q       62.37   255.4 min
  restart   2/3    eval   638   this Q       110.6   best Q       62.37   255.6 min
  restart   2/3    eval   639   this Q       110.9   best Q       62.37   255.9 min
  restart   2/3    eval   640   this Q       110.8   best Q       62.37   256.1 min
  restart   2/3    eval   641   this Q       110.7   best Q       62.37   256.3 min
  restart   2/3    eval   642   this Q       110.8   best Q       62.37   256.5 min
  restart   2/3    eval   643   this Q       110.7   best Q       62.37   256.8 min
  restart   2/3    eval   644   this Q       110.7   best Q       62.37   257.0 min
  restart   2/3    eval   645   this Q       110.7   best Q       62.37   257.2 min
  restart   2/3    eval   646   this Q       110.6   best Q       62.37   257.4 min
  restart   2/3    eval   647   this Q       110.6   best Q       62.37   257.7 min
  restart   2/3    eval   648   this Q       110.8   best Q       62.37   257.9 min
  restart   2/3    eval   649   this Q       110.7   best Q       62.37   258.1 min
  restart   2/3    eval   650   this Q       110.6   best Q       62.37   258.3 min
  restart   2/3    eval   651   this Q       110.7   best Q       62.37   258.6 min
  restart   2/3    eval   652   this Q       110.7   best Q       62.37   258.8 min
  restart   2/3    eval   653   this Q       110.7   best Q       62.37   259.0 min
  restart   2/3    eval   654   this Q       110.6   best Q       62.37   259.2 min
  restart   2/3    eval   655   this Q       110.7   best Q       62.37   259.4 min
  restart   2/3    eval   656   this Q       110.5   best Q       62.37   259.7 min
  restart   2/3    eval   657   this Q       110.7   best Q       62.37   259.9 min
  restart   2/3    eval   658   this Q       110.9   best Q       62.37   260.1 min
  restart   2/3    eval   659   this Q       110.8   best Q       62.37   260.3 min
  restart   2/3    eval   660   this Q       110.7   best Q       62.37   260.5 min
  restart   2/3    eval   661   this Q       110.6   best Q       62.37   260.8 min
  restart   2/3    eval   662   this Q       110.8   best Q       62.37   260.9 min
  restart   2/3    eval   663   this Q       110.6   best Q       62.37   261.1 min
  restart   2/3    eval   664   this Q       110.6   best Q       62.37   261.3 min
  restart   2/3    eval   665   this Q       110.6   best Q       62.37   261.5 min
  restart   2/3    eval   666   this Q       110.4   best Q       62.37   261.7 min
  restart   2/3    eval   667   this Q       110.7   best Q       62.37   261.9 min
  restart   2/3    eval   668   this Q       110.6   best Q       62.37   262.1 min
  restart   2/3    eval   669   this Q       110.3   best Q       62.37   262.3 min
  restart   2/3    eval   670   this Q       111.6   best Q       62.37   262.5 min
  restart   2/3    eval   671   this Q       110.3   best Q       62.37   262.7 min
  restart   2/3    eval   672   this Q       110.8   best Q       62.37   262.9 min
  restart   2/3    eval   673   this Q       110.7   best Q       62.37   263.1 min
  restart   2/3    eval   674   this Q       110.7   best Q       62.37   263.3 min
  restart   2/3    eval   675   this Q       110.4   best Q       62.37   263.5 min
  restart   2/3    eval   676   this Q       110.4   best Q       62.37   263.7 min
  restart   2/3    eval   677   this Q       110.6   best Q       62.37   263.9 min
  restart   2/3    eval   678   this Q       110.3   best Q       62.37   264.1 min
  restart   2/3    eval   679   this Q       110.3   best Q       62.37   264.3 min
  restart   2/3    eval   680   this Q       110.6   best Q       62.37   264.5 min
  restart   2/3    eval   681   this Q       110.7   best Q       62.37   264.7 min
  restart   2/3    eval   682   this Q       110.4   best Q       62.37   264.9 min
  restart   2/3    eval   683   this Q       110.3   best Q       62.37   265.1 min
  restart   2/3    eval   684   this Q       110.7   best Q       62.37   265.3 min
  restart   2/3    eval   685   this Q       110.4   best Q       62.37   265.5 min
  restart   2/3    eval   686   this Q       110.4   best Q       62.37   265.7 min
  restart   2/3    eval   687   this Q       110.3   best Q       62.37   265.9 min
  restart   2/3    eval   688   this Q       110.3   best Q       62.37   266.1 min
  restart   2/3    eval   689   this Q       110.4   best Q       62.37   266.3 min
  restart   2/3    eval   690   this Q       110.4   best Q       62.37   266.4 min
  restart   2/3    eval   691   this Q       110.3   best Q       62.37   266.6 min
  restart   2/3    eval   692   this Q       110.3   best Q       62.37   266.8 min
  restart   2/3    eval   693   this Q       110.3   best Q       62.37   267.0 min
  restart   2/3    eval   694   this Q       110.4   best Q       62.37   267.2 min
  restart   2/3   DONE   this       110.3   best Q       62.37   267.2 min, ~134 min left
  restart   3/3    eval     1   this Q       67.23   best Q       62.37   267.5 min
  restart   3/3    eval     2   this Q       67.23   best Q       62.37   267.7 min
  restart   3/3    eval     3   this Q   1.589e+04   best Q       62.37   267.8 min
  restart   3/3    eval     4   this Q        8505   best Q       62.37   268.0 min
  restart   3/3    eval     5   this Q   1.643e+04   best Q       62.37   268.3 min
  restart   3/3    eval     6   this Q       1e+06   best Q       62.37   268.4 min
  restart   3/3    eval     7   this Q        8884   best Q       62.37   268.6 min
  restart   3/3    eval     8   this Q       1e+06   best Q       62.37   268.8 min
  restart   3/3    eval     9   this Q        5381   best Q       62.37   269.0 min
  restart   3/3    eval    10   this Q        2432   best Q       62.37   269.2 min
  restart   3/3    eval    11   this Q       1e+06   best Q       62.37   269.4 min
  restart   3/3    eval    12   this Q       95.97   best Q       62.37   269.6 min
  restart   3/3    eval    13   this Q       1e+06   best Q       62.37   269.8 min
  restart   3/3    eval    14   this Q       126.3   best Q       62.37   270.0 min
  restart   3/3    eval    15   this Q       150.4   best Q       62.37   270.2 min
  restart   3/3    eval    16   this Q        2410   best Q       62.37   270.4 min
  restart   3/3    eval    17   this Q       268.3   best Q       62.37   270.7 min
  restart   3/3    eval    18   this Q       110.7   best Q       62.37   270.9 min
  restart   3/3    eval    19   this Q       1e+06   best Q       62.37   271.1 min
  restart   3/3    eval    20   this Q        2595   best Q       62.37   271.3 min
  restart   3/3    eval    21   this Q   1.806e+04   best Q       62.37   271.5 min
  restart   3/3    eval    22   this Q   3.619e+04   best Q       62.37   271.7 min
  restart   3/3    eval    23   this Q       1e+06   best Q       62.37   271.9 min
  restart   3/3    eval    24   this Q       1e+06   best Q       62.37   272.1 min
  restart   3/3    eval    25   this Q        3056   best Q       62.37   272.3 min
  restart   3/3    eval    26   this Q        2838   best Q       62.37   272.5 min
  restart   3/3    eval    27   this Q        5311   best Q       62.37   272.7 min
  restart   3/3    eval    28   this Q       1e+06   best Q       62.37   272.9 min
  restart   3/3    eval    29   this Q        2633   best Q       62.37   273.1 min
  restart   3/3    eval    30   this Q   1.211e+04   best Q       62.37   273.3 min
  restart   3/3    eval    31   this Q       826.4   best Q       62.37   273.5 min
  restart   3/3    eval    32   this Q       378.3   best Q       62.37   273.7 min
  restart   3/3    eval    33   this Q        6251   best Q       62.37   273.9 min
  restart   3/3    eval    34   this Q        68.5   best Q       62.37   274.1 min
  restart   3/3    eval    35   this Q        1593   best Q       62.37   274.3 min
  restart   3/3    eval    36   this Q         103   best Q       62.37   274.5 min
  restart   3/3    eval    37   this Q       86.75   best Q       62.37   274.7 min
  restart   3/3    eval    38   this Q         369   best Q       62.37   274.9 min
  restart   3/3    eval    39   this Q       128.9   best Q       62.37   275.1 min
  restart   3/3    eval    40   this Q       89.29   best Q       62.37   275.4 min
  restart   3/3    eval    41   this Q       1e+06   best Q       62.37   275.6 min
  restart   3/3    eval    42   this Q   4.244e+04   best Q       62.37   275.8 min
  restart   3/3    eval    43   this Q       1e+06   best Q       62.37   276.0 min
  restart   3/3    eval    44   this Q   1.529e+04   best Q       62.37   276.2 min
  restart   3/3    eval    45   this Q        7446   best Q       62.37   276.4 min
  restart   3/3    eval    46   this Q       1e+06   best Q       62.37   276.6 min
  restart   3/3    eval    47   this Q        3428   best Q       62.37   276.8 min
  restart   3/3    eval    48   this Q   1.388e+04   best Q       62.37   277.0 min
  restart   3/3    eval    49   this Q        2162   best Q       62.37   277.2 min
  restart   3/3    eval    50   this Q        8946   best Q       62.37   277.4 min
  restart   3/3    eval    51   this Q        1916   best Q       62.37   277.6 min
  restart   3/3    eval    52   this Q        6813   best Q       62.37   277.9 min
  restart   3/3    eval    53   this Q        1795   best Q       62.37   278.1 min
  restart   3/3    eval    54   this Q        3838   best Q       62.37   278.3 min
  restart   3/3    eval    55   this Q       853.7   best Q       62.37   278.5 min
  restart   3/3    eval    56   this Q        1572   best Q       62.37   278.7 min
  restart   3/3    eval    57   this Q        2648   best Q       62.37   278.9 min
  restart   3/3    eval    58   this Q       697.7   best Q       62.37   279.1 min
  restart   3/3    eval    59   this Q        2946   best Q       62.37   279.3 min
  restart   3/3    eval    60   this Q       766.5   best Q       62.37   279.5 min
  restart   3/3    eval    61   this Q        3791   best Q       62.37   279.7 min
  restart   3/3    eval    62   this Q       685.3   best Q       62.37   279.9 min
  restart   3/3    eval    63   this Q        2259   best Q       62.37   280.1 min
  restart   3/3    eval    64   this Q       613.2   best Q       62.37   280.3 min
  restart   3/3    eval    65   this Q        1722   best Q       62.37   280.5 min
  restart   3/3    eval    66   this Q       438.7   best Q       62.37   280.7 min
  restart   3/3    eval    67   this Q        2821   best Q       62.37   280.9 min
  restart   3/3    eval    68   this Q         761   best Q       62.37   281.1 min
  restart   3/3    eval    69   this Q        3211   best Q       62.37   281.3 min
  restart   3/3    eval    70   this Q       534.9   best Q       62.37   281.6 min
  restart   3/3    eval    71   this Q        1168   best Q       62.37   281.8 min
  restart   3/3    eval    72   this Q       237.9   best Q       62.37   282.0 min
  restart   3/3    eval    73   this Q       345.2   best Q       62.37   282.2 min
  restart   3/3    eval    74   this Q       700.2   best Q       62.37   282.4 min
  restart   3/3    eval    75   this Q        1134   best Q       62.37   282.6 min
  restart   3/3    eval    76   this Q       293.9   best Q       62.37   282.8 min
  restart   3/3    eval    77   this Q       706.5   best Q       62.37   283.0 min
  restart   3/3    eval    78   this Q       361.6   best Q       62.37   283.2 min
  restart   3/3    eval    79   this Q       614.2   best Q       62.37   283.4 min
  restart   3/3    eval    80   this Q        1224   best Q       62.37   283.6 min
  restart   3/3    eval    81   this Q       244.4   best Q       62.37   283.8 min
  restart   3/3    eval    82   this Q       691.9   best Q       62.37   284.0 min
  restart   3/3    eval    83   this Q       217.3   best Q       62.37   284.2 min
  restart   3/3    eval    84   this Q       629.9   best Q       62.37   284.4 min
  restart   3/3    eval    85   this Q       210.2   best Q       62.37   284.7 min
  restart   3/3    eval    86   this Q       501.1   best Q       62.37   284.9 min
  restart   3/3    eval    87   this Q       147.6   best Q       62.37   285.1 min
  restart   3/3    eval    88   this Q       469.7   best Q       62.37   285.3 min
  restart   3/3    eval    89   this Q       147.6   best Q       62.37   285.5 min
  restart   3/3    eval    90   this Q       257.2   best Q       62.37   285.7 min
  restart   3/3    eval    91   this Q       288.5   best Q       62.37   285.9 min
  restart   3/3    eval    92   this Q       302.5   best Q       62.37   286.1 min
  restart   3/3    eval    93   this Q       455.5   best Q       62.37   286.3 min
  restart   3/3    eval    94   this Q       142.3   best Q       62.37   286.5 min
  restart   3/3    eval    95   this Q       251.7   best Q       62.37   286.7 min
  restart   3/3    eval    96   this Q         283   best Q       62.37   287.0 min
  restart   3/3    eval    97   this Q       343.9   best Q       62.37   287.2 min
  restart   3/3    eval    98   this Q       176.5   best Q       62.37   287.4 min
  restart   3/3    eval    99   this Q       292.8   best Q       62.37   287.6 min
  restart   3/3    eval   100   this Q       112.5   best Q       62.37   287.8 min
  restart   3/3    eval   101   this Q       452.9   best Q       62.37   288.0 min
  restart   3/3    eval   102   this Q         121   best Q       62.37   288.2 min
  restart   3/3    eval   103   this Q       254.8   best Q       62.37   288.4 min
  restart   3/3    eval   104   this Q       108.8   best Q       62.37   288.6 min
  restart   3/3    eval   105   this Q       333.1   best Q       62.37   288.8 min
  restart   3/3    eval   106   this Q       118.3   best Q       62.37   289.1 min
  restart   3/3    eval   107   this Q       238.8   best Q       62.37   289.3 min
  restart   3/3    eval   108   this Q       111.2   best Q       62.37   289.5 min
  restart   3/3    eval   109   this Q       198.2   best Q       62.37   289.7 min
  restart   3/3    eval   110   this Q       231.6   best Q       62.37   289.9 min
  restart   3/3    eval   111   this Q       103.3   best Q       62.37   290.1 min
  restart   3/3    eval   112   this Q       210.5   best Q       62.37   290.3 min
  restart   3/3    eval   113   this Q       99.45   best Q       62.37   290.5 min
  restart   3/3    eval   114   this Q       162.2   best Q       62.37   290.7 min
  restart   3/3    eval   115   this Q       126.2   best Q       62.37   290.9 min
  restart   3/3    eval   116   this Q       192.5   best Q       62.37   291.1 min
  restart   3/3    eval   117   this Q         101   best Q       62.37   291.3 min
  restart   3/3    eval   118   this Q       177.6   best Q       62.37   291.5 min
  restart   3/3    eval   119   this Q       93.18   best Q       62.37   291.7 min
  restart   3/3    eval   120   this Q       161.9   best Q       62.37   291.9 min
  restart   3/3    eval   121   this Q       104.9   best Q       62.37   292.1 min
  restart   3/3    eval   122   this Q       126.6   best Q       62.37   292.4 min
  restart   3/3    eval   123   this Q       76.64   best Q       62.37   292.6 min
  restart   3/3    eval   124   this Q       91.22   best Q       62.37   292.8 min
  restart   3/3    eval   125   this Q       115.1   best Q       62.37   293.0 min
  restart   3/3    eval   126   this Q       122.9   best Q       62.37   293.2 min
  restart   3/3    eval   127   this Q       84.49   best Q       62.37   293.4 min
  restart   3/3    eval   128   this Q       122.4   best Q       62.37   293.6 min
  restart   3/3    eval   129   this Q       76.05   best Q       62.37   293.8 min
  restart   3/3    eval   130   this Q       134.2   best Q       62.37   294.0 min
  restart   3/3    eval   131   this Q       75.31   best Q       62.37   294.2 min
  restart   3/3    eval   132   this Q       114.1   best Q       62.37   294.4 min
  restart   3/3    eval   133   this Q       80.06   best Q       62.37   294.6 min
  restart   3/3    eval   134   this Q       110.6   best Q       62.37   294.8 min
  restart   3/3    eval   135   this Q       80.19   best Q       62.37   295.1 min
  restart   3/3    eval   136   this Q       90.31   best Q       62.37   295.3 min
  restart   3/3    eval   137   this Q       102.2   best Q       62.37   295.5 min
  restart   3/3    eval   138   this Q       86.15   best Q       62.37   295.7 min
  restart   3/3    eval   139   this Q       115.2   best Q       62.37   295.9 min
  restart   3/3    eval   140   this Q       74.57   best Q       62.37   296.1 min
  restart   3/3    eval   141   this Q       119.6   best Q       62.37   296.3 min
  restart   3/3    eval   142   this Q       73.14   best Q       62.37   296.6 min
  restart   3/3    eval   143   this Q       96.66   best Q       62.37   296.8 min
  restart   3/3    eval   144   this Q       74.89   best Q       62.37   297.0 min
  restart   3/3    eval   145   this Q       121.1   best Q       62.37   297.2 min
  restart   3/3    eval   146   this Q       69.81   best Q       62.37   297.4 min
  restart   3/3    eval   147   this Q       97.33   best Q       62.37   297.6 min
  restart   3/3    eval   148   this Q       75.37   best Q       62.37   297.8 min
  restart   3/3    eval   149   this Q       87.38   best Q       62.37   298.0 min
  restart   3/3    eval   150   this Q        91.4   best Q       62.37   298.2 min
  restart   3/3    eval   151   this Q       71.29   best Q       62.37   298.4 min
  restart   3/3    eval   152   this Q       89.24   best Q       62.37   298.7 min
  restart   3/3    eval   153   this Q       71.09   best Q       62.37   298.9 min
  restart   3/3    eval   154   this Q        76.2   best Q       62.37   299.1 min
  restart   3/3    eval   155   this Q       103.7   best Q       62.37   299.3 min
  restart   3/3    eval   156   this Q       183.2   best Q       62.37   299.5 min
  restart   3/3    eval   157   this Q       63.83   best Q       62.37   299.7 min
  restart   3/3    eval   158   this Q       68.82   best Q       62.37   299.9 min
  restart   3/3    eval   159   this Q        64.4   best Q       62.37   300.1 min
  restart   3/3    eval   160   this Q       67.63   best Q       62.37   300.3 min
  restart   3/3    eval   161   this Q       69.94   best Q       62.37   300.5 min
  restart   3/3    eval   162   this Q       69.65   best Q       62.37   300.7 min
  restart   3/3    eval   163   this Q       65.43   best Q       62.37   301.0 min
  restart   3/3    eval   164   this Q       67.85   best Q       62.37   301.2 min
  restart   3/3    eval   165   this Q       66.69   best Q       62.37   301.4 min
  restart   3/3    eval   166   this Q       64.31   best Q       62.37   301.6 min
  restart   3/3    eval   167   this Q       71.82   best Q       62.37   301.8 min
  restart   3/3    eval   168   this Q       236.9   best Q       62.37   302.0 min
  restart   3/3    eval   169   this Q       72.51   best Q       62.37   302.2 min
  restart   3/3    eval   170   this Q        68.4   best Q       62.37   302.4 min
  restart   3/3    eval   171   this Q       68.02   best Q       62.37   302.6 min
  restart   3/3    eval   172   this Q       70.51   best Q       62.37   302.9 min
  restart   3/3    eval   173   this Q       72.26   best Q       62.37   303.1 min
  restart   3/3    eval   174   this Q       69.26   best Q       62.37   303.3 min
  restart   3/3    eval   175   this Q       228.7   best Q       62.37   303.5 min
  restart   3/3    eval   176   this Q       66.48   best Q       62.37   303.7 min
  restart   3/3    eval   177   this Q       66.38   best Q       62.37   303.9 min
  restart   3/3    eval   178   this Q       67.21   best Q       62.37   304.1 min
  restart   3/3    eval   179   this Q       67.01   best Q       62.37   304.3 min
  restart   3/3    eval   180   this Q       68.46   best Q       62.37   304.5 min
  restart   3/3    eval   181   this Q       66.46   best Q       62.37   304.8 min
  restart   3/3    eval   182   this Q       67.47   best Q       62.37   305.0 min
  restart   3/3    eval   183   this Q       67.84   best Q       62.37   305.2 min
  restart   3/3    eval   184   this Q       66.57   best Q       62.37   305.4 min
  restart   3/3    eval   185   this Q       66.02   best Q       62.37   305.6 min
  restart   3/3    eval   186   this Q       68.19   best Q       62.37   305.8 min
  restart   3/3    eval   187   this Q       63.62   best Q       62.37   306.0 min
  restart   3/3    eval   188   this Q       70.35   best Q       62.37   306.2 min
  restart   3/3    eval   189   this Q       64.63   best Q       62.37   306.4 min
  restart   3/3    eval   190   this Q       64.66   best Q       62.37   306.6 min
  restart   3/3    eval   191   this Q       66.69   best Q       62.37   306.9 min
  restart   3/3    eval   192   this Q       67.68   best Q       62.37   307.1 min
  restart   3/3    eval   193   this Q       64.53   best Q       62.37   307.3 min
  restart   3/3    eval   194   this Q       72.62   best Q       62.37   307.5 min
  restart   3/3    eval   195   this Q       65.05   best Q       62.37   307.7 min
  restart   3/3    eval   196   this Q        68.1   best Q       62.37   307.9 min
  restart   3/3    eval   197   this Q       64.49   best Q       62.37   308.1 min
  restart   3/3    eval   198   this Q       65.04   best Q       62.37   308.3 min
  restart   3/3    eval   199   this Q       67.07   best Q       62.37   308.5 min
  restart   3/3    eval   200   this Q       64.28   best Q       62.37   308.7 min
  restart   3/3    eval   201   this Q       67.92   best Q       62.37   308.9 min
  restart   3/3    eval   202   this Q       64.98   best Q       62.37   309.2 min
  restart   3/3    eval   203   this Q        63.8   best Q       62.37   309.4 min
  restart   3/3    eval   204   this Q       64.73   best Q       62.37   309.6 min
  restart   3/3    eval   205   this Q       67.23   best Q       62.37   309.8 min
  restart   3/3    eval   206   this Q       65.15   best Q       62.37   310.0 min
  restart   3/3    eval   207   this Q        68.1   best Q       62.37   310.2 min
  restart   3/3    eval   208   this Q        63.2   best Q       62.37   310.4 min
  restart   3/3    eval   209   this Q       66.24   best Q       62.37   310.6 min
  restart   3/3    eval   210   this Q       63.66   best Q       62.37   310.8 min
  restart   3/3    eval   211   this Q        64.3   best Q       62.37   311.1 min
  restart   3/3    eval   212   this Q       64.96   best Q       62.37   311.3 min
  restart   3/3    eval   213   this Q        66.8   best Q       62.37   311.5 min
  restart   3/3    eval   214   this Q        64.5   best Q       62.37   311.7 min
  restart   3/3    eval   215   this Q       65.93   best Q       62.37   311.9 min
  restart   3/3    eval   216   this Q       63.21   best Q       62.37   312.1 min
  restart   3/3    eval   217   this Q       64.88   best Q       62.37   312.3 min
  restart   3/3    eval   218   this Q       63.44   best Q       62.37   312.5 min
  restart   3/3    eval   219   this Q        68.1   best Q       62.37   312.7 min
  restart   3/3    eval   220   this Q       63.17   best Q       62.37   313.0 min
  restart   3/3    eval   221   this Q       63.58   best Q       62.37   313.2 min
  restart   3/3    eval   222   this Q       63.59   best Q       62.37   313.4 min
  restart   3/3    eval   223   this Q       62.71   best Q       62.37   313.6 min
  restart   3/3    eval   224   this Q       65.04   best Q       62.37   313.8 min
  restart   3/3    eval   225   this Q       63.77   best Q       62.37   314.0 min
  restart   3/3    eval   226   this Q       65.55   best Q       62.37   314.3 min
  restart   3/3    eval   227   this Q       63.25   best Q       62.37   314.5 min
  restart   3/3    eval   228   this Q       64.94   best Q       62.37   314.7 min
  restart   3/3    eval   229   this Q       63.09   best Q       62.37   314.9 min
  restart   3/3    eval   230   this Q       62.58   best Q       62.37   315.1 min
  restart   3/3    eval   231   this Q       65.11   best Q       62.37   315.4 min
  restart   3/3    eval   232   this Q       64.82   best Q       62.37   315.6 min
  restart   3/3    eval   233   this Q       64.25   best Q       62.37   315.8 min
  restart   3/3    eval   234   this Q       63.75   best Q       62.37   316.0 min
  restart   3/3    eval   235   this Q       62.54   best Q       62.37   316.2 min
  restart   3/3    eval   236   this Q       64.77   best Q       62.37   316.4 min
  restart   3/3    eval   237   this Q       63.89   best Q       62.37   316.6 min
  restart   3/3    eval   238   this Q       62.98   best Q       62.37   316.8 min
  restart   3/3    eval   239   this Q       67.78   best Q       62.37   317.0 min
  restart   3/3    eval   240   this Q       70.59   best Q       62.37   317.3 min
  restart   3/3    eval   241   this Q       62.39   best Q       62.37   317.5 min
  restart   3/3    eval   242   this Q       62.58   best Q       62.37   317.7 min
  restart   3/3    eval   243   this Q        62.9   best Q       62.37   317.9 min
  restart   3/3    eval   244   this Q       63.06   best Q       62.37   318.1 min
  restart   3/3    eval   245   this Q       62.93   best Q       62.37   318.3 min
  restart   3/3    eval   246   this Q       63.37   best Q       62.37   318.5 min
  restart   3/3    eval   247   this Q       62.91   best Q       62.37   318.7 min
  restart   3/3    eval   248   this Q       62.95   best Q       62.37   319.0 min
  restart   3/3    eval   249   this Q       63.48   best Q       62.37   319.2 min
  restart   3/3    eval   250   this Q       63.47   best Q       62.37   319.4 min
  restart   3/3    eval   251   this Q       62.62   best Q       62.37   319.6 min
  restart   3/3    eval   252   this Q       69.86   best Q       62.37   319.8 min
  restart   3/3    eval   253   this Q        62.9   best Q       62.37   320.0 min
  restart   3/3    eval   254   this Q       62.93   best Q       62.37   320.2 min
  restart   3/3    eval   255   this Q       62.98   best Q       62.37   320.4 min
  restart   3/3    eval   256   this Q       62.98   best Q       62.37   320.7 min
  restart   3/3    eval   257   this Q       66.29   best Q       62.37   320.9 min
  restart   3/3    eval   258   this Q       64.01   best Q       62.37   321.1 min
  restart   3/3    eval   259   this Q       63.43   best Q       62.37   321.3 min
  restart   3/3    eval   260   this Q       63.12   best Q       62.37   321.5 min
  restart   3/3    eval   261   this Q       62.53   best Q       62.37   321.8 min
  restart   3/3    eval   262   this Q       63.61   best Q       62.37   322.0 min
  restart   3/3    eval   263   this Q       62.45   best Q       62.37   322.2 min
  restart   3/3    eval   264   this Q       62.81   best Q       62.37   322.4 min
  restart   3/3    eval   265   this Q       63.23   best Q       62.37   322.6 min
  restart   3/3    eval   266   this Q       62.72   best Q       62.37   322.8 min
  restart   3/3    eval   267   this Q       62.67   best Q       62.37   323.1 min
  restart   3/3    eval   268   this Q       63.13   best Q       62.37   323.3 min
  restart   3/3    eval   269   this Q       62.57   best Q       62.37   323.5 min
  restart   3/3    eval   270   this Q       63.15   best Q       62.37   323.7 min
  restart   3/3    eval   271   this Q       62.23   best Q       62.23   323.9 min
  restart   3/3    eval   272   this Q       63.02   best Q       62.23   324.2 min
  restart   3/3    eval   273   this Q       62.75   best Q       62.23   324.4 min
  restart   3/3    eval   274   this Q       63.09   best Q       62.23   324.6 min
  restart   3/3    eval   275   this Q        62.4   best Q       62.23   324.8 min
  restart   3/3    eval   276   this Q        62.5   best Q       62.23   325.0 min
  restart   3/3    eval   277   this Q          63   best Q       62.23   325.3 min
  restart   3/3    eval   278   this Q       62.52   best Q       62.23   325.5 min
  restart   3/3    eval   279   this Q       62.45   best Q       62.23   325.7 min
  restart   3/3    eval   280   this Q       62.28   best Q       62.23   325.9 min
  restart   3/3    eval   281   this Q        63.1   best Q       62.23   326.1 min
  restart   3/3    eval   282   this Q       62.59   best Q       62.23   326.3 min
  restart   3/3    eval   283   this Q       62.38   best Q       62.23   326.5 min
  restart   3/3    eval   284   this Q       62.57   best Q       62.23   326.7 min
  restart   3/3    eval   285   this Q       62.98   best Q       62.23   327.0 min
  restart   3/3    eval   286   this Q       62.33   best Q       62.23   327.2 min
  restart   3/3    eval   287   this Q       63.17   best Q       62.23   327.4 min
  restart   3/3    eval   288   this Q       62.72   best Q       62.23   327.6 min
  restart   3/3    eval   289   this Q       62.29   best Q       62.23   327.8 min
  restart   3/3    eval   290   this Q       62.69   best Q       62.23   328.0 min
  restart   3/3    eval   291   this Q       62.31   best Q       62.23   328.2 min
  restart   3/3    eval   292   this Q       62.28   best Q       62.23   328.4 min
  restart   3/3    eval   293   this Q       62.36   best Q       62.23   328.7 min
  restart   3/3    eval   294   this Q       62.47   best Q       62.23   328.9 min
  restart   3/3    eval   295   this Q       62.42   best Q       62.23   329.1 min
  restart   3/3    eval   296   this Q       62.22   best Q       62.22   329.3 min
  restart   3/3    eval   297   this Q       62.33   best Q       62.22   329.5 min
  restart   3/3    eval   298   this Q       62.21   best Q       62.21   329.7 min
  restart   3/3    eval   299   this Q       62.71   best Q       62.21   329.9 min
  restart   3/3    eval   300   this Q       62.44   best Q       62.21   330.1 min
  restart   3/3    eval   301   this Q        62.4   best Q       62.21   330.3 min
  restart   3/3    eval   302   this Q       62.35   best Q       62.21   330.6 min
  restart   3/3    eval   303   this Q       62.19   best Q       62.19   330.8 min
  restart   3/3    eval   304   this Q       62.46   best Q       62.19   331.0 min
  restart   3/3    eval   305   this Q       62.27   best Q       62.19   331.2 min
  restart   3/3    eval   306   this Q       62.28   best Q       62.19   331.4 min
  restart   3/3    eval   307   this Q       62.16   best Q       62.16   331.6 min
  restart   3/3    eval   308   this Q       62.93   best Q       62.16   331.8 min
  restart   3/3    eval   309   this Q       62.16   best Q       62.16   332.0 min
  restart   3/3    eval   310   this Q        62.1   best Q        62.1   332.2 min
  restart   3/3    eval   311   this Q       62.66   best Q        62.1   332.5 min
  restart   3/3    eval   312   this Q        62.8   best Q        62.1   332.7 min
  restart   3/3    eval   313   this Q       62.37   best Q        62.1   332.9 min
  restart   3/3    eval   314   this Q       62.87   best Q        62.1   333.1 min
  restart   3/3    eval   315   this Q       62.37   best Q        62.1   333.3 min
  restart   3/3    eval   316   this Q       62.75   best Q        62.1   333.5 min
  restart   3/3    eval   317   this Q       62.16   best Q        62.1   333.7 min
  restart   3/3    eval   318   this Q        62.2   best Q        62.1   333.9 min
  restart   3/3    eval   319   this Q       62.27   best Q        62.1   334.1 min
  restart   3/3    eval   320   this Q       62.27   best Q        62.1   334.4 min
  restart   3/3    eval   321   this Q       62.54   best Q        62.1   334.6 min
  restart   3/3    eval   322   this Q       62.14   best Q        62.1   334.8 min
  restart   3/3    eval   323   this Q       62.32   best Q        62.1   335.0 min
  restart   3/3    eval   324   this Q       62.15   best Q        62.1   335.2 min
  restart   3/3    eval   325   this Q       62.07   best Q       62.07   335.4 min
  restart   3/3    eval   326   this Q       62.34   best Q       62.07   335.6 min
  restart   3/3    eval   327   this Q       62.27   best Q       62.07   335.8 min
  restart   3/3    eval   328   this Q       62.26   best Q       62.07   336.1 min
  restart   3/3    eval   329   this Q       62.14   best Q       62.07   336.3 min
  restart   3/3    eval   330   this Q        62.2   best Q       62.07   336.5 min
  restart   3/3    eval   331   this Q       62.35   best Q       62.07   336.7 min
  restart   3/3    eval   332   this Q        62.2   best Q       62.07   336.9 min
  restart   3/3    eval   333   this Q       62.32   best Q       62.07   337.1 min
  restart   3/3    eval   334   this Q       62.24   best Q       62.07   337.3 min
  restart   3/3    eval   335   this Q       62.25   best Q       62.07   337.5 min
  restart   3/3    eval   336   this Q       62.18   best Q       62.07   337.7 min
  restart   3/3    eval   337   this Q       62.15   best Q       62.07   338.0 min
  restart   3/3    eval   338   this Q       62.14   best Q       62.07   338.2 min
  restart   3/3    eval   339   this Q       62.09   best Q       62.07   338.4 min
  restart   3/3    eval   340   this Q       62.28   best Q       62.07   338.6 min
  restart   3/3    eval   341   this Q       62.17   best Q       62.07   338.8 min
  restart   3/3    eval   342   this Q       62.07   best Q       62.07   339.0 min
  restart   3/3    eval   343   this Q       62.28   best Q       62.07   339.2 min
  restart   3/3    eval   344   this Q       62.17   best Q       62.07   339.4 min
  restart   3/3    eval   345   this Q       62.13   best Q       62.07   339.7 min
  restart   3/3    eval   346   this Q       62.07   best Q       62.07   339.9 min
  restart   3/3    eval   347   this Q       62.08   best Q       62.07   340.1 min
  restart   3/3    eval   348   this Q       62.06   best Q       62.06   340.3 min
  restart   3/3    eval   349   this Q       62.16   best Q       62.06   340.5 min
  restart   3/3    eval   350   this Q       62.07   best Q       62.06   340.7 min
  restart   3/3    eval   351   this Q       62.11   best Q       62.06   340.9 min
  restart   3/3    eval   352   this Q       62.12   best Q       62.06   341.1 min
  restart   3/3    eval   353   this Q       61.98   best Q       61.98   341.3 min
  restart   3/3    eval   354   this Q       62.09   best Q       61.98   341.6 min
  restart   3/3    eval   355   this Q          62   best Q       61.98   341.8 min
  restart   3/3    eval   356   this Q          62   best Q       61.98   342.0 min
  restart   3/3    eval   357   this Q       62.02   best Q       61.98   342.2 min
  restart   3/3    eval   358   this Q       61.98   best Q       61.98   342.4 min
  restart   3/3    eval   359   this Q       62.51   best Q       61.98   342.6 min
  restart   3/3    eval   360   this Q       62.09   best Q       61.98   342.8 min
  restart   3/3    eval   361   this Q       62.02   best Q       61.98   343.0 min
  restart   3/3    eval   362   this Q       61.98   best Q       61.98   343.3 min
  restart   3/3    eval   363   this Q       62.82   best Q       61.98   343.5 min
  restart   3/3    eval   364   this Q       62.02   best Q       61.98   343.7 min
  restart   3/3    eval   365   this Q       61.92   best Q       61.92   343.9 min
  restart   3/3    eval   366   this Q       62.29   best Q       61.92   344.1 min
  restart   3/3    eval   367   this Q       62.01   best Q       61.92   344.3 min
  restart   3/3    eval   368   this Q        62.2   best Q       61.92   344.5 min
  restart   3/3    eval   369   this Q       62.06   best Q       61.92   344.7 min
  restart   3/3    eval   370   this Q       61.96   best Q       61.92   345.0 min
  restart   3/3    eval   371   this Q       61.99   best Q       61.92   345.2 min
  restart   3/3    eval   372   this Q       61.97   best Q       61.92   345.4 min
  restart   3/3    eval   373   this Q       61.99   best Q       61.92   345.6 min
  restart   3/3    eval   374   this Q        61.9   best Q        61.9   345.8 min
  restart   3/3    eval   375   this Q       61.83   best Q       61.83   346.0 min
  restart   3/3    eval   376   this Q       61.95   best Q       61.83   346.2 min
  restart   3/3    eval   377   this Q       62.04   best Q       61.83   346.4 min
  restart   3/3    eval   378   this Q       61.96   best Q       61.83   346.6 min
  restart   3/3    eval   379   this Q       62.27   best Q       61.83   346.9 min
  restart   3/3    eval   380   this Q       61.96   best Q       61.83   347.1 min
  restart   3/3    eval   381   this Q       62.08   best Q       61.83   347.3 min
  restart   3/3    eval   382   this Q          62   best Q       61.83   347.5 min
  restart   3/3    eval   383   this Q       61.93   best Q       61.83   347.7 min
  restart   3/3    eval   384   this Q       62.12   best Q       61.83   347.9 min
  restart   3/3    eval   385   this Q          62   best Q       61.83   348.1 min
  restart   3/3    eval   386   this Q       61.96   best Q       61.83   348.3 min
  restart   3/3    eval   387   this Q       61.93   best Q       61.83   348.6 min
  restart   3/3    eval   388   this Q       62.02   best Q       61.83   348.8 min
  restart   3/3    eval   389   this Q       61.97   best Q       61.83   349.0 min
  restart   3/3    eval   390   this Q       62.08   best Q       61.83   349.2 min
  restart   3/3    eval   391   this Q       61.99   best Q       61.83   349.4 min
  restart   3/3    eval   392   this Q       61.93   best Q       61.83   349.6 min
  restart   3/3    eval   393   this Q       61.92   best Q       61.83   349.8 min
  restart   3/3    eval   394   this Q       61.93   best Q       61.83   350.0 min
  restart   3/3    eval   395   this Q       61.92   best Q       61.83   350.3 min
  restart   3/3    eval   396   this Q        61.9   best Q       61.83   350.5 min
  restart   3/3    eval   397   this Q       61.91   best Q       61.83   350.7 min
  restart   3/3    eval   398   this Q       61.87   best Q       61.83   350.9 min
  restart   3/3    eval   399   this Q       61.87   best Q       61.83   351.1 min
  restart   3/3    eval   400   this Q       61.99   best Q       61.83   351.3 min
  restart   3/3    eval   401   this Q       61.97   best Q       61.83   351.5 min
  restart   3/3    eval   402   this Q       61.87   best Q       61.83   351.7 min
  restart   3/3    eval   403   this Q       61.83   best Q       61.83   351.9 min
  restart   3/3    eval   404   this Q       61.92   best Q       61.83   352.2 min
  restart   3/3    eval   405   this Q        61.9   best Q       61.83   352.4 min
  restart   3/3    eval   406   this Q       61.86   best Q       61.83   352.6 min
  restart   3/3    eval   407   this Q        61.9   best Q       61.83   352.8 min
  restart   3/3    eval   408   this Q        61.9   best Q       61.83   353.0 min
  restart   3/3    eval   409   this Q        61.9   best Q       61.83   353.2 min
  restart   3/3    eval   410   this Q       61.87   best Q       61.83   353.4 min
  restart   3/3    eval   411   this Q       61.87   best Q       61.83   353.6 min
  restart   3/3    eval   412   this Q       61.87   best Q       61.83   353.8 min
  restart   3/3    eval   413   this Q       61.88   best Q       61.83   354.1 min
  restart   3/3    eval   414   this Q       61.88   best Q       61.83   354.3 min
  restart   3/3    eval   415   this Q       61.87   best Q       61.83   354.5 min
  restart   3/3    eval   416   this Q       61.92   best Q       61.83   354.7 min
  restart   3/3    eval   417   this Q       61.87   best Q       61.83   354.9 min
  restart   3/3    eval   418   this Q       61.97   best Q       61.83   355.1 min
  restart   3/3    eval   419   this Q       61.91   best Q       61.83   355.3 min
  restart   3/3    eval   420   this Q       61.85   best Q       61.83   355.5 min
  restart   3/3    eval   421   this Q       61.85   best Q       61.83   355.7 min
  restart   3/3    eval   422   this Q       61.85   best Q       61.83   356.0 min
  restart   3/3    eval   423   this Q       61.84   best Q       61.83   356.2 min
  restart   3/3    eval   424   this Q       61.82   best Q       61.82   356.4 min
  restart   3/3    eval   425   this Q       61.95   best Q       61.82   356.6 min
  restart   3/3    eval   426   this Q       61.84   best Q       61.82   356.8 min
  restart   3/3    eval   427   this Q       61.82   best Q       61.82   357.0 min
  restart   3/3    eval   428   this Q       61.83   best Q       61.82   357.2 min
  restart   3/3   DONE   this       61.82   best Q       61.82   357.2 min, ~0 min left
  restart   3/3    eval     1   this Q       61.82   best Q       61.82   357.4 min
  restart   3/3    eval     2   this Q    1.62e+04   best Q       61.82   357.6 min
  restart   3/3    eval     3   this Q        8513   best Q       61.82   357.8 min
  restart   3/3    eval     4   this Q   1.656e+04   best Q       61.82   358.0 min
  restart   3/3    eval     5   this Q       1e+06   best Q       61.82   358.2 min
  restart   3/3    eval     6   this Q        8948   best Q       61.82   358.4 min
  restart   3/3    eval     7   this Q       1e+06   best Q       61.82   358.6 min
  restart   3/3    eval     8   this Q        5422   best Q       61.82   358.8 min
  restart   3/3    eval     9   this Q        2491   best Q       61.82   359.0 min
  restart   3/3    eval    10   this Q       1e+06   best Q       61.82   359.2 min
  restart   3/3    eval    11   this Q       113.9   best Q       61.82   359.4 min
  restart   3/3    eval    12   this Q       1e+06   best Q       61.82   359.6 min
  restart   3/3    eval    13   this Q       136.8   best Q       61.82   359.8 min
  restart   3/3    eval    14   this Q       166.8   best Q       61.82   360.0 min
  restart   3/3    eval    15   this Q        2521   best Q       61.82   360.2 min
  restart   3/3    eval    16   this Q       260.5   best Q       61.82   360.4 min
  restart   3/3    eval    17   this Q       99.16   best Q       61.82   360.6 min
  restart   3/3    eval    18   this Q        4635   best Q       61.82   360.9 min
  restart   3/3    eval    19   this Q   1.081e+04   best Q       61.82   361.1 min
  restart   3/3    eval    20   this Q   2.436e+04   best Q       61.82   361.3 min
  restart   3/3    eval    21   this Q       1e+06   best Q       61.82   361.5 min
  restart   3/3    eval    22   this Q        8864   best Q       61.82   361.7 min
  restart   3/3    eval    23   this Q        9448   best Q       61.82   361.9 min
  restart   3/3    eval    24   this Q       841.4   best Q       61.82   362.1 min
  restart   3/3    eval    25   this Q       472.9   best Q       61.82   362.3 min
  restart   3/3    eval    26   this Q        2347   best Q       61.82   362.5 min
  restart   3/3    eval    27   this Q       100.3   best Q       61.82   362.6 min
  restart   3/3    eval    28   this Q       1e+06   best Q       61.82   362.9 min
  restart   3/3    eval    29   this Q       713.3   best Q       61.82   363.1 min
  restart   3/3    eval    30   this Q       137.2   best Q       61.82   363.3 min
  restart   3/3    eval    31   this Q       358.6   best Q       61.82   363.5 min
  restart   3/3    eval    32   this Q       200.4   best Q       61.82   363.7 min
  restart   3/3    eval    33   this Q       83.05   best Q       61.82   363.9 min
  restart   3/3    eval    34   this Q        6669   best Q       61.82   364.1 min
  restart   3/3    eval    35   this Q        2765   best Q       61.82   364.4 min
  restart   3/3    eval    36   this Q        1137   best Q       61.82   364.6 min
  restart   3/3    eval    37   this Q       282.6   best Q       61.82   364.8 min
  restart   3/3    eval    38   this Q       103.4   best Q       61.82   365.0 min
  restart   3/3    eval    39   this Q       68.91   best Q       61.82   365.2 min
  restart   3/3    eval    40   this Q       82.99   best Q       61.82   365.4 min
  restart   3/3    eval    41   this Q       64.41   best Q       61.82   365.6 min
  restart   3/3    eval    42   this Q       64.61   best Q       61.82   365.9 min
  restart   3/3    eval    43   this Q         175   best Q       61.82   366.1 min
  restart   3/3    eval    44   this Q       64.51   best Q       61.82   366.3 min
  restart   3/3    eval    45   this Q       64.64   best Q       61.82   366.5 min
  restart   3/3    eval    46   this Q       64.32   best Q       61.82   366.7 min
  restart   3/3    eval    47   this Q       62.27   best Q       61.82   366.9 min
  restart   3/3    eval    48   this Q       63.22   best Q       61.82   367.1 min
  restart   3/3    eval    49   this Q       62.12   best Q       61.82   367.3 min
  restart   3/3    eval    50   this Q       62.25   best Q       61.82   367.6 min
  restart   3/3    eval    51   this Q       71.78   best Q       61.82   367.8 min
  restart   3/3    eval    52   this Q       65.18   best Q       61.82   368.0 min
  restart   3/3    eval    53   this Q       62.11   best Q       61.82   368.2 min
  restart   3/3    eval    54   this Q       61.83   best Q       61.82   368.4 min
  restart   3/3    eval    55   this Q       62.74   best Q       61.82   368.6 min
  restart   3/3    eval    56   this Q       66.11   best Q       61.82   368.8 min
  restart   3/3    eval    57   this Q       61.81   best Q       61.81   369.0 min
  restart   3/3    eval    58   this Q       63.88   best Q       61.81   369.3 min
  restart   3/3    eval    59   this Q       62.58   best Q       61.81   369.5 min
  restart   3/3    eval    60   this Q       65.43   best Q       61.81   369.7 min
  restart   3/3    eval    61   this Q       64.81   best Q       61.81   369.9 min
  restart   3/3    eval    62   this Q       68.68   best Q       61.81   370.1 min
  restart   3/3    eval    63   this Q       74.07   best Q       61.81   370.3 min
  restart   3/3    eval    64   this Q       63.88   best Q       61.81   370.5 min
  restart   3/3    eval    65   this Q       166.7   best Q       61.81   370.7 min
  restart   3/3    eval    66   this Q       62.83   best Q       61.81   370.9 min
  restart   3/3    eval    67   this Q       65.59   best Q       61.81   371.2 min
  restart   3/3    eval    68   this Q       62.92   best Q       61.81   371.4 min
  restart   3/3    eval    69   this Q        62.6   best Q       61.81   371.6 min
  restart   3/3    eval    70   this Q       62.94   best Q       61.81   371.8 min
  restart   3/3    eval    71   this Q       62.29   best Q       61.81   372.0 min
  restart   3/3    eval    72   this Q       63.82   best Q       61.81   372.2 min
  restart   3/3    eval    73   this Q       63.93   best Q       61.81   372.4 min
  restart   3/3    eval    74   this Q        62.2   best Q       61.81   372.6 min
  restart   3/3    eval    75   this Q       66.65   best Q       61.81   372.8 min
  restart   3/3    eval    76   this Q       62.95   best Q       61.81   373.1 min
  restart   3/3    eval    77   this Q       63.23   best Q       61.81   373.3 min
  restart   3/3    eval    78   this Q       61.95   best Q       61.81   373.5 min
  restart   3/3    eval    79   this Q       63.67   best Q       61.81   373.7 min
  restart   3/3    eval    80   this Q       61.85   best Q       61.81   373.9 min
  restart   3/3    eval    81   this Q       61.83   best Q       61.81   374.1 min
  restart   3/3    eval    82   this Q       63.89   best Q       61.81   374.3 min
  restart   3/3    eval    83   this Q       62.22   best Q       61.81   374.5 min
  restart   3/3    eval    84   this Q       63.45   best Q       61.81   374.7 min
  restart   3/3    eval    85   this Q       62.24   best Q       61.81   375.0 min
  restart   3/3    eval    86   this Q       61.81   best Q       61.81   375.2 min
  restart   3/3    eval    87   this Q        61.9   best Q       61.81   375.4 min
  restart   3/3    eval    88   this Q       61.92   best Q       61.81   375.6 min
  restart   3/3    eval    89   this Q        62.6   best Q       61.81   375.8 min
  restart   3/3    eval    90   this Q       61.84   best Q       61.81   376.0 min
  restart   3/3    eval    91   this Q       61.86   best Q       61.81   376.2 min
  restart   3/3    eval    92   this Q       61.93   best Q       61.81   376.4 min
  restart   3/3    eval    93   this Q       61.86   best Q       61.81   376.6 min
  restart   3/3    eval    94   this Q       61.82   best Q       61.81   376.9 min
  restart   3/3    eval    95   this Q       61.83   best Q       61.81   377.1 min
  restart   3/3    eval    96   this Q       61.81   best Q       61.81   377.3 min
  restart   3/3    eval    97   this Q       61.85   best Q       61.81   377.5 min
  restart   3/3    eval    98   this Q       62.39   best Q       61.81   377.7 min
  restart   3/3    eval    99   this Q       63.45   best Q       61.81   377.9 min
  restart   3/3    eval   100   this Q       62.59   best Q       61.81   378.1 min
  restart   3/3    eval   101   this Q       61.84   best Q       61.81   378.3 min
  restart   3/3    eval   102   this Q       65.21   best Q       61.81   378.5 min
  restart   3/3    eval   103   this Q       62.75   best Q       61.81   378.8 min
  restart   3/3    eval   104   this Q       62.33   best Q       61.81   379.0 min
  restart   3/3    eval   105   this Q       62.18   best Q       61.81   379.2 min
  restart   3/3    eval   106   this Q       62.58   best Q       61.81   379.4 min
  restart   3/3    eval   107   this Q       62.43   best Q       61.81   379.6 min
  restart   3/3    eval   108   this Q       61.83   best Q       61.81   379.8 min
  restart   3/3    eval   109   this Q       62.16   best Q       61.81   380.0 min
  restart   3/3    eval   110   this Q       62.59   best Q       61.81   380.2 min
  restart   3/3    eval   111   this Q        62.4   best Q       61.81   380.5 min
  restart   3/3    eval   112   this Q       61.83   best Q       61.81   380.7 min
  restart   3/3    eval   113   this Q       61.81   best Q       61.81   380.9 min
  restart   3/3    eval   114   this Q       62.12   best Q       61.81   381.1 min
  restart   3/3    eval   115   this Q       61.81   best Q       61.81   381.3 min
  restart   3/3    eval   116   this Q       61.83   best Q       61.81   381.5 min
  restart   3/3    eval   117   this Q       61.81   best Q       61.81   381.7 min
  restart   3/3    eval   118   this Q       61.81   best Q       61.81   381.9 min
  restart   3/3    eval   119   this Q       61.81   best Q       61.81   382.1 min
  restart   3/3    eval   120   this Q        61.8   best Q        61.8   382.4 min
  restart   3/3    eval   121   this Q       61.82   best Q        61.8   382.6 min
  restart   3/3    eval   122   this Q       61.81   best Q        61.8   382.8 min
  restart   3/3    eval   123   this Q       61.82   best Q        61.8   383.0 min
  restart   3/3    eval   124   this Q       61.81   best Q        61.8   383.2 min
  restart   3/3    eval   125   this Q       61.83   best Q        61.8   383.4 min
  restart   3/3    eval   126   this Q       61.81   best Q        61.8   383.6 min
  restart   3/3    eval   127   this Q       61.81   best Q        61.8   383.8 min
  restart   3/3    eval   128   this Q       61.81   best Q        61.8   384.0 min
  restart   3/3    eval   129   this Q       61.81   best Q        61.8   384.3 min
  restart   3/3    eval   130   this Q        61.8   best Q        61.8   384.5 min
  restart   3/3    eval   131   this Q       61.83   best Q        61.8   384.7 min
  restart   3/3    eval   132   this Q       61.81   best Q        61.8   384.9 min
  restart   3/3    eval   133   this Q       61.82   best Q        61.8   385.1 min
  restart   3/3    eval   134   this Q       61.81   best Q        61.8   385.3 min
  restart   3/3    eval   135   this Q       61.83   best Q        61.8   385.5 min
  restart   3/3    eval   136   this Q       61.81   best Q        61.8   385.7 min
  restart   3/3    eval   137   this Q       61.81   best Q        61.8   386.0 min
  restart   3/3    eval   138   this Q       61.83   best Q        61.8   386.2 min
  restart   3/3    eval   139   this Q        61.8   best Q        61.8   386.4 min
  restart   3/3    eval   140   this Q       61.81   best Q        61.8   386.6 min
  restart   3/3    eval   141   this Q       61.81   best Q        61.8   386.8 min
  restart   3/3    eval   142   this Q       61.81   best Q        61.8   387.0 min
  restart   3/3    eval   143   this Q       61.82   best Q        61.8   387.2 min
  restart   3/3    eval   144   this Q       61.81   best Q        61.8   387.4 min
  restart   3/3    eval   145   this Q        61.8   best Q        61.8   387.7 min
  restart   3/3    eval   146   this Q       61.81   best Q        61.8   387.9 min
  restart   3/3    eval   147   this Q       61.81   best Q        61.8   388.1 min
  restart   3/3    eval   148   this Q       61.83   best Q        61.8   388.3 min
  restart   3/3    eval   149   this Q       61.81   best Q        61.8   388.5 min
  restart   3/3    eval   150   this Q        61.8   best Q        61.8   388.7 min
  restart   3/3    eval   151   this Q        61.8   best Q        61.8   388.9 min
  restart   3/3    eval   152   this Q        61.8   best Q        61.8   389.1 min
  restart   3/3    eval   153   this Q        61.8   best Q        61.8   389.3 min
  restart   3/3    eval   154   this Q       61.81   best Q        61.8   389.6 min
  restart   3/3    eval   155   this Q        61.8   best Q        61.8   389.8 min
  restart   3/3    eval   156   this Q       61.81   best Q        61.8   390.0 min
  restart   3/3    eval   157   this Q        61.8   best Q        61.8   390.2 min
  restart   3/3    eval   158   this Q        61.8   best Q        61.8   390.4 min
  restart   3/3    eval   159   this Q       61.82   best Q        61.8   390.6 min
  restart   3/3    eval   160   this Q       61.81   best Q        61.8   390.8 min
  restart   3/3    eval   161   this Q        61.8   best Q        61.8   391.0 min
  restart   3/3    eval   162   this Q        61.8   best Q        61.8   391.3 min
  restart   3/3    eval   163   this Q        61.8   best Q        61.8   391.5 min
  restart   3/3    eval   164   this Q       61.83   best Q        61.8   391.7 min
  restart   3/3    eval   165   this Q        61.8   best Q        61.8   391.9 min
  restart   3/3    eval   166   this Q        61.8   best Q        61.8   392.1 min
  restart   3/3    eval   167   this Q        61.8   best Q        61.8   392.3 min
  restart   3/3    eval   168   this Q        61.8   best Q        61.8   392.5 min
  restart   3/3    eval   169   this Q       61.82   best Q        61.8   392.7 min
  restart   3/3    eval   170   this Q       61.82   best Q        61.8   393.0 min
  restart   3/3    eval   171   this Q       61.82   best Q        61.8   393.2 min
  restart   3/3    eval   172   this Q        61.8   best Q        61.8   393.4 min
  restart   3/3    eval   173   this Q        61.8   best Q        61.8   393.6 min
  restart   3/3    eval   174   this Q       61.82   best Q        61.8   393.8 min
  restart   3/3    eval   175   this Q        61.8   best Q        61.8   394.0 min
  restart   3/3    eval   176   this Q       61.82   best Q        61.8   394.2 min
  restart   3/3    eval   177   this Q        61.8   best Q        61.8   394.4 min
  restart   3/3    eval   178   this Q        61.8   best Q        61.8   394.7 min
  restart   3/3    eval   179   this Q        61.8   best Q        61.8   394.9 min
  restart   3/3    eval   180   this Q        61.8   best Q        61.8   395.1 min
  restart   3/3    eval   181   this Q        61.8   best Q        61.8   395.3 min
  restart   3/3    eval   182   this Q        61.8   best Q        61.8   395.5 min
  restart   3/3    eval   183   this Q        61.8   best Q        61.8   395.7 min
  restart   3/3    eval   184   this Q        61.8   best Q        61.8   395.9 min
  restart   3/3    eval   185   this Q        61.8   best Q        61.8   396.1 min
  restart   3/3    eval   186   this Q        61.8   best Q        61.8   396.3 min
  restart   3/3    eval   187   this Q        61.8   best Q        61.8   396.6 min
  restart   3/3    eval   188   this Q        61.8   best Q        61.8   396.8 min
  restart   3/3    eval   189   this Q        61.8   best Q        61.8   397.0 min
  restart   3/3    eval   190   this Q        61.8   best Q        61.8   397.2 min
  restart   3/3    eval   191   this Q        61.8   best Q        61.8   397.4 min
  restart   3/3    eval   192   this Q        61.8   best Q        61.8   397.6 min
  restart   3/3    eval   193   this Q        61.8   best Q        61.8   397.8 min
  restart   3/3    eval   194   this Q        61.8   best Q        61.8   398.0 min
  restart   3/3    eval   195   this Q        61.8   best Q        61.8   398.2 min
  restart   3/3    eval   196   this Q        61.8   best Q        61.8   398.5 min
  restart   3/3    eval   197   this Q        61.8   best Q        61.8   398.7 min
  restart   3/3    eval   198   this Q        61.8   best Q        61.8   398.9 min
  restart   3/3    eval   199   this Q        61.8   best Q        61.8   399.1 min
  restart   3/3    eval   200   this Q        61.8   best Q        61.8   399.3 min
  restart   3/3    eval   201   this Q        61.8   best Q        61.8   399.5 min
  restart   3/3    eval   202   this Q        61.8   best Q        61.8   399.7 min
  restart   3/3    eval   203   this Q        61.8   best Q        61.8   399.9 min
  restart   3/3    eval   204   this Q        61.8   best Q        61.8   400.2 min
  restart   3/3    eval   205   this Q        61.8   best Q        61.8   400.4 min
  restart   3/3    eval   206   this Q        61.8   best Q        61.8   400.6 min
  restart   3/3    eval   207   this Q        61.8   best Q        61.8   400.8 min
  restart   3/3    eval   208   this Q        61.8   best Q        61.8   401.0 min
  restart   3/3    eval   209   this Q        61.8   best Q        61.8   401.2 min
  restart   3/3    eval   210   this Q        61.8   best Q        61.8   401.4 min
  restart   3/3    eval   211   this Q        61.8   best Q        61.8   401.6 min
  restart   3/3    eval   212   this Q        61.8   best Q        61.8   401.8 min
  restart   3/3    eval   213   this Q        61.8   best Q        61.8   402.1 min
  restart   3/3    eval   214   this Q        61.8   best Q        61.8   402.3 min
  restart   3/3    eval   215   this Q        61.8   best Q        61.8   402.5 min
  restart   3/3    eval   216   this Q        61.8   best Q        61.8   402.7 min
  restart   3/3    eval   217   this Q        61.8   best Q        61.8   402.9 min
  restart   3/3    eval   218   this Q        61.8   best Q        61.8   403.1 min
  restart   3/3    eval   219   this Q        61.8   best Q        61.8   403.3 min
  restart   3/3    eval   220   this Q        61.8   best Q        61.8   403.5 min
  restart   3/3    eval   221   this Q        61.8   best Q        61.8   403.7 min
  restart   3/3    eval   222   this Q        61.8   best Q        61.8   403.9 min
  restart   3/3    eval   223   this Q        61.8   best Q        61.8   404.2 min
  restart   3/3    eval   224   this Q        61.8   best Q        61.8   404.4 min
  restart   3/3    eval   225   this Q        61.8   best Q        61.8   404.6 min
  restart   3/3    eval   226   this Q        61.8   best Q        61.8   404.8 min
  restart   3/3    eval   227   this Q        61.8   best Q        61.8   405.0 min
  restart   3/3    eval   228   this Q        61.8   best Q        61.8   405.2 min
  restart   3/3    eval   229   this Q        61.8   best Q        61.8   405.4 min
  restart   3/3    eval   230   this Q        61.8   best Q        61.8   405.6 min
  restart   3/3    eval   231   this Q        61.8   best Q        61.8   405.9 min
  restart   3/3    eval   232   this Q        61.8   best Q        61.8   406.1 min
  restart   3/3    eval   233   this Q        61.8   best Q        61.8   406.3 min
  restart   3/3    eval   234   this Q        61.8   best Q        61.8   406.5 min
  restart   3/3    eval   235   this Q        61.8   best Q        61.8   406.7 min
  restart   3/3    eval   236   this Q        61.8   best Q        61.8   406.9 min
  restart   3/3    eval   237   this Q        61.8   best Q        61.8   407.1 min
  restart   3/3    eval   238   this Q        61.8   best Q        61.8   407.3 min
  restart   3/3    eval   239   this Q        61.8   best Q        61.8   407.5 min
  restart   3/3    eval   240   this Q        61.8   best Q        61.8   407.7 min
  restart   3/3    eval   241   this Q        61.8   best Q        61.8   408.0 min
  restart   3/3    eval   242   this Q        61.8   best Q        61.8   408.2 min
  restart   3/3    eval   243   this Q        61.8   best Q        61.8   408.4 min
  restart   3/3    eval   244   this Q        61.8   best Q        61.8   408.6 min
  restart   3/3    eval   245   this Q        61.8   best Q        61.8   408.8 min
  restart   3/3    eval   246   this Q        61.8   best Q        61.8   409.0 min
  restart   3/3    eval   247   this Q        61.8   best Q        61.8   409.2 min
  restart   3/3    eval   248   this Q        61.8   best Q        61.8   409.4 min
  restart   3/3    eval   249   this Q        61.8   best Q        61.8   409.6 min
  restart   3/3    eval   250   this Q        61.8   best Q        61.8   409.9 min
  restart   3/3    eval   251   this Q        61.8   best Q        61.8   410.1 min
  restart   3/3    eval   252   this Q        61.8   best Q        61.8   410.3 min
  restart   3/3    eval   253   this Q        61.8   best Q        61.8   410.5 min
  restart   3/3    eval   254   this Q        61.8   best Q        61.8   410.7 min
  restart   3/3    eval   255   this Q        61.8   best Q        61.8   410.9 min
  restart   3/3    eval   256   this Q        61.8   best Q        61.8   411.1 min
  restart   3/3    eval   257   this Q        61.8   best Q        61.8   411.3 min
  restart   3/3    eval   258   this Q        61.8   best Q        61.8   411.5 min
  restart   3/3    eval   259   this Q        61.8   best Q        61.8   411.8 min
  restart   3/3    eval   260   this Q        61.8   best Q        61.8   412.0 min
  restart   3/3    eval   261   this Q        61.8   best Q        61.8   412.2 min
  restart   3/3    eval   262   this Q        61.8   best Q        61.8   412.4 min
  restart   3/3    eval   263   this Q        61.8   best Q        61.8   412.6 min
  restart   3/3    eval   264   this Q        61.8   best Q        61.8   412.8 min
  restart   3/3    eval   265   this Q        61.8   best Q        61.8   413.0 min
  restart   3/3    eval   266   this Q        61.8   best Q        61.8   413.2 min
  restart   3/3    eval   267   this Q        61.8   best Q        61.8   413.5 min
  restart   3/3    eval   268   this Q        61.8   best Q        61.8   413.7 min
  restart   3/3    eval   269   this Q        61.8   best Q        61.8   413.9 min
  restart   3/3    eval   270   this Q        61.8   best Q        61.8   414.1 min
  restart   3/3    eval   271   this Q        61.8   best Q        61.8   414.3 min
  restart   3/3    eval   272   this Q        61.8   best Q        61.8   414.5 min
  restart   3/3    eval   273   this Q        61.8   best Q        61.8   414.7 min
  restart   3/3    eval   274   this Q        61.8   best Q        61.8   414.9 min
  restart   3/3    eval   275   this Q        61.8   best Q        61.8   415.1 min
  restart   3/3    eval   276   this Q        61.8   best Q        61.8   415.4 min
  restart   3/3    eval   277   this Q        61.8   best Q        61.8   415.6 min
  restart   3/3    eval   278   this Q        61.8   best Q        61.8   415.8 min
  restart   3/3    eval   279   this Q        61.8   best Q        61.8   416.0 min
  restart   3/3    eval   280   this Q        61.8   best Q        61.8   416.2 min
  restart   3/3    eval   281   this Q        61.8   best Q        61.8   416.4 min
  restart   3/3    eval   282   this Q        61.8   best Q        61.8   416.6 min
  restart   3/3    eval   283   this Q        61.8   best Q        61.8   416.8 min
  restart   3/3    eval   284   this Q        61.8   best Q        61.8   417.0 min
  restart   3/3    eval   285   this Q        61.8   best Q        61.8   417.2 min
  restart   3/3    eval   286   this Q        61.8   best Q        61.8   417.5 min
  restart   3/3    eval   287   this Q        61.8   best Q        61.8   417.7 min
  restart   3/3    eval   288   this Q        61.8   best Q        61.8   417.9 min
  restart   3/3    eval   289   this Q        61.8   best Q        61.8   418.1 min
  restart   3/3    eval   290   this Q        61.8   best Q        61.8   418.3 min
  restart   3/3    eval   291   this Q        61.8   best Q        61.8   418.5 min
  restart   3/3    eval   292   this Q        61.8   best Q        61.8   418.7 min
  restart   3/3    eval   293   this Q        61.8   best Q        61.8   418.9 min
  restart   3/3    eval   294   this Q        61.8   best Q        61.8   419.1 min
  restart   3/3    eval   295   this Q        61.8   best Q        61.8   419.3 min
  restart   3/3    eval   296   this Q        61.8   best Q        61.8   419.6 min
  restart   3/3    eval   297   this Q        61.8   best Q        61.8   419.8 min
  restart   3/3    eval   298   this Q        61.8   best Q        61.8   420.0 min
  restart   3/3    eval   299   this Q        61.8   best Q        61.8   420.2 min
  restart   3/3    eval   300   this Q        61.8   best Q        61.8   420.4 min
  restart   3/3    eval   301   this Q        61.8   best Q        61.8   420.6 min
  restart   3/3    eval   302   this Q        61.8   best Q        61.8   420.8 min
  restart   3/3    eval   303   this Q        61.8   best Q        61.8   421.0 min
  restart   3/3    eval   304   this Q        61.8   best Q        61.8   421.2 min
  restart   3/3    eval   305   this Q        61.8   best Q        61.8   421.5 min
  restart   3/3    eval   306   this Q        61.8   best Q        61.8   421.7 min
  restart   3/3    eval   307   this Q        61.8   best Q        61.8   421.9 min
  restart   3/3    eval   308   this Q        61.8   best Q        61.8   422.1 min
  restart   3/3    eval   309   this Q        61.8   best Q        61.8   422.3 min
  restart   3/3    eval   310   this Q        61.8   best Q        61.8   422.5 min
  restart   3/3    eval   311   this Q        61.8   best Q        61.8   422.7 min
  restart   3/3    eval   312   this Q        61.8   best Q        61.8   422.9 min
  restart   3/3    eval   313   this Q        61.8   best Q        61.8   423.1 min
  restart   3/3    eval   314   this Q        61.8   best Q        61.8   423.4 min
  restart   3/3    eval   315   this Q        61.8   best Q        61.8   423.6 min
  restart   3/3    eval   316   this Q        61.8   best Q        61.8   423.8 min
  restart   3/3    eval   317   this Q        61.8   best Q        61.8   424.0 min
  restart   3/3    eval   318   this Q        61.8   best Q        61.8   424.2 min
  restart   3/3    eval   319   this Q        61.8   best Q        61.8   424.4 min
  restart   3/3    eval   320   this Q        61.8   best Q        61.8   424.6 min
  restart   3/3    eval   321   this Q        61.8   best Q        61.8   424.8 min
  restart   3/3    eval   322   this Q        61.8   best Q        61.8   425.0 min
  restart   3/3    eval   323   this Q        61.8   best Q        61.8   425.2 min
  restart   3/3    eval   324   this Q        61.8   best Q        61.8   425.5 min
  restart   3/3    eval   325   this Q        61.8   best Q        61.8   425.7 min
  restart   3/3    eval   326   this Q        61.8   best Q        61.8   425.9 min
  restart   3/3    eval   327   this Q        61.8   best Q        61.8   426.1 min
  restart   3/3    eval   328   this Q        61.8   best Q        61.8   426.3 min
  restart   3/3    eval   329   this Q        61.8   best Q        61.8   426.5 min
  restart   3/3    eval   330   this Q        61.8   best Q        61.8   426.7 min
  restart   3/3    eval   331   this Q        61.8   best Q        61.8   426.9 min
  restart   3/3    eval   332   this Q        61.8   best Q        61.8   427.1 min
  restart   3/3    eval   333   this Q        61.8   best Q        61.8   427.3 min
  restart   3/3    eval   334   this Q        61.8   best Q        61.8   427.6 min
  restart   3/3    eval   335   this Q        61.8   best Q        61.8   427.8 min
  restart   3/3    eval   336   this Q        61.8   best Q        61.8   428.0 min
  restart   3/3    eval   337   this Q        61.8   best Q        61.8   428.2 min
  restart   3/3    eval   338   this Q        61.8   best Q        61.8   428.4 min
  restart   3/3    eval   339   this Q        61.8   best Q        61.8   428.6 min
  restart   3/3    eval   340   this Q        61.8   best Q        61.8   428.8 min
  restart   3/3    eval   341   this Q        61.8   best Q        61.8   429.0 min
  restart   3/3    eval   342   this Q        61.8   best Q        61.8   429.2 min
  restart   3/3    eval   343   this Q        61.8   best Q        61.8   429.5 min
  restart   3/3    eval   344   this Q        61.8   best Q        61.8   429.7 min
  restart   3/3    eval   345   this Q        61.8   best Q        61.8   429.9 min
  restart   3/3    eval   346   this Q        61.8   best Q        61.8   430.1 min
  restart   3/3    eval   347   this Q        61.8   best Q        61.8   430.3 min
  restart   3/3    eval   348   this Q        61.8   best Q        61.8   430.5 min
  restart   3/3    eval   349   this Q        61.8   best Q        61.8   430.7 min
  restart   3/3    eval   350   this Q        61.8   best Q        61.8   430.9 min
  restart   3/3    eval   351   this Q        61.8   best Q        61.8   431.1 min
  restart   3/3    eval   352   this Q        61.8   best Q        61.8   431.3 min
  restart   3/3    eval   353   this Q        61.8   best Q        61.8   431.5 min
  restart   3/3    eval   354   this Q        61.8   best Q        61.8   431.8 min
  restart   3/3    eval   355   this Q        61.8   best Q        61.8   432.0 min
  restart   3/3    eval   356   this Q        61.8   best Q        61.8   432.2 min
  restart   3/3    eval   357   this Q        61.8   best Q        61.8   432.4 min
  restart   3/3    eval   358   this Q        61.8   best Q        61.8   432.6 min
  restart   3/3    eval   359   this Q        61.8   best Q        61.8   432.8 min
  restart   3/3    eval   360   this Q        61.8   best Q        61.8   433.0 min
  restart   3/3    eval   361   this Q        61.8   best Q        61.8   433.2 min
  restart   3/3    eval   362   this Q        61.8   best Q        61.8   433.4 min
  restart   3/3    eval   363   this Q        61.8   best Q        61.8   433.7 min
  restart   3/3    eval   364   this Q        61.8   best Q        61.8   433.9 min
  restart   3/3    eval   365   this Q        61.8   best Q        61.8   434.1 min
  restart   3/3    eval   366   this Q        61.8   best Q        61.8   434.3 min
  restart   3/3    eval   367   this Q        61.8   best Q        61.8   434.5 min
  restart   3/3    eval   368   this Q        61.8   best Q        61.8   434.7 min
  restart   3/3    eval   369   this Q        61.8   best Q        61.8   434.9 min
  restart   3/3    eval   370   this Q        61.8   best Q        61.8   435.1 min
  restart   3/3    eval   371   this Q        61.8   best Q        61.8   435.3 min
  restart   3/3    eval   372   this Q        61.8   best Q        61.8   435.5 min
  restart   3/3    eval   373   this Q        61.8   best Q        61.8   435.8 min
  restart   3/3    eval   374   this Q        61.8   best Q        61.8   436.0 min
  restart   3/3    eval   375   this Q        61.8   best Q        61.8   436.2 min
  restart   3/3    eval   376   this Q        61.8   best Q        61.8   436.4 min
  restart   3/3    eval   377   this Q        61.8   best Q        61.8   436.6 min
  restart   3/3    eval   378   this Q        61.8   best Q        61.8   436.8 min
  restart   3/3    eval   379   this Q        61.8   best Q        61.8   437.0 min
  restart   3/3    eval   380   this Q        61.8   best Q        61.8   437.2 min
  restart   3/3    eval   381   this Q        61.8   best Q        61.8   437.4 min
  restart   3/3    eval   382   this Q        61.8   best Q        61.8   437.6 min
  restart   3/3    eval   383   this Q        61.8   best Q        61.8   437.9 min
  restart   3/3    eval   384   this Q        61.8   best Q        61.8   438.1 min
  restart   3/3    eval   385   this Q        61.8   best Q        61.8   438.3 min
  restart   3/3    eval   386   this Q        61.8   best Q        61.8   438.5 min
  restart   3/3    eval   387   this Q        61.8   best Q        61.8   438.7 min
  restart   3/3    eval   388   this Q        61.8   best Q        61.8   438.9 min
  restart   3/3    eval   389   this Q        61.8   best Q        61.8   439.1 min
  restart   3/3    eval   390   this Q        61.8   best Q        61.8   439.3 min
  restart   3/3    eval   391   this Q        61.8   best Q        61.8   439.5 min
  restart   3/3    eval   392   this Q        61.8   best Q        61.8   439.7 min
  restart   3/3    eval   393   this Q        61.8   best Q        61.8   440.0 min
  restart   3/3    eval   394   this Q        61.8   best Q        61.8   440.2 min
  restart   3/3    eval   395   this Q        61.8   best Q        61.8   440.4 min
  restart   3/3    eval   396   this Q        61.8   best Q        61.8   440.6 min
  restart   3/3    eval   397   this Q        61.8   best Q        61.8   440.8 min
  restart   3/3    eval   398   this Q        61.8   best Q        61.8   441.0 min
  restart   3/3    eval   399   this Q        61.8   best Q        61.8   441.2 min
  restart   3/3    eval   400   this Q        61.8   best Q        61.8   441.4 min
  restart   3/3    eval   401   this Q        61.8   best Q        61.8   441.6 min
  restart   3/3    eval   402   this Q        61.8   best Q        61.8   441.9 min
  restart   3/3    eval   403   this Q        61.8   best Q        61.8   442.1 min
  restart   3/3    eval   404   this Q        61.8   best Q        61.8   442.3 min
  restart   3/3    eval   405   this Q        61.8   best Q        61.8   442.5 min
  restart   3/3    eval   406   this Q        61.8   best Q        61.8   442.7 min
  restart   3/3    eval   407   this Q        61.8   best Q        61.8   442.9 min
  restart   3/3    eval   408   this Q        61.8   best Q        61.8   443.1 min
  restart   3/3    eval   409   this Q        61.8   best Q        61.8   443.3 min
  restart   3/3    eval   410   this Q        61.8   best Q        61.8   443.5 min

============================================================================
Finished in 443.5 min -- 3060 evaluations
============================================================================
Q: sobol-best 313.343  ->  pre-polish 61.8196  ->  final 61.7977
incumbent Q was 313.343  (improvement 80.3%)

how the local searches ended
  FTOL_REACHED               3   (converged)
                             3 converged / 0 hit a budget / 0 other
polish: ret FTOL_REACHED (converged), 410 evaluations, improved the incumbent

search ran at the full grid -- no refinement stage needed

penalised evaluations: 953 of 3060 (31.1%)
  invalid_sim_child_nonfinite    867
  AssertionError               55
  infeasible_sigma_2           17
  ErrorException               13
  invalid_sim_assets_below_min      1
(a penalised draw is a parameter vector the model cannot be solved at --
 scored 1e6 rather than crashed on. A high rate means the SEARCH BOX is
 too wide, not that the model is wrong.)

============================================================================
Estimated calibration
============================================================================

Parameters
--------------------------------------------------------------
  phi_2            0.1963   (was 0.1897)
  phi_3            1.5337   (was 1.2478)
  lambda_2        13.8620   (was 10.6722)
  R_0             48.3357   (was 50.4519)
  sigma_1_0       -0.8886   (was -0.7374)
  sigma_1_1       -0.0927   (was -0.0851)
  sigma_2_0       -3.6918   (was -3.6233)
  sigma_2_1       -0.0980   (was -0.0830)
  sigma_4_0       -6.0985   (was -5.7707)
  sigma_4_1        0.1301   (was 0.1327)
  kappa_0         -0.3566   (was 0.0587)
  kappa_theta     -3.6194   (was -0.0342)
  kappa_ParEd     -0.1081   (was -0.0070)
  kappa_terminal     8.7868   (was 5.0000)
  sigma_eta        0.0315   (was 0.0300)
  sigma_eps        1.1422   (was 0.5000)

Targeted moments -- 17 moments, 16 parameters (over-identified)
--------------------------------------------------------------------------------------------------------
  moment                     model        data     gap %         t  Q share   source
  mean_c_p                  3.0473      3.1155     -2.2%      -1.9     6.0%   cons_exhous_real_w99
  mean_h_p                  0.3092      0.3073      0.6%       0.9     1.2%   (wh_mom + wh_dad)/2 / 112
  mean_t_p_early            0.4456      0.4544     -1.9%      -1.2     2.4%   par_time_tot / 112, child ages 1-9
  mean_t_p_late             0.3427      0.3333      2.8%       1.4     3.1%   par_time_tot / 112, child ages 10-17
  mean_e_p_early            0.3456      0.3429      0.8%       0.2     0.1%   m_method2_final_w99, child ages 1-9
  mean_e_p_late             0.3861      0.3911     -1.3%      -0.3     0.2%   m_method2_final_w99, child ages 10-17
  mean_i_c_early            0.0375      0.0393     -4.6%      -0.7     0.7%   study_hrs / 112 (own study only), child ages 6-9
  mean_i_c_late             0.0506      0.0496      1.9%       0.4     0.2%   study_hrs / 112 (own study only), child ages 10-17
  mean_hc_early             6.0743      6.0737      0.1%       0.2     0.0%   x_gach (log PCA composite), child ages 3-9
  mean_hc_late              6.2588      6.2589     -0.0%      -0.1     0.0%   x_gach (log PCA composite), child ages 12-17
  ---------------------------------------- TAS block ----------------------------------------
  k0_complete               0.3275      0.3226      1.5%       0.4     0.3%   y_complete | hf_complete
  kth_ga17_gap              0.0167      0.0312    -46.5%      -4.6    34.5%   ln(g_ACH) | hf_complete, ach_age==17: completers minus non-completers
  kpe_g0_c                  0.2128      0.2108      1.0%       0.2     0.0%   y_complete | hf_complete, pared_col==0
  kpe_g1_c                  0.5895      0.6013     -2.0%      -0.6     0.7%   y_complete | hf_complete, pared_col==1
  kterm_x_strict_w99       25.1570     33.1977    -24.2%      -2.5     9.9%   pwx_strict winsorised at p99 (cut = 4,448,695 USD) | ever_strict
  kse_w_gap                 2.1387     36.8431    -94.2%      -4.6    34.7%   pwx_strict winsorised at p99 | ever_strict & hf_complete: completers minus non-completers
  sd_ga17                   0.0365      0.0329     10.8%       1.9     5.9%   sample SD of ln(g_ACH) | hf_complete, ach_age==17
  Q                                                                   61.7977

  Q concentration: top 3 moments carry 79.1% of Q  (kse_w_gap 35%, kth_ga17_gap 35%, kterm_x_strict_w99 10%)

TAS block -- college completion and terminal wealth
----------------------------------------------------------------------------
  college completion      0.3275  vs data 0.3226   (655 of 2000 simulated children)
  ability gap (log HC)  +0.0167  vs data +0.0312   (completers 6.2774 / non 6.2607; data 6.2843 / 6.2532)
  SD log HC at 17       0.0365  vs data 0.0329   (sample SD; the sigma_eta moment)
  ability tertiles      T1 0.202  T2 0.355  T3 0.425   (model, DIAGNOSTIC since 2026-09-11)
                        T1 0.113  T2 0.245  T3 0.629   (data)
  wealth gap (retained) +2.139  vs data +36.843   (10k USD, completers minus non; the sigma_eps moment)
  wealth tertiles       T1 0.226  T2 0.318  T3 0.438   (model, diagnostic)
                        T1 0.207  T2 0.357  T3 0.617   (data; completion on the wealth frame 0.394 -- data-only)
  SD log HC by age      model 3:0.043 4:0.044 5:0.045 6:0.044 7:0.040 8:0.038 9:0.037 10:0.036 11:0.036 12:0.036 13:0.035 14:0.035 15:0.035 16:0.035 17:0.036 
                        data  3:0.083 4:0.053 5:0.044 6:0.054 7:0.059 8:0.045 9:0.031 10:0.023 11:0.030 12:0.029 13:0.028 14:0.021 15:0.022 16:0.030 17:0.031   (CDS panel, data-only diagnostic)
  parental education    g0 0.213  g1 0.589   (model; 609 of 2000 are BothCollege)
                        g0 0.211  g1 0.601   (data -- EITHER-parent, see ERRORS.md P7c)
  mean transfer          18.6254  (186254 USD)
  retained assets        25.1570  (251570 USD)  vs data 331977 USD
  pre-transfer assets    43.7824  (437824 USD)  -- NOT the target; the target is post-transfer
  LIMITATION: the data is measured at a median child age of ~29, a median 4 years
  after independence; the model's object is assets at the transfer, child age 18.

  c_p           30473 USD/yr  vs data 31155
  h_p            34.6 hrs/wk  vs data 34.4
  t_p  1-9       49.9 hrs/wk  vs data 50.9
  t_p 10-17      38.4 hrs/wk  vs data 37.3
  e_p  1-9       3456 USD/yr  vs data 3429
  e_p 10-17      3861 USD/yr  vs data 3911

  t_p late/early  model 0.77x  vs data 0.73x
  e_p late/early  model 1.12x  vs data 1.14x
  l_p (residual)  model 32.9 hrs/wk  vs 33.1 implied by the h_p/t_p targets
                  (measured leisure is 59.2 hrs/wk -- par_time_tot overlaps it)

Untargeted -- does the fit stay believable?
--------------------------------------------------------------
  after-tax income        4.7039  (47039 USD/yr)
  implied saving rate       35.7%
  terminal assets        43.7824  (437824 USD)
  leisure l_p             0.2937  (32.9 hrs/wk)
  invalid sim cells            0
  assets above a_max=100  max 99.4  (households: 0 ever (0.00%), 0 at t=1, 0 at handoff)
  HC in [50, 1500]      range 297.7 - 603.5  (households: 0 ever above, 0 ever below, 0 above at handoff)
  every simulated state is inside both grids

!  APPROACHING A BOUND (within 5%) -- not a failure, but watch it across runs:
  kappa_ParEd =    -0.1081  96.4% of its box, near the upper bound

all parameters interior to their boxes

acceptance -- about the RETAINED WINNER, not about the other restarts
  winner came from        polish
  its own return code     FTOL_REACHED  (converged)  yes
  refinement              skipped (ret NOT_RUN, 0 evals)  yes
  no objective exceptions yes  (0)
  final sim in domain     yes  (0 invalid cells)
  no parameter on a bound yes  (all interior)
  objective finite        yes  (Q = 61.7977)
  (for context: 3 of 3 restarts converged, 0 hit a budget, 0 other)
  ACCEPTED -- this point may be quoted, with the caveats in docs/SMM.md

wrote output/smm_runs/2026-09-11_182836_exp16b/run_record.toml
wrote output/smm_runs/2026-09-11_182836_exp16b/restarts.csv
wrote output/smm_runs/2026-09-11_182836_exp16b/estimates.toml
wrote output/smm_runs/2026-09-11_182836_exp16b/run.log
