
============================================================================
SMM: parent-block moments
============================================================================
started    2026-09-07 11:41:38
host       haflinger.ceu.edu
machine    112 cores, 503 GB RAM, load average 1.9
workers    20 of 112 cores (18%) -- capped by shared-server budget
budget     4000 Sobol points, 6 restarts (<= 500 evals each, polish 500)
grids      Na=Nhc=30 for both the search and the report
writing to output/smm_runs/2026-09-07_114138
           (also reachable as output/smm_runs/latest -- tail that, no timestamp needed)
7.6s
running on 21 process(es): 1 master + 20 worker(s), 1 BLAS thread each
10.3s
30.4s (all processes at once)

============================================================================
Targets  (Input/smm_targets_baseline.toml)
============================================================================
10 moments, 9 parameters -- OVER-identified, Q cannot reach 0 and weights matter
parameters: phi_2, phi_3, lambda_2, R_0, sigma_1_0, sigma_1_1, sigma_2_0, sigma_2_1, sigma_4_0
moment           mean         sd        N   source
mean_c_p       3.1155     1.6993     6742   cons_exhous_real_w99
mean_h_p       0.3073     0.0999    15665   (wh_mom + wh_dad)/2 / 112
mean_t_p_early     0.4544     0.1656      475   par_time_tot / 112, child ages 1-9
mean_t_p_late     0.3333     0.1669      590   par_time_tot / 112, child ages 10-17
mean_e_p_early     0.3429     0.4794     8178   m_method2_final_w99, child ages 1-9
mean_e_p_late     0.3911     0.6638     7182   m_method2_final_w99, child ages 10-17
mean_i_c_early     0.3649     0.0389      476   c_time_hrs / 112 (school + own study), child ages 6-9
mean_i_c_late     0.3872     0.0517     1500   c_time_hrs / 112 (school + own study), child ages 10-17
mean_hc_early     6.0737     0.1081      252   x_gach (log PCA composite), child ages 3-9
mean_hc_late     6.2508     0.0323      549   x_gach (log PCA composite), child ages 10-17

SDs are shown but NOT targeted: the model's cross-sectional dispersion comes
from a 5-node wage shock plus initial draws and cannot reach the data's
(leisure SD is 7.4x too small). Targeting them would distort the means.

settings written to output/smm_runs/2026-09-07_114138/run_record.toml  (status = started)
15.9s

projected runtime
  sobol stage     4001 evals / 20 workers  =   53.1 min   (parallel)
  local stage      990 evals, sequential    =  262.6 min   (cannot be parallelised)
  total                                     315.6 min

The local stage dominates because TikTak's restarts are sequential by
construction. More workers shorten the first line only -- to use a wide
machine well, raise --sobol (better seeds), not --restarts.

============================================================================
Incumbent calibration
============================================================================
Q = 1.649564

Parameters
--------------------------------------------------------------
  phi_2            0.1437   (was 0.1437)
  phi_3            1.0201   (was 1.0201)
  lambda_2         8.6793   (was 8.6793)
  R_0             50.6032   (was 50.6032)
  sigma_1_0       -0.2232   (was -0.2232)
  sigma_1_1       -0.1413   (was -0.1413)
  sigma_2_0       -3.7551   (was -3.7551)
  sigma_2_1       -0.0500   (was -0.0500)
  sigma_4_0       -5.9852   (was -5.9852)

Targeted moments
----------------------------------------------------------------------------
  moment          model       data     gap %   source
  mean_c_p       3.2870     3.1155      5.5%   cons_exhous_real_w99
  mean_h_p       0.3073     0.3073     -0.0%   (wh_mom + wh_dad)/2 / 112
  mean_t_p_early     0.5244     0.4544     15.4%   par_time_tot / 112, child ages 1-9
  mean_t_p_late     0.3202     0.3333     -3.9%   par_time_tot / 112, child ages 10-17
  mean_e_p_early     0.2925     0.3429    -14.7%   m_method2_final_w99, child ages 1-9
  mean_e_p_late     0.4360     0.3911     11.5%   m_method2_final_w99, child ages 10-17
  mean_i_c_early     0.0512     0.3649    -86.0%   c_time_hrs / 112 (school + own study), child ages 6-9
  mean_i_c_late     0.0319     0.3872    -91.8%   c_time_hrs / 112 (school + own study), child ages 10-17
  mean_hc_early     6.0192     6.0737     -5.3%   x_gach (log PCA composite), child ages 3-9
  mean_hc_late     6.2984     6.2508      4.9%   x_gach (log PCA composite), child ages 10-17
  Q                                  1.6496    (gap % is in LEVELS for log moments)

  c_p           32870 USD/yr  vs data 31155
  h_p            34.4 hrs/wk  vs data 34.4
  t_p  1-9       58.7 hrs/wk  vs data 50.9
  t_p 10-17      35.9 hrs/wk  vs data 37.3
  e_p  1-9       2925 USD/yr  vs data 3429
  e_p 10-17      4360 USD/yr  vs data 3911

  t_p late/early  model 0.61x  vs data 0.73x
  e_p late/early  model 1.49x  vs data 1.14x
  l_p (residual)  model 29.6 hrs/wk  vs 33.1 implied by the h_p/t_p targets
                  (measured leisure is 59.2 hrs/wk -- par_time_tot overlaps it)

Untargeted -- does the fit stay believable?
--------------------------------------------------------------
  after-tax income        4.7065  (47065 USD/yr)
  implied saving rate       31.3%
  terminal assets        37.0858  (370858 USD)
  leisure l_p             0.2644  (29.6 hrs/wk)
  invalid sim cells            0
  assets above a_max=100  max 254.0  (households: 2 ever (0.10%), 2 at t=1, 2 at handoff)
  HC in [50, 1500]      range 297.7 - 633.0  (households: 0 ever above, 0 ever below, 0 above at handoff)

  off-grid states by period (n = 2000 households)
    t      a>a_max      max a    hc>hi    hc<lo     max hc
    1            2      214.4        0        0      464.2
    2            2      216.5        0        0      443.7
    3            2      218.7        0        0      452.2
    4            2      221.0        0        0      473.0
    5            2      223.2        0        0      495.9
    6            2      225.4        0        0      526.9
    7            2      227.4        0        0      547.3
    8            2      229.4        0        0      564.7
    9            2      231.4        0        0      579.4
    10           2      233.4        0        0      591.6
    11           2      235.3        0        0      603.7
    12           2      237.2        0        0      613.1
    13           2      239.1        0        0      621.9
    14           2      241.0        0        0      628.2
    15           2      243.1        0        0      632.1
    16           2      245.6        0        0      633.0
    17           2      249.5        0        0      622.4
    T+1          2      254.0        0        0      553.9
    (rows with no off-grid state are omitted; T+1 is the age-18 handoff)

============================================================================
TikTak search
============================================================================
  sobol        1/4001    0%   best Q       82.53     0.3 min elapsed, ~1135 min left
  sobol        6/4001    0%   best Q       82.53     0.3 min elapsed, ~213 min left
  sobol       19/4001    0%   best Q       3.478     0.4 min elapsed, ~75 min left
  sobol       21/4001    1%   best Q       3.478     0.4 min elapsed, ~79 min left
  sobol       22/4001    1%   best Q       3.478     0.5 min elapsed, ~83 min left
  sobol       35/4001    1%   best Q       3.478     0.5 min elapsed, ~56 min left
  sobol       41/4001    1%   best Q       3.478     0.5 min elapsed, ~51 min left
  sobol       43/4001    1%   best Q       3.478     0.6 min elapsed, ~55 min left
  sobol       50/4001    1%   best Q      0.8712     0.6 min elapsed, ~50 min left
  sobol       57/4001    1%   best Q      0.8712     0.7 min elapsed, ~47 min left
  sobol       63/4001    2%   best Q      0.8712     0.7 min elapsed, ~45 min left
  sobol       68/4001    2%   best Q      0.8712     0.8 min elapsed, ~44 min left
  sobol       74/4001    2%   best Q      0.8712     0.8 min elapsed, ~43 min left
  sobol       80/4001    2%   best Q      0.8712     0.9 min elapsed, ~42 min left
  sobol       85/4001    2%   best Q      0.8712     0.9 min elapsed, ~41 min left
  sobol       89/4001    2%   best Q      0.8712     0.9 min elapsed, ~41 min left
  sobol       95/4001    2%   best Q      0.8712     1.0 min elapsed, ~40 min left
  sobol       99/4001    2%   best Q      0.8712     1.0 min elapsed, ~39 min left
  sobol      103/4001    3%   best Q      0.8712     1.0 min elapsed, ~39 min left
  sobol      108/4001    3%   best Q      0.8712     1.1 min elapsed, ~39 min left
  sobol      116/4001    3%   best Q      0.8712     1.1 min elapsed, ~37 min left
  sobol      119/4001    3%   best Q      0.8712     1.1 min elapsed, ~37 min left
  sobol      122/4001    3%   best Q      0.8712     1.2 min elapsed, ~38 min left
  sobol      127/4001    3%   best Q      0.8712     1.2 min elapsed, ~37 min left
  sobol      134/4001    3%   best Q      0.8712     1.3 min elapsed, ~36 min left
  sobol      138/4001    3%   best Q      0.8712     1.3 min elapsed, ~36 min left
  sobol      141/4001    4%   best Q      0.8712     1.3 min elapsed, ~36 min left
  sobol      146/4001    4%   best Q      0.8712     1.4 min elapsed, ~36 min left
  sobol      151/4001    4%   best Q      0.8712     1.4 min elapsed, ~36 min left
  sobol      160/4001    4%   best Q      0.8712     1.5 min elapsed, ~35 min left
  sobol      168/4001    4%   best Q      0.8712     1.5 min elapsed, ~35 min left
  sobol      174/4001    4%   best Q      0.8712     1.6 min elapsed, ~34 min left
  sobol      180/4001    4%   best Q      0.8712     1.6 min elapsed, ~34 min left
  sobol      183/4001    5%   best Q      0.8712     1.6 min elapsed, ~34 min left
  sobol      191/4001    5%   best Q      0.8712     1.7 min elapsed, ~34 min left
  sobol      197/4001    5%   best Q      0.8712     1.7 min elapsed, ~33 min left
  sobol      205/4001    5%   best Q      0.8712     1.8 min elapsed, ~33 min left
  sobol      209/4001    5%   best Q      0.8712     1.8 min elapsed, ~33 min left
  sobol      215/4001    5%   best Q      0.8712     1.9 min elapsed, ~33 min left
  sobol      221/4001    6%   best Q      0.8712     1.9 min elapsed, ~32 min left
  sobol      226/4001    6%   best Q      0.8712     1.9 min elapsed, ~32 min left
  sobol      232/4001    6%   best Q      0.8712     2.0 min elapsed, ~32 min left
  sobol      235/4001    6%   best Q      0.8712     2.0 min elapsed, ~32 min left
  sobol      245/4001    6%   best Q      0.8712     2.1 min elapsed, ~32 min left
  sobol      250/4001    6%   best Q      0.8712     2.1 min elapsed, ~32 min left
  sobol      255/4001    6%   best Q      0.8712     2.1 min elapsed, ~31 min left
  sobol      259/4001    6%   best Q      0.8712     2.2 min elapsed, ~31 min left
  sobol      265/4001    7%   best Q      0.8712     2.2 min elapsed, ~31 min left
  sobol      271/4001    7%   best Q      0.8712     2.3 min elapsed, ~31 min left
  sobol      277/4001    7%   best Q      0.8712     2.3 min elapsed, ~31 min left
  sobol      278/4001    7%   best Q      0.8712     2.3 min elapsed, ~31 min left
  sobol      283/4001    7%   best Q      0.8712     2.4 min elapsed, ~31 min left
  sobol      288/4001    7%   best Q      0.8712     2.4 min elapsed, ~31 min left
  sobol      294/4001    7%   best Q      0.8712     2.4 min elapsed, ~31 min left
  sobol      301/4001    8%   best Q      0.8712     2.5 min elapsed, ~30 min left
  sobol      303/4001    8%   best Q      0.8712     2.5 min elapsed, ~31 min left
  sobol      310/4001    8%   best Q      0.8712     2.5 min elapsed, ~30 min left
  sobol      313/4001    8%   best Q      0.8712     2.6 min elapsed, ~30 min left
  sobol      318/4001    8%   best Q      0.8712     2.6 min elapsed, ~30 min left
  sobol      323/4001    8%   best Q      0.8712     2.7 min elapsed, ~30 min left
  sobol      328/4001    8%   best Q      0.8712     2.7 min elapsed, ~30 min left
  sobol      335/4001    8%   best Q      0.8712     2.7 min elapsed, ~30 min left
  sobol      337/4001    8%   best Q      0.8712     2.8 min elapsed, ~30 min left
  sobol      342/4001    9%   best Q      0.8712     2.8 min elapsed, ~30 min left
  sobol      346/4001    9%   best Q      0.8712     2.8 min elapsed, ~30 min left
  sobol      352/4001    9%   best Q      0.8712     2.9 min elapsed, ~30 min left
  sobol      359/4001    9%   best Q      0.8712     2.9 min elapsed, ~30 min left
  sobol      361/4001    9%   best Q      0.8712     2.9 min elapsed, ~30 min left
  sobol      368/4001    9%   best Q      0.8712     3.0 min elapsed, ~29 min left
  sobol      371/4001    9%   best Q      0.8712     3.0 min elapsed, ~30 min left
  sobol      377/4001    9%   best Q      0.8712     3.1 min elapsed, ~29 min left
  sobol      380/4001    9%   best Q      0.8712     3.1 min elapsed, ~30 min left
  sobol      386/4001   10%   best Q      0.8712     3.1 min elapsed, ~29 min left
  sobol      393/4001   10%   best Q      0.8712     3.2 min elapsed, ~29 min left
  sobol      398/4001   10%   best Q      0.8712     3.2 min elapsed, ~29 min left
  sobol      405/4001   10%   best Q      0.8712     3.3 min elapsed, ~29 min left
  sobol      409/4001   10%   best Q      0.8712     3.3 min elapsed, ~29 min left
  sobol      414/4001   10%   best Q      0.8712     3.3 min elapsed, ~29 min left
  sobol      421/4001   11%   best Q      0.8712     3.4 min elapsed, ~29 min left
  sobol      425/4001   11%   best Q      0.8712     3.4 min elapsed, ~29 min left
  sobol      430/4001   11%   best Q      0.8712     3.5 min elapsed, ~29 min left
  sobol      434/4001   11%   best Q      0.8712     3.5 min elapsed, ~29 min left
  sobol      441/4001   11%   best Q      0.8712     3.5 min elapsed, ~29 min left
  sobol      445/4001   11%   best Q      0.8712     3.6 min elapsed, ~29 min left
  sobol      452/4001   11%   best Q      0.8712     3.6 min elapsed, ~29 min left
  sobol      457/4001   11%   best Q      0.8712     3.7 min elapsed, ~28 min left
  sobol      466/4001   12%   best Q      0.8712     3.7 min elapsed, ~28 min left
  sobol      472/4001   12%   best Q      0.8712     3.8 min elapsed, ~28 min left
  sobol      475/4001   12%   best Q      0.8712     3.8 min elapsed, ~28 min left
  sobol      484/4001   12%   best Q      0.8712     3.9 min elapsed, ~28 min left
  sobol      489/4001   12%   best Q      0.8712     3.9 min elapsed, ~28 min left
  sobol      493/4001   12%   best Q      0.8712     3.9 min elapsed, ~28 min left
  sobol      497/4001   12%   best Q      0.8712     4.0 min elapsed, ~28 min left
  sobol      506/4001   13%   best Q      0.8712     4.0 min elapsed, ~28 min left
  sobol      511/4001   13%   best Q      0.8712     4.1 min elapsed, ~28 min left
  sobol      515/4001   13%   best Q      0.8712     4.1 min elapsed, ~28 min left
  sobol      521/4001   13%   best Q      0.8712     4.1 min elapsed, ~28 min left
  sobol      528/4001   13%   best Q      0.8712     4.2 min elapsed, ~28 min left
  sobol      532/4001   13%   best Q      0.8712     4.2 min elapsed, ~28 min left
  sobol      536/4001   13%   best Q      0.8712     4.3 min elapsed, ~28 min left
  sobol      542/4001   14%   best Q      0.8712     4.3 min elapsed, ~27 min left
  sobol      549/4001   14%   best Q      0.8712     4.4 min elapsed, ~27 min left
  sobol      556/4001   14%   best Q      0.8712     4.4 min elapsed, ~27 min left
  sobol      564/4001   14%   best Q      0.8712     4.5 min elapsed, ~27 min left
  sobol      570/4001   14%   best Q      0.8712     4.5 min elapsed, ~27 min left
  sobol      574/4001   14%   best Q      0.8712     4.5 min elapsed, ~27 min left
  sobol      577/4001   14%   best Q      0.8712     4.6 min elapsed, ~27 min left
  sobol      584/4001   15%   best Q      0.8712     4.6 min elapsed, ~27 min left
  sobol      590/4001   15%   best Q      0.8712     4.6 min elapsed, ~27 min left
  sobol      595/4001   15%   best Q      0.8712     4.7 min elapsed, ~27 min left
  sobol      599/4001   15%   best Q      0.8712     4.7 min elapsed, ~27 min left
  sobol      605/4001   15%   best Q      0.8712     4.8 min elapsed, ~27 min left
  sobol      609/4001   15%   best Q      0.8712     4.8 min elapsed, ~27 min left
  sobol      615/4001   15%   best Q      0.8712     4.8 min elapsed, ~27 min left
  sobol      620/4001   15%   best Q      0.8712     4.9 min elapsed, ~27 min left
  sobol      624/4001   16%   best Q      0.8712     4.9 min elapsed, ~27 min left
  sobol      629/4001   16%   best Q      0.8712     4.9 min elapsed, ~26 min left
  sobol      634/4001   16%   best Q      0.8712     5.0 min elapsed, ~26 min left
  sobol      639/4001   16%   best Q      0.8712     5.0 min elapsed, ~26 min left
  sobol      646/4001   16%   best Q      0.8712     5.1 min elapsed, ~26 min left
  sobol      649/4001   16%   best Q      0.8712     5.1 min elapsed, ~26 min left
  sobol      656/4001   16%   best Q      0.8712     5.1 min elapsed, ~26 min left
  sobol      662/4001   17%   best Q      0.8712     5.2 min elapsed, ~26 min left
  sobol      668/4001   17%   best Q      0.8712     5.3 min elapsed, ~26 min left
  sobol      675/4001   17%   best Q      0.8712     5.3 min elapsed, ~26 min left
  sobol      680/4001   17%   best Q      0.8712     5.3 min elapsed, ~26 min left
  sobol      685/4001   17%   best Q      0.8712     5.4 min elapsed, ~26 min left
  sobol      691/4001   17%   best Q      0.8712     5.4 min elapsed, ~26 min left
  sobol      694/4001   17%   best Q      0.8712     5.4 min elapsed, ~26 min left
  sobol      704/4001   18%   best Q      0.8712     5.5 min elapsed, ~26 min left
  sobol      707/4001   18%   best Q      0.8712     5.5 min elapsed, ~26 min left
  sobol      712/4001   18%   best Q      0.8712     5.6 min elapsed, ~26 min left
  sobol      717/4001   18%   best Q      0.8712     5.6 min elapsed, ~26 min left
  sobol      725/4001   18%   best Q      0.8712     5.6 min elapsed, ~25 min left
  sobol      730/4001   18%   best Q      0.8712     5.7 min elapsed, ~25 min left
  sobol      734/4001   18%   best Q      0.8712     5.7 min elapsed, ~25 min left
  sobol      738/4001   18%   best Q      0.8712     5.8 min elapsed, ~25 min left
  sobol      744/4001   19%   best Q      0.8712     5.8 min elapsed, ~25 min left
  sobol      750/4001   19%   best Q      0.8712     5.9 min elapsed, ~25 min left
  sobol      757/4001   19%   best Q      0.8712     5.9 min elapsed, ~25 min left
  sobol      763/4001   19%   best Q      0.8712     5.9 min elapsed, ~25 min left
  sobol      768/4001   19%   best Q      0.8712     6.0 min elapsed, ~25 min left
  sobol      772/4001   19%   best Q      0.8712     6.0 min elapsed, ~25 min left
  sobol      777/4001   19%   best Q      0.8712     6.1 min elapsed, ~25 min left
  sobol      784/4001   20%   best Q      0.8712     6.1 min elapsed, ~25 min left
  sobol      789/4001   20%   best Q      0.8712     6.1 min elapsed, ~25 min left
  sobol      792/4001   20%   best Q      0.8712     6.2 min elapsed, ~25 min left
  sobol      797/4001   20%   best Q      0.8712     6.2 min elapsed, ~25 min left
  sobol      806/4001   20%   best Q      0.8712     6.2 min elapsed, ~25 min left
  sobol      809/4001   20%   best Q      0.8712     6.3 min elapsed, ~25 min left
  sobol      815/4001   20%   best Q      0.8712     6.3 min elapsed, ~25 min left
  sobol      820/4001   20%   best Q      0.8712     6.4 min elapsed, ~25 min left
  sobol      826/4001   21%   best Q      0.8712     6.4 min elapsed, ~25 min left
  sobol      831/4001   21%   best Q      0.8712     6.5 min elapsed, ~25 min left
  sobol      835/4001   21%   best Q      0.8712     6.5 min elapsed, ~25 min left
  sobol      841/4001   21%   best Q      0.8712     6.5 min elapsed, ~25 min left
  sobol      849/4001   21%   best Q      0.8712     6.6 min elapsed, ~24 min left
  sobol      853/4001   21%   best Q      0.8712     6.6 min elapsed, ~24 min left
  sobol      856/4001   21%   best Q      0.8712     6.7 min elapsed, ~24 min left
  sobol      864/4001   22%   best Q      0.8712     6.7 min elapsed, ~24 min left
  sobol      869/4001   22%   best Q      0.8712     6.7 min elapsed, ~24 min left
  sobol      872/4001   22%   best Q      0.8712     6.8 min elapsed, ~24 min left
  sobol      878/4001   22%   best Q      0.8712     6.8 min elapsed, ~24 min left
  sobol      883/4001   22%   best Q      0.8712     6.8 min elapsed, ~24 min left
  sobol      888/4001   22%   best Q      0.8712     6.9 min elapsed, ~24 min left
  sobol      893/4001   22%   best Q      0.8712     6.9 min elapsed, ~24 min left
  sobol      899/4001   22%   best Q      0.8712     7.0 min elapsed, ~24 min left
  sobol      903/4001   23%   best Q      0.8712     7.0 min elapsed, ~24 min left
  sobol      910/4001   23%   best Q      0.8712     7.1 min elapsed, ~24 min left
  sobol      915/4001   23%   best Q      0.8712     7.1 min elapsed, ~24 min left
  sobol      920/4001   23%   best Q      0.8712     7.1 min elapsed, ~24 min left
  sobol      924/4001   23%   best Q      0.8712     7.2 min elapsed, ~24 min left
  sobol      931/4001   23%   best Q      0.8712     7.2 min elapsed, ~24 min left
  sobol      936/4001   23%   best Q      0.8712     7.2 min elapsed, ~24 min left
  sobol      941/4001   24%   best Q      0.8712     7.3 min elapsed, ~24 min left
  sobol      944/4001   24%   best Q      0.8712     7.3 min elapsed, ~24 min left
  sobol      949/4001   24%   best Q      0.8712     7.4 min elapsed, ~24 min left
  sobol      955/4001   24%   best Q      0.8712     7.4 min elapsed, ~24 min left
  sobol      962/4001   24%   best Q      0.8712     7.4 min elapsed, ~23 min left
  sobol      965/4001   24%   best Q      0.8712     7.5 min elapsed, ~24 min left
  sobol      971/4001   24%   best Q      0.8712     7.5 min elapsed, ~23 min left
  sobol      976/4001   24%   best Q      0.8712     7.6 min elapsed, ~23 min left
  sobol      982/4001   25%   best Q      0.8712     7.6 min elapsed, ~23 min left
  sobol      986/4001   25%   best Q      0.8712     7.6 min elapsed, ~23 min left
  sobol      991/4001   25%   best Q      0.8712     7.7 min elapsed, ~23 min left
  sobol      997/4001   25%   best Q      0.8712     7.7 min elapsed, ~23 min left
  sobol     1001/4001   25%   best Q      0.8712     7.7 min elapsed, ~23 min left
  sobol     1006/4001   25%   best Q      0.8712     7.8 min elapsed, ~23 min left
  sobol     1017/4001   25%   best Q      0.8712     7.8 min elapsed, ~23 min left
  sobol     1021/4001   26%   best Q      0.8712     7.9 min elapsed, ~23 min left
  sobol     1024/4001   26%   best Q      0.8712     7.9 min elapsed, ~23 min left
  sobol     1029/4001   26%   best Q      0.8712     8.0 min elapsed, ~23 min left
  sobol     1034/4001   26%   best Q      0.8712     8.0 min elapsed, ~23 min left
  sobol     1040/4001   26%   best Q      0.8712     8.1 min elapsed, ~23 min left
  sobol     1046/4001   26%   best Q      0.8712     8.1 min elapsed, ~23 min left
  sobol     1052/4001   26%   best Q      0.8712     8.1 min elapsed, ~23 min left
  sobol     1055/4001   26%   best Q      0.8712     8.2 min elapsed, ~23 min left
  sobol     1061/4001   27%   best Q      0.8712     8.2 min elapsed, ~23 min left
  sobol     1069/4001   27%   best Q      0.8712     8.3 min elapsed, ~23 min left
  sobol     1072/4001   27%   best Q      0.8712     8.3 min elapsed, ~23 min left
  sobol     1079/4001   27%   best Q      0.8712     8.3 min elapsed, ~23 min left
  sobol     1084/4001   27%   best Q      0.8712     8.4 min elapsed, ~23 min left
  sobol     1090/4001   27%   best Q      0.8712     8.4 min elapsed, ~22 min left
  sobol     1094/4001   27%   best Q      0.8712     8.5 min elapsed, ~22 min left
  sobol     1099/4001   27%   best Q      0.8712     8.5 min elapsed, ~22 min left
  sobol     1106/4001   28%   best Q      0.8712     8.5 min elapsed, ~22 min left
  sobol     1113/4001   28%   best Q      0.8712     8.6 min elapsed, ~22 min left
  sobol     1119/4001   28%   best Q      0.8712     8.6 min elapsed, ~22 min left
  sobol     1122/4001   28%   best Q      0.8712     8.7 min elapsed, ~22 min left
  sobol     1127/4001   28%   best Q      0.8712     8.7 min elapsed, ~22 min left
  sobol     1131/4001   28%   best Q      0.8712     8.7 min elapsed, ~22 min left
  sobol     1137/4001   28%   best Q      0.8712     8.8 min elapsed, ~22 min left
  sobol     1142/4001   29%   best Q      0.8712     8.8 min elapsed, ~22 min left
  sobol     1149/4001   29%   best Q      0.8712     8.9 min elapsed, ~22 min left
  sobol     1152/4001   29%   best Q      0.8712     8.9 min elapsed, ~22 min left
  sobol     1159/4001   29%   best Q      0.8712     9.0 min elapsed, ~22 min left
  sobol     1164/4001   29%   best Q      0.8712     9.0 min elapsed, ~22 min left
  sobol     1170/4001   29%   best Q      0.8712     9.0 min elapsed, ~22 min left
  sobol     1174/4001   29%   best Q      0.8712     9.1 min elapsed, ~22 min left
  sobol     1178/4001   29%   best Q      0.8712     9.1 min elapsed, ~22 min left
  sobol     1183/4001   30%   best Q      0.8712     9.1 min elapsed, ~22 min left
  sobol     1190/4001   30%   best Q      0.8712     9.2 min elapsed, ~22 min left
  sobol     1195/4001   30%   best Q      0.8712     9.2 min elapsed, ~22 min left
  sobol     1200/4001   30%   best Q      0.8712     9.3 min elapsed, ~22 min left
  sobol     1204/4001   30%   best Q      0.8712     9.3 min elapsed, ~22 min left
  sobol     1212/4001   30%   best Q      0.8479     9.3 min elapsed, ~22 min left
  sobol     1215/4001   30%   best Q      0.8479     9.4 min elapsed, ~22 min left
  sobol     1223/4001   31%   best Q      0.8479     9.4 min elapsed, ~21 min left
  sobol     1231/4001   31%   best Q      0.8479     9.5 min elapsed, ~21 min left
  sobol     1235/4001   31%   best Q      0.8479     9.5 min elapsed, ~21 min left
  sobol     1241/4001   31%   best Q      0.8479     9.6 min elapsed, ~21 min left
  sobol     1246/4001   31%   best Q      0.8479     9.6 min elapsed, ~21 min left
  sobol     1251/4001   31%   best Q      0.8479     9.6 min elapsed, ~21 min left
  sobol     1257/4001   31%   best Q      0.8479     9.7 min elapsed, ~21 min left
  sobol     1262/4001   32%   best Q      0.8479     9.7 min elapsed, ~21 min left
  sobol     1268/4001   32%   best Q      0.8479     9.8 min elapsed, ~21 min left
  sobol     1273/4001   32%   best Q      0.8479     9.8 min elapsed, ~21 min left
  sobol     1281/4001   32%   best Q      0.8479     9.9 min elapsed, ~21 min left
  sobol     1285/4001   32%   best Q      0.8479     9.9 min elapsed, ~21 min left
  sobol     1290/4001   32%   best Q      0.8479     9.9 min elapsed, ~21 min left
  sobol     1296/4001   32%   best Q      0.8479    10.0 min elapsed, ~21 min left
  sobol     1301/4001   33%   best Q      0.8479    10.0 min elapsed, ~21 min left
  sobol     1304/4001   33%   best Q      0.8479    10.0 min elapsed, ~21 min left
  sobol     1314/4001   33%   best Q      0.8479    10.1 min elapsed, ~21 min left
  sobol     1319/4001   33%   best Q      0.8479    10.1 min elapsed, ~21 min left
  sobol     1324/4001   33%   best Q      0.8479    10.2 min elapsed, ~21 min left
  sobol     1330/4001   33%   best Q      0.8479    10.2 min elapsed, ~21 min left
  sobol     1335/4001   33%   best Q      0.8479    10.3 min elapsed, ~20 min left
  sobol     1342/4001   34%   best Q      0.8479    10.3 min elapsed, ~20 min left
  sobol     1345/4001   34%   best Q      0.8479    10.3 min elapsed, ~20 min left
  sobol     1351/4001   34%   best Q      0.8479    10.4 min elapsed, ~20 min left
  sobol     1357/4001   34%   best Q      0.8479    10.4 min elapsed, ~20 min left
  sobol     1364/4001   34%   best Q      0.8479    10.5 min elapsed, ~20 min left
  sobol     1368/4001   34%   best Q      0.8479    10.5 min elapsed, ~20 min left
  sobol     1373/4001   34%   best Q      0.8479    10.5 min elapsed, ~20 min left
  sobol     1377/4001   34%   best Q      0.8479    10.6 min elapsed, ~20 min left
  sobol     1382/4001   35%   best Q      0.8479    10.6 min elapsed, ~20 min left
  sobol     1388/4001   35%   best Q      0.8479    10.6 min elapsed, ~20 min left
  sobol     1393/4001   35%   best Q      0.8479    10.7 min elapsed, ~20 min left
  sobol     1397/4001   35%   best Q      0.8479    10.7 min elapsed, ~20 min left
  sobol     1402/4001   35%   best Q      0.8479    10.8 min elapsed, ~20 min left
  sobol     1407/4001   35%   best Q      0.8479    10.8 min elapsed, ~20 min left
  sobol     1414/4001   35%   best Q      0.8479    10.8 min elapsed, ~20 min left
  sobol     1418/4001   35%   best Q      0.8479    10.9 min elapsed, ~20 min left
  sobol     1423/4001   36%   best Q      0.8479    10.9 min elapsed, ~20 min left
  sobol     1428/4001   36%   best Q      0.8479    11.0 min elapsed, ~20 min left
  sobol     1436/4001   36%   best Q      0.8479    11.0 min elapsed, ~20 min left
  sobol     1440/4001   36%   best Q      0.8479    11.0 min elapsed, ~20 min left
  sobol     1445/4001   36%   best Q      0.8479    11.1 min elapsed, ~20 min left
  sobol     1449/4001   36%   best Q      0.8479    11.1 min elapsed, ~20 min left
  sobol     1455/4001   36%   best Q      0.8479    11.2 min elapsed, ~20 min left
  sobol     1461/4001   37%   best Q      0.8479    11.2 min elapsed, ~19 min left
  sobol     1467/4001   37%   best Q      0.8479    11.3 min elapsed, ~19 min left
  sobol     1473/4001   37%   best Q      0.8479    11.3 min elapsed, ~19 min left
  sobol     1477/4001   37%   best Q      0.8479    11.3 min elapsed, ~19 min left
  sobol     1484/4001   37%   best Q      0.8479    11.4 min elapsed, ~19 min left
  sobol     1488/4001   37%   best Q      0.8479    11.4 min elapsed, ~19 min left
  sobol     1492/4001   37%   best Q      0.8479    11.4 min elapsed, ~19 min left
  sobol     1500/4001   37%   best Q      0.8479    11.5 min elapsed, ~19 min left
  sobol     1505/4001   38%   best Q      0.8479    11.5 min elapsed, ~19 min left
  sobol     1511/4001   38%   best Q      0.8479    11.6 min elapsed, ~19 min left
  sobol     1518/4001   38%   best Q      0.8479    11.6 min elapsed, ~19 min left
  sobol     1524/4001   38%   best Q      0.8479    11.7 min elapsed, ~19 min left
  sobol     1527/4001   38%   best Q      0.8479    11.7 min elapsed, ~19 min left
  sobol     1532/4001   38%   best Q      0.8479    11.7 min elapsed, ~19 min left
  sobol     1538/4001   38%   best Q      0.8479    11.8 min elapsed, ~19 min left
  sobol     1544/4001   39%   best Q      0.8479    11.8 min elapsed, ~19 min left
  sobol     1551/4001   39%   best Q      0.8479    11.9 min elapsed, ~19 min left
  sobol     1554/4001   39%   best Q      0.8479    11.9 min elapsed, ~19 min left
  sobol     1561/4001   39%   best Q      0.8479    11.9 min elapsed, ~19 min left
  sobol     1569/4001   39%   best Q      0.8479    12.0 min elapsed, ~19 min left
  sobol     1574/4001   39%   best Q      0.8479    12.0 min elapsed, ~19 min left
  sobol     1579/4001   39%   best Q      0.8479    12.1 min elapsed, ~19 min left
  sobol     1582/4001   40%   best Q      0.8479    12.1 min elapsed, ~19 min left
  sobol     1590/4001   40%   best Q      0.8479    12.1 min elapsed, ~18 min left
  sobol     1594/4001   40%   best Q      0.8479    12.2 min elapsed, ~18 min left
  sobol     1601/4001   40%   best Q      0.8479    12.2 min elapsed, ~18 min left
  sobol     1608/4001   40%   best Q      0.8479    12.3 min elapsed, ~18 min left
  sobol     1613/4001   40%   best Q      0.8479    12.3 min elapsed, ~18 min left
  sobol     1618/4001   40%   best Q      0.8479    12.4 min elapsed, ~18 min left
  sobol     1622/4001   41%   best Q      0.8479    12.4 min elapsed, ~18 min left
  sobol     1629/4001   41%   best Q      0.8479    12.4 min elapsed, ~18 min left
  sobol     1636/4001   41%   best Q      0.8479    12.5 min elapsed, ~18 min left
  sobol     1639/4001   41%   best Q      0.8479    12.5 min elapsed, ~18 min left
  sobol     1645/4001   41%   best Q      0.8479    12.6 min elapsed, ~18 min left
  sobol     1651/4001   41%   best Q      0.8479    12.6 min elapsed, ~18 min left
  sobol     1656/4001   41%   best Q      0.8479    12.6 min elapsed, ~18 min left
  sobol     1659/4001   41%   best Q      0.8479    12.7 min elapsed, ~18 min left
  sobol     1667/4001   42%   best Q      0.8479    12.7 min elapsed, ~18 min left
  sobol     1674/4001   42%   best Q      0.8479    12.8 min elapsed, ~18 min left
  sobol     1678/4001   42%   best Q      0.8479    12.8 min elapsed, ~18 min left
  sobol     1682/4001   42%   best Q      0.8479    12.8 min elapsed, ~18 min left
  sobol     1687/4001   42%   best Q      0.8479    12.9 min elapsed, ~18 min left
  sobol     1694/4001   42%   best Q      0.8479    12.9 min elapsed, ~18 min left
  sobol     1697/4001   42%   best Q      0.8479    12.9 min elapsed, ~18 min left
  sobol     1699/4001   42%   best Q      0.8479    13.0 min elapsed, ~18 min left
  sobol     1705/4001   43%   best Q      0.8479    13.0 min elapsed, ~18 min left
  sobol     1709/4001   43%   best Q      0.8479    13.0 min elapsed, ~17 min left
  sobol     1717/4001   43%   best Q      0.8479    13.1 min elapsed, ~17 min left
  sobol     1721/4001   43%   best Q      0.8479    13.1 min elapsed, ~17 min left
  sobol     1726/4001   43%   best Q      0.8479    13.2 min elapsed, ~17 min left
  sobol     1731/4001   43%   best Q      0.8479    13.2 min elapsed, ~17 min left
  sobol     1738/4001   43%   best Q      0.8479    13.3 min elapsed, ~17 min left
  sobol     1745/4001   44%   best Q      0.8479    13.3 min elapsed, ~17 min left
  sobol     1752/4001   44%   best Q      0.8479    13.4 min elapsed, ~17 min left
  sobol     1756/4001   44%   best Q      0.8479    13.4 min elapsed, ~17 min left
  sobol     1759/4001   44%   best Q      0.8479    13.4 min elapsed, ~17 min left
  sobol     1766/4001   44%   best Q      0.8479    13.5 min elapsed, ~17 min left
  sobol     1773/4001   44%   best Q      0.8479    13.5 min elapsed, ~17 min left
  sobol     1776/4001   44%   best Q      0.8479    13.5 min elapsed, ~17 min left
  sobol     1781/4001   45%   best Q      0.8479    13.6 min elapsed, ~17 min left
  sobol     1786/4001   45%   best Q      0.8479    13.6 min elapsed, ~17 min left
  sobol     1792/4001   45%   best Q      0.8479    13.7 min elapsed, ~17 min left
  sobol     1798/4001   45%   best Q      0.8479    13.7 min elapsed, ~17 min left
  sobol     1802/4001   45%   best Q      0.8479    13.7 min elapsed, ~17 min left
  sobol     1808/4001   45%   best Q      0.8479    13.8 min elapsed, ~17 min left
  sobol     1814/4001   45%   best Q      0.8479    13.8 min elapsed, ~17 min left
  sobol     1816/4001   45%   best Q      0.8479    13.9 min elapsed, ~17 min left
  sobol     1821/4001   46%   best Q      0.8479    13.9 min elapsed, ~17 min left
  sobol     1827/4001   46%   best Q      0.8479    13.9 min elapsed, ~17 min left
  sobol     1832/4001   46%   best Q      0.8479    14.0 min elapsed, ~17 min left
  sobol     1837/4001   46%   best Q      0.8479    14.0 min elapsed, ~16 min left
  sobol     1843/4001   46%   best Q      0.8479    14.0 min elapsed, ~16 min left
  sobol     1847/4001   46%   best Q      0.8479    14.1 min elapsed, ~16 min left
  sobol     1850/4001   46%   best Q      0.8479    14.1 min elapsed, ~16 min left
  sobol     1857/4001   46%   best Q      0.8479    14.2 min elapsed, ~16 min left
  sobol     1863/4001   47%   best Q      0.8479    14.2 min elapsed, ~16 min left
  sobol     1867/4001   47%   best Q      0.8479    14.2 min elapsed, ~16 min left
  sobol     1871/4001   47%   best Q      0.8479    14.3 min elapsed, ~16 min left
  sobol     1877/4001   47%   best Q      0.8479    14.3 min elapsed, ~16 min left
  sobol     1884/4001   47%   best Q      0.8479    14.4 min elapsed, ~16 min left
  sobol     1888/4001   47%   best Q      0.8479    14.4 min elapsed, ~16 min left
  sobol     1893/4001   47%   best Q      0.8479    14.4 min elapsed, ~16 min left
  sobol     1902/4001   48%   best Q      0.8479    14.5 min elapsed, ~16 min left
  sobol     1907/4001   48%   best Q      0.8479    14.5 min elapsed, ~16 min left
  sobol     1912/4001   48%   best Q      0.8479    14.6 min elapsed, ~16 min left
  sobol     1919/4001   48%   best Q      0.8479    14.6 min elapsed, ~16 min left
  sobol     1923/4001   48%   best Q      0.8479    14.7 min elapsed, ~16 min left
  sobol     1930/4001   48%   best Q      0.8479    14.7 min elapsed, ~16 min left
  sobol     1935/4001   48%   best Q      0.8479    14.7 min elapsed, ~16 min left
  sobol     1941/4001   49%   best Q      0.8479    14.8 min elapsed, ~16 min left
  sobol     1945/4001   49%   best Q      0.8479    14.8 min elapsed, ~16 min left
  sobol     1949/4001   49%   best Q      0.8479    14.8 min elapsed, ~16 min left
  sobol     1952/4001   49%   best Q      0.8479    14.9 min elapsed, ~16 min left
  sobol     1962/4001   49%   best Q      0.8479    14.9 min elapsed, ~16 min left
  sobol     1964/4001   49%   best Q      0.8479    14.9 min elapsed, ~16 min left
  sobol     1970/4001   49%   best Q      0.8479    15.0 min elapsed, ~15 min left
  sobol     1975/4001   49%   best Q      0.8479    15.0 min elapsed, ~15 min left
  sobol     1981/4001   50%   best Q      0.8479    15.1 min elapsed, ~15 min left
  sobol     1987/4001   50%   best Q      0.8479    15.1 min elapsed, ~15 min left
  sobol     1993/4001   50%   best Q      0.8479    15.2 min elapsed, ~15 min left
  sobol     1998/4001   50%   best Q      0.8479    15.2 min elapsed, ~15 min left
  sobol     2000/4001   50%   best Q      0.8479    15.2 min elapsed, ~15 min left
  sobol     2005/4001   50%   best Q      0.8479    15.3 min elapsed, ~15 min left
  sobol     2015/4001   50%   best Q      0.8479    15.3 min elapsed, ~15 min left
  sobol     2016/4001   50%   best Q      0.8479    15.3 min elapsed, ~15 min left
  sobol     2021/4001   51%   best Q      0.8479    15.4 min elapsed, ~15 min left
  sobol     2028/4001   51%   best Q      0.8479    15.4 min elapsed, ~15 min left
  sobol     2033/4001   51%   best Q      0.8479    15.5 min elapsed, ~15 min left
  sobol     2036/4001   51%   best Q      0.8479    15.5 min elapsed, ~15 min left
  sobol     2042/4001   51%   best Q      0.8479    15.5 min elapsed, ~15 min left
  sobol     2053/4001   51%   best Q      0.8479    15.6 min elapsed, ~15 min left
  sobol     2056/4001   51%   best Q      0.8479    15.6 min elapsed, ~15 min left
  sobol     2060/4001   51%   best Q      0.8479    15.7 min elapsed, ~15 min left
  sobol     2067/4001   52%   best Q      0.8479    15.7 min elapsed, ~15 min left
  sobol     2070/4001   52%   best Q      0.8479    15.7 min elapsed, ~15 min left
  sobol     2080/4001   52%   best Q      0.8479    15.8 min elapsed, ~15 min left
  sobol     2085/4001   52%   best Q      0.8479    15.8 min elapsed, ~15 min left
  sobol     2089/4001   52%   best Q      0.8479    15.9 min elapsed, ~15 min left
  sobol     2095/4001   52%   best Q      0.8479    15.9 min elapsed, ~14 min left
  sobol     2101/4001   53%   best Q      0.8479    16.0 min elapsed, ~14 min left
  sobol     2105/4001   53%   best Q      0.8479    16.0 min elapsed, ~14 min left
  sobol     2111/4001   53%   best Q      0.8479    16.0 min elapsed, ~14 min left
  sobol     2114/4001   53%   best Q      0.8479    16.1 min elapsed, ~14 min left
  sobol     2120/4001   53%   best Q      0.8479    16.1 min elapsed, ~14 min left
  sobol     2123/4001   53%   best Q      0.8479    16.1 min elapsed, ~14 min left
  sobol     2130/4001   53%   best Q      0.8479    16.2 min elapsed, ~14 min left
  sobol     2135/4001   53%   best Q      0.8479    16.2 min elapsed, ~14 min left
  sobol     2137/4001   53%   best Q      0.8479    16.3 min elapsed, ~14 min left
  sobol     2142/4001   54%   best Q      0.8479    16.3 min elapsed, ~14 min left
  sobol     2150/4001   54%   best Q      0.8479    16.3 min elapsed, ~14 min left
  sobol     2153/4001   54%   best Q      0.8479    16.4 min elapsed, ~14 min left
  sobol     2159/4001   54%   best Q      0.8479    16.4 min elapsed, ~14 min left
  sobol     2163/4001   54%   best Q      0.8479    16.4 min elapsed, ~14 min left
  sobol     2167/4001   54%   best Q      0.8479    16.5 min elapsed, ~14 min left
  sobol     2173/4001   54%   best Q      0.8479    16.5 min elapsed, ~14 min left
  sobol     2177/4001   54%   best Q      0.8479    16.5 min elapsed, ~14 min left
  sobol     2182/4001   55%   best Q      0.8479    16.6 min elapsed, ~14 min left
  sobol     2186/4001   55%   best Q      0.8479    16.6 min elapsed, ~14 min left
  sobol     2192/4001   55%   best Q      0.8479    16.7 min elapsed, ~14 min left
  sobol     2197/4001   55%   best Q      0.8479    16.7 min elapsed, ~14 min left
  sobol     2200/4001   55%   best Q      0.8479    16.7 min elapsed, ~14 min left
  sobol     2204/4001   55%   best Q      0.8479    16.8 min elapsed, ~14 min left
  sobol     2210/4001   55%   best Q      0.8479    16.8 min elapsed, ~14 min left
  sobol     2213/4001   55%   best Q      0.8479    16.9 min elapsed, ~14 min left
  sobol     2222/4001   56%   best Q      0.8479    16.9 min elapsed, ~14 min left
  sobol     2228/4001   56%   best Q      0.8479    17.0 min elapsed, ~14 min left
  sobol     2235/4001   56%   best Q      0.8479    17.0 min elapsed, ~13 min left
  sobol     2240/4001   56%   best Q      0.8479    17.0 min elapsed, ~13 min left
  sobol     2242/4001   56%   best Q      0.8479    17.1 min elapsed, ~13 min left
  sobol     2248/4001   56%   best Q      0.8479    17.1 min elapsed, ~13 min left
  sobol     2255/4001   56%   best Q      0.8479    17.2 min elapsed, ~13 min left
  sobol     2259/4001   56%   best Q      0.8479    17.2 min elapsed, ~13 min left
  sobol     2262/4001   57%   best Q      0.8479    17.2 min elapsed, ~13 min left
  sobol     2270/4001   57%   best Q      0.8479    17.3 min elapsed, ~13 min left
  sobol     2279/4001   57%   best Q      0.8479    17.3 min elapsed, ~13 min left
  sobol     2284/4001   57%   best Q      0.8479    17.4 min elapsed, ~13 min left
  sobol     2288/4001   57%   best Q      0.8479    17.4 min elapsed, ~13 min left
  sobol     2295/4001   57%   best Q      0.8479    17.5 min elapsed, ~13 min left
  sobol     2300/4001   57%   best Q      0.8479    17.5 min elapsed, ~13 min left
  sobol     2305/4001   58%   best Q      0.8479    17.5 min elapsed, ~13 min left
  sobol     2307/4001   58%   best Q      0.8479    17.6 min elapsed, ~13 min left
  sobol     2316/4001   58%   best Q      0.8479    17.6 min elapsed, ~13 min left
  sobol     2320/4001   58%   best Q      0.8479    17.6 min elapsed, ~13 min left
  sobol     2325/4001   58%   best Q      0.8479    17.7 min elapsed, ~13 min left
  sobol     2327/4001   58%   best Q      0.8479    17.7 min elapsed, ~13 min left
  sobol     2335/4001   58%   best Q      0.8479    17.8 min elapsed, ~13 min left
  sobol     2341/4001   59%   best Q      0.8479    17.8 min elapsed, ~13 min left
  sobol     2345/4001   59%   best Q      0.8479    17.9 min elapsed, ~13 min left
  sobol     2353/4001   59%   best Q      0.8479    17.9 min elapsed, ~13 min left
  sobol     2359/4001   59%   best Q      0.8479    17.9 min elapsed, ~12 min left
  sobol     2362/4001   59%   best Q      0.8479    18.0 min elapsed, ~12 min left
  sobol     2366/4001   59%   best Q      0.8479    18.0 min elapsed, ~12 min left
  sobol     2371/4001   59%   best Q      0.8479    18.0 min elapsed, ~12 min left
  sobol     2376/4001   59%   best Q      0.8479    18.1 min elapsed, ~12 min left
  sobol     2383/4001   60%   best Q      0.8479    18.1 min elapsed, ~12 min left
  sobol     2387/4001   60%   best Q      0.8479    18.2 min elapsed, ~12 min left
  sobol     2391/4001   60%   best Q      0.8479    18.2 min elapsed, ~12 min left
  sobol     2397/4001   60%   best Q      0.8479    18.2 min elapsed, ~12 min left
  sobol     2402/4001   60%   best Q      0.8479    18.3 min elapsed, ~12 min left
  sobol     2407/4001   60%   best Q      0.8479    18.3 min elapsed, ~12 min left
  sobol     2414/4001   60%   best Q      0.8479    18.4 min elapsed, ~12 min left
  sobol     2420/4001   60%   best Q      0.8479    18.4 min elapsed, ~12 min left
  sobol     2424/4001   61%   best Q      0.8479    18.4 min elapsed, ~12 min left
  sobol     2431/4001   61%   best Q      0.8479    18.5 min elapsed, ~12 min left
  sobol     2437/4001   61%   best Q      0.8479    18.5 min elapsed, ~12 min left
  sobol     2444/4001   61%   best Q      0.8479    18.6 min elapsed, ~12 min left
  sobol     2448/4001   61%   best Q      0.8479    18.6 min elapsed, ~12 min left
  sobol     2454/4001   61%   best Q      0.8479    18.7 min elapsed, ~12 min left
  sobol     2460/4001   61%   best Q      0.8479    18.7 min elapsed, ~12 min left
  sobol     2465/4001   62%   best Q      0.8479    18.8 min elapsed, ~12 min left
  sobol     2471/4001   62%   best Q      0.8479    18.8 min elapsed, ~12 min left
  sobol     2476/4001   62%   best Q      0.8479    18.8 min elapsed, ~12 min left
  sobol     2482/4001   62%   best Q      0.8479    18.9 min elapsed, ~12 min left
  sobol     2486/4001   62%   best Q      0.8479    18.9 min elapsed, ~12 min left
  sobol     2488/4001   62%   best Q      0.8479    18.9 min elapsed, ~12 min left
  sobol     2495/4001   62%   best Q      0.8479    19.0 min elapsed, ~11 min left
  sobol     2501/4001   63%   best Q      0.8479    19.0 min elapsed, ~11 min left
  sobol     2506/4001   63%   best Q      0.8479    19.1 min elapsed, ~11 min left
  sobol     2510/4001   63%   best Q      0.8479    19.1 min elapsed, ~11 min left
  sobol     2517/4001   63%   best Q      0.8479    19.2 min elapsed, ~11 min left
  sobol     2525/4001   63%   best Q      0.8479    19.2 min elapsed, ~11 min left
  sobol     2528/4001   63%   best Q      0.8479    19.2 min elapsed, ~11 min left
  sobol     2535/4001   63%   best Q      0.8479    19.3 min elapsed, ~11 min left
  sobol     2539/4001   63%   best Q      0.8479    19.3 min elapsed, ~11 min left
  sobol     2545/4001   64%   best Q      0.8479    19.3 min elapsed, ~11 min left
  sobol     2550/4001   64%   best Q      0.8479    19.4 min elapsed, ~11 min left
  sobol     2556/4001   64%   best Q      0.8479    19.4 min elapsed, ~11 min left
  sobol     2560/4001   64%   best Q      0.8479    19.5 min elapsed, ~11 min left
  sobol     2566/4001   64%   best Q      0.8479    19.5 min elapsed, ~11 min left
  sobol     2570/4001   64%   best Q      0.8479    19.5 min elapsed, ~11 min left
  sobol     2576/4001   64%   best Q      0.8479    19.6 min elapsed, ~11 min left
  sobol     2582/4001   65%   best Q      0.8479    19.6 min elapsed, ~11 min left
  sobol     2589/4001   65%   best Q      0.8479    19.7 min elapsed, ~11 min left
  sobol     2593/4001   65%   best Q      0.8479    19.7 min elapsed, ~11 min left
  sobol     2598/4001   65%   best Q      0.8479    19.8 min elapsed, ~11 min left
  sobol     2605/4001   65%   best Q      0.8479    19.8 min elapsed, ~11 min left
  sobol     2611/4001   65%   best Q      0.8479    19.8 min elapsed, ~11 min left
  sobol     2616/4001   65%   best Q      0.8479    19.9 min elapsed, ~11 min left
  sobol     2618/4001   65%   best Q      0.8479    19.9 min elapsed, ~11 min left
  sobol     2626/4001   66%   best Q      0.8479    20.0 min elapsed, ~10 min left
  sobol     2632/4001   66%   best Q      0.8479    20.0 min elapsed, ~10 min left
  sobol     2637/4001   66%   best Q      0.8479    20.0 min elapsed, ~10 min left
  sobol     2640/4001   66%   best Q      0.8479    20.1 min elapsed, ~10 min left
  sobol     2645/4001   66%   best Q      0.8479    20.1 min elapsed, ~10 min left
  sobol     2652/4001   66%   best Q      0.8479    20.1 min elapsed, ~10 min left
  sobol     2656/4001   66%   best Q      0.8479    20.2 min elapsed, ~10 min left
  sobol     2659/4001   66%   best Q      0.8479    20.2 min elapsed, ~10 min left
  sobol     2665/4001   67%   best Q      0.8479    20.2 min elapsed, ~10 min left
  sobol     2672/4001   67%   best Q      0.8479    20.3 min elapsed, ~10 min left
  sobol     2677/4001   67%   best Q      0.8479    20.3 min elapsed, ~10 min left
  sobol     2682/4001   67%   best Q      0.8479    20.4 min elapsed, ~10 min left
  sobol     2687/4001   67%   best Q      0.8479    20.4 min elapsed, ~10 min left
  sobol     2695/4001   67%   best Q      0.8479    20.5 min elapsed, ~10 min left
  sobol     2699/4001   67%   best Q      0.8479    20.5 min elapsed, ~10 min left
  sobol     2704/4001   68%   best Q      0.8479    20.6 min elapsed, ~10 min left
  sobol     2709/4001   68%   best Q      0.8479    20.6 min elapsed, ~10 min left
  sobol     2717/4001   68%   best Q      0.8479    20.6 min elapsed, ~10 min left
  sobol     2719/4001   68%   best Q      0.8479    20.7 min elapsed, ~10 min left
  sobol     2726/4001   68%   best Q      0.8479    20.7 min elapsed, ~10 min left
  sobol     2729/4001   68%   best Q      0.8479    20.7 min elapsed, ~10 min left
  sobol     2737/4001   68%   best Q      0.8479    20.8 min elapsed, ~10 min left
  sobol     2744/4001   69%   best Q      0.8479    20.8 min elapsed, ~10 min left
  sobol     2748/4001   69%   best Q      0.8479    20.9 min elapsed, ~10 min left
  sobol     2754/4001   69%   best Q      0.8479    20.9 min elapsed, ~9 min left
  sobol     2759/4001   69%   best Q      0.8479    21.0 min elapsed, ~9 min left
  sobol     2766/4001   69%   best Q      0.8479    21.0 min elapsed, ~9 min left
  sobol     2771/4001   69%   best Q      0.8479    21.0 min elapsed, ~9 min left
  sobol     2775/4001   69%   best Q      0.8479    21.1 min elapsed, ~9 min left
  sobol     2780/4001   69%   best Q      0.8479    21.1 min elapsed, ~9 min left
  sobol     2786/4001   70%   best Q      0.8479    21.1 min elapsed, ~9 min left
  sobol     2790/4001   70%   best Q      0.8479    21.2 min elapsed, ~9 min left
  sobol     2794/4001   70%   best Q      0.8479    21.2 min elapsed, ~9 min left
  sobol     2799/4001   70%   best Q      0.8479    21.3 min elapsed, ~9 min left
  sobol     2807/4001   70%   best Q      0.8479    21.3 min elapsed, ~9 min left
  sobol     2811/4001   70%   best Q      0.8479    21.3 min elapsed, ~9 min left
  sobol     2814/4001   70%   best Q      0.8479    21.4 min elapsed, ~9 min left
  sobol     2818/4001   70%   best Q      0.8479    21.4 min elapsed, ~9 min left
  sobol     2825/4001   71%   best Q      0.8479    21.4 min elapsed, ~9 min left
  sobol     2830/4001   71%   best Q      0.8479    21.5 min elapsed, ~9 min left
  sobol     2835/4001   71%   best Q      0.8479    21.5 min elapsed, ~9 min left
  sobol     2839/4001   71%   best Q      0.8479    21.5 min elapsed, ~9 min left
  sobol     2844/4001   71%   best Q      0.8479    21.6 min elapsed, ~9 min left
  sobol     2849/4001   71%   best Q      0.8479    21.6 min elapsed, ~9 min left
  sobol     2856/4001   71%   best Q      0.8479    21.7 min elapsed, ~9 min left
  sobol     2861/4001   72%   best Q      0.8479    21.7 min elapsed, ~9 min left
  sobol     2864/4001   72%   best Q      0.8479    21.8 min elapsed, ~9 min left
  sobol     2870/4001   72%   best Q      0.8479    21.8 min elapsed, ~9 min left
  sobol     2875/4001   72%   best Q      0.8479    21.8 min elapsed, ~9 min left
  sobol     2878/4001   72%   best Q      0.8479    21.9 min elapsed, ~9 min left
  sobol     2885/4001   72%   best Q      0.8479    21.9 min elapsed, ~8 min left
  sobol     2891/4001   72%   best Q      0.8479    21.9 min elapsed, ~8 min left
  sobol     2895/4001   72%   best Q      0.8479    22.0 min elapsed, ~8 min left
  sobol     2902/4001   73%   best Q      0.8479    22.0 min elapsed, ~8 min left
  sobol     2909/4001   73%   best Q      0.8479    22.1 min elapsed, ~8 min left
  sobol     2913/4001   73%   best Q      0.8479    22.1 min elapsed, ~8 min left
  sobol     2918/4001   73%   best Q      0.8479    22.2 min elapsed, ~8 min left
  sobol     2922/4001   73%   best Q      0.8479    22.2 min elapsed, ~8 min left
  sobol     2928/4001   73%   best Q      0.8479    22.2 min elapsed, ~8 min left
  sobol     2934/4001   73%   best Q      0.8479    22.3 min elapsed, ~8 min left
  sobol     2940/4001   73%   best Q      0.8479    22.3 min elapsed, ~8 min left
  sobol     2944/4001   74%   best Q      0.8479    22.4 min elapsed, ~8 min left
  sobol     2954/4001   74%   best Q      0.8479    22.4 min elapsed, ~8 min left
  sobol     2958/4001   74%   best Q      0.8479    22.5 min elapsed, ~8 min left
  sobol     2964/4001   74%   best Q      0.8479    22.5 min elapsed, ~8 min left
  sobol     2969/4001   74%   best Q      0.8479    22.5 min elapsed, ~8 min left
  sobol     2975/4001   74%   best Q      0.8479    22.6 min elapsed, ~8 min left
  sobol     2982/4001   75%   best Q      0.8479    22.6 min elapsed, ~8 min left
  sobol     2989/4001   75%   best Q      0.8479    22.7 min elapsed, ~8 min left
  sobol     2994/4001   75%   best Q      0.8479    22.7 min elapsed, ~8 min left
  sobol     2998/4001   75%   best Q      0.8479    22.7 min elapsed, ~8 min left
  sobol     3003/4001   75%   best Q      0.8479    22.8 min elapsed, ~8 min left
  sobol     3008/4001   75%   best Q      0.8479    22.8 min elapsed, ~8 min left
  sobol     3014/4001   75%   best Q      0.8479    22.9 min elapsed, ~7 min left
  sobol     3016/4001   75%   best Q      0.8479    22.9 min elapsed, ~7 min left
  sobol     3023/4001   76%   best Q      0.8479    22.9 min elapsed, ~7 min left
  sobol     3028/4001   76%   best Q      0.8479    23.0 min elapsed, ~7 min left
  sobol     3034/4001   76%   best Q      0.8479    23.0 min elapsed, ~7 min left
  sobol     3039/4001   76%   best Q      0.8479    23.1 min elapsed, ~7 min left
  sobol     3043/4001   76%   best Q      0.8479    23.1 min elapsed, ~7 min left
  sobol     3049/4001   76%   best Q      0.8479    23.1 min elapsed, ~7 min left
  sobol     3053/4001   76%   best Q      0.8479    23.2 min elapsed, ~7 min left
  sobol     3056/4001   76%   best Q      0.8479    23.2 min elapsed, ~7 min left
  sobol     3062/4001   77%   best Q      0.8479    23.2 min elapsed, ~7 min left
  sobol     3069/4001   77%   best Q      0.8479    23.3 min elapsed, ~7 min left
  sobol     3076/4001   77%   best Q      0.8479    23.3 min elapsed, ~7 min left
  sobol     3080/4001   77%   best Q      0.8479    23.4 min elapsed, ~7 min left
  sobol     3085/4001   77%   best Q      0.8479    23.4 min elapsed, ~7 min left
  sobol     3094/4001   77%   best Q      0.8479    23.4 min elapsed, ~7 min left
  sobol     3099/4001   77%   best Q      0.8479    23.5 min elapsed, ~7 min left
  sobol     3104/4001   78%   best Q      0.8479    23.5 min elapsed, ~7 min left
  sobol     3110/4001   78%   best Q      0.8479    23.6 min elapsed, ~7 min left
  sobol     3115/4001   78%   best Q      0.8479    23.6 min elapsed, ~7 min left
  sobol     3119/4001   78%   best Q      0.8479    23.7 min elapsed, ~7 min left
  sobol     3124/4001   78%   best Q      0.8479    23.7 min elapsed, ~7 min left
  sobol     3130/4001   78%   best Q      0.8479    23.7 min elapsed, ~7 min left
  sobol     3137/4001   78%   best Q      0.8479    23.8 min elapsed, ~7 min left
  sobol     3144/4001   79%   best Q      0.8479    23.8 min elapsed, ~6 min left
  sobol     3149/4001   79%   best Q      0.8479    23.9 min elapsed, ~6 min left
  sobol     3156/4001   79%   best Q      0.8479    23.9 min elapsed, ~6 min left
  sobol     3160/4001   79%   best Q      0.8479    24.0 min elapsed, ~6 min left
  sobol     3165/4001   79%   best Q      0.8479    24.0 min elapsed, ~6 min left
  sobol     3170/4001   79%   best Q      0.8479    24.0 min elapsed, ~6 min left
  sobol     3177/4001   79%   best Q      0.8479    24.1 min elapsed, ~6 min left
  sobol     3181/4001   80%   best Q      0.8479    24.1 min elapsed, ~6 min left
  sobol     3187/4001   80%   best Q      0.8479    24.1 min elapsed, ~6 min left
  sobol     3192/4001   80%   best Q      0.8479    24.2 min elapsed, ~6 min left
  sobol     3198/4001   80%   best Q      0.8479    24.3 min elapsed, ~6 min left
  sobol     3205/4001   80%   best Q      0.8479    24.3 min elapsed, ~6 min left
  sobol     3212/4001   80%   best Q      0.8479    24.3 min elapsed, ~6 min left
  sobol     3214/4001   80%   best Q      0.8479    24.4 min elapsed, ~6 min left
  sobol     3221/4001   81%   best Q      0.8479    24.4 min elapsed, ~6 min left
  sobol     3227/4001   81%   best Q      0.8479    24.5 min elapsed, ~6 min left
  sobol     3234/4001   81%   best Q      0.8479    24.5 min elapsed, ~6 min left
  sobol     3235/4001   81%   best Q      0.8479    24.5 min elapsed, ~6 min left
  sobol     3240/4001   81%   best Q      0.8479    24.6 min elapsed, ~6 min left
  sobol     3246/4001   81%   best Q      0.8479    24.6 min elapsed, ~6 min left
  sobol     3254/4001   81%   best Q      0.8479    24.7 min elapsed, ~6 min left
  sobol     3258/4001   81%   best Q      0.8479    24.7 min elapsed, ~6 min left
  sobol     3265/4001   82%   best Q      0.8479    24.7 min elapsed, ~6 min left
  sobol     3272/4001   82%   best Q      0.8479    24.8 min elapsed, ~6 min left
  sobol     3276/4001   82%   best Q      0.8479    24.8 min elapsed, ~5 min left
  sobol     3278/4001   82%   best Q      0.8479    24.9 min elapsed, ~5 min left
  sobol     3285/4001   82%   best Q      0.8479    24.9 min elapsed, ~5 min left
  sobol     3292/4001   82%   best Q      0.8479    24.9 min elapsed, ~5 min left
  sobol     3296/4001   82%   best Q      0.8479    25.0 min elapsed, ~5 min left
  sobol     3301/4001   83%   best Q      0.8479    25.0 min elapsed, ~5 min left
  sobol     3310/4001   83%   best Q      0.8479    25.1 min elapsed, ~5 min left
  sobol     3317/4001   83%   best Q      0.8479    25.1 min elapsed, ~5 min left
  sobol     3322/4001   83%   best Q      0.8479    25.1 min elapsed, ~5 min left
  sobol     3326/4001   83%   best Q      0.8479    25.2 min elapsed, ~5 min left
  sobol     3332/4001   83%   best Q      0.8479    25.2 min elapsed, ~5 min left
  sobol     3336/4001   83%   best Q      0.8479    25.3 min elapsed, ~5 min left
  sobol     3342/4001   84%   best Q      0.8479    25.3 min elapsed, ~5 min left
  sobol     3345/4001   84%   best Q      0.8479    25.3 min elapsed, ~5 min left
  sobol     3351/4001   84%   best Q      0.8479    25.4 min elapsed, ~5 min left
  sobol     3354/4001   84%   best Q      0.8479    25.4 min elapsed, ~5 min left
  sobol     3361/4001   84%   best Q      0.8479    25.4 min elapsed, ~5 min left
  sobol     3366/4001   84%   best Q      0.8479    25.5 min elapsed, ~5 min left
  sobol     3371/4001   84%   best Q      0.8479    25.5 min elapsed, ~5 min left
  sobol     3377/4001   84%   best Q      0.8479    25.6 min elapsed, ~5 min left
  sobol     3384/4001   85%   best Q      0.8479    25.6 min elapsed, ~5 min left
  sobol     3389/4001   85%   best Q      0.8479    25.7 min elapsed, ~5 min left
  sobol     3396/4001   85%   best Q      0.8479    25.7 min elapsed, ~5 min left
  sobol     3402/4001   85%   best Q      0.8479    25.7 min elapsed, ~5 min left
  sobol     3408/4001   85%   best Q      0.8479    25.8 min elapsed, ~4 min left
  sobol     3414/4001   85%   best Q      0.8479    25.8 min elapsed, ~4 min left
  sobol     3420/4001   85%   best Q      0.8479    25.9 min elapsed, ~4 min left
  sobol     3426/4001   86%   best Q      0.8479    25.9 min elapsed, ~4 min left
  sobol     3428/4001   86%   best Q      0.8479    26.0 min elapsed, ~4 min left
  sobol     3435/4001   86%   best Q      0.8479    26.0 min elapsed, ~4 min left
  sobol     3440/4001   86%   best Q      0.8479    26.0 min elapsed, ~4 min left
  sobol     3447/4001   86%   best Q      0.8479    26.1 min elapsed, ~4 min left
  sobol     3451/4001   86%   best Q      0.8479    26.1 min elapsed, ~4 min left
  sobol     3456/4001   86%   best Q      0.8479    26.2 min elapsed, ~4 min left
  sobol     3461/4001   87%   best Q      0.8479    26.2 min elapsed, ~4 min left
  sobol     3469/4001   87%   best Q      0.8479    26.3 min elapsed, ~4 min left
  sobol     3473/4001   87%   best Q      0.8479    26.3 min elapsed, ~4 min left
  sobol     3479/4001   87%   best Q      0.8479    26.3 min elapsed, ~4 min left
  sobol     3484/4001   87%   best Q      0.8479    26.4 min elapsed, ~4 min left
  sobol     3492/4001   87%   best Q      0.8479    26.4 min elapsed, ~4 min left
  sobol     3496/4001   87%   best Q      0.8479    26.5 min elapsed, ~4 min left
  sobol     3501/4001   88%   best Q      0.8479    26.5 min elapsed, ~4 min left
  sobol     3508/4001   88%   best Q      0.8479    26.5 min elapsed, ~4 min left
  sobol     3512/4001   88%   best Q      0.8479    26.6 min elapsed, ~4 min left
  sobol     3517/4001   88%   best Q      0.8479    26.6 min elapsed, ~4 min left
  sobol     3523/4001   88%   best Q      0.8479    26.7 min elapsed, ~4 min left
  sobol     3530/4001   88%   best Q      0.8479    26.7 min elapsed, ~4 min left
  sobol     3533/4001   88%   best Q      0.8479    26.7 min elapsed, ~4 min left
  sobol     3540/4001   88%   best Q      0.8479    26.8 min elapsed, ~3 min left
  sobol     3544/4001   89%   best Q      0.8479    26.8 min elapsed, ~3 min left
  sobol     3551/4001   89%   best Q      0.8479    26.9 min elapsed, ~3 min left
  sobol     3556/4001   89%   best Q      0.8479    26.9 min elapsed, ~3 min left
  sobol     3562/4001   89%   best Q      0.8479    26.9 min elapsed, ~3 min left
  sobol     3567/4001   89%   best Q      0.8479    27.0 min elapsed, ~3 min left
  sobol     3571/4001   89%   best Q      0.8479    27.0 min elapsed, ~3 min left
  sobol     3575/4001   89%   best Q      0.8479    27.1 min elapsed, ~3 min left
  sobol     3582/4001   90%   best Q      0.8479    27.1 min elapsed, ~3 min left
  sobol     3587/4001   90%   best Q      0.8479    27.1 min elapsed, ~3 min left
  sobol     3592/4001   90%   best Q      0.8479    27.2 min elapsed, ~3 min left
  sobol     3595/4001   90%   best Q      0.8479    27.2 min elapsed, ~3 min left
  sobol     3600/4001   90%   best Q      0.8479    27.2 min elapsed, ~3 min left
  sobol     3610/4001   90%   best Q      0.8479    27.3 min elapsed, ~3 min left
  sobol     3614/4001   90%   best Q      0.8479    27.3 min elapsed, ~3 min left
  sobol     3617/4001   90%   best Q      0.8479    27.4 min elapsed, ~3 min left
  sobol     3624/4001   91%   best Q      0.8479    27.4 min elapsed, ~3 min left
  sobol     3632/4001   91%   best Q      0.8479    27.5 min elapsed, ~3 min left
  sobol     3635/4001   91%   best Q      0.8479    27.5 min elapsed, ~3 min left
  sobol     3639/4001   91%   best Q      0.8479    27.5 min elapsed, ~3 min left
  sobol     3647/4001   91%   best Q      0.8479    27.6 min elapsed, ~3 min left
  sobol     3653/4001   91%   best Q      0.8479    27.6 min elapsed, ~3 min left
  sobol     3656/4001   91%   best Q      0.8479    27.7 min elapsed, ~3 min left
  sobol     3663/4001   92%   best Q      0.8479    27.7 min elapsed, ~3 min left
  sobol     3670/4001   92%   best Q      0.8479    27.8 min elapsed, ~3 min left
  sobol     3675/4001   92%   best Q      0.8479    27.8 min elapsed, ~2 min left
  sobol     3679/4001   92%   best Q      0.8479    27.8 min elapsed, ~2 min left
  sobol     3684/4001   92%   best Q      0.8479    27.9 min elapsed, ~2 min left
  sobol     3689/4001   92%   best Q      0.8479    27.9 min elapsed, ~2 min left
  sobol     3696/4001   92%   best Q      0.8479    28.0 min elapsed, ~2 min left
  sobol     3702/4001   93%   best Q      0.8479    28.0 min elapsed, ~2 min left
  sobol     3710/4001   93%   best Q      0.8479    28.0 min elapsed, ~2 min left
  sobol     3714/4001   93%   best Q      0.8479    28.1 min elapsed, ~2 min left
  sobol     3720/4001   93%   best Q      0.8479    28.1 min elapsed, ~2 min left
  sobol     3727/4001   93%   best Q      0.8479    28.2 min elapsed, ~2 min left
  sobol     3734/4001   93%   best Q      0.8479    28.2 min elapsed, ~2 min left
  sobol     3737/4001   93%   best Q      0.8479    28.3 min elapsed, ~2 min left
  sobol     3743/4001   94%   best Q      0.8479    28.3 min elapsed, ~2 min left
  sobol     3749/4001   94%   best Q      0.8479    28.3 min elapsed, ~2 min left
  sobol     3754/4001   94%   best Q      0.8479    28.4 min elapsed, ~2 min left
  sobol     3757/4001   94%   best Q      0.8479    28.4 min elapsed, ~2 min left
  sobol     3763/4001   94%   best Q      0.8479    28.5 min elapsed, ~2 min left
  sobol     3769/4001   94%   best Q      0.8479    28.5 min elapsed, ~2 min left
  sobol     3772/4001   94%   best Q      0.8479    28.5 min elapsed, ~2 min left
  sobol     3776/4001   94%   best Q      0.8479    28.6 min elapsed, ~2 min left
  sobol     3783/4001   95%   best Q      0.8479    28.6 min elapsed, ~2 min left
  sobol     3787/4001   95%   best Q      0.8479    28.6 min elapsed, ~2 min left
  sobol     3791/4001   95%   best Q      0.8479    28.7 min elapsed, ~2 min left
  sobol     3801/4001   95%   best Q      0.8479    28.7 min elapsed, ~2 min left
  sobol     3807/4001   95%   best Q      0.8479    28.8 min elapsed, ~1 min left
  sobol     3812/4001   95%   best Q      0.8479    28.8 min elapsed, ~1 min left
  sobol     3817/4001   95%   best Q      0.8479    28.9 min elapsed, ~1 min left
  sobol     3824/4001   96%   best Q      0.8479    28.9 min elapsed, ~1 min left
  sobol     3830/4001   96%   best Q      0.8479    28.9 min elapsed, ~1 min left
  sobol     3834/4001   96%   best Q      0.8479    29.0 min elapsed, ~1 min left
  sobol     3839/4001   96%   best Q      0.8479    29.0 min elapsed, ~1 min left
  sobol     3844/4001   96%   best Q      0.8479    29.0 min elapsed, ~1 min left
  sobol     3850/4001   96%   best Q      0.8479    29.1 min elapsed, ~1 min left
  sobol     3855/4001   96%   best Q      0.8479    29.1 min elapsed, ~1 min left
  sobol     3859/4001   96%   best Q      0.8479    29.2 min elapsed, ~1 min left
  sobol     3863/4001   97%   best Q      0.8479    29.2 min elapsed, ~1 min left
  sobol     3871/4001   97%   best Q      0.8479    29.3 min elapsed, ~1 min left
  sobol     3877/4001   97%   best Q      0.8479    29.3 min elapsed, ~1 min left
  sobol     3881/4001   97%   best Q      0.8479    29.3 min elapsed, ~1 min left
  sobol     3886/4001   97%   best Q      0.8479    29.4 min elapsed, ~1 min left
  sobol     3890/4001   97%   best Q      0.8479    29.4 min elapsed, ~1 min left
  sobol     3899/4001   97%   best Q      0.8479    29.4 min elapsed, ~1 min left
  sobol     3903/4001   98%   best Q      0.8479    29.5 min elapsed, ~1 min left
  sobol     3908/4001   98%   best Q      0.8479    29.5 min elapsed, ~1 min left
  sobol     3916/4001   98%   best Q      0.8479    29.6 min elapsed, ~1 min left
  sobol     3922/4001   98%   best Q      0.8479    29.6 min elapsed, ~1 min left
  sobol     3926/4001   98%   best Q      0.8479    29.7 min elapsed, ~1 min left
  sobol     3931/4001   98%   best Q      0.8479    29.7 min elapsed, ~1 min left
  sobol     3939/4001   98%   best Q      0.8479    29.7 min elapsed, ~0 min left
  sobol     3943/4001   99%   best Q      0.8479    29.8 min elapsed, ~0 min left
  sobol     3946/4001   99%   best Q      0.8479    29.8 min elapsed, ~0 min left
  sobol     3951/4001   99%   best Q      0.8479    29.9 min elapsed, ~0 min left
  sobol     3957/4001   99%   best Q      0.8479    29.9 min elapsed, ~0 min left
  sobol     3963/4001   99%   best Q      0.8479    29.9 min elapsed, ~0 min left
  sobol     3967/4001   99%   best Q      0.8479    30.0 min elapsed, ~0 min left
  sobol     3974/4001   99%   best Q      0.8479    30.0 min elapsed, ~0 min left
  sobol     3977/4001   99%   best Q      0.8479    30.1 min elapsed, ~0 min left
  sobol     3984/4001  100%   best Q      0.8479    30.1 min elapsed, ~0 min left
  sobol     3990/4001  100%   best Q      0.8479    30.1 min elapsed, ~0 min left
  sobol     3994/4001  100%   best Q      0.8479    30.2 min elapsed, ~0 min left
  sobol     3998/4001  100%   best Q      0.8479    30.2 min elapsed, ~0 min left
  sobol     4001/4001  100%   best Q      0.8479    30.2 min elapsed, ~0 min left
  sobol    complete: 4001 evaluations, best Q 0.8479, 30.2 min
  restart   1/6    eval     1   this Q      0.8479   best Q      0.8479    30.4 min
  restart   1/6    eval     2   this Q      0.8479   best Q      0.8479    30.6 min
  restart   1/6    eval     3   this Q       2.277   best Q      0.8479    30.7 min
  restart   1/6    eval     4   this Q      0.5368   best Q      0.5368    30.8 min
  restart   1/6    eval     5   this Q      0.6279   best Q      0.5368    31.0 min
  restart   1/6    eval     6   this Q       2.318   best Q      0.5368    31.2 min
  restart   1/6    eval     7   this Q       1.356   best Q      0.5368    31.3 min
  restart   1/6    eval     8   this Q       1.597   best Q      0.5368    31.5 min
  restart   1/6    eval     9   this Q      0.5386   best Q      0.5368    31.6 min
  restart   1/6    eval    10   this Q      0.5134   best Q      0.5134    31.8 min
  restart   1/6    eval    11   this Q       1.041   best Q      0.5134    31.9 min
  restart   1/6    eval    12   this Q       3.309   best Q      0.5134    32.1 min
  restart   1/6    eval    13   this Q      0.8409   best Q      0.5134    32.2 min
  restart   1/6    eval    14   this Q       3.375   best Q      0.5134    32.4 min
  restart   1/6    eval    15   this Q      0.8178   best Q      0.5134    32.6 min
  restart   1/6    eval    16   this Q      0.4541   best Q      0.4541    32.7 min
  restart   1/6    eval    17   this Q      0.9921   best Q      0.4541    32.9 min
  restart   1/6    eval    18   this Q      0.5804   best Q      0.4541    33.0 min
  restart   1/6    eval    19   this Q      0.6879   best Q      0.4541    33.2 min
  restart   1/6    eval    20   this Q       2.063   best Q      0.4541    33.3 min
  restart   1/6    eval    21   this Q      0.4532   best Q      0.4532    33.5 min
  restart   1/6    eval    22   this Q      0.6664   best Q      0.4532    33.6 min
  restart   1/6    eval    23   this Q       0.747   best Q      0.4532    33.8 min
  restart   1/6    eval    24   this Q      0.3266   best Q      0.3266    33.9 min
  restart   1/6    eval    25   this Q       1.934   best Q      0.3266    34.1 min
  restart   1/6    eval    26   this Q      0.3565   best Q      0.3266    34.3 min
  restart   1/6    eval    27   this Q      0.8585   best Q      0.3266    34.4 min
  restart   1/6    eval    28   this Q      0.3501   best Q      0.3266    34.6 min
  restart   1/6    eval    29   this Q      0.4131   best Q      0.3266    34.7 min
  restart   1/6    eval    30   this Q       0.986   best Q      0.3266    34.9 min
  restart   1/6    eval    31   this Q      0.2954   best Q      0.2954    35.0 min
  restart   1/6    eval    32   this Q      0.4299   best Q      0.2954    35.2 min
  restart   1/6    eval    33   this Q      0.3703   best Q      0.2954    35.3 min
  restart   1/6    eval    34   this Q      0.7184   best Q      0.2954    35.5 min
  restart   1/6    eval    35   this Q      0.2625   best Q      0.2625    35.6 min
  restart   1/6    eval    36   this Q      0.3317   best Q      0.2625    35.8 min
  restart   1/6    eval    37   this Q      0.3594   best Q      0.2625    35.9 min
  restart   1/6    eval    38   this Q      0.3957   best Q      0.2625    36.1 min
  restart   1/6    eval    39   this Q      0.4078   best Q      0.2625    36.2 min
  restart   1/6    eval    40   this Q      0.2335   best Q      0.2335    36.4 min
  restart   1/6    eval    41   this Q      0.3071   best Q      0.2335    36.6 min
  restart   1/6    eval    42   this Q      0.6461   best Q      0.2335    36.7 min
  restart   1/6    eval    43   this Q      0.2334   best Q      0.2334    36.9 min
  restart   1/6    eval    44   this Q      0.4321   best Q      0.2334    37.0 min
  restart   1/6    eval    45   this Q      0.2234   best Q      0.2234    37.2 min
  restart   1/6    eval    46   this Q      0.4393   best Q      0.2234    37.3 min
  restart   1/6    eval    47   this Q      0.2458   best Q      0.2234    37.5 min
  restart   1/6    eval    48   this Q      0.2136   best Q      0.2136    37.6 min
  restart   1/6    eval    49   this Q      0.3886   best Q      0.2136    37.8 min
  restart   1/6    eval    50   this Q      0.5152   best Q      0.2136    37.9 min
  restart   1/6    eval    51   this Q      0.2202   best Q      0.2136    38.1 min
  restart   1/6    eval    52   this Q      0.3368   best Q      0.2136    38.3 min
  restart   1/6    eval    53   this Q      0.2242   best Q      0.2136    38.5 min
  restart   1/6    eval    54   this Q      0.3968   best Q      0.2136    38.6 min
  restart   1/6    eval    55   this Q      0.2267   best Q      0.2136    38.8 min
  restart   1/6    eval    56   this Q      0.2612   best Q      0.2136    38.9 min
  restart   1/6    eval    57   this Q      0.1476   best Q      0.1476    39.1 min
  restart   1/6    eval    58   this Q      0.1346   best Q      0.1346    39.3 min
  restart   1/6    eval    59   this Q      0.2703   best Q      0.1346    39.4 min
  restart   1/6    eval    60   this Q      0.1969   best Q      0.1346    39.6 min
  restart   1/6    eval    61   this Q      0.1813   best Q      0.1346    39.8 min
  restart   1/6    eval    62   this Q      0.2916   best Q      0.1346    39.9 min
  restart   1/6    eval    63   this Q      0.1777   best Q      0.1346    40.1 min
  restart   1/6    eval    64   this Q      0.2106   best Q      0.1346    40.3 min
  restart   1/6    eval    65   this Q      0.2083   best Q      0.1346    40.4 min
  restart   1/6    eval    66   this Q       0.146   best Q      0.1346    40.6 min
  restart   1/6    eval    67   this Q      0.1634   best Q      0.1346    40.8 min
  restart   1/6    eval    68   this Q      0.1979   best Q      0.1346    40.9 min
  restart   1/6    eval    69   this Q      0.1513   best Q      0.1346    41.1 min
  restart   1/6    eval    70   this Q      0.1331   best Q      0.1331    41.3 min
  restart   1/6    eval    71   this Q      0.2045   best Q      0.1331    41.5 min
  restart   1/6    eval    72   this Q      0.1309   best Q      0.1309    41.6 min
  restart   1/6    eval    73   this Q      0.1727   best Q      0.1309    41.8 min
  restart   1/6    eval    74   this Q      0.2377   best Q      0.1309    42.0 min
  restart   1/6    eval    75   this Q      0.1382   best Q      0.1309    42.1 min
  restart   1/6    eval    76   this Q      0.1188   best Q      0.1188    42.3 min
  restart   1/6    eval    77   this Q      0.2633   best Q      0.1188    42.5 min
  restart   1/6    eval    78   this Q      0.1389   best Q      0.1188    42.6 min
  restart   1/6    eval    79   this Q      0.1863   best Q      0.1188    42.8 min
  restart   1/6    eval    80   this Q      0.1305   best Q      0.1188    43.0 min
  restart   1/6    eval    81   this Q      0.1591   best Q      0.1188    43.2 min
  restart   1/6    eval    82   this Q      0.1243   best Q      0.1188    43.3 min
  restart   1/6    eval    83   this Q      0.1964   best Q      0.1188    43.5 min
  restart   1/6    eval    84   this Q      0.1179   best Q      0.1179    43.7 min
  restart   1/6    eval    85   this Q     0.09292   best Q     0.09292    43.8 min
  restart   1/6    eval    86   this Q     0.09708   best Q     0.09292    44.0 min
  restart   1/6    eval    87   this Q      0.2056   best Q     0.09292    44.2 min
  restart   1/6    eval    88   this Q      0.1102   best Q     0.09292    44.3 min
  restart   1/6    eval    89   this Q      0.1232   best Q     0.09292    44.5 min
  restart   1/6    eval    90   this Q      0.1148   best Q     0.09292    44.7 min
  restart   1/6    eval    91   this Q     0.08784   best Q     0.08784    44.8 min
  restart   1/6    eval    92   this Q     0.09036   best Q     0.08784    45.0 min
  restart   1/6    eval    93   this Q      0.1105   best Q     0.08784    45.2 min
  restart   1/6    eval    94   this Q      0.1367   best Q     0.08784    45.3 min
  restart   1/6    eval    95   this Q      0.1086   best Q     0.08784    45.5 min
  restart   1/6    eval    96   this Q     0.08276   best Q     0.08276    45.6 min
  restart   1/6    eval    97   this Q     0.09068   best Q     0.08276    45.8 min
  restart   1/6    eval    98   this Q       0.138   best Q     0.08276    46.0 min
  restart   1/6    eval    99   this Q      0.0998   best Q     0.08276    46.1 min
  restart   1/6    eval   100   this Q      0.1408   best Q     0.08276    46.3 min
  restart   1/6    eval   101   this Q     0.09742   best Q     0.08276    46.5 min
  restart   1/6    eval   102   this Q     0.08174   best Q     0.08174    46.6 min
  restart   1/6    eval   103   this Q      0.0952   best Q     0.08174    46.8 min
  restart   1/6    eval   104   this Q     0.08462   best Q     0.08174    47.0 min
  restart   1/6    eval   105   this Q      0.1043   best Q     0.08174    47.2 min
  restart   1/6    eval   106   this Q     0.08375   best Q     0.08174    47.3 min
  restart   1/6    eval   107   this Q     0.07828   best Q     0.07828    47.5 min
  restart   1/6    eval   108   this Q      0.1192   best Q     0.07828    47.6 min
  restart   1/6    eval   109   this Q      0.1021   best Q     0.07828    47.8 min
  restart   1/6    eval   110   this Q     0.08448   best Q     0.07828    48.0 min
  restart   1/6    eval   111   this Q     0.07639   best Q     0.07639    48.1 min
  restart   1/6    eval   112   this Q     0.07421   best Q     0.07421    48.3 min
  restart   1/6    eval   113   this Q     0.06381   best Q     0.06381    48.5 min
  restart   1/6    eval   114   this Q      0.0815   best Q     0.06381    48.6 min
  restart   1/6    eval   115   this Q     0.06456   best Q     0.06381    48.8 min
  restart   1/6    eval   116   this Q     0.07522   best Q     0.06381    49.0 min
  restart   1/6    eval   117   this Q     0.08493   best Q     0.06381    49.1 min
  restart   1/6    eval   118   this Q     0.07278   best Q     0.06381    49.3 min
  restart   1/6    eval   119   this Q     0.06529   best Q     0.06381    49.5 min
  restart   1/6    eval   120   this Q     0.08003   best Q     0.06381    49.6 min
  restart   1/6    eval   121   this Q     0.08137   best Q     0.06381    49.8 min
  restart   1/6    eval   122   this Q     0.08157   best Q     0.06381    50.0 min
  restart   1/6    eval   123   this Q     0.06619   best Q     0.06381    50.1 min
  restart   1/6    eval   124   this Q     0.08929   best Q     0.06381    50.3 min
  restart   1/6    eval   125   this Q     0.06811   best Q     0.06381    50.4 min
  restart   1/6    eval   126   this Q      0.0715   best Q     0.06381    50.6 min
  restart   1/6    eval   127   this Q     0.06457   best Q     0.06381    50.8 min
  restart   1/6    eval   128   this Q     0.07927   best Q     0.06381    50.9 min
  restart   1/6    eval   129   this Q     0.06462   best Q     0.06381    51.1 min
  restart   1/6    eval   130   this Q     0.07402   best Q     0.06381    51.3 min
  restart   1/6    eval   131   this Q     0.06523   best Q     0.06381    51.4 min
  restart   1/6    eval   132   this Q     0.06259   best Q     0.06259    51.6 min
  restart   1/6    eval   133   this Q      0.0825   best Q     0.06259    51.8 min
  restart   1/6    eval   134   this Q     0.08026   best Q     0.06259    51.9 min
  restart   1/6    eval   135   this Q     0.06272   best Q     0.06259    52.1 min
  restart   1/6    eval   136   this Q     0.06137   best Q     0.06137    52.2 min
  restart   1/6    eval   137   this Q     0.07004   best Q     0.06137    52.4 min
  restart   1/6    eval   138   this Q     0.06276   best Q     0.06137    52.6 min
  restart   1/6    eval   139   this Q     0.06103   best Q     0.06103    52.7 min
  restart   1/6    eval   140   this Q       0.069   best Q     0.06103    52.9 min
  restart   1/6    eval   141   this Q     0.06064   best Q     0.06064    53.1 min
  restart   1/6    eval   142   this Q     0.06888   best Q     0.06064    53.2 min
  restart   1/6    eval   143   this Q     0.06833   best Q     0.06064    53.4 min
  restart   1/6    eval   144   this Q     0.06013   best Q     0.06013    53.6 min
  restart   1/6    eval   145   this Q     0.06788   best Q     0.06013    53.7 min
  restart   1/6    eval   146   this Q     0.06032   best Q     0.06013    53.9 min
  restart   1/6    eval   147   this Q     0.05955   best Q     0.05955    54.1 min
  restart   1/6    eval   148   this Q     0.06744   best Q     0.05955    54.2 min
  restart   1/6    eval   149   this Q     0.05801   best Q     0.05801    54.4 min
  restart   1/6    eval   150   this Q     0.06237   best Q     0.05801    54.6 min
  restart   1/6    eval   151   this Q     0.05841   best Q     0.05801    54.7 min
  restart   1/6    eval   152   this Q     0.05799   best Q     0.05799    54.9 min
  restart   1/6    eval   153   this Q     0.06414   best Q     0.05799    55.0 min
  restart   1/6    eval   154   this Q       0.071   best Q     0.05799    55.2 min
  restart   1/6    eval   155   this Q     0.05803   best Q     0.05799    55.3 min
  restart   1/6    eval   156   this Q     0.05869   best Q     0.05799    55.5 min
  restart   1/6    eval   157   this Q     0.06141   best Q     0.05799    55.7 min
  restart   1/6    eval   158   this Q     0.05813   best Q     0.05799    55.8 min
  restart   1/6    eval   159   this Q     0.06089   best Q     0.05799    56.0 min
  restart   1/6    eval   160   this Q     0.05795   best Q     0.05795    56.1 min
  restart   1/6    eval   161   this Q     0.05531   best Q     0.05531    56.3 min
  restart   1/6    eval   162   this Q     0.05662   best Q     0.05531    56.5 min
  restart   1/6    eval   163   this Q     0.05702   best Q     0.05531    56.6 min
  restart   1/6    eval   164   this Q     0.05985   best Q     0.05531    56.8 min
  restart   1/6    eval   165   this Q     0.05706   best Q     0.05531    56.9 min
  restart   1/6    eval   166   this Q     0.05759   best Q     0.05531    57.3 min
  restart   1/6    eval   167   this Q     0.05747   best Q     0.05531    57.7 min
  restart   1/6    eval   168   this Q     0.05551   best Q     0.05531    57.8 min
  restart   1/6    eval   169   this Q     0.05785   best Q     0.05531    58.0 min
  restart   1/6    eval   170   this Q      0.0579   best Q     0.05531    58.2 min
  restart   1/6    eval   171   this Q     0.05885   best Q     0.05531    58.4 min
  restart   1/6    eval   172   this Q     0.05626   best Q     0.05531    58.5 min
  restart   1/6    eval   173   this Q     0.05526   best Q     0.05526    58.9 min
  restart   1/6    eval   174   this Q     0.05669   best Q     0.05526    59.3 min
  restart   1/6    eval   175   this Q     0.05638   best Q     0.05526    59.5 min
  restart   1/6    eval   176   this Q     0.05707   best Q     0.05526    59.7 min
  restart   1/6    eval   177   this Q     0.05698   best Q     0.05526    59.8 min
  restart   1/6    eval   178   this Q     0.05855   best Q     0.05526    60.0 min
  restart   1/6    eval   179   this Q     0.05585   best Q     0.05526    60.2 min
  restart   1/6    eval   180   this Q     0.05787   best Q     0.05526    60.3 min
  restart   1/6    eval   181   this Q     0.05562   best Q     0.05526    60.5 min
  restart   1/6    eval   182   this Q      0.0544   best Q      0.0544    60.7 min
  restart   1/6    eval   183   this Q     0.05494   best Q      0.0544    60.8 min
  restart   1/6    eval   184   this Q     0.05462   best Q      0.0544    61.0 min
  restart   1/6    eval   185   this Q     0.05613   best Q      0.0544    61.1 min
  restart   1/6    eval   186   this Q     0.05582   best Q      0.0544    61.3 min
  restart   1/6    eval   187   this Q       0.055   best Q      0.0544    61.5 min
  restart   1/6    eval   188   this Q     0.05631   best Q      0.0544    61.7 min
  restart   1/6    eval   189   this Q     0.05483   best Q      0.0544    61.8 min
  restart   1/6    eval   190   this Q     0.05371   best Q     0.05371    62.0 min
  restart   1/6    eval   191   this Q     0.05703   best Q     0.05371    62.2 min
  restart   1/6    eval   192   this Q     0.05653   best Q     0.05371    62.4 min
  restart   1/6    eval   193   this Q     0.05455   best Q     0.05371    62.5 min
  restart   1/6    eval   194   this Q       0.053   best Q       0.053    62.7 min
  restart   1/6    eval   195   this Q     0.05233   best Q     0.05233    62.9 min
  restart   1/6    eval   196   this Q     0.05311   best Q     0.05233    63.1 min
  restart   1/6    eval   197   this Q     0.05503   best Q     0.05233    63.2 min
  restart   1/6    eval   198   this Q     0.05325   best Q     0.05233    63.4 min
  restart   1/6    eval   199   this Q     0.05546   best Q     0.05233    63.6 min
  restart   1/6    eval   200   this Q     0.05374   best Q     0.05233    63.7 min
  restart   1/6    eval   201   this Q     0.05316   best Q     0.05233    63.9 min
  restart   1/6    eval   202   this Q     0.05192   best Q     0.05192    64.1 min
  restart   1/6    eval   203   this Q     0.05155   best Q     0.05155    64.2 min
  restart   1/6    eval   204   this Q      0.0531   best Q     0.05155    64.4 min
  restart   1/6    eval   205   this Q     0.05157   best Q     0.05155    64.6 min
  restart   1/6    eval   206   this Q     0.05082   best Q     0.05082    64.7 min
  restart   1/6    eval   207   this Q      0.0515   best Q     0.05082    64.9 min
  restart   1/6    eval   208   this Q     0.05092   best Q     0.05082    65.1 min
  restart   1/6    eval   209   this Q     0.05022   best Q     0.05022    65.2 min
  restart   1/6    eval   210   this Q     0.04993   best Q     0.04993    65.4 min
  restart   1/6    eval   211   this Q     0.05078   best Q     0.04993    65.5 min
  restart   1/6    eval   212   this Q     0.05158   best Q     0.04993    65.7 min
  restart   1/6    eval   213   this Q     0.05004   best Q     0.04993    65.9 min
  restart   1/6    eval   214   this Q     0.05125   best Q     0.04993    66.0 min
  restart   1/6    eval   215   this Q     0.04977   best Q     0.04977    66.2 min
  restart   1/6    eval   216   this Q     0.05147   best Q     0.04977    66.3 min
  restart   1/6    eval   217   this Q     0.05023   best Q     0.04977    66.5 min
  restart   1/6    eval   218   this Q     0.04856   best Q     0.04856    66.6 min
  restart   1/6    eval   219   this Q      0.0486   best Q     0.04856    66.8 min
  restart   1/6    eval   220   this Q      0.0489   best Q     0.04856    67.0 min
  restart   1/6    eval   221   this Q     0.05054   best Q     0.04856    67.1 min
  restart   1/6    eval   222   this Q     0.04889   best Q     0.04856    67.3 min
  restart   1/6    eval   223   this Q        0.05   best Q     0.04856    67.5 min
  restart   1/6    eval   224   this Q      0.0485   best Q      0.0485    67.6 min
  restart   1/6    eval   225   this Q     0.05005   best Q      0.0485    67.8 min
  restart   1/6    eval   226   this Q     0.05132   best Q      0.0485    68.0 min
  restart   1/6    eval   227   this Q      0.0491   best Q      0.0485    68.1 min
  restart   1/6    eval   228   this Q     0.04902   best Q      0.0485    68.3 min
  restart   1/6    eval   229   this Q     0.04855   best Q      0.0485    68.5 min
  restart   1/6    eval   230   this Q     0.04917   best Q      0.0485    68.6 min
  restart   1/6    eval   231   this Q     0.04814   best Q     0.04814    68.8 min
  restart   1/6    eval   232   this Q     0.05163   best Q     0.04814    69.0 min
  restart   1/6    eval   233   this Q     0.04981   best Q     0.04814    69.1 min
  restart   1/6    eval   234   this Q     0.04855   best Q     0.04814    69.3 min
  restart   1/6    eval   235   this Q     0.04956   best Q     0.04814    69.5 min
  restart   1/6    eval   236   this Q     0.04835   best Q     0.04814    69.6 min
  restart   1/6    eval   237   this Q     0.04854   best Q     0.04814    69.8 min
  restart   1/6    eval   238   this Q     0.04912   best Q     0.04814    70.0 min
  restart   1/6    eval   239   this Q     0.04829   best Q     0.04814    70.1 min
  restart   1/6    eval   240   this Q     0.04789   best Q     0.04789    70.3 min
  restart   1/6    eval   241   this Q     0.04853   best Q     0.04789    70.5 min
  restart   1/6    eval   242   this Q     0.04907   best Q     0.04789    70.6 min
  restart   1/6    eval   243   this Q     0.04818   best Q     0.04789    70.8 min
  restart   1/6    eval   244   this Q     0.04809   best Q     0.04789    71.0 min
  restart   1/6    eval   245   this Q     0.04785   best Q     0.04785    71.2 min
  restart   1/6    eval   246   this Q     0.04845   best Q     0.04785    71.3 min
  restart   1/6    eval   247   this Q     0.04867   best Q     0.04785    71.5 min
  restart   1/6    eval   248   this Q     0.04803   best Q     0.04785    71.7 min
  restart   1/6    eval   249   this Q     0.04824   best Q     0.04785    71.8 min
  restart   1/6    eval   250   this Q     0.04868   best Q     0.04785    72.0 min
  restart   1/6    eval   251   this Q     0.04797   best Q     0.04785    72.2 min
  restart   1/6    eval   252   this Q     0.04809   best Q     0.04785    72.4 min
  restart   1/6    eval   253   this Q     0.04744   best Q     0.04744    72.5 min
  restart   1/6    eval   254   this Q      0.0474   best Q      0.0474    72.7 min
  restart   1/6    eval   255   this Q     0.04804   best Q      0.0474    72.9 min
  restart   1/6    eval   256   this Q     0.04774   best Q      0.0474    73.0 min
  restart   1/6    eval   257   this Q     0.04848   best Q      0.0474    73.2 min
  restart   1/6    eval   258   this Q     0.04769   best Q      0.0474    73.4 min
  restart   1/6    eval   259   this Q     0.04727   best Q     0.04727    73.5 min
  restart   1/6    eval   260   this Q     0.04726   best Q     0.04726    73.7 min
  restart   1/6    eval   261   this Q      0.0478   best Q     0.04726    73.9 min
  restart   1/6    eval   262   this Q     0.04772   best Q     0.04726    74.0 min
  restart   1/6    eval   263   this Q     0.04722   best Q     0.04722    74.2 min
  restart   1/6    eval   264   this Q     0.04788   best Q     0.04722    74.4 min
  restart   1/6    eval   265   this Q      0.0469   best Q      0.0469    74.5 min
  restart   1/6    eval   266   this Q      0.0468   best Q      0.0468    74.7 min
  restart   1/6    eval   267   this Q     0.04738   best Q      0.0468    74.9 min
  restart   1/6    eval   268   this Q     0.04788   best Q      0.0468    75.0 min
  restart   1/6    eval   269   this Q      0.0473   best Q      0.0468    75.2 min
  restart   1/6    eval   270   this Q     0.04729   best Q      0.0468    75.4 min
  restart   1/6    eval   271   this Q     0.04751   best Q      0.0468    75.5 min
  restart   1/6    eval   272   this Q     0.04659   best Q     0.04659    75.7 min
  restart   1/6    eval   273   this Q     0.04651   best Q     0.04651    75.8 min
  restart   1/6    eval   274   this Q     0.04622   best Q     0.04622    76.0 min
  restart   1/6    eval   275   this Q     0.04596   best Q     0.04596    76.2 min
  restart   1/6    eval   276   this Q     0.04714   best Q     0.04596    76.3 min
  restart   1/6    eval   277   this Q     0.04649   best Q     0.04596    76.5 min
  restart   1/6    eval   278   this Q     0.04652   best Q     0.04596    76.6 min
  restart   1/6    eval   279   this Q     0.04622   best Q     0.04596    76.8 min
  restart   1/6    eval   280   this Q     0.04622   best Q     0.04596    77.0 min
  restart   1/6    eval   281   this Q     0.04662   best Q     0.04596    77.1 min
  restart   1/6    eval   282   this Q       0.046   best Q     0.04596    77.3 min
  restart   1/6    eval   283   this Q     0.04642   best Q     0.04596    77.4 min
  restart   1/6    eval   284   this Q     0.04569   best Q     0.04569    77.8 min
  restart   1/6    eval   285   this Q     0.04611   best Q     0.04569    78.1 min
  restart   1/6    eval   286   this Q     0.04663   best Q     0.04569    78.3 min
  restart   1/6    eval   287   this Q     0.04604   best Q     0.04569    78.5 min
  restart   1/6    eval   288   this Q     0.04612   best Q     0.04569    78.7 min
  restart   1/6    eval   289   this Q     0.04562   best Q     0.04562    78.9 min
  restart   1/6    eval   290   this Q     0.04637   best Q     0.04562    79.0 min
  restart   1/6    eval   291   this Q      0.0452   best Q      0.0452    79.3 min
  restart   1/6    eval   292   this Q     0.04514   best Q     0.04514    79.7 min
  restart   1/6    eval   293   this Q     0.04599   best Q     0.04514    80.0 min
  restart   1/6    eval   294   this Q     0.04565   best Q     0.04514    80.2 min
  restart   1/6    eval   295   this Q     0.04586   best Q     0.04514    80.3 min
  restart   1/6    eval   296   this Q     0.04468   best Q     0.04468    80.5 min
  restart   1/6    eval   297   this Q     0.04426   best Q     0.04426    80.7 min
  restart   1/6    eval   298   this Q     0.04493   best Q     0.04426    80.8 min
  restart   1/6    eval   299   this Q     0.04565   best Q     0.04426    81.0 min
  restart   1/6    eval   300   this Q     0.04475   best Q     0.04426    81.1 min
  restart   1/6    eval   301   this Q     0.04489   best Q     0.04426    81.3 min
  restart   1/6    eval   302   this Q     0.04427   best Q     0.04426    81.5 min
  restart   1/6    eval   303   this Q     0.04475   best Q     0.04426    81.6 min
  restart   1/6    eval   304   this Q     0.04497   best Q     0.04426    81.8 min
  restart   1/6    eval   305   this Q     0.04427   best Q     0.04426    82.0 min
  restart   1/6    eval   306   this Q     0.04343   best Q     0.04343    82.1 min
  restart   1/6    eval   307   this Q     0.04323   best Q     0.04323    82.3 min
  restart   1/6    eval   308   this Q     0.04299   best Q     0.04299    82.5 min
  restart   1/6    eval   309   this Q     0.04237   best Q     0.04237    82.6 min
  restart   1/6    eval   310   this Q     0.04395   best Q     0.04237    82.8 min
  restart   1/6    eval   311   this Q      0.0428   best Q     0.04237    82.9 min
  restart   1/6    eval   312   this Q     0.04258   best Q     0.04237    83.1 min
  restart   1/6    eval   313   this Q     0.04321   best Q     0.04237    83.3 min
  restart   1/6    eval   314   this Q     0.04224   best Q     0.04224    83.5 min
  restart   1/6    eval   315   this Q     0.04289   best Q     0.04224    83.6 min
  restart   1/6    eval   316   this Q     0.04286   best Q     0.04224    83.8 min
  restart   1/6    eval   317   this Q     0.04232   best Q     0.04224    83.9 min
  restart   1/6    eval   318   this Q     0.04062   best Q     0.04062    84.1 min
  restart   1/6    eval   319   this Q      0.0395   best Q      0.0395    84.3 min
  restart   1/6    eval   320   this Q     0.04102   best Q      0.0395    84.4 min
  restart   1/6    eval   321   this Q     0.04159   best Q      0.0395    84.6 min
  restart   1/6    eval   322   this Q      0.0402   best Q      0.0395    84.8 min
  restart   1/6    eval   323   this Q     0.04042   best Q      0.0395    84.9 min
  restart   1/6    eval   324   this Q     0.03976   best Q      0.0395    85.1 min
  restart   1/6    eval   325   this Q     0.04048   best Q      0.0395    85.3 min
  restart   1/6    eval   326   this Q     0.03936   best Q     0.03936    85.4 min
  restart   1/6    eval   327   this Q     0.03989   best Q     0.03936    85.6 min
  restart   1/6    eval   328   this Q     0.03808   best Q     0.03808    85.7 min
  restart   1/6    eval   329   this Q     0.03706   best Q     0.03706    85.9 min
  restart   1/6    eval   330   this Q     0.03631   best Q     0.03631    86.0 min
  restart   1/6    eval   331   this Q     0.03384   best Q     0.03384    86.2 min
  restart   1/6    eval   332   this Q     0.03748   best Q     0.03384    86.4 min
  restart   1/6    eval   333   this Q     0.03663   best Q     0.03384    86.5 min
  restart   1/6    eval   334   this Q       0.037   best Q     0.03384    86.7 min
  restart   1/6    eval   335   this Q     0.03665   best Q     0.03384    86.8 min
  restart   1/6    eval   336   this Q     0.03368   best Q     0.03368    87.0 min
  restart   1/6    eval   337   this Q     0.03136   best Q     0.03136    87.1 min
  restart   1/6    eval   338   this Q     0.03259   best Q     0.03136    87.3 min
  restart   1/6    eval   339   this Q     0.03059   best Q     0.03059    87.4 min
  restart   1/6    eval   340   this Q     0.02684   best Q     0.02684    87.6 min
  restart   1/6    eval   341   this Q     0.03015   best Q     0.02684    87.8 min
  restart   1/6    eval   342   this Q     0.03066   best Q     0.02684    87.9 min
  restart   1/6    eval   343   this Q     0.03217   best Q     0.02684    88.1 min
  restart   1/6    eval   344   this Q     0.02847   best Q     0.02684    88.2 min
  restart   1/6    eval   345   this Q     0.02623   best Q     0.02623    88.4 min
  restart   1/6    eval   346   this Q     0.02394   best Q     0.02394    88.6 min
  restart   1/6    eval   347   this Q     0.02238   best Q     0.02238    88.7 min
  restart   1/6    eval   348   this Q     0.01809   best Q     0.01809    88.9 min
  restart   1/6    eval   349   this Q     0.02243   best Q     0.01809    89.1 min
  restart   1/6    eval   350   this Q     0.02209   best Q     0.01809    89.5 min
  restart   1/6    eval   351   this Q     0.02367   best Q     0.01809    89.9 min
  restart   1/6    eval   352   this Q     0.01885   best Q     0.01809    90.2 min
  restart   1/6    eval   353   this Q     0.02965   best Q     0.01809    90.6 min
  restart   1/6    eval   354   this Q      0.0337   best Q     0.01809    91.0 min
  restart   1/6    eval   355   this Q     0.02529   best Q     0.01809    91.3 min
  restart   1/6    eval   356   this Q     0.02965   best Q     0.01809    91.7 min
  restart   1/6    eval   357   this Q     0.02415   best Q     0.01809    92.1 min
  restart   1/6    eval   358   this Q     0.01908   best Q     0.01809    92.5 min
  restart   1/6    eval   359   this Q     0.03522   best Q     0.01809    92.8 min
  restart   1/6    eval   360   this Q     0.02304   best Q     0.01809    93.2 min
  restart   1/6    eval   361   this Q      0.0188   best Q     0.01809    93.6 min
  restart   1/6    eval   362   this Q     0.02864   best Q     0.01809    93.9 min
  restart   1/6    eval   363   this Q     0.02159   best Q     0.01809    94.1 min
  restart   1/6    eval   364   this Q     0.02048   best Q     0.01809    94.5 min
  restart   1/6    eval   365   this Q     0.01868   best Q     0.01809    94.9 min
  restart   1/6    eval   366   this Q     0.02818   best Q     0.01809    95.2 min
  restart   1/6    eval   367   this Q     0.02067   best Q     0.01809    95.4 min
  restart   1/6    eval   368   this Q     0.01921   best Q     0.01809    95.8 min
  restart   1/6    eval   369   this Q      0.0164   best Q      0.0164    96.3 min
  restart   1/6    eval   370   this Q     0.01743   best Q      0.0164    96.6 min
  restart   1/6    eval   371   this Q     0.02307   best Q      0.0164    96.7 min
  restart   1/6    eval   372   this Q     0.01952   best Q      0.0164    96.9 min
  restart   1/6    eval   373   this Q     0.02155   best Q      0.0164    97.1 min
  restart   1/6    eval   374   this Q     0.01908   best Q      0.0164    97.3 min
  restart   1/6    eval   375   this Q     0.02016   best Q      0.0164    97.5 min
  restart   1/6    eval   376   this Q     0.01853   best Q      0.0164    97.6 min
  restart   1/6    eval   377   this Q      0.0189   best Q      0.0164    97.8 min
  restart   1/6    eval   378   this Q     0.01953   best Q      0.0164    98.0 min
  restart   1/6    eval   379   this Q     0.01814   best Q      0.0164    98.1 min
  restart   1/6    eval   380   this Q     0.02052   best Q      0.0164    98.3 min
  restart   1/6    eval   381   this Q     0.01831   best Q      0.0164    98.4 min
  restart   1/6    eval   382   this Q     0.01805   best Q      0.0164    98.6 min
  restart   1/6    eval   383   this Q     0.01838   best Q      0.0164    98.9 min
  restart   1/6    eval   384   this Q     0.01751   best Q      0.0164    99.1 min
  restart   1/6    eval   385   this Q     0.01732   best Q      0.0164    99.3 min
  restart   1/6    eval   386   this Q     0.01879   best Q      0.0164    99.4 min
  restart   1/6    eval   387   this Q     0.01766   best Q      0.0164    99.6 min
  restart   1/6    eval   388   this Q     0.01724   best Q      0.0164    99.7 min
  restart   1/6    eval   389   this Q     0.01743   best Q      0.0164    99.9 min
  restart   1/6    eval   390   this Q     0.01628   best Q     0.01628   100.1 min
  restart   1/6    eval   391   this Q     0.01749   best Q     0.01628   100.2 min
  restart   1/6    eval   392   this Q     0.01712   best Q     0.01628   100.4 min
  restart   1/6    eval   393   this Q     0.01582   best Q     0.01582   100.5 min
  restart   1/6    eval   394   this Q     0.01552   best Q     0.01552   100.7 min
  restart   1/6    eval   395   this Q     0.01567   best Q     0.01552   101.0 min
  restart   1/6    eval   396   this Q       0.015   best Q       0.015   101.1 min
  restart   1/6    eval   397   this Q     0.01441   best Q     0.01441   101.3 min
  restart   1/6    eval   398   this Q     0.01572   best Q     0.01441   101.5 min
  restart   1/6    eval   399   this Q     0.01519   best Q     0.01441   101.6 min
  restart   1/6    eval   400   this Q     0.01464   best Q     0.01441   101.8 min
  restart   1/6    eval   401   this Q     0.01395   best Q     0.01395   101.9 min
  restart   1/6    eval   402   this Q     0.01497   best Q     0.01395   102.1 min
  restart   1/6    eval   403   this Q     0.01507   best Q     0.01395   102.2 min
  restart   1/6    eval   404   this Q     0.01469   best Q     0.01395   102.4 min
  restart   1/6    eval   405   this Q     0.01412   best Q     0.01395   102.5 min
  restart   1/6    eval   406   this Q      0.0138   best Q      0.0138   102.7 min
  restart   1/6    eval   407   this Q     0.01453   best Q      0.0138   102.9 min
  restart   1/6    eval   408   this Q     0.01368   best Q     0.01368   103.0 min
  restart   1/6    eval   409   this Q     0.01504   best Q     0.01368   103.2 min
  restart   1/6    eval   410   this Q     0.01327   best Q     0.01327   103.4 min
  restart   1/6    eval   411   this Q     0.01589   best Q     0.01327   103.5 min
  restart   1/6    eval   412   this Q     0.01565   best Q     0.01327   103.7 min
  restart   1/6    eval   413   this Q     0.01404   best Q     0.01327   103.9 min
  restart   1/6    eval   414   this Q     0.01396   best Q     0.01327   104.0 min
  restart   1/6    eval   415   this Q     0.01399   best Q     0.01327   104.2 min
  restart   1/6    eval   416   this Q     0.01333   best Q     0.01327   104.4 min
  restart   1/6    eval   417   this Q     0.01369   best Q     0.01327   104.5 min
  restart   1/6    eval   418   this Q     0.01377   best Q     0.01327   104.7 min
  restart   1/6    eval   419   this Q     0.01304   best Q     0.01304   104.9 min
  restart   1/6    eval   420   this Q     0.01488   best Q     0.01304   105.1 min
  restart   1/6    eval   421   this Q      0.0139   best Q     0.01304   105.2 min
  restart   1/6    eval   422   this Q     0.01448   best Q     0.01304   105.4 min
  restart   1/6    eval   423   this Q      0.0132   best Q     0.01304   105.6 min
  restart   1/6    eval   424   this Q     0.01275   best Q     0.01275   105.8 min
  restart   1/6    eval   425   this Q     0.01332   best Q     0.01275   105.9 min
  restart   1/6    eval   426   this Q     0.01378   best Q     0.01275   106.1 min
  restart   1/6    eval   427   this Q       0.014   best Q     0.01275   106.3 min
  restart   1/6    eval   428   this Q     0.01311   best Q     0.01275   106.4 min
  restart   1/6    eval   429   this Q     0.01389   best Q     0.01275   106.6 min
  restart   1/6    eval   430   this Q     0.01313   best Q     0.01275   106.8 min
  restart   1/6    eval   431   this Q     0.01341   best Q     0.01275   106.9 min
  restart   1/6    eval   432   this Q      0.0136   best Q     0.01275   107.1 min
  restart   1/6    eval   433   this Q     0.01277   best Q     0.01275   107.3 min
  restart   1/6    eval   434   this Q     0.01367   best Q     0.01275   107.4 min
  restart   1/6    eval   435   this Q     0.01297   best Q     0.01275   107.6 min
  restart   1/6    eval   436   this Q     0.01484   best Q     0.01275   107.7 min
  restart   1/6    eval   437   this Q     0.01287   best Q     0.01275   107.9 min
  restart   1/6    eval   438   this Q     0.01353   best Q     0.01275   108.1 min
  restart   1/6    eval   439   this Q     0.01292   best Q     0.01275   108.2 min
  restart   1/6    eval   440   this Q     0.01288   best Q     0.01275   108.4 min
  restart   1/6    eval   441   this Q     0.01326   best Q     0.01275   108.6 min
  restart   1/6    eval   442   this Q     0.01283   best Q     0.01275   108.7 min
  restart   1/6    eval   443   this Q      0.0127   best Q      0.0127   108.9 min
  restart   1/6    eval   444   this Q     0.01313   best Q      0.0127   109.0 min
  restart   1/6    eval   445   this Q     0.01263   best Q     0.01263   109.2 min
  restart   1/6    eval   446   this Q     0.01306   best Q     0.01263   109.3 min
  restart   1/6    eval   447   this Q     0.01312   best Q     0.01263   109.5 min
  restart   1/6    eval   448   this Q     0.01272   best Q     0.01263   109.7 min
  restart   1/6    eval   449   this Q     0.01295   best Q     0.01263   109.8 min
  restart   1/6    eval   450   this Q     0.01271   best Q     0.01263   110.0 min
  restart   1/6    eval   451   this Q     0.01248   best Q     0.01248   110.1 min
  restart   1/6    eval   452   this Q     0.01255   best Q     0.01248   110.3 min
  restart   1/6    eval   453   this Q     0.01271   best Q     0.01248   110.4 min
  restart   1/6    eval   454   this Q     0.01257   best Q     0.01248   110.6 min
  restart   1/6    eval   455   this Q     0.01242   best Q     0.01242   110.7 min
  restart   1/6    eval   456   this Q     0.01256   best Q     0.01242   110.9 min
  restart   1/6    eval   457   this Q     0.01326   best Q     0.01242   111.0 min
  restart   1/6    eval   458   this Q     0.01253   best Q     0.01242   111.2 min
  restart   1/6    eval   459   this Q     0.01271   best Q     0.01242   111.3 min
  restart   1/6    eval   460   this Q     0.01251   best Q     0.01242   111.5 min
  restart   1/6    eval   461   this Q     0.01257   best Q     0.01242   111.6 min
  restart   1/6    eval   462   this Q     0.01248   best Q     0.01242   111.8 min
  restart   1/6    eval   463   this Q     0.01261   best Q     0.01242   111.9 min
  restart   1/6    eval   464   this Q     0.01245   best Q     0.01242   112.1 min
  restart   1/6    eval   465   this Q     0.01238   best Q     0.01238   112.3 min
  restart   1/6    eval   466   this Q     0.01255   best Q     0.01238   112.4 min
  restart   1/6    eval   467   this Q     0.01271   best Q     0.01238   112.6 min
  restart   1/6    eval   468   this Q     0.01244   best Q     0.01238   112.7 min
  restart   1/6    eval   469   this Q      0.0124   best Q     0.01238   112.9 min
  restart   1/6    eval   470   this Q     0.01261   best Q     0.01238   113.0 min
  restart   1/6    eval   471   this Q     0.01242   best Q     0.01238   113.2 min
  restart   1/6    eval   472   this Q     0.01257   best Q     0.01238   113.3 min
  restart   1/6    eval   473   this Q      0.0124   best Q     0.01238   113.5 min
  restart   1/6    eval   474   this Q     0.01232   best Q     0.01232   113.6 min
  restart   1/6    eval   475   this Q     0.01241   best Q     0.01232   113.8 min
  restart   1/6    eval   476   this Q     0.01253   best Q     0.01232   113.9 min
  restart   1/6    eval   477   this Q     0.01237   best Q     0.01232   114.1 min
  restart   1/6    eval   478   this Q     0.01235   best Q     0.01232   114.2 min
  restart   1/6    eval   479   this Q     0.01248   best Q     0.01232   114.4 min
  restart   1/6    eval   480   this Q     0.01236   best Q     0.01232   114.6 min
  restart   1/6    eval   481   this Q     0.01231   best Q     0.01231   114.7 min
  restart   1/6    eval   482   this Q      0.0125   best Q     0.01231   114.9 min
  restart   1/6    eval   483   this Q     0.01232   best Q     0.01231   115.0 min
  restart   1/6    eval   484   this Q     0.01228   best Q     0.01228   115.2 min
  restart   1/6    eval   485   this Q     0.01237   best Q     0.01228   115.3 min
  restart   1/6    eval   486   this Q     0.01223   best Q     0.01223   115.5 min
  restart   1/6    eval   487   this Q     0.01223   best Q     0.01223   115.6 min
  restart   1/6    eval   488   this Q     0.01238   best Q     0.01223   115.8 min
  restart   1/6    eval   489   this Q      0.0123   best Q     0.01223   115.9 min
  restart   1/6    eval   490   this Q     0.01238   best Q     0.01223   116.1 min
  restart   1/6    eval   491   this Q     0.01229   best Q     0.01223   116.2 min
  restart   1/6    eval   492   this Q     0.01234   best Q     0.01223   116.4 min
  restart   1/6    eval   493   this Q     0.01223   best Q     0.01223   116.5 min
  restart   1/6    eval   494   this Q     0.01227   best Q     0.01223   116.7 min
  restart   1/6    eval   495   this Q     0.01236   best Q     0.01223   116.8 min
  restart   1/6    eval   496   this Q     0.01227   best Q     0.01223   117.0 min
  restart   1/6    eval   497   this Q     0.01225   best Q     0.01223   117.1 min
  restart   1/6    eval   498   this Q     0.01224   best Q     0.01223   117.3 min
  restart   1/6    eval   499   this Q     0.01225   best Q     0.01223   117.4 min
  restart   1/6    eval   500   this Q     0.01224   best Q     0.01223   117.6 min
  restart   1/6    eval   501   this Q     0.01222   best Q     0.01222   117.7 min
  restart   1/6   DONE   this     0.01222   best Q     0.01222   117.8 min, ~589 min left
  restart   2/6    eval     1   this Q      0.7273   best Q     0.01222   117.9 min
  restart   2/6    eval     2   this Q      0.7273   best Q     0.01222   118.1 min
  restart   2/6    eval     3   this Q      0.9873   best Q     0.01222   118.2 min
  restart   2/6    eval     4   this Q       1.687   best Q     0.01222   118.4 min
  restart   2/6    eval     5   this Q      0.1903   best Q     0.01222   118.5 min
  restart   2/6    eval     6   this Q       1.985   best Q     0.01222   118.7 min
  restart   2/6    eval     7   this Q       1.281   best Q     0.01222   118.8 min
  restart   2/6    eval     8   this Q      0.4906   best Q     0.01222   119.0 min
  restart   2/6    eval     9   this Q       3.004   best Q     0.01222   119.1 min
  restart   2/6    eval    10   this Q      0.9819   best Q     0.01222   119.3 min
  restart   2/6    eval    11   this Q       1.163   best Q     0.01222   119.4 min
  restart   2/6    eval    12   this Q      0.7418   best Q     0.01222   119.6 min
  restart   2/6    eval    13   this Q       2.382   best Q     0.01222   119.7 min
  restart   2/6    eval    14   this Q      0.5221   best Q     0.01222   119.8 min
  restart   2/6    eval    15   this Q      0.5769   best Q     0.01222   120.0 min
  restart   2/6    eval    16   this Q       1.636   best Q     0.01222   120.1 min
  restart   2/6    eval    17   this Q      0.3164   best Q     0.01222   120.3 min
  restart   2/6    eval    18   this Q      0.9646   best Q     0.01222   120.4 min
  restart   2/6    eval    19   this Q       1.646   best Q     0.01222   120.6 min
  restart   2/6    eval    20   this Q      0.4353   best Q     0.01222   120.7 min
  restart   2/6    eval    21   this Q      0.9659   best Q     0.01222   120.8 min
  restart   2/6    eval    22   this Q      0.5907   best Q     0.01222   121.0 min
  restart   2/6    eval    23   this Q      0.8359   best Q     0.01222   121.1 min
  restart   2/6    eval    24   this Q      0.3027   best Q     0.01222   121.3 min
  restart   2/6    eval    25   this Q       1.324   best Q     0.01222   121.4 min
  restart   2/6    eval    26   this Q      0.4493   best Q     0.01222   121.6 min
  restart   2/6    eval    27   this Q      0.7847   best Q     0.01222   121.7 min
  restart   2/6    eval    28   this Q      0.4082   best Q     0.01222   121.9 min
  restart   2/6    eval    29   this Q      0.4544   best Q     0.01222   122.0 min
  restart   2/6    eval    30   this Q       1.332   best Q     0.01222   122.2 min
  restart   2/6    eval    31   this Q      0.2459   best Q     0.01222   122.3 min
  restart   2/6    eval    32   this Q      0.8133   best Q     0.01222   122.5 min
  restart   2/6    eval    33   this Q      0.2077   best Q     0.01222   122.6 min
  restart   2/6    eval    34   this Q      0.6629   best Q     0.01222   122.8 min
  restart   2/6    eval    35   this Q       0.186   best Q     0.01222   122.9 min
  restart   2/6    eval    36   this Q       0.593   best Q     0.01222   123.0 min
  restart   2/6    eval    37   this Q      0.1395   best Q     0.01222   123.2 min
  restart   2/6    eval    38   this Q      0.3974   best Q     0.01222   123.3 min
  restart   2/6    eval    39   this Q      0.7077   best Q     0.01222   123.5 min
  restart   2/6    eval    40   this Q      0.2242   best Q     0.01222   123.6 min
  restart   2/6    eval    41   this Q      0.5616   best Q     0.01222   123.8 min
  restart   2/6    eval    42   this Q      0.2233   best Q     0.01222   123.9 min
  restart   2/6    eval    43   this Q      0.3955   best Q     0.01222   124.1 min
  restart   2/6    eval    44   this Q      0.2336   best Q     0.01222   124.2 min
  restart   2/6    eval    45   this Q       0.508   best Q     0.01222   124.4 min
  restart   2/6    eval    46   this Q      0.1577   best Q     0.01222   124.6 min
  restart   2/6    eval    47   this Q      0.2079   best Q     0.01222   124.7 min
  restart   2/6    eval    48   this Q      0.2852   best Q     0.01222   124.9 min
  restart   2/6    eval    49   this Q      0.1665   best Q     0.01222   125.0 min
  restart   2/6    eval    50   this Q      0.1643   best Q     0.01222   125.2 min
  restart   2/6    eval    51   this Q      0.2803   best Q     0.01222   125.3 min
  restart   2/6    eval    52   this Q       0.147   best Q     0.01222   125.5 min
  restart   2/6    eval    53   this Q       0.212   best Q     0.01222   125.6 min
  restart   2/6    eval    54   this Q       0.129   best Q     0.01222   125.8 min
  restart   2/6    eval    55   this Q      0.2035   best Q     0.01222   126.0 min
  restart   2/6    eval    56   this Q      0.2319   best Q     0.01222   126.1 min
  restart   2/6    eval    57   this Q       0.133   best Q     0.01222   126.3 min
  restart   2/6    eval    58   this Q      0.2084   best Q     0.01222   126.4 min
  restart   2/6    eval    59   this Q      0.1296   best Q     0.01222   126.6 min
  restart   2/6    eval    60   this Q      0.2088   best Q     0.01222   126.7 min
  restart   2/6    eval    61   this Q       0.125   best Q     0.01222   126.9 min
  restart   2/6    eval    62   this Q      0.1706   best Q     0.01222   127.0 min
  restart   2/6    eval    63   this Q      0.1245   best Q     0.01222   127.2 min
  restart   2/6    eval    64   this Q      0.1653   best Q     0.01222   127.3 min
  restart   2/6    eval    65   this Q      0.1171   best Q     0.01222   127.5 min
  restart   2/6    eval    66   this Q      0.1616   best Q     0.01222   127.6 min
  restart   2/6    eval    67   this Q       0.123   best Q     0.01222   127.8 min
  restart   2/6    eval    68   this Q       0.244   best Q     0.01222   127.9 min
  restart   2/6    eval    69   this Q       0.113   best Q     0.01222   128.1 min
  restart   2/6    eval    70   this Q      0.1879   best Q     0.01222   128.3 min
  restart   2/6    eval    71   this Q      0.1166   best Q     0.01222   128.4 min
  restart   2/6    eval    72   this Q      0.1143   best Q     0.01222   128.6 min
  restart   2/6    eval    73   this Q      0.1059   best Q     0.01222   128.7 min
  restart   2/6    eval    74   this Q      0.1352   best Q     0.01222   128.9 min
  restart   2/6    eval    75   this Q      0.1106   best Q     0.01222   129.0 min
  restart   2/6    eval    76   this Q      0.1441   best Q     0.01222   129.2 min
  restart   2/6    eval    77   this Q      0.1062   best Q     0.01222   129.3 min
  restart   2/6    eval    78   this Q      0.1104   best Q     0.01222   129.5 min
  restart   2/6    eval    79   this Q      0.1344   best Q     0.01222   129.7 min
  restart   2/6    eval    80   this Q      0.1061   best Q     0.01222   129.8 min
  restart   2/6    eval    81   this Q      0.1069   best Q     0.01222   130.0 min
  restart   2/6    eval    82   this Q      0.1289   best Q     0.01222   130.1 min
  restart   2/6    eval    83   this Q      0.1022   best Q     0.01222   130.3 min
  restart   2/6    eval    84   this Q       0.108   best Q     0.01222   130.5 min
  restart   2/6    eval    85   this Q      0.1057   best Q     0.01222   130.6 min
  restart   2/6    eval    86   this Q      0.1089   best Q     0.01222   130.8 min
  restart   2/6    eval    87   this Q      0.1034   best Q     0.01222   130.9 min
  restart   2/6    eval    88   this Q      0.1682   best Q     0.01222   131.1 min
  restart   2/6    eval    89   this Q      0.0964   best Q     0.01222   131.2 min
  restart   2/6    eval    90   this Q      0.1086   best Q     0.01222   131.4 min
  restart   2/6    eval    91   this Q      0.1005   best Q     0.01222   131.6 min
  restart   2/6    eval    92   this Q      0.1175   best Q     0.01222   131.7 min
  restart   2/6    eval    93   this Q     0.09929   best Q     0.01222   131.9 min
  restart   2/6    eval    94   this Q      0.1133   best Q     0.01222   132.0 min
  restart   2/6    eval    95   this Q     0.09947   best Q     0.01222   132.2 min
  restart   2/6    eval    96   this Q     0.09821   best Q     0.01222   132.3 min
  restart   2/6    eval    97   this Q      0.1053   best Q     0.01222   132.5 min
  restart   2/6    eval    98   this Q     0.09854   best Q     0.01222   132.6 min
  restart   2/6    eval    99   this Q     0.09786   best Q     0.01222   132.8 min
  restart   2/6    eval   100   this Q      0.1082   best Q     0.01222   133.0 min
  restart   2/6    eval   101   this Q     0.09763   best Q     0.01222   133.1 min
  restart   2/6    eval   102   this Q      0.1094   best Q     0.01222   133.3 min
  restart   2/6    eval   103   this Q     0.09673   best Q     0.01222   133.4 min
  restart   2/6    eval   104   this Q     0.09491   best Q     0.01222   133.6 min
  restart   2/6    eval   105   this Q      0.1013   best Q     0.01222   133.7 min
  restart   2/6    eval   106   this Q      0.0914   best Q     0.01222   133.9 min
  restart   2/6    eval   107   this Q     0.09166   best Q     0.01222   134.0 min
  restart   2/6    eval   108   this Q     0.09252   best Q     0.01222   134.2 min
  restart   2/6    eval   109   this Q     0.09134   best Q     0.01222   134.3 min
  restart   2/6    eval   110   this Q     0.09464   best Q     0.01222   134.5 min
  restart   2/6    eval   111   this Q     0.09559   best Q     0.01222   134.7 min
  restart   2/6    eval   112   this Q     0.09807   best Q     0.01222   134.8 min
  restart   2/6    eval   113   this Q     0.09353   best Q     0.01222   135.0 min
  restart   2/6    eval   114   this Q     0.09541   best Q     0.01222   135.1 min
  restart   2/6    eval   115   this Q     0.08937   best Q     0.01222   135.3 min
  restart   2/6    eval   116   this Q      0.0913   best Q     0.01222   135.4 min
  restart   2/6    eval   117   this Q     0.09195   best Q     0.01222   135.6 min
  restart   2/6    eval   118   this Q     0.08937   best Q     0.01222   135.7 min
  restart   2/6    eval   119   this Q     0.09422   best Q     0.01222   135.9 min
  restart   2/6    eval   120   this Q     0.09271   best Q     0.01222   136.0 min
  restart   2/6    eval   121   this Q     0.09447   best Q     0.01222   136.2 min
  restart   2/6    eval   122   this Q     0.08884   best Q     0.01222   136.4 min
  restart   2/6    eval   123   this Q     0.09356   best Q     0.01222   136.5 min
  restart   2/6    eval   124   this Q     0.09186   best Q     0.01222   136.7 min
  restart   2/6    eval   125   this Q     0.08632   best Q     0.01222   136.8 min
  restart   2/6    eval   126   this Q     0.08761   best Q     0.01222   137.0 min
  restart   2/6    eval   127   this Q     0.09444   best Q     0.01222   137.1 min
  restart   2/6    eval   128   this Q     0.08889   best Q     0.01222   137.3 min
  restart   2/6    eval   129   this Q     0.08494   best Q     0.01222   137.4 min
  restart   2/6    eval   130   this Q       0.085   best Q     0.01222   137.6 min
  restart   2/6    eval   131   this Q     0.09082   best Q     0.01222   137.7 min
  restart   2/6    eval   132   this Q     0.08703   best Q     0.01222   137.9 min
  restart   2/6    eval   133   this Q     0.08962   best Q     0.01222   138.0 min
  restart   2/6    eval   134   this Q     0.08187   best Q     0.01222   138.2 min
  restart   2/6    eval   135   this Q     0.07938   best Q     0.01222   138.3 min
  restart   2/6    eval   136   this Q     0.08905   best Q     0.01222   138.5 min
  restart   2/6    eval   137   this Q     0.08888   best Q     0.01222   138.6 min
  restart   2/6    eval   138   this Q     0.08428   best Q     0.01222   138.8 min
  restart   2/6    eval   139   this Q     0.08951   best Q     0.01222   138.9 min
  restart   2/6    eval   140   this Q     0.08547   best Q     0.01222   139.1 min
  restart   2/6    eval   141   this Q     0.09163   best Q     0.01222   139.2 min
  restart   2/6    eval   142   this Q     0.08526   best Q     0.01222   139.4 min
  restart   2/6    eval   143   this Q     0.08005   best Q     0.01222   139.5 min
  restart   2/6    eval   144   this Q     0.08437   best Q     0.01222   139.7 min
  restart   2/6    eval   145   this Q     0.08198   best Q     0.01222   139.8 min
  restart   2/6    eval   146   this Q     0.08454   best Q     0.01222   140.0 min
  restart   2/6    eval   147   this Q     0.07849   best Q     0.01222   140.1 min
  restart   2/6    eval   148   this Q     0.07722   best Q     0.01222   140.4 min
  restart   2/6    eval   149   this Q     0.07647   best Q     0.01222   140.8 min
  restart   2/6    eval   150   this Q     0.07399   best Q     0.01222   141.0 min
  restart   2/6    eval   151   this Q     0.07804   best Q     0.01222   141.1 min
  restart   2/6    eval   152   this Q     0.07455   best Q     0.01222   141.3 min
  restart   2/6    eval   153   this Q     0.07662   best Q     0.01222   141.5 min
  restart   2/6    eval   154   this Q     0.08351   best Q     0.01222   141.6 min
  restart   2/6    eval   155   this Q     0.06927   best Q     0.01222   141.9 min
  restart   2/6    eval   156   this Q     0.06415   best Q     0.01222   142.2 min
  restart   2/6    eval   157   this Q     0.07981   best Q     0.01222   142.6 min
  restart   2/6    eval   158   this Q     0.06922   best Q     0.01222   142.7 min
  restart   2/6    eval   159   this Q     0.06765   best Q     0.01222   142.9 min
  restart   2/6    eval   160   this Q     0.08079   best Q     0.01222   143.0 min
  restart   2/6    eval   161   this Q     0.07351   best Q     0.01222   143.2 min
  restart   2/6    eval   162   this Q     0.06525   best Q     0.01222   143.3 min
  restart   2/6    eval   163   this Q     0.06654   best Q     0.01222   143.5 min
  restart   2/6    eval   164   this Q     0.06537   best Q     0.01222   143.6 min
  restart   2/6    eval   165   this Q     0.06497   best Q     0.01222   143.8 min
  restart   2/6    eval   166   this Q     0.06178   best Q     0.01222   143.9 min
  restart   2/6    eval   167   this Q     0.06202   best Q     0.01222   144.1 min
  restart   2/6    eval   168   this Q     0.05694   best Q     0.01222   144.2 min
  restart   2/6    eval   169   this Q      0.0513   best Q     0.01222   144.4 min
  restart   2/6    eval   170   this Q     0.05521   best Q     0.01222   144.5 min
  restart   2/6    eval   171   this Q      0.0579   best Q     0.01222   144.7 min
  restart   2/6    eval   172   this Q      0.0545   best Q     0.01222   144.9 min
  restart   2/6    eval   173   this Q     0.06127   best Q     0.01222   145.0 min
  restart   2/6    eval   174   this Q     0.05402   best Q     0.01222   145.2 min
  restart   2/6    eval   175   this Q     0.05383   best Q     0.01222   145.4 min
  restart   2/6    eval   176   this Q     0.04737   best Q     0.01222   145.6 min
  restart   2/6    eval   177   this Q     0.04272   best Q     0.01222   145.7 min
  restart   2/6    eval   178   this Q     0.04507   best Q     0.01222   145.9 min
  restart   2/6    eval   179   this Q     0.04638   best Q     0.01222   146.1 min
  restart   2/6    eval   180   this Q     0.04275   best Q     0.01222   146.3 min
  restart   2/6    eval   181   this Q     0.04022   best Q     0.01222   146.4 min
  restart   2/6    eval   182   this Q     0.03816   best Q     0.01222   146.6 min
  restart   2/6    eval   183   this Q     0.03915   best Q     0.01222   146.7 min
  restart   2/6    eval   184   this Q      0.0402   best Q     0.01222   146.9 min
  restart   2/6    eval   185   this Q     0.04047   best Q     0.01222   147.0 min
  restart   2/6    eval   186   this Q     0.03385   best Q     0.01222   147.2 min
  restart   2/6    eval   187   this Q     0.03769   best Q     0.01222   147.4 min
  restart   2/6    eval   188   this Q     0.03658   best Q     0.01222   147.6 min
  restart   2/6    eval   189   this Q      0.0398   best Q     0.01222   147.7 min
  restart   2/6    eval   190   this Q     0.03702   best Q     0.01222   147.9 min
  restart   2/6    eval   191   this Q     0.04244   best Q     0.01222   148.1 min
  restart   2/6    eval   192   this Q     0.03811   best Q     0.01222   148.2 min
  restart   2/6    eval   193   this Q     0.03838   best Q     0.01222   148.4 min
  restart   2/6    eval   194   this Q     0.03079   best Q     0.01222   148.5 min
  restart   2/6    eval   195   this Q      0.0306   best Q     0.01222   148.7 min
  restart   2/6    eval   196   this Q      0.0363   best Q     0.01222   148.8 min
  restart   2/6    eval   197   this Q     0.03118   best Q     0.01222   149.0 min
  restart   2/6    eval   198   this Q     0.03918   best Q     0.01222   149.1 min
  restart   2/6    eval   199   this Q     0.03373   best Q     0.01222   149.3 min
  restart   2/6    eval   200   this Q     0.03643   best Q     0.01222   149.4 min
  restart   2/6    eval   201   this Q     0.02847   best Q     0.01222   149.6 min
  restart   2/6    eval   202   this Q     0.03113   best Q     0.01222   149.7 min
  restart   2/6    eval   203   this Q     0.03253   best Q     0.01222   149.9 min
  restart   2/6    eval   204   this Q     0.02954   best Q     0.01222   150.0 min
  restart   2/6    eval   205   this Q     0.03011   best Q     0.01222   150.2 min
  restart   2/6    eval   206   this Q     0.03595   best Q     0.01222   150.3 min
  restart   2/6    eval   207   this Q     0.03869   best Q     0.01222   150.5 min
  restart   2/6    eval   208   this Q     0.03038   best Q     0.01222   150.6 min
  restart   2/6    eval   209   this Q     0.03575   best Q     0.01222   150.8 min
  restart   2/6    eval   210   this Q     0.03035   best Q     0.01222   150.9 min
  restart   2/6    eval   211   this Q     0.02671   best Q     0.01222   151.1 min
  restart   2/6    eval   212   this Q     0.02921   best Q     0.01222   151.2 min
  restart   2/6    eval   213   this Q     0.02692   best Q     0.01222   151.4 min
  restart   2/6    eval   214   this Q     0.02772   best Q     0.01222   151.6 min
  restart   2/6    eval   215   this Q     0.02783   best Q     0.01222   151.7 min
  restart   2/6    eval   216   this Q     0.02764   best Q     0.01222   151.9 min
  restart   2/6    eval   217   this Q     0.02753   best Q     0.01222   152.1 min
  restart   2/6    eval   218   this Q      0.0229   best Q     0.01222   152.5 min
  restart   2/6    eval   219   this Q     0.02284   best Q     0.01222   152.9 min
  restart   2/6    eval   220   this Q     0.03424   best Q     0.01222   153.1 min
  restart   2/6    eval   221   this Q     0.02587   best Q     0.01222   153.5 min
  restart   2/6    eval   222   this Q     0.03006   best Q     0.01222   153.9 min
  restart   2/6    eval   223   this Q     0.02592   best Q     0.01222   154.3 min
  restart   2/6    eval   224   this Q     0.02404   best Q     0.01222   154.5 min
  restart   2/6    eval   225   this Q     0.02576   best Q     0.01222   154.9 min
  restart   2/6    eval   226   this Q     0.02595   best Q     0.01222   155.3 min
  restart   2/6    eval   227   this Q      0.0315   best Q     0.01222   155.6 min
  restart   2/6    eval   228   this Q     0.02442   best Q     0.01222   155.7 min
  restart   2/6    eval   229   this Q     0.02528   best Q     0.01222   155.9 min
  restart   2/6    eval   230   this Q     0.02361   best Q     0.01222   156.0 min
  restart   2/6    eval   231   this Q     0.02331   best Q     0.01222   156.4 min
  restart   2/6    eval   232   this Q     0.02505   best Q     0.01222   156.8 min
  restart   2/6    eval   233   this Q     0.02189   best Q     0.01222   157.2 min
  restart   2/6    eval   234   this Q     0.02335   best Q     0.01222   157.3 min
  restart   2/6    eval   235   this Q     0.02242   best Q     0.01222   157.6 min
  restart   2/6    eval   236   this Q     0.02496   best Q     0.01222   158.1 min
  restart   2/6    eval   237   this Q     0.02304   best Q     0.01222   158.5 min
  restart   2/6    eval   238   this Q     0.02427   best Q     0.01222   158.7 min
  restart   2/6    eval   239   this Q     0.02533   best Q     0.01222   159.0 min
  restart   2/6    eval   240   this Q      0.0226   best Q     0.01222   159.5 min
  restart   2/6    eval   241   this Q     0.02532   best Q     0.01222   159.9 min
  restart   2/6    eval   242   this Q     0.02237   best Q     0.01222   160.1 min
  restart   2/6    eval   243   this Q     0.02475   best Q     0.01222   160.2 min
  restart   2/6    eval   244   this Q     0.02236   best Q     0.01222   160.4 min
  restart   2/6    eval   245   this Q     0.02112   best Q     0.01222   160.6 min
  restart   2/6    eval   246   this Q     0.02251   best Q     0.01222   160.8 min
  restart   2/6    eval   247   this Q     0.02417   best Q     0.01222   160.9 min
  restart   2/6    eval   248   this Q     0.02198   best Q     0.01222   161.1 min
  restart   2/6    eval   249   this Q     0.02148   best Q     0.01222   161.2 min
  restart   2/6    eval   250   this Q     0.02323   best Q     0.01222   161.4 min
  restart   2/6    eval   251   this Q     0.02172   best Q     0.01222   161.6 min
  restart   2/6    eval   252   this Q     0.02234   best Q     0.01222   161.7 min
  restart   2/6    eval   253   this Q     0.02221   best Q     0.01222   161.9 min
  restart   2/6    eval   254   this Q     0.02149   best Q     0.01222   162.0 min
  restart   2/6    eval   255   this Q     0.02122   best Q     0.01222   162.2 min
  restart   2/6    eval   256   this Q      0.0226   best Q     0.01222   162.3 min
  restart   2/6    eval   257   this Q     0.02131   best Q     0.01222   162.5 min
  restart   2/6    eval   258   this Q     0.02216   best Q     0.01222   162.8 min
  restart   2/6    eval   259   this Q     0.02192   best Q     0.01222   163.0 min
  restart   2/6    eval   260   this Q     0.02229   best Q     0.01222   163.1 min
  restart   2/6    eval   261   this Q     0.02123   best Q     0.01222   163.3 min
  restart   2/6    eval   262   this Q     0.02121   best Q     0.01222   163.4 min
  restart   2/6    eval   263   this Q     0.02181   best Q     0.01222   163.6 min
  restart   2/6    eval   264   this Q     0.02263   best Q     0.01222   163.7 min
  restart   2/6    eval   265   this Q     0.02106   best Q     0.01222   163.9 min
  restart   2/6    eval   266   this Q     0.02177   best Q     0.01222   164.0 min
  restart   2/6    eval   267   this Q     0.02108   best Q     0.01222   164.2 min
  restart   2/6    eval   268   this Q     0.02034   best Q     0.01222   164.3 min
  restart   2/6    eval   269   this Q     0.02038   best Q     0.01222   164.5 min
  restart   2/6    eval   270   this Q     0.02237   best Q     0.01222   164.7 min
  restart   2/6    eval   271   this Q     0.02082   best Q     0.01222   164.9 min
  restart   2/6    eval   272   this Q     0.02163   best Q     0.01222   165.1 min
  restart   2/6    eval   273   this Q      0.0209   best Q     0.01222   165.2 min
  restart   2/6    eval   274   this Q     0.02085   best Q     0.01222   165.4 min
  restart   2/6    eval   275   this Q      0.0205   best Q     0.01222   165.5 min
  restart   2/6    eval   276   this Q     0.02093   best Q     0.01222   165.7 min
  restart   2/6    eval   277   this Q     0.02103   best Q     0.01222   165.8 min
  restart   2/6    eval   278   this Q     0.02128   best Q     0.01222   166.0 min
  restart   2/6    eval   279   this Q     0.02068   best Q     0.01222   166.1 min
  restart   2/6    eval   280   this Q     0.02036   best Q     0.01222   166.3 min
  restart   2/6    eval   281   this Q     0.02031   best Q     0.01222   166.4 min
  restart   2/6    eval   282   this Q     0.02062   best Q     0.01222   166.6 min
  restart   2/6    eval   283   this Q      0.0208   best Q     0.01222   166.7 min
  restart   2/6    eval   284   this Q     0.02103   best Q     0.01222   166.9 min
  restart   2/6    eval   285   this Q     0.02051   best Q     0.01222   167.1 min
  restart   2/6    eval   286   this Q     0.02033   best Q     0.01222   167.2 min
  restart   2/6    eval   287   this Q     0.02023   best Q     0.01222   167.4 min
  restart   2/6    eval   288   this Q     0.02061   best Q     0.01222   167.6 min
  restart   2/6    eval   289   this Q     0.02013   best Q     0.01222   167.8 min
  restart   2/6    eval   290   this Q      0.0205   best Q     0.01222   168.0 min
  restart   2/6    eval   291   this Q     0.02076   best Q     0.01222   168.2 min
  restart   2/6    eval   292   this Q     0.02034   best Q     0.01222   168.3 min
  restart   2/6    eval   293   this Q     0.01981   best Q     0.01222   168.5 min
  restart   2/6    eval   294   this Q     0.01965   best Q     0.01222   168.6 min
  restart   2/6    eval   295   this Q     0.02006   best Q     0.01222   168.8 min
  restart   2/6    eval   296   this Q     0.01977   best Q     0.01222   169.0 min
  restart   2/6    eval   297   this Q     0.01985   best Q     0.01222   169.1 min
  restart   2/6    eval   298   this Q     0.01986   best Q     0.01222   169.3 min
  restart   2/6    eval   299   this Q     0.01961   best Q     0.01222   169.5 min
  restart   2/6    eval   300   this Q     0.01971   best Q     0.01222   169.6 min
  restart   2/6    eval   301   this Q      0.0197   best Q     0.01222   169.9 min
  restart   2/6    eval   302   this Q     0.01933   best Q     0.01222   170.0 min
  restart   2/6    eval   303   this Q     0.01927   best Q     0.01222   170.2 min
  restart   2/6    eval   304   this Q     0.01984   best Q     0.01222   170.4 min
  restart   2/6    eval   305   this Q     0.01932   best Q     0.01222   170.5 min
  restart   2/6    eval   306   this Q      0.0193   best Q     0.01222   170.7 min
  restart   2/6    eval   307   this Q     0.01964   best Q     0.01222   170.9 min
  restart   2/6    eval   308   this Q     0.01905   best Q     0.01222   171.0 min
  restart   2/6    eval   309   this Q     0.01905   best Q     0.01222   171.2 min
  restart   2/6    eval   310   this Q     0.01941   best Q     0.01222   171.3 min
  restart   2/6    eval   311   this Q      0.0191   best Q     0.01222   171.5 min
  restart   2/6    eval   312   this Q      0.0198   best Q     0.01222   171.6 min
  restart   2/6    eval   313   this Q     0.01926   best Q     0.01222   171.8 min
  restart   2/6    eval   314   this Q     0.01861   best Q     0.01222   172.0 min
  restart   2/6    eval   315   this Q     0.01824   best Q     0.01222   172.1 min
  restart   2/6    eval   316   this Q     0.01883   best Q     0.01222   172.3 min
  restart   2/6    eval   317   this Q      0.0186   best Q     0.01222   172.4 min
  restart   2/6    eval   318   this Q     0.01905   best Q     0.01222   172.6 min
  restart   2/6    eval   319   this Q     0.01833   best Q     0.01222   172.7 min
  restart   2/6    eval   320   this Q     0.01833   best Q     0.01222   172.9 min
  restart   2/6    eval   321   this Q     0.01849   best Q     0.01222   173.0 min
  restart   2/6    eval   322   this Q     0.01835   best Q     0.01222   173.1 min
  restart   2/6    eval   323   this Q     0.01804   best Q     0.01222   173.3 min
  restart   2/6    eval   324   this Q     0.01818   best Q     0.01222   173.4 min
  restart   2/6    eval   325   this Q     0.01796   best Q     0.01222   173.6 min
  restart   2/6    eval   326   this Q     0.01822   best Q     0.01222   173.7 min
  restart   2/6    eval   327   this Q     0.01771   best Q     0.01222   173.9 min
  restart   2/6    eval   328   this Q     0.01782   best Q     0.01222   174.0 min
  restart   2/6    eval   329   this Q     0.01812   best Q     0.01222   174.2 min
  restart   2/6    eval   330   this Q      0.0177   best Q     0.01222   174.3 min
  restart   2/6    eval   331   this Q     0.01791   best Q     0.01222   174.5 min
  restart   2/6    eval   332   this Q     0.01778   best Q     0.01222   174.6 min
  restart   2/6    eval   333   this Q     0.01783   best Q     0.01222   174.8 min
  restart   2/6    eval   334   this Q     0.01754   best Q     0.01222   174.9 min
  restart   2/6    eval   335   this Q     0.01778   best Q     0.01222   175.1 min
  restart   2/6    eval   336   this Q     0.01728   best Q     0.01222   175.2 min
  restart   2/6    eval   337   this Q     0.01725   best Q     0.01222   175.3 min
  restart   2/6    eval   338   this Q     0.01698   best Q     0.01222   175.5 min
  restart   2/6    eval   339   this Q     0.01676   best Q     0.01222   175.6 min
  restart   2/6    eval   340   this Q     0.01726   best Q     0.01222   175.8 min
  restart   2/6    eval   341   this Q     0.01681   best Q     0.01222   175.9 min
  restart   2/6    eval   342   this Q     0.01674   best Q     0.01222   176.1 min
  restart   2/6    eval   343   this Q     0.01693   best Q     0.01222   176.2 min
  restart   2/6    eval   344   this Q     0.01668   best Q     0.01222   176.4 min
  restart   2/6    eval   345   this Q     0.01699   best Q     0.01222   176.5 min
  restart   2/6    eval   346   this Q     0.01665   best Q     0.01222   176.7 min
  restart   2/6    eval   347   this Q     0.01718   best Q     0.01222   176.8 min
  restart   2/6    eval   348   this Q     0.01646   best Q     0.01222   177.0 min
  restart   2/6    eval   349   this Q     0.01692   best Q     0.01222   177.1 min
  restart   2/6    eval   350   this Q     0.01634   best Q     0.01222   177.3 min
  restart   2/6    eval   351   this Q     0.01697   best Q     0.01222   177.4 min
  restart   2/6    eval   352   this Q     0.01569   best Q     0.01222   177.6 min
  restart   2/6    eval   353   this Q     0.01534   best Q     0.01222   177.7 min
  restart   2/6    eval   354   this Q     0.01634   best Q     0.01222   177.9 min
  restart   2/6    eval   355   this Q     0.01585   best Q     0.01222   178.1 min
  restart   2/6    eval   356   this Q     0.01622   best Q     0.01222   178.2 min
  restart   2/6    eval   357   this Q     0.01551   best Q     0.01222   178.4 min
  restart   2/6    eval   358   this Q     0.01624   best Q     0.01222   178.5 min
  restart   2/6    eval   359   this Q     0.01563   best Q     0.01222   178.7 min
  restart   2/6    eval   360   this Q     0.01521   best Q     0.01222   178.8 min
  restart   2/6    eval   361   this Q     0.01544   best Q     0.01222   179.0 min
  restart   2/6    eval   362   this Q     0.01513   best Q     0.01222   179.1 min
  restart   2/6    eval   363   this Q      0.0154   best Q     0.01222   179.3 min
  restart   2/6    eval   364   this Q     0.01566   best Q     0.01222   179.5 min
  restart   2/6    eval   365   this Q      0.0152   best Q     0.01222   179.6 min
  restart   2/6    eval   366   this Q      0.0147   best Q     0.01222   179.8 min
  restart   2/6    eval   367   this Q     0.01488   best Q     0.01222   179.9 min
  restart   2/6    eval   368   this Q     0.01441   best Q     0.01222   180.1 min
  restart   2/6    eval   369   this Q     0.01454   best Q     0.01222   180.2 min
  restart   2/6    eval   370   this Q      0.0156   best Q     0.01222   180.4 min
  restart   2/6    eval   371   this Q     0.01522   best Q     0.01222   180.5 min
  restart   2/6    eval   372   this Q     0.01458   best Q     0.01222   180.7 min
  restart   2/6    eval   373   this Q     0.01596   best Q     0.01222   180.8 min
  restart   2/6    eval   374   this Q     0.01489   best Q     0.01222   181.0 min
  restart   2/6    eval   375   this Q     0.01461   best Q     0.01222   181.1 min
  restart   2/6    eval   376   this Q     0.01438   best Q     0.01222   181.3 min
  restart   2/6    eval   377   this Q     0.01474   best Q     0.01222   181.4 min
  restart   2/6    eval   378   this Q     0.01575   best Q     0.01222   181.6 min
  restart   2/6    eval   379   this Q     0.01469   best Q     0.01222   181.7 min
  restart   2/6    eval   380   this Q     0.01439   best Q     0.01222   181.9 min
  restart   2/6    eval   381   this Q     0.01461   best Q     0.01222   182.0 min
  restart   2/6    eval   382   this Q     0.01405   best Q     0.01222   182.2 min
  restart   2/6    eval   383   this Q     0.01428   best Q     0.01222   182.3 min
  restart   2/6    eval   384   this Q     0.01427   best Q     0.01222   182.5 min
  restart   2/6    eval   385   this Q     0.01467   best Q     0.01222   182.6 min
  restart   2/6    eval   386   this Q     0.01402   best Q     0.01222   182.7 min
  restart   2/6    eval   387   this Q     0.01689   best Q     0.01222   182.9 min
  restart   2/6    eval   388   this Q     0.01448   best Q     0.01222   183.0 min
  restart   2/6    eval   389   this Q     0.01459   best Q     0.01222   183.2 min
  restart   2/6    eval   390   this Q     0.01441   best Q     0.01222   183.3 min
  restart   2/6    eval   391   this Q     0.01479   best Q     0.01222   183.5 min
  restart   2/6    eval   392   this Q      0.0142   best Q     0.01222   183.6 min
  restart   2/6    eval   393   this Q     0.01376   best Q     0.01222   183.8 min
  restart   2/6    eval   394   this Q     0.01367   best Q     0.01222   183.9 min
  restart   2/6    eval   395   this Q     0.01423   best Q     0.01222   184.1 min
  restart   2/6    eval   396   this Q     0.01429   best Q     0.01222   184.2 min
  restart   2/6    eval   397   this Q     0.01388   best Q     0.01222   184.4 min
  restart   2/6    eval   398   this Q     0.01382   best Q     0.01222   184.5 min
  restart   2/6    eval   399   this Q     0.01407   best Q     0.01222   184.7 min
  restart   2/6    eval   400   this Q     0.01418   best Q     0.01222   184.8 min
  restart   2/6    eval   401   this Q     0.01367   best Q     0.01222   185.0 min
  restart   2/6    eval   402   this Q      0.0139   best Q     0.01222   185.1 min
  restart   2/6    eval   403   this Q     0.01362   best Q     0.01222   185.3 min
  restart   2/6    eval   404   this Q     0.01491   best Q     0.01222   185.4 min
  restart   2/6    eval   405   this Q      0.0138   best Q     0.01222   185.6 min
  restart   2/6    eval   406   this Q      0.0139   best Q     0.01222   185.7 min
  restart   2/6    eval   407   this Q     0.01374   best Q     0.01222   185.9 min
  restart   2/6    eval   408   this Q     0.01385   best Q     0.01222   186.1 min
  restart   2/6    eval   409   this Q     0.01421   best Q     0.01222   186.2 min
  restart   2/6    eval   410   this Q      0.0136   best Q     0.01222   186.4 min
  restart   2/6    eval   411   this Q     0.01383   best Q     0.01222   186.5 min
  restart   2/6    eval   412   this Q     0.01361   best Q     0.01222   186.7 min
  restart   2/6    eval   413   this Q       0.014   best Q     0.01222   186.8 min
  restart   2/6    eval   414   this Q     0.01358   best Q     0.01222   187.0 min
  restart   2/6    eval   415   this Q     0.01384   best Q     0.01222   187.2 min
  restart   2/6    eval   416   this Q     0.01358   best Q     0.01222   187.3 min
  restart   2/6    eval   417   this Q     0.01377   best Q     0.01222   187.5 min
  restart   2/6    eval   418   this Q     0.01396   best Q     0.01222   187.6 min
  restart   2/6    eval   419   this Q     0.01355   best Q     0.01222   187.8 min
  restart   2/6    eval   420   this Q     0.01377   best Q     0.01222   187.9 min
  restart   2/6    eval   421   this Q     0.01356   best Q     0.01222   188.1 min
  restart   2/6    eval   422   this Q     0.01387   best Q     0.01222   188.2 min
  restart   2/6    eval   423   this Q     0.01353   best Q     0.01222   188.4 min
  restart   2/6    eval   424   this Q      0.0136   best Q     0.01222   188.6 min
  restart   2/6    eval   425   this Q     0.01433   best Q     0.01222   188.7 min
  restart   2/6    eval   426   this Q     0.01353   best Q     0.01222   188.9 min
  restart   2/6    eval   427   this Q     0.01373   best Q     0.01222   189.0 min
  restart   2/6    eval   428   this Q      0.0135   best Q     0.01222   189.2 min
  restart   2/6    eval   429   this Q     0.01372   best Q     0.01222   189.3 min
  restart   2/6    eval   430   this Q      0.0135   best Q     0.01222   189.5 min
  restart   2/6    eval   431   this Q     0.01368   best Q     0.01222   189.6 min
  restart   2/6    eval   432   this Q      0.0135   best Q     0.01222   189.8 min
  restart   2/6    eval   433   this Q     0.01374   best Q     0.01222   189.9 min
  restart   2/6    eval   434   this Q      0.0135   best Q     0.01222   190.1 min
  restart   2/6    eval   435   this Q     0.01347   best Q     0.01222   190.3 min
  restart   2/6    eval   436   this Q     0.01372   best Q     0.01222   190.4 min
  restart   2/6    eval   437   this Q     0.01351   best Q     0.01222   190.6 min
  restart   2/6    eval   438   this Q     0.01354   best Q     0.01222   190.7 min
  restart   2/6    eval   439   this Q     0.01357   best Q     0.01222   190.9 min
  restart   2/6    eval   440   this Q     0.01348   best Q     0.01222   191.1 min
  restart   2/6    eval   441   this Q     0.01356   best Q     0.01222   191.2 min
  restart   2/6    eval   442   this Q     0.01349   best Q     0.01222   191.4 min
  restart   2/6    eval   443   this Q     0.01349   best Q     0.01222   191.5 min
  restart   2/6    eval   444   this Q     0.01355   best Q     0.01222   191.7 min
  restart   2/6    eval   445   this Q     0.01348   best Q     0.01222   191.8 min
  restart   2/6    eval   446   this Q     0.01356   best Q     0.01222   192.0 min
  restart   2/6    eval   447   this Q     0.01347   best Q     0.01222   192.2 min
  restart   2/6    eval   448   this Q      0.0135   best Q     0.01222   192.3 min
  restart   2/6    eval   449   this Q     0.01351   best Q     0.01222   192.5 min
  restart   2/6    eval   450   this Q     0.01347   best Q     0.01222   192.6 min
  restart   2/6    eval   451   this Q     0.01351   best Q     0.01222   192.8 min
  restart   2/6    eval   452   this Q     0.01347   best Q     0.01222   193.0 min
  restart   2/6    eval   453   this Q      0.0135   best Q     0.01222   193.1 min
  restart   2/6    eval   454   this Q     0.01347   best Q     0.01222   193.3 min
  restart   2/6    eval   455   this Q      0.0135   best Q     0.01222   193.5 min
  restart   2/6    eval   456   this Q     0.01346   best Q     0.01222   193.6 min
  restart   2/6    eval   457   this Q     0.01349   best Q     0.01222   193.8 min
  restart   2/6    eval   458   this Q     0.01346   best Q     0.01222   193.9 min
  restart   2/6    eval   459   this Q     0.01353   best Q     0.01222   194.1 min
  restart   2/6    eval   460   this Q     0.01346   best Q     0.01222   194.3 min
  restart   2/6    eval   461   this Q     0.01345   best Q     0.01222   194.4 min
  restart   2/6    eval   462   this Q      0.0135   best Q     0.01222   194.6 min
  restart   2/6    eval   463   this Q     0.01344   best Q     0.01222   194.8 min
  restart   2/6    eval   464   this Q     0.01356   best Q     0.01222   194.9 min
  restart   2/6    eval   465   this Q     0.01354   best Q     0.01222   195.1 min
  restart   2/6    eval   466   this Q     0.01345   best Q     0.01222   195.2 min
  restart   2/6    eval   467   this Q     0.01345   best Q     0.01222   195.4 min
  restart   2/6    eval   468   this Q     0.01347   best Q     0.01222   195.5 min
  restart   2/6    eval   469   this Q     0.01345   best Q     0.01222   195.7 min
  restart   2/6    eval   470   this Q     0.01343   best Q     0.01222   195.9 min
  restart   2/6    eval   471   this Q     0.01343   best Q     0.01222   196.0 min
  restart   2/6    eval   472   this Q     0.01344   best Q     0.01222   196.2 min
  restart   2/6    eval   473   this Q     0.01343   best Q     0.01222   196.3 min
  restart   2/6    eval   474   this Q     0.01344   best Q     0.01222   196.5 min
  restart   2/6    eval   475   this Q     0.01343   best Q     0.01222   196.7 min
  restart   2/6    eval   476   this Q     0.01344   best Q     0.01222   196.8 min
  restart   2/6    eval   477   this Q     0.01344   best Q     0.01222   197.0 min
  restart   2/6    eval   478   this Q     0.01344   best Q     0.01222   197.1 min
  restart   2/6    eval   479   this Q     0.01346   best Q     0.01222   197.3 min
  restart   2/6    eval   480   this Q     0.01343   best Q     0.01222   197.5 min
  restart   2/6    eval   481   this Q     0.01342   best Q     0.01222   197.6 min
  restart   2/6    eval   482   this Q     0.01342   best Q     0.01222   197.8 min
  restart   2/6    eval   483   this Q     0.01341   best Q     0.01222   197.9 min
  restart   2/6    eval   484   this Q     0.01341   best Q     0.01222   198.1 min
  restart   2/6    eval   485   this Q     0.01341   best Q     0.01222   198.2 min
  restart   2/6    eval   486   this Q     0.01343   best Q     0.01222   198.4 min
  restart   2/6    eval   487   this Q     0.01344   best Q     0.01222   198.6 min
  restart   2/6    eval   488   this Q     0.01343   best Q     0.01222   198.7 min
  restart   2/6    eval   489   this Q     0.01342   best Q     0.01222   198.9 min
  restart   2/6    eval   490   this Q      0.0134   best Q     0.01222   199.0 min
  restart   2/6    eval   491   this Q      0.0134   best Q     0.01222   199.2 min
  restart   2/6    eval   492   this Q     0.01341   best Q     0.01222   199.4 min
  restart   2/6    eval   493   this Q      0.0134   best Q     0.01222   199.5 min
  restart   2/6    eval   494   this Q     0.01341   best Q     0.01222   199.7 min
  restart   2/6    eval   495   this Q     0.01341   best Q     0.01222   199.8 min
  restart   2/6    eval   496   this Q      0.0134   best Q     0.01222   200.0 min
  restart   2/6    eval   497   this Q      0.0134   best Q     0.01222   200.1 min
  restart   2/6    eval   498   this Q      0.0134   best Q     0.01222   200.3 min
  restart   2/6    eval   499   this Q     0.01341   best Q     0.01222   200.5 min
  restart   2/6    eval   500   this Q     0.01341   best Q     0.01222   200.6 min
  restart   2/6    eval   501   this Q     0.01345   best Q     0.01222   200.8 min
  restart   2/6   DONE   this      0.0134   best Q     0.01222   200.8 min, ~402 min left
  restart   3/6    eval     1   this Q       0.606   best Q     0.01222   200.9 min
  restart   3/6    eval     2   this Q       0.606   best Q     0.01222   201.1 min
  restart   3/6    eval     3   this Q       1.306   best Q     0.01222   201.3 min
  restart   3/6    eval     4   this Q       1.184   best Q     0.01222   201.4 min
  restart   3/6    eval     5   this Q      0.1239   best Q     0.01222   201.6 min
  restart   3/6    eval     6   this Q       2.029   best Q     0.01222   201.8 min
  restart   3/6    eval     7   this Q      0.4057   best Q     0.01222   201.9 min
  restart   3/6    eval     8   this Q      0.2214   best Q     0.01222   202.1 min
  restart   3/6    eval     9   this Q       2.006   best Q     0.01222   202.3 min
  restart   3/6    eval    10   this Q      0.1855   best Q     0.01222   202.4 min
  restart   3/6    eval    11   this Q       1.085   best Q     0.01222   202.6 min
  restart   3/6    eval    12   this Q       2.382   best Q     0.01222   202.8 min
  restart   3/6    eval    13   this Q      0.5831   best Q     0.01222   202.9 min
  restart   3/6    eval    14   this Q      0.8006   best Q     0.01222   203.1 min
  restart   3/6    eval    15   this Q       0.589   best Q     0.01222   203.3 min
  restart   3/6    eval    16   this Q      0.2016   best Q     0.01222   203.4 min
  restart   3/6    eval    17   this Q      0.9352   best Q     0.01222   203.6 min
  restart   3/6    eval    18   this Q      0.3866   best Q     0.01222   203.8 min
  restart   3/6    eval    19   this Q       2.253   best Q     0.01222   203.9 min
  restart   3/6    eval    20   this Q      0.3997   best Q     0.01222   204.1 min
  restart   3/6    eval    21   this Q      0.4543   best Q     0.01222   204.2 min
  restart   3/6    eval    22   this Q      0.8935   best Q     0.01222   204.4 min
  restart   3/6    eval    23   this Q      0.2522   best Q     0.01222   204.6 min
  restart   3/6    eval    24   this Q      0.7236   best Q     0.01222   204.7 min
  restart   3/6    eval    25   this Q      0.2148   best Q     0.01222   204.9 min
  restart   3/6    eval    26   this Q      0.2671   best Q     0.01222   205.1 min
  restart   3/6    eval    27   this Q      0.4568   best Q     0.01222   205.2 min
  restart   3/6    eval    28   this Q      0.1724   best Q     0.01222   205.4 min
  restart   3/6    eval    29   this Q      0.4812   best Q     0.01222   205.6 min
  restart   3/6    eval    30   this Q      0.2105   best Q     0.01222   205.7 min
  restart   3/6    eval    31   this Q      0.2803   best Q     0.01222   205.9 min
  restart   3/6    eval    32   this Q      0.1007   best Q     0.01222   206.0 min
  restart   3/6    eval    33   this Q      0.2487   best Q     0.01222   206.2 min
  restart   3/6    eval    34   this Q      0.2033   best Q     0.01222   206.4 min
  restart   3/6    eval    35   this Q      0.3273   best Q     0.01222   206.5 min
  restart   3/6    eval    36   this Q     0.09271   best Q     0.01222   206.7 min
  restart   3/6    eval    37   this Q      0.3604   best Q     0.01222   206.8 min
  restart   3/6    eval    38   this Q     0.07788   best Q     0.01222   207.0 min
  restart   3/6    eval    39   this Q      0.1927   best Q     0.01222   207.1 min
  restart   3/6    eval    40   this Q      0.1821   best Q     0.01222   207.3 min
  restart   3/6    eval    41   this Q      0.1774   best Q     0.01222   207.5 min
  restart   3/6    eval    42   this Q      0.7158   best Q     0.01222   207.6 min
  restart   3/6    eval    43   this Q     0.09662   best Q     0.01222   207.8 min
  restart   3/6    eval    44   this Q      0.2659   best Q     0.01222   208.0 min
  restart   3/6    eval    45   this Q     0.07781   best Q     0.01222   208.4 min
  restart   3/6    eval    46   this Q      0.1812   best Q     0.01222   208.7 min
  restart   3/6    eval    47   this Q      0.2483   best Q     0.01222   208.8 min
  restart   3/6    eval    48   this Q     0.05895   best Q     0.01222   209.0 min
  restart   3/6    eval    49   this Q      0.1724   best Q     0.01222   209.2 min
  restart   3/6    eval    50   this Q       0.163   best Q     0.01222   209.4 min
  restart   3/6    eval    51   this Q      0.1892   best Q     0.01222   209.6 min
  restart   3/6    eval    52   this Q     0.07016   best Q     0.01222   210.0 min
  restart   3/6    eval    53   this Q       0.222   best Q     0.01222   210.4 min
  restart   3/6    eval    54   this Q      0.0749   best Q     0.01222   210.6 min
  restart   3/6    eval    55   this Q      0.1658   best Q     0.01222   210.7 min
  restart   3/6    eval    56   this Q      0.0695   best Q     0.01222   210.9 min
  restart   3/6    eval    57   this Q      0.1352   best Q     0.01222   211.1 min
  restart   3/6    eval    58   this Q     0.06404   best Q     0.01222   211.2 min
  restart   3/6    eval    59   this Q     0.09344   best Q     0.01222   211.4 min
  restart   3/6    eval    60   this Q      0.0973   best Q     0.01222   211.5 min
  restart   3/6    eval    61   this Q     0.05954   best Q     0.01222   211.7 min
  restart   3/6    eval    62   this Q     0.09885   best Q     0.01222   211.9 min
  restart   3/6    eval    63   this Q      0.0549   best Q     0.01222   212.0 min
  restart   3/6    eval    64   this Q      0.1138   best Q     0.01222   212.2 min
  restart   3/6    eval    65   this Q     0.05265   best Q     0.01222   212.3 min
  restart   3/6    eval    66   this Q     0.09681   best Q     0.01222   212.5 min
  restart   3/6    eval    67   this Q     0.04937   best Q     0.01222   212.7 min
  restart   3/6    eval    68   this Q     0.06424   best Q     0.01222   212.8 min
  restart   3/6    eval    69   this Q     0.06092   best Q     0.01222   213.0 min
  restart   3/6    eval    70   this Q     0.06836   best Q     0.01222   213.2 min
  restart   3/6    eval    71   this Q     0.07569   best Q     0.01222   213.3 min
  restart   3/6    eval    72   this Q     0.04617   best Q     0.01222   213.5 min
  restart   3/6    eval    73   this Q     0.07056   best Q     0.01222   213.7 min
  restart   3/6    eval    74   this Q     0.04621   best Q     0.01222   213.9 min
  restart   3/6    eval    75   this Q     0.07914   best Q     0.01222   214.0 min
  restart   3/6    eval    76   this Q     0.04378   best Q     0.01222   214.2 min
  restart   3/6    eval    77   this Q     0.08149   best Q     0.01222   214.4 min
  restart   3/6    eval    78   this Q     0.04421   best Q     0.01222   214.5 min
  restart   3/6    eval    79   this Q     0.08873   best Q     0.01222   214.7 min
  restart   3/6    eval    80   this Q     0.04184   best Q     0.01222   214.8 min
  restart   3/6    eval    81   this Q     0.03595   best Q     0.01222   215.0 min
  restart   3/6    eval    82   this Q      0.0588   best Q     0.01222   215.2 min
  restart   3/6    eval    83   this Q      0.0916   best Q     0.01222   215.3 min
  restart   3/6    eval    84   this Q     0.03775   best Q     0.01222   215.5 min
  restart   3/6    eval    85   this Q     0.04469   best Q     0.01222   215.7 min
  restart   3/6    eval    86   this Q     0.03838   best Q     0.01222   215.8 min
  restart   3/6    eval    87   this Q     0.04994   best Q     0.01222   216.0 min
  restart   3/6    eval    88   this Q      0.0389   best Q     0.01222   216.1 min
  restart   3/6    eval    89   this Q     0.04954   best Q     0.01222   216.3 min
  restart   3/6    eval    90   this Q     0.03786   best Q     0.01222   216.4 min
  restart   3/6    eval    91   this Q     0.03955   best Q     0.01222   216.6 min
  restart   3/6    eval    92   this Q     0.04076   best Q     0.01222   216.7 min
  restart   3/6    eval    93   this Q     0.03342   best Q     0.01222   216.9 min
  restart   3/6    eval    94   this Q       0.044   best Q     0.01222   217.0 min
  restart   3/6    eval    95   this Q     0.03578   best Q     0.01222   217.2 min
  restart   3/6    eval    96   this Q     0.03554   best Q     0.01222   217.4 min
  restart   3/6    eval    97   this Q     0.03114   best Q     0.01222   217.5 min
  restart   3/6    eval    98   this Q     0.04098   best Q     0.01222   217.7 min
  restart   3/6    eval    99   this Q      0.0393   best Q     0.01222   217.8 min
  restart   3/6    eval   100   this Q     0.03288   best Q     0.01222   218.0 min
  restart   3/6    eval   101   this Q     0.02778   best Q     0.01222   218.1 min
  restart   3/6    eval   102   this Q     0.03252   best Q     0.01222   218.3 min
  restart   3/6    eval   103   this Q     0.04553   best Q     0.01222   218.4 min
  restart   3/6    eval   104   this Q     0.03117   best Q     0.01222   218.6 min
  restart   3/6    eval   105   this Q     0.03024   best Q     0.01222   218.7 min
  restart   3/6    eval   106   this Q     0.02897   best Q     0.01222   218.9 min
  restart   3/6    eval   107   this Q     0.03507   best Q     0.01222   219.0 min
  restart   3/6    eval   108   this Q      0.0279   best Q     0.01222   219.2 min
  restart   3/6    eval   109   this Q     0.03118   best Q     0.01222   219.4 min
  restart   3/6    eval   110   this Q     0.03555   best Q     0.01222   219.5 min
  restart   3/6    eval   111   this Q     0.02872   best Q     0.01222   219.7 min
  restart   3/6    eval   112   this Q     0.03214   best Q     0.01222   219.9 min
  restart   3/6    eval   113   this Q     0.03092   best Q     0.01222   220.4 min
  restart   3/6    eval   114   this Q     0.03083   best Q     0.01222   220.9 min
  restart   3/6    eval   115   this Q     0.03252   best Q     0.01222   221.0 min
  restart   3/6    eval   116   this Q     0.02725   best Q     0.01222   221.5 min
  restart   3/6    eval   117   this Q     0.02839   best Q     0.01222   221.9 min
  restart   3/6    eval   118   this Q     0.02787   best Q     0.01222   222.2 min
  restart   3/6    eval   119   this Q     0.03425   best Q     0.01222   222.5 min
  restart   3/6    eval   120   this Q     0.02646   best Q     0.01222   223.0 min
  restart   3/6    eval   121   this Q     0.02808   best Q     0.01222   223.4 min
  restart   3/6    eval   122   this Q     0.02441   best Q     0.01222   223.5 min
  restart   3/6    eval   123   this Q     0.02851   best Q     0.01222   223.7 min
  restart   3/6    eval   124   this Q     0.03032   best Q     0.01222   223.8 min
  restart   3/6    eval   125   this Q     0.02567   best Q     0.01222   224.0 min
  restart   3/6    eval   126   this Q     0.02793   best Q     0.01222   224.4 min
  restart   3/6    eval   127   this Q     0.02784   best Q     0.01222   224.8 min
  restart   3/6    eval   128   this Q     0.02918   best Q     0.01222   225.2 min
  restart   3/6    eval   129   this Q     0.02527   best Q     0.01222   225.4 min
  restart   3/6    eval   130   this Q     0.03061   best Q     0.01222   225.7 min
  restart   3/6    eval   131   this Q     0.02504   best Q     0.01222   226.2 min
  restart   3/6    eval   132   this Q     0.03006   best Q     0.01222   226.5 min
  restart   3/6    eval   133   this Q     0.02519   best Q     0.01222   226.7 min
  restart   3/6    eval   134   this Q     0.03074   best Q     0.01222   227.0 min
  restart   3/6    eval   135   this Q     0.02513   best Q     0.01222   227.3 min
  restart   3/6    eval   136   this Q     0.02775   best Q     0.01222   227.7 min
  restart   3/6    eval   137   this Q     0.02674   best Q     0.01222   228.0 min
  restart   3/6    eval   138   this Q     0.02783   best Q     0.01222   228.2 min
  restart   3/6    eval   139   this Q     0.02527   best Q     0.01222   228.4 min
  restart   3/6    eval   140   this Q     0.02761   best Q     0.01222   228.5 min
  restart   3/6    eval   141   this Q     0.02513   best Q     0.01222   228.8 min
  restart   3/6    eval   142   this Q     0.02706   best Q     0.01222   228.9 min
  restart   3/6    eval   143   this Q     0.02498   best Q     0.01222   229.1 min
  restart   3/6    eval   144   this Q     0.02545   best Q     0.01222   229.2 min
  restart   3/6    eval   145   this Q     0.02368   best Q     0.01222   229.4 min
  restart   3/6    eval   146   this Q     0.02391   best Q     0.01222   229.6 min
  restart   3/6    eval   147   this Q     0.02652   best Q     0.01222   229.7 min
  restart   3/6    eval   148   this Q     0.02439   best Q     0.01222   229.9 min
  restart   3/6    eval   149   this Q     0.02489   best Q     0.01222   230.0 min
  restart   3/6    eval   150   this Q     0.02557   best Q     0.01222   230.2 min
  restart   3/6    eval   151   this Q     0.02438   best Q     0.01222   230.5 min
  restart   3/6    eval   152   this Q     0.02403   best Q     0.01222   230.7 min
  restart   3/6    eval   153   this Q     0.02538   best Q     0.01222   230.9 min
  restart   3/6    eval   154   this Q     0.02427   best Q     0.01222   231.0 min
  restart   3/6    eval   155   this Q     0.02418   best Q     0.01222   231.2 min
  restart   3/6    eval   156   this Q     0.02429   best Q     0.01222   231.3 min
  restart   3/6    eval   157   this Q     0.02404   best Q     0.01222   231.5 min
  restart   3/6    eval   158   this Q     0.02357   best Q     0.01222   231.7 min
  restart   3/6    eval   159   this Q     0.02461   best Q     0.01222   231.8 min
  restart   3/6    eval   160   this Q     0.02469   best Q     0.01222   232.0 min
  restart   3/6    eval   161   this Q     0.02379   best Q     0.01222   232.1 min
  restart   3/6    eval   162   this Q     0.02352   best Q     0.01222   232.3 min
  restart   3/6    eval   163   this Q     0.02424   best Q     0.01222   232.6 min
  restart   3/6    eval   164   this Q      0.0237   best Q     0.01222   232.7 min
  restart   3/6    eval   165   this Q     0.02386   best Q     0.01222   232.9 min
  restart   3/6    eval   166   this Q     0.02309   best Q     0.01222   233.1 min
  restart   3/6    eval   167   this Q     0.02346   best Q     0.01222   233.2 min
  restart   3/6    eval   168   this Q     0.02515   best Q     0.01222   233.4 min
  restart   3/6    eval   169   this Q     0.02343   best Q     0.01222   233.5 min
  restart   3/6    eval   170   this Q     0.02426   best Q     0.01222   233.7 min
  restart   3/6    eval   171   this Q     0.02348   best Q     0.01222   233.8 min
  restart   3/6    eval   172   this Q     0.02315   best Q     0.01222   234.0 min
  restart   3/6    eval   173   this Q     0.02398   best Q     0.01222   234.2 min
  restart   3/6    eval   174   this Q     0.02336   best Q     0.01222   234.3 min
  restart   3/6    eval   175   this Q     0.02318   best Q     0.01222   234.5 min
  restart   3/6    eval   176   this Q     0.02349   best Q     0.01222   234.6 min
  restart   3/6    eval   177   this Q     0.02302   best Q     0.01222   234.8 min
  restart   3/6    eval   178   this Q     0.02338   best Q     0.01222   234.9 min
  restart   3/6    eval   179   this Q     0.02306   best Q     0.01222   235.1 min
  restart   3/6    eval   180   this Q     0.02299   best Q     0.01222   235.3 min
  restart   3/6    eval   181   this Q     0.02352   best Q     0.01222   235.5 min
  restart   3/6    eval   182   this Q     0.02381   best Q     0.01222   235.7 min
  restart   3/6    eval   183   this Q     0.02307   best Q     0.01222   236.0 min
  restart   3/6    eval   184   this Q      0.0229   best Q     0.01222   236.1 min
  restart   3/6    eval   185   this Q     0.02334   best Q     0.01222   236.3 min
  restart   3/6    eval   186   this Q     0.02291   best Q     0.01222   236.5 min
  restart   3/6    eval   187   this Q     0.02257   best Q     0.01222   236.7 min
  restart   3/6    eval   188   this Q     0.02259   best Q     0.01222   236.9 min
  restart   3/6    eval   189   this Q     0.02292   best Q     0.01222   237.0 min
  restart   3/6    eval   190   this Q     0.02289   best Q     0.01222   237.2 min
  restart   3/6    eval   191   this Q     0.02255   best Q     0.01222   237.4 min
  restart   3/6    eval   192   this Q     0.02259   best Q     0.01222   237.5 min
  restart   3/6    eval   193   this Q     0.02276   best Q     0.01222   237.7 min
  restart   3/6    eval   194   this Q     0.02275   best Q     0.01222   237.9 min
  restart   3/6    eval   195   this Q     0.02275   best Q     0.01222   238.0 min
  restart   3/6    eval   196   this Q     0.02246   best Q     0.01222   238.2 min
  restart   3/6    eval   197   this Q     0.02268   best Q     0.01222   238.4 min
  restart   3/6    eval   198   this Q     0.02289   best Q     0.01222   238.5 min
  restart   3/6    eval   199   this Q      0.0227   best Q     0.01222   238.7 min
  restart   3/6    eval   200   this Q     0.02237   best Q     0.01222   238.8 min
  restart   3/6    eval   201   this Q     0.02255   best Q     0.01222   239.0 min
  restart   3/6    eval   202   this Q     0.02264   best Q     0.01222   239.1 min
  restart   3/6    eval   203   this Q     0.02292   best Q     0.01222   239.3 min
  restart   3/6    eval   204   this Q     0.02256   best Q     0.01222   239.5 min
  restart   3/6    eval   205   this Q     0.02238   best Q     0.01222   239.6 min
  restart   3/6    eval   206   this Q     0.02252   best Q     0.01222   239.8 min
  restart   3/6    eval   207   this Q     0.02231   best Q     0.01222   239.9 min
  restart   3/6    eval   208   this Q     0.02262   best Q     0.01222   240.1 min
  restart   3/6    eval   209   this Q      0.0226   best Q     0.01222   240.3 min
  restart   3/6    eval   210   this Q     0.02287   best Q     0.01222   240.4 min
  restart   3/6    eval   211   this Q     0.02239   best Q     0.01222   240.6 min
  restart   3/6    eval   212   this Q     0.02269   best Q     0.01222   240.7 min
  restart   3/6    eval   213   this Q     0.02237   best Q     0.01222   240.9 min
  restart   3/6    eval   214   this Q     0.02224   best Q     0.01222   241.0 min
  restart   3/6    eval   215   this Q     0.02237   best Q     0.01222   241.2 min
  restart   3/6    eval   216   this Q     0.02208   best Q     0.01222   241.3 min
  restart   3/6    eval   217   this Q       0.022   best Q     0.01222   241.5 min
  restart   3/6    eval   218   this Q     0.02232   best Q     0.01222   241.6 min
  restart   3/6    eval   219   this Q     0.02229   best Q     0.01222   241.8 min
  restart   3/6    eval   220   this Q     0.02199   best Q     0.01222   241.9 min
  restart   3/6    eval   221   this Q     0.02196   best Q     0.01222   242.1 min
  restart   3/6    eval   222   this Q     0.02196   best Q     0.01222   242.2 min
  restart   3/6    eval   223   this Q      0.0224   best Q     0.01222   242.4 min
  restart   3/6    eval   224   this Q     0.02214   best Q     0.01222   242.5 min
  restart   3/6    eval   225   this Q     0.02189   best Q     0.01222   242.7 min
  restart   3/6    eval   226   this Q     0.02191   best Q     0.01222   242.8 min
  restart   3/6    eval   227   this Q     0.02173   best Q     0.01222   243.0 min
  restart   3/6    eval   228   this Q     0.02161   best Q     0.01222   243.1 min
  restart   3/6    eval   229   this Q     0.02215   best Q     0.01222   243.3 min
  restart   3/6    eval   230   this Q     0.02169   best Q     0.01222   243.4 min
  restart   3/6    eval   231   this Q     0.02188   best Q     0.01222   243.6 min
  restart   3/6    eval   232   this Q     0.02163   best Q     0.01222   243.7 min
  restart   3/6    eval   233   this Q     0.02169   best Q     0.01222   243.9 min
  restart   3/6    eval   234   this Q     0.02135   best Q     0.01222   244.1 min
  restart   3/6    eval   235   this Q      0.0212   best Q     0.01222   244.2 min
  restart   3/6    eval   236   this Q     0.02142   best Q     0.01222   244.4 min
  restart   3/6    eval   237   this Q     0.02147   best Q     0.01222   244.5 min
  restart   3/6    eval   238   this Q     0.02104   best Q     0.01222   244.7 min
  restart   3/6    eval   239   this Q      0.0208   best Q     0.01222   244.8 min
  restart   3/6    eval   240   this Q     0.02112   best Q     0.01222   245.0 min
  restart   3/6    eval   241   this Q     0.02098   best Q     0.01222   245.2 min
  restart   3/6    eval   242   this Q     0.02142   best Q     0.01222   245.3 min
  restart   3/6    eval   243   this Q     0.02106   best Q     0.01222   245.5 min
  restart   3/6    eval   244   this Q     0.02072   best Q     0.01222   245.6 min
  restart   3/6    eval   245   this Q     0.02071   best Q     0.01222   245.8 min
  restart   3/6    eval   246   this Q     0.02055   best Q     0.01222   245.9 min
  restart   3/6    eval   247   this Q     0.02059   best Q     0.01222   246.1 min
  restart   3/6    eval   248   this Q      0.0207   best Q     0.01222   246.2 min
  restart   3/6    eval   249   this Q     0.02065   best Q     0.01222   246.4 min
  restart   3/6    eval   250   this Q     0.02045   best Q     0.01222   246.5 min
  restart   3/6    eval   251   this Q     0.02086   best Q     0.01222   246.7 min
  restart   3/6    eval   252   this Q     0.02041   best Q     0.01222   246.8 min
  restart   3/6    eval   253   this Q     0.02082   best Q     0.01222   247.0 min
  restart   3/6    eval   254   this Q     0.02017   best Q     0.01222   247.1 min
  restart   3/6    eval   255   this Q     0.02023   best Q     0.01222   247.3 min
  restart   3/6    eval   256   this Q     0.01985   best Q     0.01222   247.4 min
  restart   3/6    eval   257   this Q     0.01956   best Q     0.01222   247.6 min
  restart   3/6    eval   258   this Q     0.02026   best Q     0.01222   247.8 min
  restart   3/6    eval   259   this Q     0.02025   best Q     0.01222   247.9 min
  restart   3/6    eval   260   this Q     0.01996   best Q     0.01222   248.1 min
  restart   3/6    eval   261   this Q     0.01937   best Q     0.01222   248.2 min
  restart   3/6    eval   262   this Q     0.01889   best Q     0.01222   248.4 min
  restart   3/6    eval   263   this Q      0.0195   best Q     0.01222   248.5 min
  restart   3/6    eval   264   this Q     0.02012   best Q     0.01222   248.7 min
  restart   3/6    eval   265   this Q     0.01967   best Q     0.01222   248.8 min
  restart   3/6    eval   266   this Q     0.01893   best Q     0.01222   249.0 min
  restart   3/6    eval   267   this Q     0.01902   best Q     0.01222   249.1 min
  restart   3/6    eval   268   this Q     0.01911   best Q     0.01222   249.3 min
  restart   3/6    eval   269   this Q     0.01844   best Q     0.01222   249.4 min
  restart   3/6    eval   270   this Q     0.01812   best Q     0.01222   249.6 min
  restart   3/6    eval   271   this Q     0.01863   best Q     0.01222   249.7 min
  restart   3/6    eval   272   this Q     0.01897   best Q     0.01222   249.9 min
  restart   3/6    eval   273   this Q     0.01864   best Q     0.01222   250.1 min
  restart   3/6    eval   274   this Q     0.01787   best Q     0.01222   250.2 min
  restart   3/6    eval   275   this Q     0.01762   best Q     0.01222   250.4 min
  restart   3/6    eval   276   this Q     0.01724   best Q     0.01222   250.5 min
  restart   3/6    eval   277   this Q      0.0165   best Q     0.01222   250.7 min
  restart   3/6    eval   278   this Q     0.01805   best Q     0.01222   250.9 min
  restart   3/6    eval   279   this Q     0.01786   best Q     0.01222   251.0 min
  restart   3/6    eval   280   this Q     0.01788   best Q     0.01222   251.2 min
  restart   3/6    eval   281   this Q     0.01746   best Q     0.01222   251.3 min
  restart   3/6    eval   282   this Q     0.01715   best Q     0.01222   251.5 min
  restart   3/6    eval   283   this Q     0.01756   best Q     0.01222   251.6 min
  restart   3/6    eval   284   this Q     0.01795   best Q     0.01222   251.8 min
  restart   3/6    eval   285   this Q     0.01758   best Q     0.01222   251.9 min
  restart   3/6    eval   286   this Q     0.01676   best Q     0.01222   252.1 min
  restart   3/6    eval   287   this Q     0.01781   best Q     0.01222   252.2 min
  restart   3/6    eval   288   this Q     0.01766   best Q     0.01222   252.4 min
  restart   3/6    eval   289   this Q     0.01651   best Q     0.01222   252.5 min
  restart   3/6    eval   290   this Q     0.01808   best Q     0.01222   252.7 min
  restart   3/6    eval   291   this Q     0.01705   best Q     0.01222   252.8 min
  restart   3/6    eval   292   this Q     0.01752   best Q     0.01222   253.0 min
  restart   3/6    eval   293   this Q     0.01665   best Q     0.01222   253.2 min
  restart   3/6    eval   294   this Q       0.017   best Q     0.01222   253.4 min
  restart   3/6    eval   295   this Q     0.01714   best Q     0.01222   253.6 min
  restart   3/6    eval   296   this Q     0.01733   best Q     0.01222   253.7 min
  restart   3/6    eval   297   this Q     0.01629   best Q     0.01222   253.9 min
  restart   3/6    eval   298   this Q     0.01671   best Q     0.01222   254.1 min
  restart   3/6    eval   299   this Q     0.01724   best Q     0.01222   254.2 min
  restart   3/6    eval   300   this Q     0.01665   best Q     0.01222   254.4 min
  restart   3/6    eval   301   this Q     0.01642   best Q     0.01222   254.5 min
  restart   3/6    eval   302   this Q     0.01698   best Q     0.01222   254.7 min
  restart   3/6    eval   303   this Q     0.01619   best Q     0.01222   254.8 min
  restart   3/6    eval   304   this Q      0.0166   best Q     0.01222   255.2 min
  restart   3/6    eval   305   this Q     0.01648   best Q     0.01222   255.4 min
  restart   3/6    eval   306   this Q     0.01658   best Q     0.01222   255.5 min
  restart   3/6    eval   307   this Q     0.01624   best Q     0.01222   255.7 min
  restart   3/6    eval   308   this Q     0.01591   best Q     0.01222   255.9 min
  restart   3/6    eval   309   this Q     0.01604   best Q     0.01222   256.0 min
  restart   3/6    eval   310   this Q     0.01617   best Q     0.01222   256.2 min
  restart   3/6    eval   311   this Q     0.01654   best Q     0.01222   256.3 min
  restart   3/6    eval   312   this Q     0.01616   best Q     0.01222   256.5 min
  restart   3/6    eval   313   this Q     0.01599   best Q     0.01222   256.6 min
  restart   3/6    eval   314   this Q     0.01633   best Q     0.01222   256.8 min
  restart   3/6    eval   315   this Q     0.01698   best Q     0.01222   257.0 min
  restart   3/6    eval   316   this Q     0.01605   best Q     0.01222   257.1 min
  restart   3/6    eval   317   this Q     0.01603   best Q     0.01222   257.4 min
  restart   3/6    eval   318   this Q     0.01638   best Q     0.01222   257.6 min
  restart   3/6    eval   319   this Q     0.01602   best Q     0.01222   257.7 min
  restart   3/6    eval   320   this Q     0.01599   best Q     0.01222   257.9 min
  restart   3/6    eval   321   this Q     0.01618   best Q     0.01222   258.0 min
  restart   3/6    eval   322   this Q     0.01567   best Q     0.01222   258.2 min
  restart   3/6    eval   323   this Q     0.01563   best Q     0.01222   258.4 min
  restart   3/6    eval   324   this Q     0.01627   best Q     0.01222   258.5 min
  restart   3/6    eval   325   this Q     0.01591   best Q     0.01222   258.7 min
  restart   3/6    eval   326   this Q      0.0161   best Q     0.01222   258.8 min
  restart   3/6    eval   327   this Q     0.01572   best Q     0.01222   259.0 min
  restart   3/6    eval   328   this Q     0.01604   best Q     0.01222   259.1 min
  restart   3/6    eval   329   this Q     0.01586   best Q     0.01222   259.3 min
  restart   3/6    eval   330   this Q     0.01594   best Q     0.01222   259.5 min
  restart   3/6    eval   331   this Q     0.01584   best Q     0.01222   259.6 min
  restart   3/6    eval   332   this Q     0.01538   best Q     0.01222   259.8 min
  restart   3/6    eval   333   this Q     0.01514   best Q     0.01222   260.0 min
  restart   3/6    eval   334   this Q      0.0156   best Q     0.01222   260.2 min
  restart   3/6    eval   335   this Q     0.01578   best Q     0.01222   260.4 min
  restart   3/6    eval   336   this Q     0.01553   best Q     0.01222   260.5 min
  restart   3/6    eval   337   this Q      0.0154   best Q     0.01222   260.7 min
  restart   3/6    eval   338   this Q     0.01547   best Q     0.01222   260.9 min
  restart   3/6    eval   339   this Q     0.01527   best Q     0.01222   261.0 min
  restart   3/6    eval   340   this Q     0.01529   best Q     0.01222   261.2 min
  restart   3/6    eval   341   this Q     0.01551   best Q     0.01222   261.4 min
  restart   3/6    eval   342   this Q     0.01533   best Q     0.01222   261.6 min
  restart   3/6    eval   343   this Q     0.01498   best Q     0.01222   261.8 min
  restart   3/6    eval   344   this Q     0.01499   best Q     0.01222   262.0 min
  restart   3/6    eval   345   this Q     0.01523   best Q     0.01222   262.1 min
  restart   3/6    eval   346   this Q      0.0149   best Q     0.01222   262.3 min
  restart   3/6    eval   347   this Q      0.0149   best Q     0.01222   262.5 min
  restart   3/6    eval   348   this Q     0.01521   best Q     0.01222   262.6 min
  restart   3/6    eval   349   this Q     0.01481   best Q     0.01222   262.8 min
  restart   3/6    eval   350   this Q     0.01486   best Q     0.01222   263.0 min
  restart   3/6    eval   351   this Q     0.01482   best Q     0.01222   263.1 min
  restart   3/6    eval   352   this Q       0.015   best Q     0.01222   263.3 min
  restart   3/6    eval   353   this Q     0.01494   best Q     0.01222   263.5 min
  restart   3/6    eval   354   this Q     0.01476   best Q     0.01222   263.6 min
  restart   3/6    eval   355   this Q     0.01522   best Q     0.01222   263.8 min
  restart   3/6    eval   356   this Q     0.01489   best Q     0.01222   263.9 min
  restart   3/6    eval   357   this Q     0.01464   best Q     0.01222   264.1 min
  restart   3/6    eval   358   this Q     0.01491   best Q     0.01222   264.3 min
  restart   3/6    eval   359   this Q     0.01431   best Q     0.01222   264.4 min
  restart   3/6    eval   360   this Q      0.0142   best Q     0.01222   264.6 min
  restart   3/6    eval   361   this Q     0.01481   best Q     0.01222   264.7 min
  restart   3/6    eval   362   this Q     0.01459   best Q     0.01222   264.9 min
  restart   3/6    eval   363   this Q     0.01478   best Q     0.01222   265.1 min
  restart   3/6    eval   364   this Q     0.01437   best Q     0.01222   265.2 min
  restart   3/6    eval   365   this Q     0.01473   best Q     0.01222   265.4 min
  restart   3/6    eval   366   this Q     0.01442   best Q     0.01222   265.5 min
  restart   3/6    eval   367   this Q     0.01424   best Q     0.01222   265.7 min
  restart   3/6    eval   368   this Q     0.01492   best Q     0.01222   265.9 min
  restart   3/6    eval   369   this Q     0.01453   best Q     0.01222   266.0 min
  restart   3/6    eval   370   this Q     0.01435   best Q     0.01222   266.2 min
  restart   3/6    eval   371   this Q     0.01398   best Q     0.01222   266.3 min
  restart   3/6    eval   372   this Q     0.01394   best Q     0.01222   266.5 min
  restart   3/6    eval   373   this Q      0.0141   best Q     0.01222   266.6 min
  restart   3/6    eval   374   this Q     0.01421   best Q     0.01222   266.8 min
  restart   3/6    eval   375   this Q     0.01412   best Q     0.01222   266.9 min
  restart   3/6    eval   376   this Q     0.01363   best Q     0.01222   267.1 min
  restart   3/6    eval   377   this Q     0.01452   best Q     0.01222   267.3 min
  restart   3/6    eval   378   this Q     0.01398   best Q     0.01222   267.4 min
  restart   3/6    eval   379   this Q     0.01385   best Q     0.01222   267.6 min
  restart   3/6    eval   380   this Q     0.01502   best Q     0.01222   267.7 min
  restart   3/6    eval   381   this Q     0.01397   best Q     0.01222   267.9 min
  restart   3/6    eval   382   this Q     0.01371   best Q     0.01222   268.0 min
  restart   3/6    eval   383   this Q     0.01384   best Q     0.01222   268.2 min
  restart   3/6    eval   384   this Q      0.0137   best Q     0.01222   268.4 min
  restart   3/6    eval   385   this Q     0.01407   best Q     0.01222   268.5 min
  restart   3/6    eval   386   this Q     0.01375   best Q     0.01222   268.7 min
  restart   3/6    eval   387   this Q     0.01405   best Q     0.01222   268.8 min
  restart   3/6    eval   388   this Q     0.01375   best Q     0.01222   269.0 min
  restart   3/6    eval   389   this Q     0.01376   best Q     0.01222   269.1 min
  restart   3/6    eval   390   this Q     0.01368   best Q     0.01222   269.3 min
  restart   3/6    eval   391   this Q     0.01342   best Q     0.01222   269.4 min
  restart   3/6    eval   392   this Q     0.01402   best Q     0.01222   269.6 min
  restart   3/6    eval   393   this Q     0.01362   best Q     0.01222   269.8 min
  restart   3/6    eval   394   this Q     0.01358   best Q     0.01222   269.9 min
  restart   3/6    eval   395   this Q     0.01372   best Q     0.01222   270.1 min
  restart   3/6    eval   396   this Q     0.01344   best Q     0.01222   270.2 min
  restart   3/6    eval   397   this Q     0.01386   best Q     0.01222   270.4 min
  restart   3/6    eval   398   this Q     0.01354   best Q     0.01222   270.5 min
  restart   3/6    eval   399   this Q     0.01362   best Q     0.01222   270.7 min
  restart   3/6    eval   400   this Q     0.01349   best Q     0.01222   270.8 min
  restart   3/6    eval   401   this Q     0.01335   best Q     0.01222   271.0 min
  restart   3/6    eval   402   this Q     0.01468   best Q     0.01222   271.2 min
  restart   3/6    eval   403   this Q     0.01331   best Q     0.01222   271.3 min
  restart   3/6    eval   404   this Q     0.01363   best Q     0.01222   271.5 min
  restart   3/6    eval   405   this Q     0.01347   best Q     0.01222   271.6 min
  restart   3/6    eval   406   this Q      0.0135   best Q     0.01222   271.8 min
  restart   3/6    eval   407   this Q      0.0134   best Q     0.01222   271.9 min
  restart   3/6    eval   408   this Q     0.01323   best Q     0.01222   272.1 min
  restart   3/6    eval   409   this Q     0.01341   best Q     0.01222   272.3 min
  restart   3/6    eval   410   this Q     0.01307   best Q     0.01222   272.4 min
  restart   3/6    eval   411   this Q     0.01387   best Q     0.01222   272.6 min
  restart   3/6    eval   412   this Q      0.0134   best Q     0.01222   272.7 min
  restart   3/6    eval   413   this Q     0.01357   best Q     0.01222   272.9 min
  restart   3/6    eval   414   this Q     0.01329   best Q     0.01222   273.0 min
  restart   3/6    eval   415   this Q     0.01436   best Q     0.01222   273.2 min
  restart   3/6    eval   416   this Q     0.01328   best Q     0.01222   273.4 min
  restart   3/6    eval   417   this Q     0.01332   best Q     0.01222   273.5 min
  restart   3/6    eval   418   this Q     0.01315   best Q     0.01222   273.7 min
  restart   3/6    eval   419   this Q     0.01341   best Q     0.01222   273.8 min
  restart   3/6    eval   420   this Q     0.01323   best Q     0.01222   274.0 min
  restart   3/6    eval   421   this Q     0.01342   best Q     0.01222   274.1 min
  restart   3/6    eval   422   this Q     0.01322   best Q     0.01222   274.3 min
  restart   3/6    eval   423   this Q     0.01317   best Q     0.01222   274.4 min
  restart   3/6    eval   424   this Q     0.01337   best Q     0.01222   274.6 min
  restart   3/6    eval   425   this Q     0.01319   best Q     0.01222   274.7 min
  restart   3/6    eval   426   this Q     0.01336   best Q     0.01222   274.9 min
  restart   3/6    eval   427   this Q     0.01318   best Q     0.01222   275.1 min
  restart   3/6    eval   428   this Q       0.013   best Q     0.01222   275.2 min
  restart   3/6    eval   429   this Q     0.01294   best Q     0.01222   275.4 min
  restart   3/6    eval   430   this Q     0.01306   best Q     0.01222   275.5 min
  restart   3/6    eval   431   this Q       0.013   best Q     0.01222   275.7 min
  restart   3/6    eval   432   this Q     0.01307   best Q     0.01222   275.8 min
  restart   3/6    eval   433   this Q     0.01293   best Q     0.01222   276.0 min
  restart   3/6    eval   434   this Q     0.01293   best Q     0.01222   276.1 min
  restart   3/6    eval   435   this Q     0.01289   best Q     0.01222   276.3 min
  restart   3/6    eval   436   this Q     0.01291   best Q     0.01222   276.5 min
  restart   3/6    eval   437   this Q     0.01279   best Q     0.01222   276.6 min
  restart   3/6    eval   438   this Q     0.01289   best Q     0.01222   276.8 min
  restart   3/6    eval   439   this Q     0.01411   best Q     0.01222   276.9 min
  restart   3/6    eval   440   this Q     0.01302   best Q     0.01222   277.1 min
  restart   3/6    eval   441   this Q     0.01344   best Q     0.01222   277.2 min
  restart   3/6    eval   442   this Q     0.01301   best Q     0.01222   277.4 min
  restart   3/6    eval   443   this Q     0.01298   best Q     0.01222   277.5 min
  restart   3/6    eval   444   this Q     0.01288   best Q     0.01222   277.7 min
  restart   3/6    eval   445   this Q     0.01282   best Q     0.01222   277.9 min
  restart   3/6    eval   446   this Q     0.01287   best Q     0.01222   278.0 min
  restart   3/6    eval   447   this Q     0.01285   best Q     0.01222   278.2 min
  restart   3/6    eval   448   this Q     0.01281   best Q     0.01222   278.3 min
  restart   3/6    eval   449   this Q      0.0128   best Q     0.01222   278.5 min
  restart   3/6    eval   450   this Q     0.01279   best Q     0.01222   278.6 min
  restart   3/6    eval   451   this Q     0.01287   best Q     0.01222   278.8 min
  restart   3/6    eval   452   this Q      0.0128   best Q     0.01222   279.0 min
  restart   3/6    eval   453   this Q     0.01271   best Q     0.01222   279.1 min
  restart   3/6    eval   454   this Q     0.01268   best Q     0.01222   279.3 min
  restart   3/6    eval   455   this Q     0.01274   best Q     0.01222   279.4 min
  restart   3/6    eval   456   this Q     0.01267   best Q     0.01222   279.6 min
  restart   3/6    eval   457   this Q     0.01268   best Q     0.01222   279.7 min
  restart   3/6    eval   458   this Q     0.01273   best Q     0.01222   279.9 min
  restart   3/6    eval   459   this Q     0.01275   best Q     0.01222   280.0 min
  restart   3/6    eval   460   this Q     0.01275   best Q     0.01222   280.2 min
  restart   3/6    eval   461   this Q     0.01268   best Q     0.01222   280.4 min
  restart   3/6    eval   462   this Q     0.01273   best Q     0.01222   280.5 min
  restart   3/6    eval   463   this Q      0.0126   best Q     0.01222   280.7 min
  restart   3/6    eval   464   this Q     0.01259   best Q     0.01222   280.8 min
  restart   3/6    eval   465   this Q     0.01261   best Q     0.01222   281.0 min
  restart   3/6    eval   466   this Q     0.01265   best Q     0.01222   281.1 min
  restart   3/6    eval   467   this Q     0.01269   best Q     0.01222   281.3 min
  restart   3/6    eval   468   this Q     0.01267   best Q     0.01222   281.4 min
  restart   3/6    eval   469   this Q     0.01266   best Q     0.01222   281.6 min
  restart   3/6    eval   470   this Q     0.01268   best Q     0.01222   281.8 min
  restart   3/6    eval   471   this Q     0.01262   best Q     0.01222   281.9 min
  restart   3/6    eval   472   this Q     0.01255   best Q     0.01222   282.1 min
  restart   3/6    eval   473   this Q      0.0126   best Q     0.01222   282.2 min
  restart   3/6    eval   474   this Q     0.01262   best Q     0.01222   282.4 min
  restart   3/6    eval   475   this Q     0.01269   best Q     0.01222   282.5 min
  restart   3/6    eval   476   this Q      0.0126   best Q     0.01222   282.7 min
  restart   3/6    eval   477   this Q     0.01262   best Q     0.01222   282.9 min
  restart   3/6    eval   478   this Q     0.01253   best Q     0.01222   283.0 min
  restart   3/6    eval   479   this Q     0.01256   best Q     0.01222   283.2 min
  restart   3/6    eval   480   this Q     0.01265   best Q     0.01222   283.3 min
  restart   3/6    eval   481   this Q     0.01262   best Q     0.01222   283.5 min
  restart   3/6    eval   482   this Q     0.01265   best Q     0.01222   283.6 min
  restart   3/6    eval   483   this Q     0.01257   best Q     0.01222   283.8 min
  restart   3/6    eval   484   this Q     0.01259   best Q     0.01222   283.9 min
  restart   3/6    eval   485   this Q     0.01255   best Q     0.01222   284.1 min
  restart   3/6    eval   486   this Q     0.01262   best Q     0.01222   284.2 min
  restart   3/6    eval   487   this Q     0.01256   best Q     0.01222   284.4 min
  restart   3/6    eval   488   this Q     0.01262   best Q     0.01222   284.6 min
  restart   3/6    eval   489   this Q     0.01256   best Q     0.01222   284.7 min
  restart   3/6    eval   490   this Q     0.01254   best Q     0.01222   284.9 min
  restart   3/6    eval   491   this Q     0.01248   best Q     0.01222   285.0 min
  restart   3/6    eval   492   this Q     0.01248   best Q     0.01222   285.2 min
  restart   3/6    eval   493   this Q     0.01253   best Q     0.01222   285.3 min
  restart   3/6    eval   494   this Q     0.01256   best Q     0.01222   285.5 min
  restart   3/6    eval   495   this Q      0.0125   best Q     0.01222   285.6 min
  restart   3/6    eval   496   this Q     0.01258   best Q     0.01222   285.8 min
  restart   3/6    eval   497   this Q     0.01251   best Q     0.01222   285.9 min
  restart   3/6    eval   498   this Q     0.01245   best Q     0.01222   286.1 min
  restart   3/6    eval   499   this Q     0.01243   best Q     0.01222   286.3 min
  restart   3/6    eval   500   this Q     0.01244   best Q     0.01222   286.4 min
  restart   3/6    eval   501   this Q     0.01242   best Q     0.01222   286.6 min
  restart   3/6   DONE   this     0.01242   best Q     0.01222   286.6 min, ~287 min left
  restart   4/6    eval     1   this Q      0.1042   best Q     0.01222   286.7 min
  restart   4/6    eval     2   this Q      0.1042   best Q     0.01222   286.9 min
  restart   4/6    eval     3   this Q      0.5051   best Q     0.01222   287.0 min
  restart   4/6    eval     4   this Q       1.122   best Q     0.01222   287.2 min
  restart   4/6    eval     5   this Q       0.131   best Q     0.01222   287.4 min
  restart   4/6    eval     6   this Q       1.858   best Q     0.01222   287.5 min
  restart   4/6    eval     7   this Q      0.5413   best Q     0.01222   287.7 min
  restart   4/6    eval     8   this Q      0.9095   best Q     0.01222   287.8 min
  restart   4/6    eval     9   this Q       2.048   best Q     0.01222   288.0 min
  restart   4/6    eval    10   this Q      0.1187   best Q     0.01222   288.1 min
  restart   4/6    eval    11   this Q      0.7662   best Q     0.01222   288.3 min
  restart   4/6    eval    12   this Q      0.9258   best Q     0.01222   288.5 min
  restart   4/6    eval    13   this Q       1.815   best Q     0.01222   288.6 min
  restart   4/6    eval    14   this Q      0.6071   best Q     0.01222   288.8 min
  restart   4/6    eval    15   this Q      0.6072   best Q     0.01222   288.9 min
  restart   4/6    eval    16   this Q       1.226   best Q     0.01222   289.1 min
  restart   4/6    eval    17   this Q      0.4584   best Q     0.01222   289.2 min
  restart   4/6    eval    18   this Q      0.4775   best Q     0.01222   289.4 min
  restart   4/6    eval    19   this Q      0.7342   best Q     0.01222   289.6 min
  restart   4/6    eval    20   this Q      0.3559   best Q     0.01222   289.7 min
  restart   4/6    eval    21   this Q      0.8409   best Q     0.01222   289.9 min
  restart   4/6    eval    22   this Q      0.2851   best Q     0.01222   290.0 min
  restart   4/6    eval    23   this Q      0.3229   best Q     0.01222   290.2 min
  restart   4/6    eval    24   this Q      0.3064   best Q     0.01222   290.3 min
  restart   4/6    eval    25   this Q      0.2259   best Q     0.01222   290.5 min
  restart   4/6    eval    26   this Q      0.8568   best Q     0.01222   290.7 min
  restart   4/6    eval    27   this Q      0.1654   best Q     0.01222   290.8 min
  restart   4/6    eval    28   this Q      0.2571   best Q     0.01222   291.0 min
  restart   4/6    eval    29   this Q      0.5259   best Q     0.01222   291.1 min
  restart   4/6    eval    30   this Q      0.1377   best Q     0.01222   291.3 min
  restart   4/6    eval    31   this Q       0.325   best Q     0.01222   291.5 min
  restart   4/6    eval    32   this Q      0.1298   best Q     0.01222   291.6 min
  restart   4/6    eval    33   this Q      0.4436   best Q     0.01222   291.8 min
  restart   4/6    eval    34   this Q     0.09814   best Q     0.01222   291.9 min
  restart   4/6    eval    35   this Q      0.4069   best Q     0.01222   292.1 min
  restart   4/6    eval    36   this Q      0.1158   best Q     0.01222   292.2 min
  restart   4/6    eval    37   this Q      0.4008   best Q     0.01222   292.4 min
  restart   4/6    eval    38   this Q     0.07767   best Q     0.01222   292.6 min
  restart   4/6    eval    39   this Q      0.2079   best Q     0.01222   292.7 min
  restart   4/6    eval    40   this Q     0.07179   best Q     0.01222   292.9 min
  restart   4/6    eval    41   this Q      0.1992   best Q     0.01222   293.0 min
  restart   4/6    eval    42   this Q     0.08305   best Q     0.01222   293.2 min
  restart   4/6    eval    43   this Q      0.1231   best Q     0.01222   293.3 min
  restart   4/6    eval    44   this Q      0.1075   best Q     0.01222   293.5 min
  restart   4/6    eval    45   this Q      0.1052   best Q     0.01222   293.7 min
  restart   4/6    eval    46   this Q      0.1191   best Q     0.01222   293.8 min
  restart   4/6    eval    47   this Q     0.07015   best Q     0.01222   294.0 min
  restart   4/6    eval    48   this Q      0.1749   best Q     0.01222   294.1 min
  restart   4/6    eval    49   this Q     0.06318   best Q     0.01222   294.3 min
  restart   4/6    eval    50   this Q     0.07838   best Q     0.01222   294.4 min
  restart   4/6    eval    51   this Q      0.1154   best Q     0.01222   294.6 min
  restart   4/6    eval    52   this Q     0.06308   best Q     0.01222   294.7 min
  restart   4/6    eval    53   this Q      0.1072   best Q     0.01222   294.9 min
  restart   4/6    eval    54   this Q     0.06141   best Q     0.01222   295.1 min
  restart   4/6    eval    55   this Q      0.1401   best Q     0.01222   295.2 min
  restart   4/6    eval    56   this Q     0.05882   best Q     0.01222   295.4 min
  restart   4/6    eval    57   this Q     0.08608   best Q     0.01222   295.5 min
  restart   4/6    eval    58   this Q     0.05488   best Q     0.01222   295.7 min
  restart   4/6    eval    59   this Q     0.04792   best Q     0.01222   295.8 min
  restart   4/6    eval    60   this Q      0.1012   best Q     0.01222   296.0 min
  restart   4/6    eval    61   this Q      0.1018   best Q     0.01222   296.1 min
  restart   4/6    eval    62   this Q     0.04915   best Q     0.01222   296.3 min
  restart   4/6    eval    63   this Q      0.1014   best Q     0.01222   296.4 min
  restart   4/6    eval    64   this Q     0.04821   best Q     0.01222   296.6 min
  restart   4/6    eval    65   this Q     0.08605   best Q     0.01222   296.8 min
  restart   4/6    eval    66   this Q     0.04777   best Q     0.01222   296.9 min
  restart   4/6    eval    67   this Q     0.08638   best Q     0.01222   297.1 min
  restart   4/6    eval    68   this Q     0.04973   best Q     0.01222   297.2 min
  restart   4/6    eval    69   this Q     0.03982   best Q     0.01222   297.4 min
  restart   4/6    eval    70   this Q     0.05673   best Q     0.01222   297.5 min
  restart   4/6    eval    71   this Q     0.07396   best Q     0.01222   297.7 min
  restart   4/6    eval    72   this Q     0.04614   best Q     0.01222   297.9 min
  restart   4/6    eval    73   this Q     0.04254   best Q     0.01222   298.0 min
  restart   4/6    eval    74   this Q     0.04529   best Q     0.01222   298.2 min
  restart   4/6    eval    75   this Q     0.04045   best Q     0.01222   298.3 min
  restart   4/6    eval    76   this Q     0.04907   best Q     0.01222   298.5 min
  restart   4/6    eval    77   this Q     0.03831   best Q     0.01222   298.6 min
  restart   4/6    eval    78   this Q     0.05555   best Q     0.01222   298.8 min
  restart   4/6    eval    79   this Q     0.05075   best Q     0.01222   298.9 min
  restart   4/6    eval    80   this Q     0.03851   best Q     0.01222   299.1 min
  restart   4/6    eval    81   this Q     0.04214   best Q     0.01222   299.2 min
  restart   4/6    eval    82   this Q     0.07104   best Q     0.01222   299.4 min
  restart   4/6    eval    83   this Q     0.03576   best Q     0.01222   299.5 min
  restart   4/6    eval    84   this Q     0.04183   best Q     0.01222   299.7 min
  restart   4/6    eval    85   this Q     0.04021   best Q     0.01222   299.9 min
  restart   4/6    eval    86   this Q     0.02907   best Q     0.01222   300.0 min
  restart   4/6    eval    87   this Q      0.0331   best Q     0.01222   300.2 min
  restart   4/6    eval    88   this Q     0.05473   best Q     0.01222   300.3 min
  restart   4/6    eval    89   this Q     0.03367   best Q     0.01222   300.5 min
  restart   4/6    eval    90   this Q     0.04587   best Q     0.01222   300.6 min
  restart   4/6    eval    91   this Q     0.03435   best Q     0.01222   300.8 min
  restart   4/6    eval    92   this Q     0.03908   best Q     0.01222   300.9 min
  restart   4/6    eval    93   this Q      0.0363   best Q     0.01222   301.1 min
  restart   4/6    eval    94   this Q      0.0449   best Q     0.01222   301.2 min
  restart   4/6    eval    95   this Q     0.03335   best Q     0.01222   301.4 min
  restart   4/6    eval    96   this Q     0.04526   best Q     0.01222   301.6 min
  restart   4/6    eval    97   this Q      0.0333   best Q     0.01222   301.7 min
  restart   4/6    eval    98   this Q     0.03816   best Q     0.01222   301.9 min
  restart   4/6    eval    99   this Q     0.03139   best Q     0.01222   302.0 min
  restart   4/6    eval   100   this Q     0.03249   best Q     0.01222   302.2 min
  restart   4/6    eval   101   this Q     0.03867   best Q     0.01222   302.3 min
  restart   4/6    eval   102   this Q     0.03224   best Q     0.01222   302.5 min
  restart   4/6    eval   103   this Q     0.03396   best Q     0.01222   302.6 min
  restart   4/6    eval   104   this Q     0.03088   best Q     0.01222   302.8 min
  restart   4/6    eval   105   this Q     0.02979   best Q     0.01222   302.9 min
  restart   4/6    eval   106   this Q     0.03289   best Q     0.01222   303.1 min
  restart   4/6    eval   107   this Q     0.02618   best Q     0.01222   303.2 min
  restart   4/6    eval   108   this Q     0.02591   best Q     0.01222   303.4 min
  restart   4/6    eval   109   this Q     0.02561   best Q     0.01222   303.6 min
  restart   4/6    eval   110   this Q     0.02693   best Q     0.01222   303.7 min
  restart   4/6    eval   111   this Q     0.02957   best Q     0.01222   303.9 min
  restart   4/6    eval   112   this Q     0.02721   best Q     0.01222   304.0 min
  restart   4/6    eval   113   this Q     0.03123   best Q     0.01222   304.2 min
  restart   4/6    eval   114   this Q     0.02559   best Q     0.01222   304.3 min
  restart   4/6    eval   115   this Q     0.03072   best Q     0.01222   304.5 min
  restart   4/6    eval   116   this Q     0.02583   best Q     0.01222   304.6 min
  restart   4/6    eval   117   this Q     0.02938   best Q     0.01222   304.8 min
  restart   4/6    eval   118   this Q     0.02549   best Q     0.01222   305.0 min
  restart   4/6    eval   119   this Q     0.03338   best Q     0.01222   305.1 min
  restart   4/6    eval   120   this Q     0.02183   best Q     0.01222   305.3 min
  restart   4/6    eval   121   this Q     0.02359   best Q     0.01222   305.4 min
  restart   4/6    eval   122   this Q     0.02647   best Q     0.01222   305.6 min
  restart   4/6    eval   123   this Q     0.02674   best Q     0.01222   305.7 min
  restart   4/6    eval   124   this Q     0.01926   best Q     0.01222   305.9 min
  restart   4/6    eval   125   this Q     0.01948   best Q     0.01222   306.0 min
  restart   4/6    eval   126   this Q     0.01971   best Q     0.01222   306.2 min
  restart   4/6    eval   127   this Q     0.02611   best Q     0.01222   306.4 min
  restart   4/6    eval   128   this Q     0.02574   best Q     0.01222   306.5 min
  restart   4/6    eval   129   this Q     0.02614   best Q     0.01222   306.7 min
  restart   4/6    eval   130   this Q     0.02224   best Q     0.01222   306.8 min
  restart   4/6    eval   131   this Q     0.02766   best Q     0.01222   307.0 min
  restart   4/6    eval   132   this Q     0.02205   best Q     0.01222   307.1 min
  restart   4/6    eval   133   this Q     0.02553   best Q     0.01222   307.3 min
  restart   4/6    eval   134   this Q      0.0246   best Q     0.01222   307.4 min
  restart   4/6    eval   135   this Q     0.01935   best Q     0.01222   307.6 min
  restart   4/6    eval   136   this Q     0.02294   best Q     0.01222   307.8 min
  restart   4/6    eval   137   this Q     0.02415   best Q     0.01222   307.9 min
  restart   4/6    eval   138   this Q     0.02629   best Q     0.01222   308.1 min
  restart   4/6    eval   139   this Q     0.02122   best Q     0.01222   308.2 min
  restart   4/6    eval   140   this Q      0.0232   best Q     0.01222   308.4 min
  restart   4/6    eval   141   this Q     0.02574   best Q     0.01222   308.5 min
  restart   4/6    eval   142   this Q      0.0206   best Q     0.01222   308.7 min
  restart   4/6    eval   143   this Q     0.02425   best Q     0.01222   308.8 min
  restart   4/6    eval   144   this Q     0.02037   best Q     0.01222   309.0 min
  restart   4/6    eval   145   this Q     0.02447   best Q     0.01222   309.1 min
  restart   4/6    eval   146   this Q     0.02024   best Q     0.01222   309.3 min
  restart   4/6    eval   147   this Q     0.01913   best Q     0.01222   309.5 min
  restart   4/6    eval   148   this Q     0.02115   best Q     0.01222   309.6 min
  restart   4/6    eval   149   this Q     0.01754   best Q     0.01222   309.8 min
  restart   4/6    eval   150   this Q     0.01727   best Q     0.01222   309.9 min
  restart   4/6    eval   151   this Q     0.01741   best Q     0.01222   310.1 min
  restart   4/6    eval   152   this Q     0.01814   best Q     0.01222   310.2 min
  restart   4/6    eval   153   this Q     0.01817   best Q     0.01222   310.4 min
  restart   4/6    eval   154   this Q     0.01759   best Q     0.01222   310.5 min
  restart   4/6    eval   155   this Q     0.01792   best Q     0.01222   310.7 min
  restart   4/6    eval   156   this Q     0.01907   best Q     0.01222   310.8 min
  restart   4/6    eval   157   this Q     0.01582   best Q     0.01222   311.0 min
  restart   4/6    eval   158   this Q     0.01598   best Q     0.01222   311.2 min
  restart   4/6    eval   159   this Q     0.01666   best Q     0.01222   311.3 min
  restart   4/6    eval   160   this Q     0.01575   best Q     0.01222   311.5 min
  restart   4/6    eval   161   this Q     0.01743   best Q     0.01222   311.6 min
  restart   4/6    eval   162   this Q     0.01679   best Q     0.01222   311.8 min
  restart   4/6    eval   163   this Q     0.01586   best Q     0.01222   311.9 min
  restart   4/6    eval   164   this Q     0.01537   best Q     0.01222   312.1 min
  restart   4/6    eval   165   this Q      0.0174   best Q     0.01222   312.2 min
  restart   4/6    eval   166   this Q     0.01663   best Q     0.01222   312.4 min
  restart   4/6    eval   167   this Q     0.01613   best Q     0.01222   312.5 min
  restart   4/6    eval   168   this Q     0.01711   best Q     0.01222   312.7 min
  restart   4/6    eval   169   this Q     0.01474   best Q     0.01222   312.8 min
  restart   4/6    eval   170   this Q     0.01647   best Q     0.01222   313.0 min
  restart   4/6    eval   171   this Q     0.01699   best Q     0.01222   313.2 min
  restart   4/6    eval   172   this Q     0.01535   best Q     0.01222   313.3 min
  restart   4/6    eval   173   this Q      0.0169   best Q     0.01222   313.5 min
  restart   4/6    eval   174   this Q     0.01531   best Q     0.01222   313.6 min
  restart   4/6    eval   175   this Q     0.01546   best Q     0.01222   313.8 min
  restart   4/6    eval   176   this Q     0.01531   best Q     0.01222   313.9 min
  restart   4/6    eval   177   this Q     0.01746   best Q     0.01222   314.1 min
  restart   4/6    eval   178   this Q     0.01484   best Q     0.01222   314.2 min
  restart   4/6    eval   179   this Q     0.01561   best Q     0.01222   314.4 min
  restart   4/6    eval   180   this Q     0.01579   best Q     0.01222   314.5 min
  restart   4/6    eval   181   this Q     0.01487   best Q     0.01222   314.7 min
  restart   4/6    eval   182   this Q     0.01527   best Q     0.01222   314.9 min
  restart   4/6    eval   183   this Q     0.01505   best Q     0.01222   315.0 min
  restart   4/6    eval   184   this Q     0.01628   best Q     0.01222   315.2 min
  restart   4/6    eval   185   this Q     0.01464   best Q     0.01222   315.3 min
  restart   4/6    eval   186   this Q     0.01418   best Q     0.01222   315.5 min
  restart   4/6    eval   187   this Q     0.01462   best Q     0.01222   315.6 min
  restart   4/6    eval   188   this Q      0.0144   best Q     0.01222   315.8 min
  restart   4/6    eval   189   this Q     0.01617   best Q     0.01222   315.9 min
  restart   4/6    eval   190   this Q     0.01445   best Q     0.01222   316.1 min
  restart   4/6    eval   191   this Q     0.01395   best Q     0.01222   316.2 min
  restart   4/6    eval   192   this Q     0.01453   best Q     0.01222   316.4 min
  restart   4/6    eval   193   this Q     0.01535   best Q     0.01222   316.6 min
  restart   4/6    eval   194   this Q     0.01442   best Q     0.01222   316.7 min
  restart   4/6    eval   195   this Q     0.01467   best Q     0.01222   316.9 min
  restart   4/6    eval   196   this Q     0.01402   best Q     0.01222   317.0 min
  restart   4/6    eval   197   this Q     0.01422   best Q     0.01222   317.2 min
  restart   4/6    eval   198   this Q     0.01453   best Q     0.01222   317.3 min
  restart   4/6    eval   199   this Q     0.01549   best Q     0.01222   317.5 min
  restart   4/6    eval   200   this Q     0.01404   best Q     0.01222   317.6 min
  restart   4/6    eval   201   this Q     0.01378   best Q     0.01222   317.8 min
  restart   4/6    eval   202   this Q     0.01426   best Q     0.01222   317.9 min
  restart   4/6    eval   203   this Q     0.01466   best Q     0.01222   318.1 min
  restart   4/6    eval   204   this Q     0.01401   best Q     0.01222   318.3 min
  restart   4/6    eval   205   this Q     0.01361   best Q     0.01222   318.4 min
  restart   4/6    eval   206   this Q     0.01384   best Q     0.01222   318.6 min
  restart   4/6    eval   207   this Q     0.01368   best Q     0.01222   318.7 min
  restart   4/6    eval   208   this Q     0.01427   best Q     0.01222   318.9 min
  restart   4/6    eval   209   this Q     0.01382   best Q     0.01222   319.0 min
  restart   4/6    eval   210   this Q     0.01404   best Q     0.01222   319.2 min
  restart   4/6    eval   211   this Q     0.01414   best Q     0.01222   319.3 min
  restart   4/6    eval   212   this Q     0.01379   best Q     0.01222   319.5 min
  restart   4/6    eval   213   this Q     0.01391   best Q     0.01222   319.6 min
  restart   4/6    eval   214   this Q     0.01431   best Q     0.01222   319.8 min
  restart   4/6    eval   215   this Q     0.01372   best Q     0.01222   320.0 min
  restart   4/6    eval   216   this Q     0.01338   best Q     0.01222   320.1 min
  restart   4/6    eval   217   this Q     0.01329   best Q     0.01222   320.3 min
  restart   4/6    eval   218   this Q     0.01357   best Q     0.01222   320.4 min
  restart   4/6    eval   219   this Q     0.01329   best Q     0.01222   320.6 min
  restart   4/6    eval   220   this Q     0.01376   best Q     0.01222   320.7 min
  restart   4/6    eval   221   this Q     0.01343   best Q     0.01222   320.9 min
  restart   4/6    eval   222   this Q      0.0131   best Q     0.01222   321.1 min
  restart   4/6    eval   223   this Q     0.01299   best Q     0.01222   321.2 min
  restart   4/6    eval   224   this Q     0.01326   best Q     0.01222   321.4 min
  restart   4/6    eval   225   this Q     0.01332   best Q     0.01222   321.5 min
  restart   4/6    eval   226   this Q     0.01307   best Q     0.01222   321.7 min
  restart   4/6    eval   227   this Q     0.01297   best Q     0.01222   321.8 min
  restart   4/6    eval   228   this Q     0.01327   best Q     0.01222   322.0 min
  restart   4/6    eval   229   this Q     0.01303   best Q     0.01222   322.1 min
  restart   4/6    eval   230   this Q     0.01265   best Q     0.01222   322.3 min
  restart   4/6    eval   231   this Q     0.01262   best Q     0.01222   322.4 min
  restart   4/6    eval   232   this Q     0.01259   best Q     0.01222   322.6 min
  restart   4/6    eval   233   this Q     0.01271   best Q     0.01222   322.8 min
  restart   4/6    eval   234   this Q     0.01329   best Q     0.01222   322.9 min
  restart   4/6    eval   235   this Q     0.01298   best Q     0.01222   323.1 min
  restart   4/6    eval   236   this Q     0.01308   best Q     0.01222   323.2 min
  restart   4/6    eval   237   this Q     0.01235   best Q     0.01222   323.4 min
  restart   4/6    eval   238   this Q     0.01298   best Q     0.01222   323.5 min
  restart   4/6    eval   239   this Q     0.01223   best Q     0.01222   323.7 min
  restart   4/6    eval   240   this Q     0.01269   best Q     0.01222   323.8 min
  restart   4/6    eval   241   this Q     0.01323   best Q     0.01222   324.0 min
  restart   4/6    eval   242   this Q     0.01267   best Q     0.01222   324.1 min
  restart   4/6    eval   243   this Q     0.01246   best Q     0.01222   324.3 min
  restart   4/6    eval   244   this Q     0.01275   best Q     0.01222   324.5 min
  restart   4/6    eval   245   this Q     0.01266   best Q     0.01222   324.6 min
  restart   4/6    eval   246   this Q      0.0123   best Q     0.01222   324.8 min
  restart   4/6    eval   247   this Q     0.01191   best Q     0.01191   324.9 min
  restart   4/6    eval   248   this Q     0.01234   best Q     0.01191   325.1 min
  restart   4/6    eval   249   this Q     0.01248   best Q     0.01191   325.2 min
  restart   4/6    eval   250   this Q     0.01222   best Q     0.01191   325.4 min
  restart   4/6    eval   251   this Q     0.01281   best Q     0.01191   325.5 min
  restart   4/6    eval   252   this Q     0.01227   best Q     0.01191   325.7 min
  restart   4/6    eval   253   this Q     0.01263   best Q     0.01191   325.9 min
  restart   4/6    eval   254   this Q     0.01226   best Q     0.01191   326.0 min
  restart   4/6    eval   255   this Q     0.01216   best Q     0.01191   326.2 min
  restart   4/6    eval   256   this Q     0.01266   best Q     0.01191   326.3 min
  restart   4/6    eval   257   this Q     0.01218   best Q     0.01191   326.5 min
  restart   4/6    eval   258   this Q     0.01195   best Q     0.01191   326.6 min
  restart   4/6    eval   259   this Q     0.01236   best Q     0.01191   326.8 min
  restart   4/6    eval   260   this Q     0.01212   best Q     0.01191   326.9 min
  restart   4/6    eval   261   this Q     0.01296   best Q     0.01191   327.1 min
  restart   4/6    eval   262   this Q     0.01213   best Q     0.01191   327.3 min
  restart   4/6    eval   263   this Q     0.01211   best Q     0.01191   327.4 min
  restart   4/6    eval   264   this Q     0.01218   best Q     0.01191   327.6 min
  restart   4/6    eval   265   this Q     0.01205   best Q     0.01191   327.7 min
  restart   4/6    eval   266   this Q     0.01211   best Q     0.01191   327.9 min
  restart   4/6    eval   267   this Q     0.01194   best Q     0.01191   328.0 min
  restart   4/6    eval   268   this Q     0.01207   best Q     0.01191   328.2 min
  restart   4/6    eval   269   this Q     0.01221   best Q     0.01191   328.3 min
  restart   4/6    eval   270   this Q     0.01199   best Q     0.01191   328.5 min
  restart   4/6    eval   271   this Q     0.01199   best Q     0.01191   328.7 min
  restart   4/6    eval   272   this Q     0.01198   best Q     0.01191   328.8 min
  restart   4/6    eval   273   this Q     0.01194   best Q     0.01191   329.0 min
  restart   4/6    eval   274   this Q      0.0122   best Q     0.01191   329.1 min
  restart   4/6    eval   275   this Q     0.01194   best Q     0.01191   329.3 min
  restart   4/6    eval   276   this Q     0.01224   best Q     0.01191   329.4 min
  restart   4/6    eval   277   this Q     0.01193   best Q     0.01191   329.6 min
  restart   4/6    eval   278   this Q     0.01185   best Q     0.01185   329.7 min
  restart   4/6    eval   279   this Q     0.01194   best Q     0.01185   329.9 min
  restart   4/6    eval   280   this Q      0.0119   best Q     0.01185   330.1 min
  restart   4/6    eval   281   this Q     0.01184   best Q     0.01184   330.2 min
  restart   4/6    eval   282   this Q     0.01191   best Q     0.01184   330.4 min
  restart   4/6    eval   283   this Q     0.01203   best Q     0.01184   330.5 min
  restart   4/6    eval   284   this Q     0.01188   best Q     0.01184   330.7 min
  restart   4/6    eval   285   this Q     0.01199   best Q     0.01184   330.8 min
  restart   4/6    eval   286   this Q     0.01188   best Q     0.01184   331.0 min
  restart   4/6    eval   287   this Q     0.01202   best Q     0.01184   331.1 min
  restart   4/6    eval   288   this Q     0.01187   best Q     0.01184   331.3 min
  restart   4/6    eval   289   this Q     0.01185   best Q     0.01184   331.5 min
  restart   4/6    eval   290   this Q     0.01198   best Q     0.01184   331.6 min
  restart   4/6    eval   291   this Q     0.01186   best Q     0.01184   331.8 min
  restart   4/6    eval   292   this Q     0.01177   best Q     0.01177   331.9 min
  restart   4/6    eval   293   this Q      0.0118   best Q     0.01177   332.1 min
  restart   4/6    eval   294   this Q     0.01185   best Q     0.01177   332.2 min
  restart   4/6    eval   295   this Q     0.01184   best Q     0.01177   332.4 min
  restart   4/6    eval   296   this Q      0.0118   best Q     0.01177   332.5 min
  restart   4/6    eval   297   this Q     0.01178   best Q     0.01177   332.7 min
  restart   4/6    eval   298   this Q      0.0118   best Q     0.01177   332.8 min
  restart   4/6    eval   299   this Q     0.01176   best Q     0.01176   333.0 min
  restart   4/6    eval   300   this Q     0.01178   best Q     0.01176   333.2 min
  restart   4/6    eval   301   this Q     0.01188   best Q     0.01176   333.3 min
  restart   4/6    eval   302   this Q     0.01181   best Q     0.01176   333.5 min
  restart   4/6    eval   303   this Q     0.01179   best Q     0.01176   333.6 min
  restart   4/6    eval   304   this Q     0.01182   best Q     0.01176   333.8 min
  restart   4/6    eval   305   this Q     0.01182   best Q     0.01176   333.9 min
  restart   4/6    eval   306   this Q     0.01177   best Q     0.01176   334.1 min
  restart   4/6    eval   307   this Q     0.01184   best Q     0.01176   334.2 min
  restart   4/6    eval   308   this Q     0.01177   best Q     0.01176   334.4 min
  restart   4/6    eval   309   this Q     0.01186   best Q     0.01176   334.6 min
  restart   4/6    eval   310   this Q     0.01177   best Q     0.01176   334.7 min
  restart   4/6    eval   311   this Q     0.01175   best Q     0.01175   334.9 min
  restart   4/6    eval   312   this Q     0.01179   best Q     0.01175   335.0 min
  restart   4/6    eval   313   this Q     0.01176   best Q     0.01175   335.2 min
  restart   4/6    eval   314   this Q     0.01174   best Q     0.01174   335.3 min
  restart   4/6    eval   315   this Q     0.01178   best Q     0.01174   335.5 min
  restart   4/6    eval   316   this Q     0.01181   best Q     0.01174   335.7 min
  restart   4/6    eval   317   this Q     0.01175   best Q     0.01174   335.8 min
  restart   4/6    eval   318   this Q     0.01179   best Q     0.01174   336.0 min
  restart   4/6    eval   319   this Q     0.01175   best Q     0.01174   336.1 min
  restart   4/6    eval   320   this Q     0.01174   best Q     0.01174   336.3 min
  restart   4/6    eval   321   this Q     0.01176   best Q     0.01174   336.4 min
  restart   4/6    eval   322   this Q     0.01177   best Q     0.01174   336.6 min
  restart   4/6    eval   323   this Q     0.01175   best Q     0.01174   336.7 min
  restart   4/6    eval   324   this Q     0.01176   best Q     0.01174   336.9 min
  restart   4/6    eval   325   this Q     0.01174   best Q     0.01174   337.1 min
  restart   4/6    eval   326   this Q     0.01175   best Q     0.01174   337.2 min
  restart   4/6    eval   327   this Q     0.01176   best Q     0.01174   337.4 min
  restart   4/6    eval   328   this Q     0.01177   best Q     0.01174   337.5 min
  restart   4/6    eval   329   this Q     0.01175   best Q     0.01174   337.7 min
  restart   4/6    eval   330   this Q     0.01175   best Q     0.01174   337.8 min
  restart   4/6    eval   331   this Q     0.01176   best Q     0.01174   338.0 min
  restart   4/6    eval   332   this Q     0.01174   best Q     0.01174   338.1 min
  restart   4/6    eval   333   this Q     0.01173   best Q     0.01173   338.3 min
  restart   4/6    eval   334   this Q     0.01176   best Q     0.01173   338.5 min
  restart   4/6    eval   335   this Q     0.01172   best Q     0.01172   338.6 min
  restart   4/6    eval   336   this Q     0.01172   best Q     0.01172   338.8 min
  restart   4/6    eval   337   this Q     0.01172   best Q     0.01172   338.9 min
  restart   4/6    eval   338   this Q     0.01172   best Q     0.01172   339.1 min
  restart   4/6    eval   339   this Q     0.01172   best Q     0.01172   339.2 min
  restart   4/6    eval   340   this Q     0.01173   best Q     0.01172   339.4 min
  restart   4/6    eval   341   this Q     0.01172   best Q     0.01172   339.5 min
  restart   4/6    eval   342   this Q     0.01171   best Q     0.01171   339.7 min
  restart   4/6    eval   343   this Q     0.01173   best Q     0.01171   339.8 min
  restart   4/6    eval   344   this Q      0.0117   best Q      0.0117   340.0 min
  restart   4/6    eval   345   this Q     0.01169   best Q     0.01169   340.2 min
  restart   4/6    eval   346   this Q     0.01171   best Q     0.01169   340.3 min
  restart   4/6    eval   347   this Q      0.0117   best Q     0.01169   340.5 min
  restart   4/6    eval   348   this Q     0.01169   best Q     0.01169   340.6 min
  restart   4/6    eval   349   this Q     0.01172   best Q     0.01169   340.8 min
  restart   4/6    eval   350   this Q     0.01169   best Q     0.01169   340.9 min
  restart   4/6    eval   351   this Q     0.01169   best Q     0.01169   341.1 min
  restart   4/6    eval   352   this Q     0.01167   best Q     0.01167   341.3 min
  restart   4/6    eval   353   this Q     0.01167   best Q     0.01167   341.4 min
  restart   4/6    eval   354   this Q     0.01171   best Q     0.01167   341.6 min
  restart   4/6    eval   355   this Q     0.01167   best Q     0.01167   341.7 min
  restart   4/6    eval   356   this Q     0.01165   best Q     0.01165   341.9 min
  restart   4/6    eval   357   this Q     0.01165   best Q     0.01165   342.0 min
  restart   4/6    eval   358   this Q     0.01166   best Q     0.01165   342.2 min
  restart   4/6    eval   359   this Q     0.01168   best Q     0.01165   342.3 min
  restart   4/6    eval   360   this Q     0.01165   best Q     0.01165   342.5 min
  restart   4/6    eval   361   this Q     0.01167   best Q     0.01165   342.6 min
  restart   4/6    eval   362   this Q     0.01165   best Q     0.01165   342.8 min
  restart   4/6    eval   363   this Q      0.0117   best Q     0.01165   343.0 min
  restart   4/6    eval   364   this Q     0.01165   best Q     0.01165   343.1 min
  restart   4/6    eval   365   this Q     0.01165   best Q     0.01165   343.3 min
  restart   4/6    eval   366   this Q     0.01167   best Q     0.01165   343.4 min
  restart   4/6    eval   367   this Q     0.01164   best Q     0.01164   343.6 min
  restart   4/6    eval   368   this Q     0.01168   best Q     0.01164   343.7 min
  restart   4/6    eval   369   this Q     0.01167   best Q     0.01164   343.9 min
  restart   4/6    eval   370   this Q     0.01164   best Q     0.01164   344.0 min
  restart   4/6    eval   371   this Q     0.01168   best Q     0.01164   344.2 min
  restart   4/6    eval   372   this Q     0.01164   best Q     0.01164   344.4 min
  restart   4/6    eval   373   this Q     0.01165   best Q     0.01164   344.5 min
  restart   4/6    eval   374   this Q     0.01164   best Q     0.01164   344.7 min
  restart   4/6    eval   375   this Q     0.01164   best Q     0.01164   344.8 min
  restart   4/6    eval   376   this Q     0.01165   best Q     0.01164   345.0 min
  restart   4/6    eval   377   this Q     0.01164   best Q     0.01164   345.1 min
  restart   4/6   DONE   this     0.01164   best Q     0.01164   345.1 min, ~173 min left
  restart   5/6    eval     1   this Q     0.03343   best Q     0.01164   345.3 min
  restart   5/6    eval     2   this Q     0.03343   best Q     0.01164   345.4 min
  restart   5/6    eval     3   this Q       1.071   best Q     0.01164   345.6 min
  restart   5/6    eval     4   this Q       1.002   best Q     0.01164   345.8 min
  restart   5/6    eval     5   this Q     0.05789   best Q     0.01164   345.9 min
  restart   5/6    eval     6   this Q       1.708   best Q     0.01164   346.1 min
  restart   5/6    eval     7   this Q      0.4987   best Q     0.01164   346.2 min
  restart   5/6    eval     8   this Q      0.7227   best Q     0.01164   346.4 min
  restart   5/6    eval     9   this Q         6.9   best Q     0.01164   346.5 min
  restart   5/6    eval    10   this Q     0.03483   best Q     0.01164   346.7 min
  restart   5/6    eval    11   this Q      0.5319   best Q     0.01164   346.9 min
  restart   5/6    eval    12   this Q       1.219   best Q     0.01164   347.0 min
  restart   5/6    eval    13   this Q       1.865   best Q     0.01164   347.2 min
  restart   5/6    eval    14   this Q      0.5256   best Q     0.01164   347.3 min
  restart   5/6    eval    15   this Q       6.407   best Q     0.01164   347.5 min
  restart   5/6    eval    16   this Q      0.5751   best Q     0.01164   347.6 min
  restart   5/6    eval    17   this Q      0.5591   best Q     0.01164   347.8 min
  restart   5/6    eval    18   this Q      0.3637   best Q     0.01164   347.9 min
  restart   5/6    eval    19   this Q      0.3109   best Q     0.01164   348.1 min
  restart   5/6    eval    20   this Q      0.9264   best Q     0.01164   348.3 min
  restart   5/6    eval    21   this Q      0.2508   best Q     0.01164   348.4 min
  restart   5/6    eval    22   this Q       1.175   best Q     0.01164   348.6 min
  restart   5/6    eval    23   this Q      0.2181   best Q     0.01164   348.7 min
  restart   5/6    eval    24   this Q      0.8851   best Q     0.01164   348.9 min
  restart   5/6    eval    25   this Q      0.1106   best Q     0.01164   349.1 min
  restart   5/6    eval    26   this Q      0.3148   best Q     0.01164   349.2 min
  restart   5/6    eval    27   this Q      0.3747   best Q     0.01164   349.4 min
  restart   5/6    eval    28   this Q      0.1003   best Q     0.01164   349.5 min
  restart   5/6    eval    29   this Q      0.7035   best Q     0.01164   349.7 min
  restart   5/6    eval    30   this Q      0.1336   best Q     0.01164   349.8 min
  restart   5/6    eval    31   this Q      0.5408   best Q     0.01164   350.0 min
  restart   5/6    eval    32   this Q     0.07961   best Q     0.01164   350.1 min
  restart   5/6    eval    33   this Q      0.4146   best Q     0.01164   350.3 min
  restart   5/6    eval    34   this Q      0.0996   best Q     0.01164   350.4 min
  restart   5/6    eval    35   this Q      0.2125   best Q     0.01164   350.6 min
  restart   5/6    eval    36   this Q      0.2589   best Q     0.01164   350.8 min
  restart   5/6    eval    37   this Q     0.06944   best Q     0.01164   350.9 min
  restart   5/6    eval    38   this Q      0.2358   best Q     0.01164   351.1 min
  restart   5/6    eval    39   this Q     0.05164   best Q     0.01164   351.2 min
  restart   5/6    eval    40   this Q      0.2154   best Q     0.01164   351.4 min
  restart   5/6    eval    41   this Q     0.05284   best Q     0.01164   351.5 min
  restart   5/6    eval    42   this Q     0.08771   best Q     0.01164   351.7 min
  restart   5/6    eval    43   this Q      0.1516   best Q     0.01164   351.9 min
  restart   5/6    eval    44   this Q     0.03306   best Q     0.01164   352.0 min
  restart   5/6    eval    45   this Q      0.1573   best Q     0.01164   352.2 min
  restart   5/6    eval    46   this Q     0.03476   best Q     0.01164   352.3 min
  restart   5/6    eval    47   this Q     0.08242   best Q     0.01164   352.5 min
  restart   5/6    eval    48   this Q     0.03485   best Q     0.01164   352.6 min
  restart   5/6    eval    49   this Q      0.1269   best Q     0.01164   352.8 min
  restart   5/6    eval    50   this Q     0.03119   best Q     0.01164   352.9 min
  restart   5/6    eval    51   this Q     0.05366   best Q     0.01164   353.1 min
  restart   5/6    eval    52   this Q     0.06639   best Q     0.01164   353.3 min
  restart   5/6    eval    53   this Q     0.02808   best Q     0.01164   353.4 min
  restart   5/6    eval    54   this Q     0.06435   best Q     0.01164   353.6 min
  restart   5/6    eval    55   this Q     0.02552   best Q     0.01164   353.7 min
  restart   5/6    eval    56   this Q     0.05294   best Q     0.01164   353.9 min
  restart   5/6    eval    57   this Q     0.02882   best Q     0.01164   354.0 min
  restart   5/6    eval    58   this Q     0.07146   best Q     0.01164   354.2 min
  restart   5/6    eval    59   this Q     0.02346   best Q     0.01164   354.3 min
  restart   5/6    eval    60   this Q     0.02899   best Q     0.01164   354.5 min
  restart   5/6    eval    61   this Q     0.03648   best Q     0.01164   354.6 min
  restart   5/6    eval    62   this Q      0.0221   best Q     0.01164   354.8 min
  restart   5/6    eval    63   this Q     0.04249   best Q     0.01164   355.0 min
  restart   5/6    eval    64   this Q     0.02142   best Q     0.01164   355.1 min
  restart   5/6    eval    65   this Q     0.04076   best Q     0.01164   355.3 min
  restart   5/6    eval    66   this Q      0.0213   best Q     0.01164   355.4 min
  restart   5/6    eval    67   this Q     0.04378   best Q     0.01164   355.6 min
  restart   5/6    eval    68   this Q     0.02061   best Q     0.01164   355.7 min
  restart   5/6    eval    69   this Q     0.03705   best Q     0.01164   355.9 min
  restart   5/6    eval    70   this Q     0.02097   best Q     0.01164   356.0 min
  restart   5/6    eval    71   this Q     0.03377   best Q     0.01164   356.2 min
  restart   5/6    eval    72   this Q     0.02048   best Q     0.01164   356.3 min
  restart   5/6    eval    73   this Q     0.02109   best Q     0.01164   356.5 min
  restart   5/6    eval    74   this Q     0.01884   best Q     0.01164   356.7 min
  restart   5/6    eval    75   this Q     0.03377   best Q     0.01164   356.8 min
  restart   5/6    eval    76   this Q     0.02463   best Q     0.01164   357.0 min
  restart   5/6    eval    77   this Q     0.01856   best Q     0.01164   357.1 min
  restart   5/6    eval    78   this Q     0.02641   best Q     0.01164   357.3 min
  restart   5/6    eval    79   this Q     0.01783   best Q     0.01164   357.4 min
  restart   5/6    eval    80   this Q     0.01903   best Q     0.01164   357.6 min
  restart   5/6    eval    81   this Q     0.01787   best Q     0.01164   357.7 min
  restart   5/6    eval    82   this Q     0.02262   best Q     0.01164   357.9 min
  restart   5/6    eval    83   this Q     0.01712   best Q     0.01164   358.1 min
  restart   5/6    eval    84   this Q     0.02889   best Q     0.01164   358.2 min
  restart   5/6    eval    85   this Q     0.01625   best Q     0.01164   358.4 min
  restart   5/6    eval    86   this Q      0.0189   best Q     0.01164   358.5 min
  restart   5/6    eval    87   this Q     0.01799   best Q     0.01164   358.7 min
  restart   5/6    eval    88   this Q      0.0175   best Q     0.01164   358.8 min
  restart   5/6    eval    89   this Q     0.02059   best Q     0.01164   359.0 min
  restart   5/6    eval    90   this Q       0.016   best Q     0.01164   359.1 min
  restart   5/6    eval    91   this Q     0.01887   best Q     0.01164   359.3 min
  restart   5/6    eval    92   this Q     0.01611   best Q     0.01164   359.5 min
  restart   5/6    eval    93   this Q     0.02551   best Q     0.01164   359.6 min
  restart   5/6    eval    94   this Q     0.01551   best Q     0.01164   359.8 min
  restart   5/6    eval    95   this Q     0.01795   best Q     0.01164   359.9 min
  restart   5/6    eval    96   this Q     0.01998   best Q     0.01164   360.1 min
  restart   5/6    eval    97   this Q     0.01574   best Q     0.01164   360.2 min
  restart   5/6    eval    98   this Q     0.01844   best Q     0.01164   360.4 min
  restart   5/6    eval    99   this Q     0.01589   best Q     0.01164   360.5 min
  restart   5/6    eval   100   this Q     0.01803   best Q     0.01164   360.7 min
  restart   5/6    eval   101   this Q      0.0159   best Q     0.01164   360.9 min
  restart   5/6    eval   102   this Q     0.01422   best Q     0.01164   361.0 min
  restart   5/6    eval   103   this Q     0.01532   best Q     0.01164   361.2 min
  restart   5/6    eval   104   this Q     0.02025   best Q     0.01164   361.3 min
  restart   5/6    eval   105   this Q     0.01524   best Q     0.01164   361.5 min
  restart   5/6    eval   106   this Q     0.01712   best Q     0.01164   361.6 min
  restart   5/6    eval   107   this Q     0.01545   best Q     0.01164   361.8 min
  restart   5/6    eval   108   this Q     0.01623   best Q     0.01164   362.0 min
  restart   5/6    eval   109   this Q     0.01522   best Q     0.01164   362.1 min
  restart   5/6    eval   110   this Q      0.0155   best Q     0.01164   362.3 min
  restart   5/6    eval   111   this Q     0.01583   best Q     0.01164   362.4 min
  restart   5/6    eval   112   this Q     0.01482   best Q     0.01164   362.6 min
  restart   5/6    eval   113   this Q     0.01409   best Q     0.01164   362.7 min
  restart   5/6    eval   114   this Q     0.01429   best Q     0.01164   362.9 min
  restart   5/6    eval   115   this Q     0.01603   best Q     0.01164   363.1 min
  restart   5/6    eval   116   this Q     0.01485   best Q     0.01164   363.2 min
  restart   5/6    eval   117   this Q     0.01643   best Q     0.01164   363.4 min
  restart   5/6    eval   118   this Q     0.01477   best Q     0.01164   363.5 min
  restart   5/6    eval   119   this Q     0.01507   best Q     0.01164   363.7 min
  restart   5/6    eval   120   this Q     0.01499   best Q     0.01164   363.8 min
  restart   5/6    eval   121   this Q     0.01384   best Q     0.01164   364.0 min
  restart   5/6    eval   122   this Q     0.01388   best Q     0.01164   364.1 min
  restart   5/6    eval   123   this Q      0.0149   best Q     0.01164   364.3 min
  restart   5/6    eval   124   this Q     0.01463   best Q     0.01164   364.5 min
  restart   5/6    eval   125   this Q     0.01448   best Q     0.01164   364.6 min
  restart   5/6    eval   126   this Q     0.01447   best Q     0.01164   364.8 min
  restart   5/6    eval   127   this Q     0.01454   best Q     0.01164   364.9 min
  restart   5/6    eval   128   this Q     0.01381   best Q     0.01164   365.1 min
  restart   5/6    eval   129   this Q     0.01431   best Q     0.01164   365.2 min
  restart   5/6    eval   130   this Q     0.01471   best Q     0.01164   365.4 min
  restart   5/6    eval   131   this Q      0.0138   best Q     0.01164   365.5 min
  restart   5/6    eval   132   this Q     0.01452   best Q     0.01164   365.7 min
  restart   5/6    eval   133   this Q     0.01455   best Q     0.01164   365.9 min
  restart   5/6    eval   134   this Q     0.01507   best Q     0.01164   366.0 min
  restart   5/6    eval   135   this Q     0.01397   best Q     0.01164   366.2 min
  restart   5/6    eval   136   this Q     0.01461   best Q     0.01164   366.3 min
  restart   5/6    eval   137   this Q     0.01397   best Q     0.01164   366.5 min
  restart   5/6    eval   138   this Q     0.01457   best Q     0.01164   366.6 min
  restart   5/6    eval   139   this Q     0.01399   best Q     0.01164   366.8 min
  restart   5/6    eval   140   this Q     0.01401   best Q     0.01164   366.9 min
  restart   5/6    eval   141   this Q     0.01408   best Q     0.01164   367.1 min
  restart   5/6    eval   142   this Q     0.01417   best Q     0.01164   367.3 min
  restart   5/6    eval   143   this Q     0.01382   best Q     0.01164   367.4 min
  restart   5/6    eval   144   this Q     0.01383   best Q     0.01164   367.6 min
  restart   5/6    eval   145   this Q     0.01436   best Q     0.01164   367.7 min
  restart   5/6    eval   146   this Q     0.01375   best Q     0.01164   367.9 min
  restart   5/6    eval   147   this Q      0.0143   best Q     0.01164   368.0 min
  restart   5/6    eval   148   this Q     0.01373   best Q     0.01164   368.2 min
  restart   5/6    eval   149   this Q      0.0137   best Q     0.01164   368.3 min
  restart   5/6    eval   150   this Q     0.01407   best Q     0.01164   368.5 min
  restart   5/6    eval   151   this Q     0.01392   best Q     0.01164   368.7 min
  restart   5/6    eval   152   this Q      0.0136   best Q     0.01164   368.8 min
  restart   5/6    eval   153   this Q     0.01389   best Q     0.01164   369.0 min
  restart   5/6    eval   154   this Q     0.01392   best Q     0.01164   369.1 min
  restart   5/6    eval   155   this Q     0.01369   best Q     0.01164   369.3 min
  restart   5/6    eval   156   this Q     0.01397   best Q     0.01164   369.4 min
  restart   5/6    eval   157   this Q     0.01365   best Q     0.01164   369.6 min
  restart   5/6    eval   158   this Q     0.01382   best Q     0.01164   369.7 min
  restart   5/6    eval   159   this Q      0.0137   best Q     0.01164   369.9 min
  restart   5/6    eval   160   this Q     0.01385   best Q     0.01164   370.1 min
  restart   5/6    eval   161   this Q     0.01365   best Q     0.01164   370.2 min
  restart   5/6    eval   162   this Q     0.01362   best Q     0.01164   370.4 min
  restart   5/6    eval   163   this Q     0.01373   best Q     0.01164   370.5 min
  restart   5/6    eval   164   this Q     0.01354   best Q     0.01164   370.7 min
  restart   5/6    eval   165   this Q     0.01368   best Q     0.01164   370.8 min
  restart   5/6    eval   166   this Q     0.01375   best Q     0.01164   371.0 min
  restart   5/6    eval   167   this Q      0.0136   best Q     0.01164   371.1 min
  restart   5/6    eval   168   this Q     0.01387   best Q     0.01164   371.3 min
  restart   5/6    eval   169   this Q     0.01358   best Q     0.01164   371.4 min
  restart   5/6    eval   170   this Q     0.01364   best Q     0.01164   371.6 min
  restart   5/6    eval   171   this Q     0.01374   best Q     0.01164   371.8 min
  restart   5/6    eval   172   this Q     0.01358   best Q     0.01164   371.9 min
  restart   5/6    eval   173   this Q      0.0135   best Q     0.01164   372.1 min
  restart   5/6    eval   174   this Q     0.01356   best Q     0.01164   372.2 min
  restart   5/6    eval   175   this Q     0.01352   best Q     0.01164   372.4 min
  restart   5/6    eval   176   this Q     0.01345   best Q     0.01164   372.5 min
  restart   5/6    eval   177   this Q     0.01348   best Q     0.01164   372.7 min
  restart   5/6    eval   178   this Q      0.0137   best Q     0.01164   372.9 min
  restart   5/6    eval   179   this Q     0.01352   best Q     0.01164   373.0 min
  restart   5/6    eval   180   this Q     0.01356   best Q     0.01164   373.2 min
  restart   5/6    eval   181   this Q     0.01364   best Q     0.01164   373.3 min
  restart   5/6    eval   182   this Q     0.01352   best Q     0.01164   373.5 min
  restart   5/6    eval   183   this Q     0.01346   best Q     0.01164   373.6 min
  restart   5/6    eval   184   this Q      0.0134   best Q     0.01164   373.8 min
  restart   5/6    eval   185   this Q     0.01339   best Q     0.01164   374.0 min
  restart   5/6    eval   186   this Q     0.01346   best Q     0.01164   374.1 min
  restart   5/6    eval   187   this Q      0.0135   best Q     0.01164   374.3 min
  restart   5/6    eval   188   this Q     0.01346   best Q     0.01164   374.4 min
  restart   5/6    eval   189   this Q     0.01347   best Q     0.01164   374.6 min
  restart   5/6    eval   190   this Q     0.01345   best Q     0.01164   374.7 min
  restart   5/6    eval   191   this Q     0.01333   best Q     0.01164   374.9 min
  restart   5/6    eval   192   this Q     0.01331   best Q     0.01164   375.0 min
  restart   5/6    eval   193   this Q     0.01338   best Q     0.01164   375.2 min
  restart   5/6    eval   194   this Q     0.01343   best Q     0.01164   375.3 min
  restart   5/6    eval   195   this Q     0.01336   best Q     0.01164   375.5 min
  restart   5/6    eval   196   this Q     0.01337   best Q     0.01164   375.7 min
  restart   5/6    eval   197   this Q     0.01343   best Q     0.01164   375.8 min
  restart   5/6    eval   198   this Q     0.01335   best Q     0.01164   376.0 min
  restart   5/6    eval   199   this Q      0.0133   best Q     0.01164   376.1 min
  restart   5/6    eval   200   this Q     0.01338   best Q     0.01164   376.3 min
  restart   5/6    eval   201   this Q     0.01327   best Q     0.01164   376.4 min
  restart   5/6    eval   202   this Q     0.01333   best Q     0.01164   376.6 min
  restart   5/6    eval   203   this Q     0.01346   best Q     0.01164   376.7 min
  restart   5/6    eval   204   this Q     0.01334   best Q     0.01164   376.9 min
  restart   5/6    eval   205   this Q     0.01335   best Q     0.01164   377.1 min
  restart   5/6    eval   206   this Q     0.01335   best Q     0.01164   377.2 min
  restart   5/6    eval   207   this Q     0.01327   best Q     0.01164   377.4 min
  restart   5/6    eval   208   this Q     0.01319   best Q     0.01164   377.5 min
  restart   5/6    eval   209   this Q     0.01315   best Q     0.01164   377.7 min
  restart   5/6    eval   210   this Q     0.01324   best Q     0.01164   377.8 min
  restart   5/6    eval   211   this Q     0.01329   best Q     0.01164   378.0 min
  restart   5/6    eval   212   this Q     0.01324   best Q     0.01164   378.1 min
  restart   5/6    eval   213   this Q     0.01312   best Q     0.01164   378.3 min
  restart   5/6    eval   214   this Q      0.0131   best Q     0.01164   378.4 min
  restart   5/6    eval   215   this Q     0.01315   best Q     0.01164   378.6 min
  restart   5/6    eval   216   this Q     0.01317   best Q     0.01164   378.8 min
  restart   5/6    eval   217   this Q     0.01307   best Q     0.01164   378.9 min
  restart   5/6    eval   218   this Q     0.01307   best Q     0.01164   379.1 min
  restart   5/6    eval   219   this Q     0.01312   best Q     0.01164   379.2 min
  restart   5/6    eval   220   this Q     0.01302   best Q     0.01164   379.4 min
  restart   5/6    eval   221   this Q       0.013   best Q     0.01164   379.5 min
  restart   5/6    eval   222   this Q       0.013   best Q     0.01164   379.7 min
  restart   5/6    eval   223   this Q     0.01309   best Q     0.01164   379.8 min
  restart   5/6    eval   224   this Q     0.01295   best Q     0.01164   380.0 min
  restart   5/6    eval   225   this Q     0.01299   best Q     0.01164   380.1 min
  restart   5/6    eval   226   this Q     0.01291   best Q     0.01164   380.3 min
  restart   5/6    eval   227   this Q     0.01295   best Q     0.01164   380.5 min
  restart   5/6    eval   228   this Q      0.0131   best Q     0.01164   380.6 min
  restart   5/6    eval   229   this Q     0.01298   best Q     0.01164   380.8 min
  restart   5/6    eval   230   this Q     0.01295   best Q     0.01164   380.9 min
  restart   5/6    eval   231   this Q     0.01294   best Q     0.01164   381.1 min
  restart   5/6    eval   232   this Q     0.01278   best Q     0.01164   381.2 min
  restart   5/6    eval   233   this Q     0.01271   best Q     0.01164   381.4 min
  restart   5/6    eval   234   this Q     0.01291   best Q     0.01164   381.6 min
  restart   5/6    eval   235   this Q     0.01285   best Q     0.01164   381.7 min
  restart   5/6    eval   236   this Q     0.01288   best Q     0.01164   381.9 min
  restart   5/6    eval   237   this Q     0.01279   best Q     0.01164   382.0 min
  restart   5/6    eval   238   this Q     0.01277   best Q     0.01164   382.2 min
  restart   5/6    eval   239   this Q     0.01272   best Q     0.01164   382.4 min
  restart   5/6    eval   240   this Q     0.01267   best Q     0.01164   382.5 min
  restart   5/6    eval   241   this Q     0.01272   best Q     0.01164   382.7 min
  restart   5/6    eval   242   this Q     0.01259   best Q     0.01164   382.8 min
  restart   5/6    eval   243   this Q     0.01256   best Q     0.01164   383.0 min
  restart   5/6    eval   244   this Q     0.01282   best Q     0.01164   383.1 min
  restart   5/6    eval   245   this Q     0.01258   best Q     0.01164   383.3 min
  restart   5/6    eval   246   this Q      0.0126   best Q     0.01164   383.4 min
  restart   5/6    eval   247   this Q      0.0126   best Q     0.01164   383.6 min
  restart   5/6    eval   248   this Q     0.01273   best Q     0.01164   383.7 min
  restart   5/6    eval   249   this Q     0.01256   best Q     0.01164   383.9 min
  restart   5/6    eval   250   this Q     0.01257   best Q     0.01164   384.0 min
  restart   5/6    eval   251   this Q     0.01272   best Q     0.01164   384.2 min
  restart   5/6    eval   252   this Q     0.01258   best Q     0.01164   384.3 min
  restart   5/6    eval   253   this Q      0.0125   best Q     0.01164   384.5 min
  restart   5/6    eval   254   this Q     0.01265   best Q     0.01164   384.6 min
  restart   5/6    eval   255   this Q     0.01243   best Q     0.01164   384.8 min
  restart   5/6    eval   256   this Q     0.01248   best Q     0.01164   384.9 min
  restart   5/6    eval   257   this Q      0.0125   best Q     0.01164   385.1 min
  restart   5/6    eval   258   this Q     0.01258   best Q     0.01164   385.2 min
  restart   5/6    eval   259   this Q     0.01257   best Q     0.01164   385.4 min
  restart   5/6    eval   260   this Q     0.01245   best Q     0.01164   385.5 min
  restart   5/6    eval   261   this Q     0.01254   best Q     0.01164   385.7 min
  restart   5/6    eval   262   this Q     0.01281   best Q     0.01164   385.8 min
  restart   5/6    eval   263   this Q     0.01245   best Q     0.01164   386.0 min
  restart   5/6    eval   264   this Q     0.01244   best Q     0.01164   386.2 min
  restart   5/6    eval   265   this Q     0.01248   best Q     0.01164   386.3 min
  restart   5/6    eval   266   this Q     0.01236   best Q     0.01164   386.4 min
  restart   5/6    eval   267   this Q     0.01239   best Q     0.01164   386.6 min
  restart   5/6    eval   268   this Q     0.01244   best Q     0.01164   386.8 min
  restart   5/6    eval   269   this Q     0.01246   best Q     0.01164   386.9 min
  restart   5/6    eval   270   this Q     0.01244   best Q     0.01164   387.1 min
  restart   5/6    eval   271   this Q     0.01235   best Q     0.01164   387.2 min
  restart   5/6    eval   272   this Q     0.01242   best Q     0.01164   387.4 min
  restart   5/6    eval   273   this Q     0.01237   best Q     0.01164   387.5 min
  restart   5/6    eval   274   this Q     0.01244   best Q     0.01164   387.7 min
  restart   5/6    eval   275   this Q     0.01233   best Q     0.01164   387.8 min
  restart   5/6    eval   276   this Q     0.01239   best Q     0.01164   388.0 min
  restart   5/6    eval   277   this Q     0.01242   best Q     0.01164   388.1 min
  restart   5/6    eval   278   this Q     0.01239   best Q     0.01164   388.3 min
  restart   5/6    eval   279   this Q      0.0124   best Q     0.01164   388.4 min
  restart   5/6    eval   280   this Q     0.01245   best Q     0.01164   388.6 min
  restart   5/6    eval   281   this Q     0.01235   best Q     0.01164   388.7 min
  restart   5/6    eval   282   this Q     0.01239   best Q     0.01164   388.9 min
  restart   5/6    eval   283   this Q     0.01225   best Q     0.01164   389.0 min
  restart   5/6    eval   284   this Q     0.01223   best Q     0.01164   389.2 min
  restart   5/6    eval   285   this Q     0.01241   best Q     0.01164   389.3 min
  restart   5/6    eval   286   this Q     0.01232   best Q     0.01164   389.5 min
  restart   5/6    eval   287   this Q     0.01244   best Q     0.01164   389.6 min
  restart   5/6    eval   288   this Q     0.01232   best Q     0.01164   389.8 min
  restart   5/6    eval   289   this Q     0.01236   best Q     0.01164   389.9 min
  restart   5/6    eval   290   this Q     0.01234   best Q     0.01164   390.1 min
  restart   5/6    eval   291   this Q     0.01231   best Q     0.01164   390.2 min
  restart   5/6    eval   292   this Q     0.01224   best Q     0.01164   390.4 min
  restart   5/6    eval   293   this Q     0.01231   best Q     0.01164   390.5 min
  restart   5/6    eval   294   this Q     0.01221   best Q     0.01164   390.7 min
  restart   5/6    eval   295   this Q     0.01221   best Q     0.01164   390.8 min
  restart   5/6    eval   296   this Q     0.01233   best Q     0.01164   391.0 min
  restart   5/6    eval   297   this Q     0.01226   best Q     0.01164   391.1 min
  restart   5/6    eval   298   this Q     0.01234   best Q     0.01164   391.3 min
  restart   5/6    eval   299   this Q     0.01226   best Q     0.01164   391.4 min
  restart   5/6    eval   300   this Q     0.01224   best Q     0.01164   391.6 min
  restart   5/6    eval   301   this Q     0.01222   best Q     0.01164   391.7 min
  restart   5/6    eval   302   this Q     0.01216   best Q     0.01164   391.9 min
  restart   5/6    eval   303   this Q     0.01214   best Q     0.01164   392.0 min
  restart   5/6    eval   304   this Q      0.0122   best Q     0.01164   392.2 min
  restart   5/6    eval   305   this Q     0.01222   best Q     0.01164   392.3 min
  restart   5/6    eval   306   this Q     0.01213   best Q     0.01164   392.5 min
  restart   5/6    eval   307   this Q     0.01213   best Q     0.01164   392.6 min
  restart   5/6    eval   308   this Q     0.01216   best Q     0.01164   392.8 min
  restart   5/6    eval   309   this Q     0.01211   best Q     0.01164   392.9 min
  restart   5/6    eval   310   this Q      0.0123   best Q     0.01164   393.1 min
  restart   5/6    eval   311   this Q     0.01221   best Q     0.01164   393.2 min
  restart   5/6    eval   312   this Q      0.0121   best Q     0.01164   393.4 min
  restart   5/6    eval   313   this Q     0.01214   best Q     0.01164   393.5 min
  restart   5/6    eval   314   this Q     0.01218   best Q     0.01164   393.7 min
  restart   5/6    eval   315   this Q     0.01209   best Q     0.01164   393.8 min
  restart   5/6    eval   316   this Q     0.01217   best Q     0.01164   394.0 min
  restart   5/6    eval   317   this Q     0.01209   best Q     0.01164   394.1 min
  restart   5/6    eval   318   this Q     0.01223   best Q     0.01164   394.3 min
  restart   5/6    eval   319   this Q     0.01213   best Q     0.01164   394.4 min
  restart   5/6    eval   320   this Q     0.01202   best Q     0.01164   394.6 min
  restart   5/6    eval   321   this Q       0.012   best Q     0.01164   394.7 min
  restart   5/6    eval   322   this Q     0.01212   best Q     0.01164   394.9 min
  restart   5/6    eval   323   this Q     0.01212   best Q     0.01164   395.0 min
  restart   5/6    eval   324   this Q     0.01214   best Q     0.01164   395.2 min
  restart   5/6    eval   325   this Q     0.01206   best Q     0.01164   395.3 min
  restart   5/6    eval   326   this Q      0.0121   best Q     0.01164   395.5 min
  restart   5/6    eval   327   this Q     0.01203   best Q     0.01164   395.7 min
  restart   5/6    eval   328   this Q     0.01209   best Q     0.01164   395.8 min
  restart   5/6    eval   329   this Q     0.01209   best Q     0.01164   395.9 min
  restart   5/6    eval   330   this Q     0.01205   best Q     0.01164   396.1 min
  restart   5/6    eval   331   this Q      0.0121   best Q     0.01164   396.3 min
  restart   5/6    eval   332   this Q       0.012   best Q     0.01164   396.4 min
  restart   5/6    eval   333   this Q       0.012   best Q     0.01164   396.6 min
  restart   5/6    eval   334   this Q     0.01208   best Q     0.01164   396.7 min
  restart   5/6    eval   335   this Q     0.01203   best Q     0.01164   396.9 min
  restart   5/6    eval   336   this Q     0.01212   best Q     0.01164   397.0 min
  restart   5/6    eval   337   this Q     0.01203   best Q     0.01164   397.2 min
  restart   5/6    eval   338   this Q     0.01212   best Q     0.01164   397.3 min
  restart   5/6    eval   339   this Q     0.01203   best Q     0.01164   397.5 min
  restart   5/6    eval   340   this Q     0.01198   best Q     0.01164   397.6 min
  restart   5/6    eval   341   this Q     0.01202   best Q     0.01164   397.8 min
  restart   5/6    eval   342   this Q     0.01205   best Q     0.01164   397.9 min
  restart   5/6    eval   343   this Q     0.01197   best Q     0.01164   398.1 min
  restart   5/6    eval   344   this Q       0.012   best Q     0.01164   398.2 min
  restart   5/6    eval   345   this Q     0.01194   best Q     0.01164   398.4 min
  restart   5/6    eval   346   this Q     0.01202   best Q     0.01164   398.5 min
  restart   5/6    eval   347   this Q     0.01202   best Q     0.01164   398.7 min
  restart   5/6    eval   348   this Q     0.01198   best Q     0.01164   398.8 min
  restart   5/6    eval   349   this Q     0.01199   best Q     0.01164   399.0 min
  restart   5/6    eval   350   this Q     0.01192   best Q     0.01164   399.1 min
  restart   5/6    eval   351   this Q     0.01196   best Q     0.01164   399.3 min
  restart   5/6    eval   352   this Q     0.01198   best Q     0.01164   399.4 min
  restart   5/6    eval   353   this Q     0.01197   best Q     0.01164   399.6 min
  restart   5/6    eval   354   this Q     0.01192   best Q     0.01164   399.7 min
  restart   5/6    eval   355   this Q     0.01193   best Q     0.01164   399.9 min
  restart   5/6    eval   356   this Q     0.01192   best Q     0.01164   400.0 min
  restart   5/6    eval   357   this Q     0.01196   best Q     0.01164   400.2 min
  restart   5/6    eval   358   this Q     0.01191   best Q     0.01164   400.3 min
  restart   5/6    eval   359   this Q     0.01193   best Q     0.01164   400.5 min
  restart   5/6    eval   360   this Q     0.01195   best Q     0.01164   400.6 min
  restart   5/6    eval   361   this Q     0.01194   best Q     0.01164   400.8 min
  restart   5/6    eval   362   this Q     0.01191   best Q     0.01164   400.9 min
  restart   5/6    eval   363   this Q     0.01189   best Q     0.01164   401.1 min
  restart   5/6    eval   364   this Q     0.01193   best Q     0.01164   401.2 min
  restart   5/6    eval   365   this Q     0.01187   best Q     0.01164   401.4 min
  restart   5/6    eval   366   this Q     0.01199   best Q     0.01164   401.5 min
  restart   5/6    eval   367   this Q     0.01195   best Q     0.01164   401.7 min
  restart   5/6    eval   368   this Q      0.0119   best Q     0.01164   401.8 min
  restart   5/6    eval   369   this Q     0.01187   best Q     0.01164   402.0 min
  restart   5/6    eval   370   this Q     0.01189   best Q     0.01164   402.1 min
  restart   5/6    eval   371   this Q      0.0119   best Q     0.01164   402.3 min
  restart   5/6    eval   372   this Q     0.01185   best Q     0.01164   402.4 min
  restart   5/6    eval   373   this Q     0.01187   best Q     0.01164   402.6 min
  restart   5/6    eval   374   this Q     0.01187   best Q     0.01164   402.7 min
  restart   5/6    eval   375   this Q     0.01187   best Q     0.01164   402.9 min
  restart   5/6    eval   376   this Q      0.0119   best Q     0.01164   403.0 min
  restart   5/6    eval   377   this Q     0.01185   best Q     0.01164   403.2 min
  restart   5/6    eval   378   this Q     0.01182   best Q     0.01164   403.3 min
  restart   5/6    eval   379   this Q     0.01183   best Q     0.01164   403.5 min
  restart   5/6    eval   380   this Q     0.01187   best Q     0.01164   403.6 min
  restart   5/6    eval   381   this Q     0.01187   best Q     0.01164   403.8 min
  restart   5/6    eval   382   this Q     0.01182   best Q     0.01164   403.9 min
  restart   5/6    eval   383   this Q     0.01188   best Q     0.01164   404.1 min
  restart   5/6    eval   384   this Q     0.01189   best Q     0.01164   404.3 min
  restart   5/6    eval   385   this Q     0.01184   best Q     0.01164   404.4 min
  restart   5/6    eval   386   this Q     0.01185   best Q     0.01164   404.6 min
  restart   5/6    eval   387   this Q     0.01186   best Q     0.01164   404.7 min
  restart   5/6    eval   388   this Q     0.01184   best Q     0.01164   404.9 min
  restart   5/6    eval   389   this Q     0.01182   best Q     0.01164   405.0 min
  restart   5/6    eval   390   this Q     0.01183   best Q     0.01164   405.2 min
  restart   5/6    eval   391   this Q      0.0118   best Q     0.01164   405.3 min
  restart   5/6    eval   392   this Q     0.01185   best Q     0.01164   405.5 min
  restart   5/6    eval   393   this Q     0.01182   best Q     0.01164   405.6 min
  restart   5/6    eval   394   this Q     0.01181   best Q     0.01164   405.8 min
  restart   5/6    eval   395   this Q     0.01188   best Q     0.01164   405.9 min
  restart   5/6    eval   396   this Q     0.01181   best Q     0.01164   406.1 min
  restart   5/6    eval   397   this Q     0.01181   best Q     0.01164   406.2 min
  restart   5/6    eval   398   this Q      0.0118   best Q     0.01164   406.4 min
  restart   5/6    eval   399   this Q     0.01185   best Q     0.01164   406.5 min
  restart   5/6    eval   400   this Q      0.0118   best Q     0.01164   406.7 min
  restart   5/6    eval   401   this Q     0.01183   best Q     0.01164   406.8 min
  restart   5/6    eval   402   this Q      0.0118   best Q     0.01164   407.0 min
  restart   5/6    eval   403   this Q     0.01183   best Q     0.01164   407.1 min
  restart   5/6    eval   404   this Q      0.0118   best Q     0.01164   407.3 min
  restart   5/6    eval   405   this Q     0.01182   best Q     0.01164   407.4 min
  restart   5/6    eval   406   this Q      0.0118   best Q     0.01164   407.6 min
  restart   5/6    eval   407   this Q     0.01181   best Q     0.01164   407.7 min
  restart   5/6    eval   408   this Q     0.01179   best Q     0.01164   407.9 min
  restart   5/6    eval   409   this Q      0.0118   best Q     0.01164   408.0 min
  restart   5/6    eval   410   this Q     0.01181   best Q     0.01164   408.2 min
  restart   5/6    eval   411   this Q     0.01179   best Q     0.01164   408.3 min
  restart   5/6    eval   412   this Q      0.0118   best Q     0.01164   408.5 min
  restart   5/6    eval   413   this Q     0.01182   best Q     0.01164   408.6 min
  restart   5/6    eval   414   this Q     0.01179   best Q     0.01164   408.8 min
  restart   5/6    eval   415   this Q     0.01178   best Q     0.01164   408.9 min
  restart   5/6    eval   416   this Q      0.0118   best Q     0.01164   409.1 min
  restart   5/6    eval   417   this Q      0.0118   best Q     0.01164   409.2 min
  restart   5/6    eval   418   this Q     0.01179   best Q     0.01164   409.4 min
  restart   5/6    eval   419   this Q     0.01179   best Q     0.01164   409.5 min
  restart   5/6    eval   420   this Q     0.01181   best Q     0.01164   409.7 min
  restart   5/6    eval   421   this Q     0.01179   best Q     0.01164   409.8 min
  restart   5/6    eval   422   this Q     0.01178   best Q     0.01164   410.0 min
  restart   5/6    eval   423   this Q     0.01179   best Q     0.01164   410.1 min
  restart   5/6    eval   424   this Q     0.01183   best Q     0.01164   410.3 min
  restart   5/6    eval   425   this Q     0.01178   best Q     0.01164   410.4 min
  restart   5/6    eval   426   this Q     0.01178   best Q     0.01164   410.6 min
  restart   5/6    eval   427   this Q     0.01178   best Q     0.01164   410.7 min
  restart   5/6    eval   428   this Q     0.01178   best Q     0.01164   410.9 min
  restart   5/6    eval   429   this Q     0.01177   best Q     0.01164   411.0 min
  restart   5/6    eval   430   this Q     0.01177   best Q     0.01164   411.2 min
  restart   5/6    eval   431   this Q     0.01178   best Q     0.01164   411.3 min
  restart   5/6    eval   432   this Q     0.01176   best Q     0.01164   411.5 min
  restart   5/6    eval   433   this Q     0.01175   best Q     0.01164   411.6 min
  restart   5/6    eval   434   this Q     0.01177   best Q     0.01164   411.8 min
  restart   5/6    eval   435   this Q     0.01176   best Q     0.01164   411.9 min
  restart   5/6    eval   436   this Q     0.01176   best Q     0.01164   412.1 min
  restart   5/6    eval   437   this Q     0.01176   best Q     0.01164   412.2 min
  restart   5/6    eval   438   this Q     0.01176   best Q     0.01164   412.4 min
  restart   5/6    eval   439   this Q     0.01176   best Q     0.01164   412.5 min
  restart   5/6    eval   440   this Q     0.01176   best Q     0.01164   412.7 min
  restart   5/6    eval   441   this Q     0.01175   best Q     0.01164   412.8 min
  restart   5/6    eval   442   this Q     0.01174   best Q     0.01164   413.0 min
  restart   5/6    eval   443   this Q     0.01175   best Q     0.01164   413.1 min
  restart   5/6    eval   444   this Q     0.01174   best Q     0.01164   413.3 min
  restart   5/6    eval   445   this Q     0.01176   best Q     0.01164   413.4 min
  restart   5/6    eval   446   this Q     0.01173   best Q     0.01164   413.6 min
  restart   5/6    eval   447   this Q     0.01173   best Q     0.01164   413.7 min
  restart   5/6    eval   448   this Q     0.01173   best Q     0.01164   413.9 min
  restart   5/6    eval   449   this Q     0.01173   best Q     0.01164   414.0 min
  restart   5/6    eval   450   this Q     0.01173   best Q     0.01164   414.2 min
  restart   5/6    eval   451   this Q     0.01173   best Q     0.01164   414.3 min
  restart   5/6    eval   452   this Q     0.01174   best Q     0.01164   414.5 min
  restart   5/6    eval   453   this Q     0.01173   best Q     0.01164   414.6 min
  restart   5/6    eval   454   this Q     0.01172   best Q     0.01164   414.8 min
  restart   5/6    eval   455   this Q     0.01173   best Q     0.01164   414.9 min
  restart   5/6    eval   456   this Q     0.01172   best Q     0.01164   415.1 min
  restart   5/6    eval   457   this Q     0.01173   best Q     0.01164   415.2 min
  restart   5/6    eval   458   this Q     0.01173   best Q     0.01164   415.4 min
  restart   5/6    eval   459   this Q     0.01173   best Q     0.01164   415.5 min
  restart   5/6    eval   460   this Q      0.0117   best Q     0.01164   415.7 min
  restart   5/6    eval   461   this Q     0.01172   best Q     0.01164   415.8 min
  restart   5/6    eval   462   this Q      0.0117   best Q     0.01164   416.0 min
  restart   5/6    eval   463   this Q      0.0117   best Q     0.01164   416.2 min
  restart   5/6    eval   464   this Q     0.01174   best Q     0.01164   416.3 min
  restart   5/6    eval   465   this Q     0.01172   best Q     0.01164   416.4 min
  restart   5/6    eval   466   this Q     0.01171   best Q     0.01164   416.6 min
  restart   5/6    eval   467   this Q     0.01171   best Q     0.01164   416.8 min
  restart   5/6    eval   468   this Q     0.01171   best Q     0.01164   416.9 min
  restart   5/6    eval   469   this Q     0.01169   best Q     0.01164   417.1 min
  restart   5/6    eval   470   this Q     0.01169   best Q     0.01164   417.2 min
  restart   5/6    eval   471   this Q     0.01174   best Q     0.01164   417.4 min
  restart   5/6    eval   472   this Q     0.01171   best Q     0.01164   417.5 min
  restart   5/6    eval   473   this Q      0.0117   best Q     0.01164   417.7 min
  restart   5/6    eval   474   this Q     0.01168   best Q     0.01164   417.8 min
  restart   5/6    eval   475   this Q     0.01168   best Q     0.01164   418.0 min
  restart   5/6    eval   476   this Q     0.01169   best Q     0.01164   418.1 min
  restart   5/6    eval   477   this Q      0.0117   best Q     0.01164   418.3 min
  restart   5/6    eval   478   this Q      0.0117   best Q     0.01164   418.4 min
  restart   5/6    eval   479   this Q     0.01169   best Q     0.01164   418.6 min
  restart   5/6    eval   480   this Q     0.01169   best Q     0.01164   418.7 min
  restart   5/6    eval   481   this Q      0.0117   best Q     0.01164   418.9 min
  restart   5/6    eval   482   this Q     0.01171   best Q     0.01164   419.0 min
  restart   5/6    eval   483   this Q     0.01169   best Q     0.01164   419.2 min
  restart   5/6    eval   484   this Q      0.0117   best Q     0.01164   419.3 min
  restart   5/6    eval   485   this Q     0.01168   best Q     0.01164   419.5 min
  restart   5/6    eval   486   this Q     0.01168   best Q     0.01164   419.6 min
  restart   5/6    eval   487   this Q      0.0117   best Q     0.01164   419.8 min
  restart   5/6    eval   488   this Q     0.01169   best Q     0.01164   419.9 min
  restart   5/6    eval   489   this Q     0.01168   best Q     0.01164   420.1 min
  restart   5/6    eval   490   this Q     0.01169   best Q     0.01164   420.2 min
  restart   5/6    eval   491   this Q     0.01168   best Q     0.01164   420.4 min
  restart   5/6    eval   492   this Q     0.01169   best Q     0.01164   420.5 min
  restart   5/6    eval   493   this Q     0.01169   best Q     0.01164   420.7 min
  restart   5/6    eval   494   this Q     0.01168   best Q     0.01164   420.8 min
  restart   5/6    eval   495   this Q      0.0117   best Q     0.01164   421.0 min
  restart   5/6    eval   496   this Q     0.01168   best Q     0.01164   421.1 min
  restart   5/6    eval   497   this Q     0.01168   best Q     0.01164   421.3 min
  restart   5/6    eval   498   this Q     0.01168   best Q     0.01164   421.4 min
  restart   5/6    eval   499   this Q     0.01168   best Q     0.01164   421.6 min
  restart   5/6   DONE   this     0.01168   best Q     0.01164   421.6 min, ~84 min left
  restart   6/6    eval     1   this Q     0.01177   best Q     0.01164   421.8 min
  restart   6/6    eval     2   this Q     0.01177   best Q     0.01164   421.9 min
  restart   6/6    eval     3   this Q      0.9595   best Q     0.01164   422.1 min
  restart   6/6    eval     4   this Q      0.8599   best Q     0.01164   422.2 min
  restart   6/6    eval     5   this Q      0.0279   best Q     0.01164   422.4 min
  restart   6/6    eval     6   this Q       1.646   best Q     0.01164   422.5 min
  restart   6/6    eval     7   this Q      0.3402   best Q     0.01164   422.7 min
  restart   6/6    eval     8   this Q      0.5525   best Q     0.01164   422.8 min
  restart   6/6    eval     9   this Q        6.97   best Q     0.01164   423.0 min
  restart   6/6    eval    10   this Q     0.01192   best Q     0.01164   423.2 min
  restart   6/6    eval    11   this Q       0.722   best Q     0.01164   423.3 min
  restart   6/6    eval    12   this Q       1.119   best Q     0.01164   423.5 min
  restart   6/6    eval    13   this Q       1.906   best Q     0.01164   423.6 min
  restart   6/6    eval    14   this Q      0.4491   best Q     0.01164   423.8 min
  restart   6/6    eval    15   this Q       6.471   best Q     0.01164   423.9 min
  restart   6/6    eval    16   this Q      0.4931   best Q     0.01164   424.1 min
  restart   6/6    eval    17   this Q      0.4171   best Q     0.01164   424.3 min
  restart   6/6    eval    18   this Q      0.3249   best Q     0.01164   424.4 min
  restart   6/6    eval    19   this Q       1.199   best Q     0.01164   424.6 min
  restart   6/6    eval    20   this Q      0.1289   best Q     0.01164   424.7 min
  restart   6/6    eval    21   this Q      0.3434   best Q     0.01164   424.9 min
  restart   6/6    eval    22   this Q      0.8675   best Q     0.01164   425.1 min
  restart   6/6    eval    23   this Q      0.2048   best Q     0.01164   425.2 min
  restart   6/6    eval    24   this Q      0.3514   best Q     0.01164   425.4 min
  restart   6/6    eval    25   this Q       1.006   best Q     0.01164   425.5 min
  restart   6/6    eval    26   this Q      0.1416   best Q     0.01164   425.7 min
  restart   6/6    eval    27   this Q      0.4056   best Q     0.01164   425.8 min
  restart   6/6    eval    28   this Q      0.1108   best Q     0.01164   426.0 min
  restart   6/6    eval    29   this Q      0.5777   best Q     0.01164   426.2 min
  restart   6/6    eval    30   this Q      0.1026   best Q     0.01164   426.3 min
  restart   6/6    eval    31   this Q      0.3841   best Q     0.01164   426.5 min
  restart   6/6    eval    32   this Q      0.1165   best Q     0.01164   426.6 min
  restart   6/6    eval    33   this Q      0.6161   best Q     0.01164   426.8 min
  restart   6/6    eval    34   this Q      0.1332   best Q     0.01164   427.0 min
  restart   6/6    eval    35   this Q      0.1815   best Q     0.01164   427.1 min
  restart   6/6    eval    36   this Q     0.04991   best Q     0.01164   427.3 min
  restart   6/6    eval    37   this Q      0.1946   best Q     0.01164   427.4 min
  restart   6/6    eval    38   this Q     0.05652   best Q     0.01164   427.6 min
  restart   6/6    eval    39   this Q      0.1674   best Q     0.01164   427.7 min
  restart   6/6    eval    40   this Q     0.05809   best Q     0.01164   427.9 min
  restart   6/6    eval    41   this Q      0.1243   best Q     0.01164   428.1 min
  restart   6/6    eval    42   this Q     0.05062   best Q     0.01164   428.2 min
  restart   6/6    eval    43   this Q      0.0998   best Q     0.01164   428.4 min
  restart   6/6    eval    44   this Q      0.1047   best Q     0.01164   428.5 min
  restart   6/6    eval    45   this Q        0.04   best Q     0.01164   428.7 min
  restart   6/6    eval    46   this Q     0.09783   best Q     0.01164   428.8 min
  restart   6/6    eval    47   this Q      0.1215   best Q     0.01164   429.0 min
  restart   6/6    eval    48   this Q     0.03675   best Q     0.01164   429.2 min
  restart   6/6    eval    49   this Q     0.09353   best Q     0.01164   429.3 min
  restart   6/6    eval    50   this Q     0.03737   best Q     0.01164   429.5 min
  restart   6/6    eval    51   this Q     0.08572   best Q     0.01164   429.6 min
  restart   6/6    eval    52   this Q     0.02863   best Q     0.01164   429.8 min
  restart   6/6    eval    53   this Q     0.04059   best Q     0.01164   430.0 min
  restart   6/6    eval    54   this Q      0.0741   best Q     0.01164   430.1 min
  restart   6/6    eval    55   this Q     0.02323   best Q     0.01164   430.3 min
  restart   6/6    eval    56   this Q     0.03323   best Q     0.01164   430.4 min
  restart   6/6    eval    57   this Q     0.05372   best Q     0.01164   430.6 min
  restart   6/6    eval    58   this Q     0.02008   best Q     0.01164   430.8 min
  restart   6/6    eval    59   this Q      0.0269   best Q     0.01164   430.9 min
  restart   6/6    eval    60   this Q     0.03137   best Q     0.01164   431.1 min
  restart   6/6    eval    61   this Q     0.03832   best Q     0.01164   431.2 min
  restart   6/6    eval    62   this Q     0.01893   best Q     0.01164   431.4 min
  restart   6/6    eval    63   this Q     0.05388   best Q     0.01164   431.5 min
  restart   6/6    eval    64   this Q     0.01665   best Q     0.01164   431.7 min
  restart   6/6    eval    65   this Q      0.0333   best Q     0.01164   431.9 min
  restart   6/6    eval    66   this Q     0.01812   best Q     0.01164   432.0 min
  restart   6/6    eval    67   this Q     0.02573   best Q     0.01164   432.2 min
  restart   6/6    eval    68   this Q     0.02769   best Q     0.01164   432.3 min
  restart   6/6    eval    69   this Q     0.01695   best Q     0.01164   432.5 min
  restart   6/6    eval    70   this Q     0.03062   best Q     0.01164   432.7 min
  restart   6/6    eval    71   this Q     0.01637   best Q     0.01164   432.8 min
  restart   6/6    eval    72   this Q     0.03075   best Q     0.01164   433.0 min
  restart   6/6    eval    73   this Q     0.01538   best Q     0.01164   433.1 min
  restart   6/6    eval    74   this Q     0.02304   best Q     0.01164   433.3 min
  restart   6/6    eval    75   this Q     0.01547   best Q     0.01164   433.4 min
  restart   6/6    eval    76   this Q     0.01496   best Q     0.01164   433.6 min
  restart   6/6    eval    77   this Q     0.02084   best Q     0.01164   433.8 min
  restart   6/6    eval    78   this Q     0.01398   best Q     0.01164   433.9 min
  restart   6/6    eval    79   this Q     0.01573   best Q     0.01164   434.1 min
  restart   6/6    eval    80   this Q     0.01335   best Q     0.01164   434.2 min
  restart   6/6    eval    81   this Q     0.01703   best Q     0.01164   434.4 min
  restart   6/6    eval    82   this Q     0.01314   best Q     0.01164   434.6 min
  restart   6/6    eval    83   this Q     0.01633   best Q     0.01164   434.7 min
  restart   6/6    eval    84   this Q     0.01299   best Q     0.01164   434.9 min
  restart   6/6    eval    85   this Q      0.0174   best Q     0.01164   435.0 min
  restart   6/6    eval    86   this Q     0.01276   best Q     0.01164   435.2 min
  restart   6/6    eval    87   this Q     0.01505   best Q     0.01164   435.4 min
  restart   6/6    eval    88   this Q     0.01604   best Q     0.01164   435.5 min
  restart   6/6    eval    89   this Q     0.01268   best Q     0.01164   435.7 min
  restart   6/6    eval    90   this Q     0.01508   best Q     0.01164   435.8 min
  restart   6/6    eval    91   this Q     0.01267   best Q     0.01164   436.0 min
  restart   6/6    eval    92   this Q     0.01715   best Q     0.01164   436.1 min
  restart   6/6    eval    93   this Q     0.01245   best Q     0.01164   436.3 min
  restart   6/6    eval    94   this Q     0.01465   best Q     0.01164   436.4 min
  restart   6/6    eval    95   this Q     0.01235   best Q     0.01164   436.6 min
  restart   6/6    eval    96   this Q     0.01395   best Q     0.01164   436.8 min
  restart   6/6    eval    97   this Q     0.01222   best Q     0.01164   436.9 min
  restart   6/6    eval    98   this Q     0.01305   best Q     0.01164   437.1 min
  restart   6/6    eval    99   this Q     0.01216   best Q     0.01164   437.2 min
  restart   6/6    eval   100   this Q     0.01292   best Q     0.01164   437.4 min
  restart   6/6    eval   101   this Q     0.01214   best Q     0.01164   437.6 min
  restart   6/6    eval   102   this Q     0.01366   best Q     0.01164   437.7 min
  restart   6/6    eval   103   this Q     0.01201   best Q     0.01164   437.9 min
  restart   6/6    eval   104   this Q     0.01273   best Q     0.01164   438.0 min
  restart   6/6    eval   105   this Q     0.01208   best Q     0.01164   438.2 min
  restart   6/6    eval   106   this Q     0.01236   best Q     0.01164   438.3 min
  restart   6/6    eval   107   this Q     0.01284   best Q     0.01164   438.5 min
  restart   6/6    eval   108   this Q     0.01197   best Q     0.01164   438.7 min
  restart   6/6    eval   109   this Q     0.01261   best Q     0.01164   438.8 min
  restart   6/6    eval   110   this Q     0.01197   best Q     0.01164   439.0 min
  restart   6/6    eval   111   this Q     0.01228   best Q     0.01164   439.1 min
  restart   6/6    eval   112   this Q     0.01195   best Q     0.01164   439.3 min
  restart   6/6    eval   113   this Q     0.01244   best Q     0.01164   439.4 min
  restart   6/6    eval   114   this Q     0.01192   best Q     0.01164   439.6 min
  restart   6/6    eval   115   this Q     0.01212   best Q     0.01164   439.7 min
  restart   6/6    eval   116   this Q     0.01207   best Q     0.01164   439.9 min
  restart   6/6    eval   117   this Q      0.0122   best Q     0.01164   440.1 min
  restart   6/6    eval   118   this Q     0.01191   best Q     0.01164   440.2 min
  restart   6/6    eval   119   this Q     0.01197   best Q     0.01164   440.4 min
  restart   6/6    eval   120   this Q      0.0121   best Q     0.01164   440.5 min
  restart   6/6    eval   121   this Q     0.01189   best Q     0.01164   440.7 min
  restart   6/6    eval   122   this Q     0.01197   best Q     0.01164   440.8 min
  restart   6/6    eval   123   this Q     0.01197   best Q     0.01164   441.0 min
  restart   6/6    eval   124   this Q     0.01205   best Q     0.01164   441.1 min
  restart   6/6    eval   125   this Q     0.01186   best Q     0.01164   441.3 min
  restart   6/6    eval   126   this Q     0.01214   best Q     0.01164   441.4 min
  restart   6/6    eval   127   this Q     0.01185   best Q     0.01164   441.6 min
  restart   6/6    eval   128   this Q     0.01196   best Q     0.01164   441.8 min
  restart   6/6    eval   129   this Q     0.01201   best Q     0.01164   441.9 min
  restart   6/6    eval   130   this Q     0.01186   best Q     0.01164   442.1 min
  restart   6/6    eval   131   this Q     0.01196   best Q     0.01164   442.2 min
  restart   6/6    eval   132   this Q     0.01186   best Q     0.01164   442.4 min
  restart   6/6    eval   133   this Q     0.01197   best Q     0.01164   442.5 min
  restart   6/6    eval   134   this Q     0.01186   best Q     0.01164   442.7 min
  restart   6/6    eval   135   this Q     0.01193   best Q     0.01164   442.8 min
  restart   6/6    eval   136   this Q     0.01186   best Q     0.01164   443.0 min
  restart   6/6    eval   137   this Q     0.01181   best Q     0.01164   443.1 min
  restart   6/6    eval   138   this Q     0.01187   best Q     0.01164   443.3 min
  restart   6/6    eval   139   this Q     0.01181   best Q     0.01164   443.4 min
  restart   6/6    eval   140   this Q      0.0119   best Q     0.01164   443.6 min
  restart   6/6    eval   141   this Q     0.01182   best Q     0.01164   443.7 min
  restart   6/6    eval   142   this Q     0.01182   best Q     0.01164   443.9 min
  restart   6/6    eval   143   this Q     0.01177   best Q     0.01164   444.0 min
  restart   6/6    eval   144   this Q     0.01178   best Q     0.01164   444.2 min
  restart   6/6    eval   145   this Q     0.01179   best Q     0.01164   444.3 min
  restart   6/6    eval   146   this Q     0.01179   best Q     0.01164   444.5 min
  restart   6/6    eval   147   this Q     0.01177   best Q     0.01164   444.6 min
  restart   6/6    eval   148   this Q     0.01183   best Q     0.01164   444.8 min
  restart   6/6    eval   149   this Q     0.01171   best Q     0.01164   444.9 min
  restart   6/6    eval   150   this Q     0.01171   best Q     0.01164   445.1 min
  restart   6/6    eval   151   this Q     0.01174   best Q     0.01164   445.2 min
  restart   6/6    eval   152   this Q     0.01175   best Q     0.01164   445.4 min
  restart   6/6    eval   153   this Q     0.01175   best Q     0.01164   445.5 min
  restart   6/6    eval   154   this Q     0.01176   best Q     0.01164   445.7 min
  restart   6/6    eval   155   this Q     0.01169   best Q     0.01164   445.8 min
  restart   6/6    eval   156   this Q     0.01171   best Q     0.01164   446.0 min
  restart   6/6    eval   157   this Q      0.0117   best Q     0.01164   446.1 min
  restart   6/6    eval   158   this Q     0.01169   best Q     0.01164   446.3 min
  restart   6/6    eval   159   this Q      0.0117   best Q     0.01164   446.4 min
  restart   6/6    eval   160   this Q     0.01167   best Q     0.01164   446.6 min
  restart   6/6    eval   161   this Q     0.01169   best Q     0.01164   446.7 min
  restart   6/6    eval   162   this Q      0.0117   best Q     0.01164   446.9 min
  restart   6/6    eval   163   this Q      0.0117   best Q     0.01164   447.0 min
  restart   6/6    eval   164   this Q     0.01169   best Q     0.01164   447.2 min
  restart   6/6    eval   165   this Q     0.01166   best Q     0.01164   447.3 min
  restart   6/6    eval   166   this Q      0.0117   best Q     0.01164   447.5 min
  restart   6/6    eval   167   this Q     0.01163   best Q     0.01163   447.6 min
  restart   6/6    eval   168   this Q     0.01169   best Q     0.01163   447.8 min
  restart   6/6    eval   169   this Q     0.01165   best Q     0.01163   447.9 min
  restart   6/6    eval   170   this Q     0.01171   best Q     0.01163   448.1 min
  restart   6/6    eval   171   this Q     0.01166   best Q     0.01163   448.2 min
  restart   6/6    eval   172   this Q     0.01171   best Q     0.01163   448.4 min
  restart   6/6    eval   173   this Q     0.01166   best Q     0.01163   448.5 min
  restart   6/6    eval   174   this Q     0.01163   best Q     0.01163   448.7 min
  restart   6/6    eval   175   this Q     0.01166   best Q     0.01163   448.8 min
  restart   6/6    eval   176   this Q     0.01162   best Q     0.01162   449.0 min
  restart   6/6    eval   177   this Q     0.01167   best Q     0.01162   449.1 min
  restart   6/6    eval   178   this Q     0.01166   best Q     0.01162   449.3 min
  restart   6/6    eval   179   this Q     0.01159   best Q     0.01159   449.4 min
  restart   6/6    eval   180   this Q     0.01162   best Q     0.01159   449.6 min
  restart   6/6    eval   181   this Q     0.01162   best Q     0.01159   449.7 min
  restart   6/6    eval   182   this Q     0.01159   best Q     0.01159   449.9 min
  restart   6/6    eval   183   this Q      0.0116   best Q     0.01159   450.0 min
  restart   6/6    eval   184   this Q     0.01161   best Q     0.01159   450.2 min
  restart   6/6    eval   185   this Q     0.01164   best Q     0.01159   450.4 min
  restart   6/6    eval   186   this Q     0.01163   best Q     0.01159   450.5 min
  restart   6/6    eval   187   this Q     0.01161   best Q     0.01159   450.7 min
  restart   6/6    eval   188   this Q     0.01162   best Q     0.01159   450.8 min
  restart   6/6    eval   189   this Q     0.01162   best Q     0.01159   451.0 min
  restart   6/6    eval   190   this Q     0.01162   best Q     0.01159   451.1 min
  restart   6/6    eval   191   this Q     0.01161   best Q     0.01159   451.3 min
  restart   6/6    eval   192   this Q     0.01162   best Q     0.01159   451.4 min
  restart   6/6    eval   193   this Q      0.0116   best Q     0.01159   451.6 min
  restart   6/6    eval   194   this Q     0.01161   best Q     0.01159   451.7 min
  restart   6/6    eval   195   this Q     0.01161   best Q     0.01159   451.9 min
  restart   6/6    eval   196   this Q     0.01163   best Q     0.01159   452.0 min
  restart   6/6    eval   197   this Q     0.01159   best Q     0.01159   452.2 min
  restart   6/6    eval   198   this Q     0.01162   best Q     0.01159   452.3 min
  restart   6/6    eval   199   this Q     0.01159   best Q     0.01159   452.5 min
  restart   6/6    eval   200   this Q     0.01161   best Q     0.01159   452.6 min
  restart   6/6    eval   201   this Q     0.01165   best Q     0.01159   452.8 min
  restart   6/6    eval   202   this Q     0.01159   best Q     0.01159   452.9 min
  restart   6/6    eval   203   this Q     0.01161   best Q     0.01159   453.1 min
  restart   6/6    eval   204   this Q     0.01159   best Q     0.01159   453.2 min
  restart   6/6    eval   205   this Q      0.0116   best Q     0.01159   453.4 min
  restart   6/6    eval   206   this Q      0.0116   best Q     0.01159   453.5 min
  restart   6/6    eval   207   this Q     0.01159   best Q     0.01159   453.7 min
  restart   6/6    eval   208   this Q     0.01163   best Q     0.01159   453.8 min
  restart   6/6    eval   209   this Q     0.01161   best Q     0.01159   454.0 min
  restart   6/6    eval   210   this Q     0.01159   best Q     0.01159   454.1 min
  restart   6/6   DONE   this     0.01159   best Q     0.01159   454.1 min, ~0 min left
  restart   6/6    eval     1   this Q     0.01159   best Q     0.01159   454.3 min
  restart   6/6    eval     2   this Q      0.9625   best Q     0.01159   454.4 min
  restart   6/6    eval     3   this Q      0.8678   best Q     0.01159   454.6 min
  restart   6/6    eval     4   this Q     0.02769   best Q     0.01159   454.7 min
  restart   6/6    eval     5   this Q       1.647   best Q     0.01159   454.9 min
  restart   6/6    eval     6   this Q      0.3418   best Q     0.01159   455.0 min
  restart   6/6    eval     7   this Q      0.5546   best Q     0.01159   455.2 min
  restart   6/6    eval     8   this Q       6.998   best Q     0.01159   455.3 min
  restart   6/6    eval     9   this Q     0.01159   best Q     0.01159   455.5 min
  restart   6/6    eval    10   this Q      0.7224   best Q     0.01159   455.6 min
  restart   6/6    eval    11   this Q      0.3093   best Q     0.01159   455.8 min
  restart   6/6    eval    12   this Q      0.3768   best Q     0.01159   456.0 min
  restart   6/6    eval    13   this Q     0.02507   best Q     0.01159   456.1 min
  restart   6/6    eval    14   this Q       1.666   best Q     0.01159   456.3 min
  restart   6/6    eval    15   this Q      0.3086   best Q     0.01159   456.4 min
  restart   6/6    eval    16   this Q       0.368   best Q     0.01159   456.6 min
  restart   6/6    eval    17   this Q      0.9038   best Q     0.01159   456.7 min
  restart   6/6    eval    18   this Q     0.01159   best Q     0.01159   456.9 min
  restart   6/6    eval    19   this Q       0.492   best Q     0.01159   457.0 min
  restart   6/6    eval    20   this Q      0.2626   best Q     0.01159   457.2 min
  restart   6/6    eval    21   this Q      0.2611   best Q     0.01159   457.3 min
  restart   6/6    eval    22   this Q       0.017   best Q     0.01159   457.5 min
  restart   6/6    eval    23   this Q     0.05258   best Q     0.01159   457.6 min
  restart   6/6    eval    24   this Q     0.01492   best Q     0.01159   457.8 min
  restart   6/6    eval    25   this Q     0.02079   best Q     0.01159   457.9 min
  restart   6/6    eval    26   this Q     0.01165   best Q     0.01159   458.1 min
  restart   6/6    eval    27   this Q     0.01625   best Q     0.01159   458.2 min
  restart   6/6    eval    28   this Q     0.01979   best Q     0.01159   458.4 min
  restart   6/6    eval    29   this Q     0.01272   best Q     0.01159   458.5 min
  restart   6/6    eval    30   this Q     0.01307   best Q     0.01159   458.7 min
  restart   6/6    eval    31   this Q     0.01934   best Q     0.01159   458.8 min
  restart   6/6    eval    32   this Q     0.01449   best Q     0.01159   459.0 min
  restart   6/6    eval    33   this Q     0.01374   best Q     0.01159   459.1 min
  restart   6/6    eval    34   this Q     0.01492   best Q     0.01159   459.3 min
  restart   6/6    eval    35   this Q     0.01409   best Q     0.01159   459.4 min
  restart   6/6    eval    36   this Q     0.02756   best Q     0.01159   459.6 min
  restart   6/6    eval    37   this Q     0.01472   best Q     0.01159   459.7 min
  restart   6/6    eval    38   this Q      0.0244   best Q     0.01159   459.9 min
  restart   6/6    eval    39   this Q     0.01983   best Q     0.01159   460.0 min
  restart   6/6    eval    40   this Q     0.01195   best Q     0.01159   460.2 min
  restart   6/6    eval    41   this Q     0.01165   best Q     0.01159   460.3 min
  restart   6/6    eval    42   this Q     0.01169   best Q     0.01159   460.5 min
  restart   6/6    eval    43   this Q     0.01171   best Q     0.01159   460.6 min
  restart   6/6    eval    44   this Q     0.01161   best Q     0.01159   460.8 min
  restart   6/6    eval    45   this Q     0.01162   best Q     0.01159   460.9 min
  restart   6/6    eval    46   this Q     0.01162   best Q     0.01159   461.1 min
  restart   6/6    eval    47   this Q      0.0116   best Q     0.01159   461.2 min
  restart   6/6    eval    48   this Q     0.01162   best Q     0.01159   461.4 min
  restart   6/6    eval    49   this Q     0.01164   best Q     0.01159   461.5 min
  restart   6/6    eval    50   this Q     0.01161   best Q     0.01159   461.7 min
  restart   6/6    eval    51   this Q     0.01161   best Q     0.01159   461.8 min
  restart   6/6    eval    52   this Q     0.01158   best Q     0.01158   462.0 min
  restart   6/6    eval    53   this Q     0.01159   best Q     0.01158   462.1 min
  restart   6/6    eval    54   this Q     0.01159   best Q     0.01158   462.3 min
  restart   6/6    eval    55   this Q     0.01159   best Q     0.01158   462.4 min
  restart   6/6    eval    56   this Q     0.01159   best Q     0.01158   462.6 min
  restart   6/6    eval    57   this Q     0.01159   best Q     0.01158   462.7 min
  restart   6/6    eval    58   this Q     0.01158   best Q     0.01158   462.9 min
  restart   6/6    eval    59   this Q     0.01159   best Q     0.01158   463.0 min
  restart   6/6    eval    60   this Q     0.01159   best Q     0.01158   463.2 min
  restart   6/6    eval    61   this Q     0.01159   best Q     0.01158   463.3 min
  restart   6/6    eval    62   this Q     0.01158   best Q     0.01158   463.5 min
  restart   6/6    eval    63   this Q     0.01158   best Q     0.01158   463.6 min
  restart   6/6    eval    64   this Q     0.01159   best Q     0.01158   463.8 min
  restart   6/6    eval    65   this Q     0.01159   best Q     0.01158   463.9 min
  restart   6/6    eval    66   this Q     0.01159   best Q     0.01158   464.1 min
  restart   6/6    eval    67   this Q     0.01159   best Q     0.01158   464.2 min
  restart   6/6    eval    68   this Q     0.01159   best Q     0.01158   464.4 min
  restart   6/6    eval    69   this Q     0.01158   best Q     0.01158   464.5 min
  restart   6/6    eval    70   this Q     0.01159   best Q     0.01158   464.7 min
  restart   6/6    eval    71   this Q     0.01158   best Q     0.01158   464.8 min
  restart   6/6    eval    72   this Q     0.01159   best Q     0.01158   465.0 min
  restart   6/6    eval    73   this Q     0.01159   best Q     0.01158   465.1 min
  restart   6/6    eval    74   this Q     0.01158   best Q     0.01158   465.3 min
  restart   6/6    eval    75   this Q     0.01159   best Q     0.01158   465.4 min
  restart   6/6    eval    76   this Q     0.01158   best Q     0.01158   465.6 min
  restart   6/6    eval    77   this Q     0.01158   best Q     0.01158   465.7 min
  restart   6/6    eval    78   this Q     0.01158   best Q     0.01158   465.9 min
  restart   6/6    eval    79   this Q     0.01158   best Q     0.01158   466.0 min
  restart   6/6    eval    80   this Q     0.01158   best Q     0.01158   466.2 min
  restart   6/6    eval    81   this Q     0.01158   best Q     0.01158   466.3 min
  restart   6/6    eval    82   this Q     0.01158   best Q     0.01158   466.5 min
  restart   6/6    eval    83   this Q     0.01158   best Q     0.01158   466.6 min
  restart   6/6    eval    84   this Q     0.01158   best Q     0.01158   466.8 min
  restart   6/6    eval    85   this Q     0.01158   best Q     0.01158   466.9 min
  restart   6/6    eval    86   this Q     0.01158   best Q     0.01158   467.1 min
  restart   6/6    eval    87   this Q     0.01158   best Q     0.01158   467.2 min
  restart   6/6    eval    88   this Q     0.01158   best Q     0.01158   467.4 min
  restart   6/6    eval    89   this Q     0.01158   best Q     0.01158   467.5 min
  restart   6/6    eval    90   this Q     0.01158   best Q     0.01158   467.7 min
  restart   6/6    eval    91   this Q     0.01158   best Q     0.01158   467.8 min
  restart   6/6    eval    92   this Q     0.01158   best Q     0.01158   468.0 min
  restart   6/6    eval    93   this Q     0.01158   best Q     0.01158   468.1 min
  restart   6/6    eval    94   this Q     0.01158   best Q     0.01158   468.3 min
  restart   6/6    eval    95   this Q     0.01158   best Q     0.01158   468.4 min
  restart   6/6    eval    96   this Q     0.01158   best Q     0.01158   468.6 min
  restart   6/6    eval    97   this Q     0.01158   best Q     0.01158   468.7 min
  restart   6/6    eval    98   this Q     0.01158   best Q     0.01158   468.9 min
  restart   6/6    eval    99   this Q     0.01158   best Q     0.01158   469.1 min
  restart   6/6    eval   100   this Q     0.01158   best Q     0.01158   469.2 min
  restart   6/6    eval   101   this Q     0.01158   best Q     0.01158   469.3 min
  restart   6/6    eval   102   this Q     0.01158   best Q     0.01158   469.5 min
  restart   6/6    eval   103   this Q     0.01158   best Q     0.01158   469.7 min
  restart   6/6    eval   104   this Q     0.01158   best Q     0.01158   469.8 min
  restart   6/6    eval   105   this Q     0.01158   best Q     0.01158   470.0 min
  restart   6/6    eval   106   this Q     0.01158   best Q     0.01158   470.1 min
  restart   6/6    eval   107   this Q     0.01158   best Q     0.01158   470.3 min
  restart   6/6    eval   108   this Q     0.01158   best Q     0.01158   470.4 min
  restart   6/6    eval   109   this Q     0.01158   best Q     0.01158   470.6 min
  restart   6/6    eval   110   this Q     0.01158   best Q     0.01158   470.7 min
  restart   6/6    eval   111   this Q     0.01158   best Q     0.01158   470.9 min
  restart   6/6    eval   112   this Q     0.01158   best Q     0.01158   471.0 min
  restart   6/6    eval   113   this Q     0.01158   best Q     0.01158   471.2 min
  restart   6/6    eval   114   this Q     0.01158   best Q     0.01158   471.3 min
  restart   6/6    eval   115   this Q     0.01158   best Q     0.01158   471.5 min
  restart   6/6    eval   116   this Q     0.01158   best Q     0.01158   471.6 min
  restart   6/6    eval   117   this Q     0.01158   best Q     0.01158   471.8 min
  restart   6/6    eval   118   this Q     0.01158   best Q     0.01158   471.9 min
  restart   6/6    eval   119   this Q     0.01158   best Q     0.01158   472.1 min
  restart   6/6    eval   120   this Q     0.01158   best Q     0.01158   472.2 min
  restart   6/6    eval   121   this Q     0.01158   best Q     0.01158   472.4 min
  restart   6/6    eval   122   this Q     0.01158   best Q     0.01158   472.5 min
  restart   6/6    eval   123   this Q     0.01158   best Q     0.01158   472.7 min
  restart   6/6    eval   124   this Q     0.01158   best Q     0.01158   472.8 min
  restart   6/6    eval   125   this Q     0.01158   best Q     0.01158   473.0 min
  restart   6/6    eval   126   this Q     0.01158   best Q     0.01158   473.1 min
  restart   6/6    eval   127   this Q     0.01158   best Q     0.01158   473.3 min
  restart   6/6    eval   128   this Q     0.01158   best Q     0.01158   473.4 min
  restart   6/6    eval   129   this Q     0.01158   best Q     0.01158   473.6 min
  restart   6/6    eval   130   this Q     0.01158   best Q     0.01158   473.7 min
  restart   6/6    eval   131   this Q     0.01158   best Q     0.01158   473.9 min
  restart   6/6    eval   132   this Q     0.01158   best Q     0.01158   474.0 min
  restart   6/6    eval   133   this Q     0.01158   best Q     0.01158   474.2 min
  restart   6/6    eval   134   this Q     0.01158   best Q     0.01158   474.3 min
  restart   6/6    eval   135   this Q     0.01158   best Q     0.01158   474.5 min
  restart   6/6    eval   136   this Q     0.01158   best Q     0.01158   474.6 min
  restart   6/6    eval   137   this Q     0.01158   best Q     0.01158   474.8 min
  restart   6/6    eval   138   this Q     0.01158   best Q     0.01158   474.9 min
  restart   6/6    eval   139   this Q     0.01158   best Q     0.01158   475.1 min
  restart   6/6    eval   140   this Q     0.01158   best Q     0.01158   475.2 min
  restart   6/6    eval   141   this Q     0.01158   best Q     0.01158   475.4 min
  restart   6/6    eval   142   this Q     0.01158   best Q     0.01158   475.5 min
  restart   6/6    eval   143   this Q     0.01158   best Q     0.01158   475.7 min
  restart   6/6    eval   144   this Q     0.01158   best Q     0.01158   475.8 min
  restart   6/6    eval   145   this Q     0.01158   best Q     0.01158   476.0 min
  restart   6/6    eval   146   this Q     0.01158   best Q     0.01158   476.1 min
  restart   6/6    eval   147   this Q     0.01158   best Q     0.01158   476.3 min
  restart   6/6    eval   148   this Q     0.01158   best Q     0.01158   476.4 min
  restart   6/6    eval   149   this Q     0.01158   best Q     0.01158   476.6 min
  restart   6/6    eval   150   this Q     0.01158   best Q     0.01158   476.7 min
  restart   6/6    eval   151   this Q     0.01158   best Q     0.01158   476.9 min
  restart   6/6    eval   152   this Q     0.01158   best Q     0.01158   477.0 min
  restart   6/6    eval   153   this Q     0.01158   best Q     0.01158   477.2 min
  restart   6/6    eval   154   this Q     0.01158   best Q     0.01158   477.3 min
  restart   6/6    eval   155   this Q     0.01158   best Q     0.01158   477.5 min
  restart   6/6    eval   156   this Q     0.01158   best Q     0.01158   477.6 min
  restart   6/6    eval   157   this Q     0.01158   best Q     0.01158   477.8 min
  restart   6/6    eval   158   this Q     0.01158   best Q     0.01158   477.9 min
  restart   6/6    eval   159   this Q     0.01158   best Q     0.01158   478.1 min
  restart   6/6    eval   160   this Q     0.01158   best Q     0.01158   478.2 min
  restart   6/6    eval   161   this Q     0.01158   best Q     0.01158   478.4 min

============================================================================
Finished in 478.4 min -- 6751 evaluations
============================================================================
Q: sobol-best 0.847918  ->  pre-polish 0.0115868  ->  final 0.0115806
incumbent Q was 1.64956  (improvement 99.3%)

how the local searches ended
  FTOL_REACHED               3   (converged)
  MAXEVAL_REACHED            3   (limit)
                             3 converged / 3 hit a budget / 0 other
polish: ret FTOL_REACHED (converged), 161 evaluations, improved the incumbent

search ran at the full grid -- no refinement stage needed

penalised evaluations: 286 of 6751 (4.2%)
  AssertionError              181
  infeasible_sigma_2           75
  ErrorException               29
  invalid_sim_assets_below_min      1
(a penalised draw is a parameter vector the model cannot be solved at --
 scored 1e6 rather than crashed on. A high rate means the SEARCH BOX is
 too wide, not that the model is wrong.)

============================================================================
Estimated calibration
============================================================================

Parameters
--------------------------------------------------------------
  phi_2            0.1796   (was 0.1437)
  phi_3            1.2483   (was 1.0201)
  lambda_2        16.8011   (was 8.6793)
  R_0             48.9078   (was 50.6032)
  sigma_1_0       -0.7035   (was -0.2232)
  sigma_1_1       -0.1196   (was -0.1413)
  sigma_2_0       -3.7724   (was -3.7551)
  sigma_2_1       -0.1000   (was -0.0500)
  sigma_4_0       -3.1710   (was -5.9852)

Targeted moments
----------------------------------------------------------------------------
  moment          model       data     gap %   source
  mean_c_p       3.2316     3.1155      3.7%   cons_exhous_real_w99
  mean_h_p       0.3013     0.3073     -2.0%   (wh_mom + wh_dad)/2 / 112
  mean_t_p_early     0.4741     0.4544      4.3%   par_time_tot / 112, child ages 1-9
  mean_t_p_late     0.3307     0.3333     -0.8%   par_time_tot / 112, child ages 10-17
  mean_e_p_early     0.3360     0.3429     -2.0%   m_method2_final_w99, child ages 1-9
  mean_e_p_late     0.3995     0.3911      2.2%   m_method2_final_w99, child ages 10-17
  mean_i_c_early     0.3892     0.3649      6.7%   c_time_hrs / 112 (school + own study), child ages 6-9
  mean_i_c_late     0.3680     0.3872     -5.0%   c_time_hrs / 112 (school + own study), child ages 10-17
  mean_hc_early     6.0646     6.0737     -0.9%   x_gach (log PCA composite), child ages 3-9
  mean_hc_late     6.2542     6.2508      0.3%   x_gach (log PCA composite), child ages 10-17
  Q                                  0.0116    (gap % is in LEVELS for log moments)

  c_p           32316 USD/yr  vs data 31155
  h_p            33.7 hrs/wk  vs data 34.4
  t_p  1-9       53.1 hrs/wk  vs data 50.9
  t_p 10-17      37.0 hrs/wk  vs data 37.3
  e_p  1-9       3360 USD/yr  vs data 3429
  e_p 10-17      3995 USD/yr  vs data 3911

  t_p late/early  model 0.70x  vs data 0.73x
  e_p late/early  model 1.19x  vs data 1.14x
  l_p (residual)  model 32.7 hrs/wk  vs 33.1 implied by the h_p/t_p targets
                  (measured leisure is 59.2 hrs/wk -- par_time_tot overlaps it)

Untargeted -- does the fit stay believable?
--------------------------------------------------------------
  after-tax income        4.6133  (46133 USD/yr)
  implied saving rate       31.0%
  terminal assets        37.2552  (372552 USD)
  leisure l_p             0.2921  (32.7 hrs/wk)
  invalid sim cells            0
  assets above a_max=100  max 257.2  (households: 2 ever (0.10%), 2 at t=1, 2 at handoff)
  HC in [50, 1500]      range 297.7 - 560.0  (households: 0 ever above, 0 ever below, 0 above at handoff)

  off-grid states by period (n = 2000 households)
    t      a>a_max      max a    hc>hi    hc<lo     max hc
    1            2      214.4        0        0      464.2
    2            2      216.7        0        0      448.7
    3            2      219.1        0        0      461.6
    4            2      221.6        0        0      483.8
    5            2      224.0        0        0      507.7
    6            2      226.1        0        0      539.3
    7            2      228.4        0        0      525.0
    8            2      230.6        0        0      524.3
    9            2      232.7        0        0      528.4
    10           2      234.9        0        0      533.9
    11           2      237.0        0        0      539.5
    12           2      239.2        0        0      544.9
    13           2      241.3        0        0      550.0
    14           2      243.5        0        0      554.6
    15           2      245.9        0        0      558.3
    16           2      248.7        0        0      560.0
    17           2      252.6        0        0      554.1
    T+1          2      257.2        0        0      493.4
    (rows with no off-grid state are omitted; T+1 is the age-18 handoff)

!! PARAMETERS ON A BOUND -- these are not converged estimates:
  sigma_2_1  =    -0.1000  pinned to its LOWER bound [-0.100, 0.050]  (0.0% into the box)
The model could not reach the target from inside the box. Either the box is too
narrow, or the target is outside what this specification can produce. Widen the
box and re-run, or report the bound AS a bound -- never as an estimate.

acceptance -- about the RETAINED WINNER, not about the other restarts
  winner came from        polish
  its own return code     FTOL_REACHED  (converged)  yes
  refinement              skipped (ret NOT_RUN, 0 evals)  yes
  no objective exceptions yes  (0)
  final sim in domain     yes  (0 invalid cells)
  no parameter on a bound NO   (sigma_2_1)
  objective finite        yes  (Q = 0.0115806)
  (for context: 3 of 6 restarts converged, 3 hit a budget, 0 other)
  NOT ACCEPTED -- do not quote this point. Fix the failing condition above first;
  a finite Q is not a certification, and neither is another restart's convergence.

wrote output/smm_runs/2026-09-07_114138/run_record.toml
wrote output/smm_runs/2026-09-07_114138/restarts.csv
wrote output/smm_runs/2026-09-07_114138/estimates.toml
wrote output/smm_runs/2026-09-07_114138/run.log
