
============================================================================
SMM: parent-block moments
============================================================================
started    2026-09-09 00:33:13
host       haflinger.ceu.edu
machine    112 cores, 503 GB RAM, load average 2.5
workers    20 of 112 cores (18%) -- capped by shared-server budget
budget     4000 Sobol points, 8 restarts (<= 1000 evals each, polish 1000)
grids      Na=Nhc=30 for both the search and the report
writing to output/smm_runs/2026-09-09_003312
           (also reachable as output/smm_runs/latest -- tail that, no timestamp needed)
7.6s
running on 21 process(es): 1 master + 20 worker(s), 1 BLAS thread each
9.9s
29.5s (all processes at once)

============================================================================
Targets  (output/smm_runs/2026-09-09_003312/targets.toml)
============================================================================
10 moments, 9 parameters -- OVER-identified, Q cannot reach 0 and weights matter
parameters: phi_2, phi_3, lambda_2, R_0, sigma_1_0, sigma_1_1, sigma_2_0, sigma_2_1, sigma_4_0
moment           mean         sd        N   source
mean_c_p       3.1155     1.6993     6742   cons_exhous_real_w99
mean_h_p       0.3073     0.0999    15665   (wh_mom + wh_dad)/2 / 112
mean_t_p_early     0.4544     0.1656      475   par_time_tot / 112, child ages 1-9
mean_t_p_late     0.3333     0.1669      590   par_time_tot / 112, child ages 10-17
mean_e_p_early     0.3429     0.4794     8178   m_method2_final_w99, child ages 1-9
mean_e_p_late     0.3911     0.6638     7182   m_method2_final_w99, child ages 10-17
mean_i_c_early     0.3649     0.0389      476   c_time_hrs / 112 (school + own study), child ages 6-9
mean_i_c_late     0.3872     0.0517     1500   c_time_hrs / 112 (school + own study), child ages 10-17
mean_hc_early     6.0737     0.1081      252   x_gach (log PCA composite), child ages 3-9
mean_hc_late     6.2508     0.0323      549   x_gach (log PCA composite), child ages 10-17

SDs are shown but NOT targeted: the model's cross-sectional dispersion comes
from a 5-node wage shock plus initial draws and cannot reach the data's
(leisure SD is 7.4x too small). Targeting them would distort the means.

settings written to output/smm_runs/2026-09-09_003312/run_record.toml  (status = started)
17.7s

projected runtime
  sobol stage     4001 evals / 20 workers  =   59.1 min   (parallel)
  local stage     1320 evals, sequential    =  390.1 min   (cannot be parallelised)
  total                                     449.2 min

The local stage dominates because TikTak's restarts are sequential by
construction. More workers shorten the first line only -- to use a wide
machine well, raise --sobol (better seeds), not --restarts.

============================================================================
Incumbent calibration
============================================================================
Q = 0.001962

Parameters
--------------------------------------------------------------
  phi_2            0.1885   (was 0.1885)
  phi_3            1.4241   (was 1.4241)
  lambda_2        54.1330   (was 54.1330)
  R_0             43.7206   (was 43.7206)
  sigma_1_0       -1.2461   (was -1.2461)
  sigma_1_1       -0.1555   (was -0.1555)
  sigma_2_0       -4.2743   (was -4.2743)
  sigma_2_1       -0.1500   (was -0.1500)
  sigma_4_0       -3.9627   (was -3.9627)

Targeted moments
----------------------------------------------------------------------------
  moment          model       data     gap %   source
  mean_c_p       3.2361     3.1155      3.9%   cons_exhous_real_w99
  mean_h_p       0.3018     0.3073     -1.8%   (wh_mom + wh_dad)/2 / 112
  mean_t_p_early     0.4575     0.4544      0.7%   par_time_tot / 112, child ages 1-9
  mean_t_p_late     0.3334     0.3333      0.0%   par_time_tot / 112, child ages 10-17
  mean_e_p_early     0.3424     0.3429     -0.2%   m_method2_final_w99, child ages 1-9
  mean_e_p_late     0.3920     0.3911      0.2%   m_method2_final_w99, child ages 10-17
  mean_i_c_early     0.3678     0.3649      0.8%   c_time_hrs / 112 (school + own study), child ages 6-9
  mean_i_c_late     0.3857     0.3872     -0.4%   c_time_hrs / 112 (school + own study), child ages 10-17
  mean_hc_early     6.0711     6.0737     -0.3%   x_gach (log PCA composite), child ages 3-9
  mean_hc_late     6.2494     6.2508     -0.1%   x_gach (log PCA composite), child ages 10-17
  Q                                  0.0020    (gap % is in LEVELS for log moments)

  c_p           32361 USD/yr  vs data 31155
  h_p            33.8 hrs/wk  vs data 34.4
  t_p  1-9       51.2 hrs/wk  vs data 50.9
  t_p 10-17      37.3 hrs/wk  vs data 37.3
  e_p  1-9       3424 USD/yr  vs data 3429
  e_p 10-17      3920 USD/yr  vs data 3911

  t_p late/early  model 0.73x  vs data 0.73x
  e_p late/early  model 1.15x  vs data 1.14x
  l_p (residual)  model 33.5 hrs/wk  vs 33.1 implied by the h_p/t_p targets
                  (measured leisure is 59.2 hrs/wk -- par_time_tot overlaps it)

Untargeted -- does the fit stay believable?
--------------------------------------------------------------
  after-tax income        4.5753  (45753 USD/yr)
  implied saving rate       30.4%
  terminal assets        36.8466  (368466 USD)
  leisure l_p             0.2991  (33.5 hrs/wk)
  invalid sim cells            0
  assets above a_max=100  max 91.4  (households: 0 ever (0.00%), 0 at t=1, 0 at handoff)
  HC in [50, 1500]      range 297.7 - 530.9  (households: 0 ever above, 0 ever below, 0 above at handoff)
  every simulated state is inside both grids

============================================================================
TikTak search
============================================================================
  sobol        1/4001    0%   best Q       81.29     0.3 min elapsed, ~1200 min left
  sobol        9/4001    0%   best Q       3.744     0.3 min elapsed, ~148 min left
  sobol       19/4001    0%   best Q       3.744     0.4 min elapsed, ~77 min left
  sobol       21/4001    1%   best Q       3.744     0.5 min elapsed, ~86 min left
  sobol       29/4001    1%   best Q       3.744     0.5 min elapsed, ~67 min left
  sobol       37/4001    1%   best Q       3.744     0.5 min elapsed, ~57 min left
  sobol       41/4001    1%   best Q       3.744     0.6 min elapsed, ~54 min left
  sobol       42/4001    1%   best Q       3.744     0.6 min elapsed, ~57 min left
  sobol       49/4001    1%   best Q      0.8361     0.6 min elapsed, ~52 min left
  sobol       56/4001    1%   best Q      0.8361     0.7 min elapsed, ~48 min left
  sobol       63/4001    2%   best Q      0.8361     0.7 min elapsed, ~46 min left
  sobol       64/4001    2%   best Q      0.8361     0.8 min elapsed, ~47 min left
  sobol       71/4001    2%   best Q      0.8361     0.8 min elapsed, ~45 min left
  sobol       75/4001    2%   best Q      0.8361     0.8 min elapsed, ~44 min left
  sobol       80/4001    2%   best Q      0.8361     0.9 min elapsed, ~43 min left
  sobol       84/4001    2%   best Q      0.8361     0.9 min elapsed, ~42 min left
  sobol       89/4001    2%   best Q      0.8361     1.0 min elapsed, ~42 min left
  sobol       95/4001    2%   best Q      0.8361     1.0 min elapsed, ~41 min left
  sobol      100/4001    2%   best Q      0.8361     1.0 min elapsed, ~40 min left
  sobol      105/4001    3%   best Q      0.8361     1.1 min elapsed, ~40 min left
  sobol      110/4001    3%   best Q      0.8361     1.1 min elapsed, ~39 min left
  sobol      117/4001    3%   best Q      0.8361     1.2 min elapsed, ~39 min left
  sobol      122/4001    3%   best Q      0.8361     1.2 min elapsed, ~38 min left
  sobol      128/4001    3%   best Q      0.8361     1.3 min elapsed, ~38 min left
  sobol      133/4001    3%   best Q      0.8361     1.3 min elapsed, ~38 min left
  sobol      138/4001    3%   best Q      0.8361     1.3 min elapsed, ~37 min left
  sobol      143/4001    4%   best Q      0.8361     1.4 min elapsed, ~37 min left
  sobol      150/4001    4%   best Q      0.8361     1.4 min elapsed, ~37 min left
  sobol      160/4001    4%   best Q      0.8361     1.5 min elapsed, ~36 min left
  sobol      167/4001    4%   best Q      0.8361     1.5 min elapsed, ~35 min left
  sobol      171/4001    4%   best Q      0.8361     1.6 min elapsed, ~35 min left
  sobol      177/4001    4%   best Q      0.8361     1.6 min elapsed, ~35 min left
  sobol      182/4001    5%   best Q      0.8361     1.6 min elapsed, ~35 min left
  sobol      185/4001    5%   best Q      0.8361     1.7 min elapsed, ~35 min left
  sobol      192/4001    5%   best Q      0.8361     1.7 min elapsed, ~34 min left
  sobol      197/4001    5%   best Q      0.8361     1.8 min elapsed, ~34 min left
  sobol      202/4001    5%   best Q      0.8361     1.8 min elapsed, ~34 min left
  sobol      206/4001    5%   best Q      0.8361     1.8 min elapsed, ~34 min left
  sobol      211/4001    5%   best Q      0.8361     1.9 min elapsed, ~34 min left
  sobol      216/4001    5%   best Q      0.8361     1.9 min elapsed, ~34 min left
  sobol      221/4001    6%   best Q      0.8361     1.9 min elapsed, ~33 min left
  sobol      225/4001    6%   best Q      0.8361     2.0 min elapsed, ~33 min left
  sobol      230/4001    6%   best Q      0.8361     2.0 min elapsed, ~33 min left
  sobol      236/4001    6%   best Q      0.8361     2.1 min elapsed, ~33 min left
  sobol      242/4001    6%   best Q      0.8361     2.1 min elapsed, ~33 min left
  sobol      247/4001    6%   best Q      0.8361     2.1 min elapsed, ~33 min left
  sobol      253/4001    6%   best Q      0.8361     2.2 min elapsed, ~32 min left
  sobol      258/4001    6%   best Q      0.8361     2.2 min elapsed, ~32 min left
  sobol      266/4001    7%   best Q      0.8361     2.3 min elapsed, ~32 min left
  sobol      272/4001    7%   best Q      0.8361     2.3 min elapsed, ~32 min left
  sobol      278/4001    7%   best Q      0.8361     2.4 min elapsed, ~32 min left
  sobol      284/4001    7%   best Q      0.8361     2.4 min elapsed, ~32 min left
  sobol      288/4001    7%   best Q      0.8361     2.5 min elapsed, ~32 min left
  sobol      293/4001    7%   best Q      0.8361     2.5 min elapsed, ~31 min left
  sobol      302/4001    8%   best Q      0.8361     2.5 min elapsed, ~31 min left
  sobol      304/4001    8%   best Q      0.8361     2.6 min elapsed, ~31 min left
  sobol      310/4001    8%   best Q      0.8361     2.6 min elapsed, ~31 min left
  sobol      314/4001    8%   best Q      0.8361     2.6 min elapsed, ~31 min left
  sobol      319/4001    8%   best Q      0.8361     2.7 min elapsed, ~31 min left
  sobol      324/4001    8%   best Q      0.8361     2.7 min elapsed, ~31 min left
  sobol      330/4001    8%   best Q      0.8361     2.8 min elapsed, ~31 min left
  sobol      337/4001    8%   best Q      0.8361     2.8 min elapsed, ~31 min left
  sobol      341/4001    9%   best Q      0.8361     2.9 min elapsed, ~31 min left
  sobol      345/4001    9%   best Q      0.8361     2.9 min elapsed, ~31 min left
  sobol      351/4001    9%   best Q      0.8361     2.9 min elapsed, ~31 min left
  sobol      360/4001    9%   best Q      0.8361     3.0 min elapsed, ~30 min left
  sobol      365/4001    9%   best Q      0.8361     3.0 min elapsed, ~30 min left
  sobol      369/4001    9%   best Q      0.8361     3.1 min elapsed, ~30 min left
  sobol      376/4001    9%   best Q      0.8361     3.1 min elapsed, ~30 min left
  sobol      379/4001    9%   best Q      0.8361     3.2 min elapsed, ~30 min left
  sobol      383/4001   10%   best Q      0.8361     3.2 min elapsed, ~30 min left
  sobol      389/4001   10%   best Q      0.8361     3.2 min elapsed, ~30 min left
  sobol      394/4001   10%   best Q      0.8361     3.3 min elapsed, ~30 min left
  sobol      398/4001   10%   best Q      0.8361     3.3 min elapsed, ~30 min left
  sobol      404/4001   10%   best Q      0.8361     3.3 min elapsed, ~30 min left
  sobol      408/4001   10%   best Q      0.8361     3.4 min elapsed, ~30 min left
  sobol      413/4001   10%   best Q      0.8361     3.4 min elapsed, ~30 min left
  sobol      420/4001   10%   best Q      0.8361     3.5 min elapsed, ~29 min left
  sobol      424/4001   11%   best Q      0.8361     3.5 min elapsed, ~30 min left
  sobol      431/4001   11%   best Q      0.8361     3.6 min elapsed, ~29 min left
  sobol      435/4001   11%   best Q      0.8361     3.6 min elapsed, ~29 min left
  sobol      441/4001   11%   best Q      0.8361     3.6 min elapsed, ~29 min left
  sobol      445/4001   11%   best Q      0.8361     3.7 min elapsed, ~29 min left
  sobol      452/4001   11%   best Q      0.8361     3.7 min elapsed, ~29 min left
  sobol      456/4001   11%   best Q      0.8361     3.8 min elapsed, ~29 min left
  sobol      462/4001   12%   best Q      0.8361     3.8 min elapsed, ~29 min left
  sobol      465/4001   12%   best Q      0.8361     3.8 min elapsed, ~29 min left
  sobol      471/4001   12%   best Q      0.8361     3.9 min elapsed, ~29 min left
  sobol      477/4001   12%   best Q      0.8361     3.9 min elapsed, ~29 min left
  sobol      483/4001   12%   best Q      0.8361     4.0 min elapsed, ~29 min left
  sobol      489/4001   12%   best Q      0.8361     4.0 min elapsed, ~29 min left
  sobol      493/4001   12%   best Q      0.8361     4.0 min elapsed, ~29 min left
  sobol      498/4001   12%   best Q      0.8361     4.1 min elapsed, ~29 min left
  sobol      501/4001   13%   best Q      0.8361     4.1 min elapsed, ~29 min left
  sobol      507/4001   13%   best Q      0.8361     4.2 min elapsed, ~29 min left
  sobol      512/4001   13%   best Q      0.8361     4.2 min elapsed, ~29 min left
  sobol      518/4001   13%   best Q      0.8361     4.2 min elapsed, ~28 min left
  sobol      524/4001   13%   best Q      0.8361     4.3 min elapsed, ~28 min left
  sobol      529/4001   13%   best Q      0.8361     4.3 min elapsed, ~28 min left
  sobol      535/4001   13%   best Q      0.8361     4.4 min elapsed, ~28 min left
  sobol      537/4001   13%   best Q      0.8361     4.4 min elapsed, ~28 min left
  sobol      544/4001   14%   best Q      0.8361     4.4 min elapsed, ~28 min left
  sobol      550/4001   14%   best Q      0.8361     4.5 min elapsed, ~28 min left
  sobol      555/4001   14%   best Q      0.8361     4.5 min elapsed, ~28 min left
  sobol      558/4001   14%   best Q      0.8361     4.6 min elapsed, ~28 min left
  sobol      564/4001   14%   best Q      0.8361     4.6 min elapsed, ~28 min left
  sobol      569/4001   14%   best Q      0.8361     4.6 min elapsed, ~28 min left
  sobol      575/4001   14%   best Q      0.8361     4.7 min elapsed, ~28 min left
  sobol      577/4001   14%   best Q      0.8361     4.7 min elapsed, ~28 min left
  sobol      584/4001   15%   best Q      0.8361     4.7 min elapsed, ~28 min left
  sobol      589/4001   15%   best Q      0.8361     4.8 min elapsed, ~28 min left
  sobol      595/4001   15%   best Q      0.8361     4.8 min elapsed, ~28 min left
  sobol      599/4001   15%   best Q      0.8361     4.9 min elapsed, ~28 min left
  sobol      605/4001   15%   best Q      0.8361     4.9 min elapsed, ~28 min left
  sobol      609/4001   15%   best Q      0.8361     4.9 min elapsed, ~27 min left
  sobol      614/4001   15%   best Q      0.8361     5.0 min elapsed, ~27 min left
  sobol      619/4001   15%   best Q      0.8361     5.0 min elapsed, ~27 min left
  sobol      624/4001   16%   best Q      0.8361     5.0 min elapsed, ~27 min left
  sobol      628/4001   16%   best Q      0.8361     5.1 min elapsed, ~27 min left
  sobol      634/4001   16%   best Q      0.8361     5.1 min elapsed, ~27 min left
  sobol      637/4001   16%   best Q      0.8361     5.2 min elapsed, ~27 min left
  sobol      645/4001   16%   best Q      0.8361     5.2 min elapsed, ~27 min left
  sobol      649/4001   16%   best Q      0.8361     5.3 min elapsed, ~27 min left
  sobol      655/4001   16%   best Q      0.8361     5.3 min elapsed, ~27 min left
  sobol      662/4001   17%   best Q      0.8361     5.4 min elapsed, ~27 min left
  sobol      667/4001   17%   best Q      0.8361     5.4 min elapsed, ~27 min left
  sobol      673/4001   17%   best Q      0.8361     5.4 min elapsed, ~27 min left
  sobol      676/4001   17%   best Q      0.8361     5.5 min elapsed, ~27 min left
  sobol      682/4001   17%   best Q      0.8361     5.5 min elapsed, ~27 min left
  sobol      688/4001   17%   best Q      0.8361     5.6 min elapsed, ~27 min left
  sobol      693/4001   17%   best Q      0.8361     5.6 min elapsed, ~27 min left
  sobol      696/4001   17%   best Q      0.8361     5.6 min elapsed, ~27 min left
  sobol      702/4001   18%   best Q      0.8361     5.7 min elapsed, ~27 min left
  sobol      711/4001   18%   best Q      0.8361     5.7 min elapsed, ~26 min left
  sobol      715/4001   18%   best Q      0.8361     5.8 min elapsed, ~27 min left
  sobol      720/4001   18%   best Q      0.8361     5.8 min elapsed, ~26 min left
  sobol      727/4001   18%   best Q      0.8361     5.8 min elapsed, ~26 min left
  sobol      733/4001   18%   best Q      0.8361     5.9 min elapsed, ~26 min left
  sobol      736/4001   18%   best Q      0.8361     5.9 min elapsed, ~26 min left
  sobol      743/4001   19%   best Q      0.8361     6.0 min elapsed, ~26 min left
  sobol      747/4001   19%   best Q      0.8361     6.0 min elapsed, ~26 min left
  sobol      752/4001   19%   best Q      0.8361     6.1 min elapsed, ~26 min left
  sobol      758/4001   19%   best Q      0.8361     6.1 min elapsed, ~26 min left
  sobol      762/4001   19%   best Q      0.8361     6.1 min elapsed, ~26 min left
  sobol      767/4001   19%   best Q      0.8361     6.2 min elapsed, ~26 min left
  sobol      773/4001   19%   best Q      0.8361     6.2 min elapsed, ~26 min left
  sobol      782/4001   20%   best Q      0.8361     6.3 min elapsed, ~26 min left
  sobol      784/4001   20%   best Q      0.8361     6.3 min elapsed, ~26 min left
  sobol      788/4001   20%   best Q      0.8361     6.4 min elapsed, ~26 min left
  sobol      794/4001   20%   best Q      0.8361     6.4 min elapsed, ~26 min left
  sobol      801/4001   20%   best Q      0.8361     6.4 min elapsed, ~26 min left
  sobol      808/4001   20%   best Q      0.8361     6.5 min elapsed, ~26 min left
  sobol      810/4001   20%   best Q      0.8361     6.5 min elapsed, ~26 min left
  sobol      816/4001   20%   best Q      0.8361     6.6 min elapsed, ~26 min left
  sobol      823/4001   21%   best Q      0.8361     6.6 min elapsed, ~25 min left
  sobol      829/4001   21%   best Q      0.8361     6.7 min elapsed, ~25 min left
  sobol      835/4001   21%   best Q      0.8361     6.7 min elapsed, ~25 min left
  sobol      840/4001   21%   best Q      0.8361     6.7 min elapsed, ~25 min left
  sobol      844/4001   21%   best Q      0.8361     6.8 min elapsed, ~25 min left
  sobol      850/4001   21%   best Q      0.8361     6.8 min elapsed, ~25 min left
  sobol      853/4001   21%   best Q      0.8361     6.8 min elapsed, ~25 min left
  sobol      861/4001   22%   best Q      0.8361     6.9 min elapsed, ~25 min left
  sobol      864/4001   22%   best Q      0.8361     6.9 min elapsed, ~25 min left
  sobol      871/4001   22%   best Q      0.8361     7.0 min elapsed, ~25 min left
  sobol      878/4001   22%   best Q      0.8361     7.0 min elapsed, ~25 min left
  sobol      881/4001   22%   best Q      0.8361     7.1 min elapsed, ~25 min left
  sobol      888/4001   22%   best Q      0.8361     7.1 min elapsed, ~25 min left
  sobol      891/4001   22%   best Q      0.8361     7.1 min elapsed, ~25 min left
  sobol      898/4001   22%   best Q      0.8361     7.2 min elapsed, ~25 min left
  sobol      902/4001   23%   best Q      0.8361     7.2 min elapsed, ~25 min left
  sobol      908/4001   23%   best Q      0.8361     7.3 min elapsed, ~25 min left
  sobol      913/4001   23%   best Q      0.8361     7.3 min elapsed, ~25 min left
  sobol      920/4001   23%   best Q      0.8361     7.4 min elapsed, ~25 min left
  sobol      923/4001   23%   best Q      0.8361     7.4 min elapsed, ~25 min left
  sobol      928/4001   23%   best Q      0.8361     7.4 min elapsed, ~25 min left
  sobol      932/4001   23%   best Q      0.8361     7.5 min elapsed, ~25 min left
  sobol      938/4001   23%   best Q      0.8361     7.5 min elapsed, ~24 min left
  sobol      943/4001   24%   best Q      0.8361     7.5 min elapsed, ~24 min left
  sobol      948/4001   24%   best Q      0.8361     7.6 min elapsed, ~24 min left
  sobol      950/4001   24%   best Q      0.8361     7.6 min elapsed, ~24 min left
  sobol      960/4001   24%   best Q      0.8361     7.7 min elapsed, ~24 min left
  sobol      964/4001   24%   best Q      0.8361     7.7 min elapsed, ~24 min left
  sobol      971/4001   24%   best Q      0.8361     7.8 min elapsed, ~24 min left
  sobol      976/4001   24%   best Q      0.8361     7.8 min elapsed, ~24 min left
  sobol      981/4001   25%   best Q      0.8361     7.8 min elapsed, ~24 min left
  sobol      988/4001   25%   best Q      0.8361     7.9 min elapsed, ~24 min left
  sobol      990/4001   25%   best Q      0.8361     7.9 min elapsed, ~24 min left
  sobol      996/4001   25%   best Q      0.8361     8.0 min elapsed, ~24 min left
  sobol     1001/4001   25%   best Q      0.8361     8.0 min elapsed, ~24 min left
  sobol     1006/4001   25%   best Q      0.8361     8.0 min elapsed, ~24 min left
  sobol     1015/4001   25%   best Q      0.8361     8.1 min elapsed, ~24 min left
  sobol     1019/4001   25%   best Q      0.8361     8.1 min elapsed, ~24 min left
  sobol     1024/4001   26%   best Q      0.8361     8.2 min elapsed, ~24 min left
  sobol     1028/4001   26%   best Q      0.8361     8.2 min elapsed, ~24 min left
  sobol     1034/4001   26%   best Q      0.8361     8.2 min elapsed, ~24 min left
  sobol     1038/4001   26%   best Q      0.8361     8.3 min elapsed, ~24 min left
  sobol     1044/4001   26%   best Q      0.8361     8.3 min elapsed, ~24 min left
  sobol     1051/4001   26%   best Q      0.8361     8.4 min elapsed, ~23 min left
  sobol     1054/4001   26%   best Q      0.8361     8.4 min elapsed, ~23 min left
  sobol     1058/4001   26%   best Q      0.8361     8.4 min elapsed, ~23 min left
  sobol     1064/4001   27%   best Q      0.8361     8.5 min elapsed, ~23 min left
  sobol     1070/4001   27%   best Q      0.8361     8.5 min elapsed, ~23 min left
  sobol     1074/4001   27%   best Q      0.8361     8.6 min elapsed, ~23 min left
  sobol     1080/4001   27%   best Q      0.8361     8.6 min elapsed, ~23 min left
  sobol     1086/4001   27%   best Q      0.8361     8.6 min elapsed, ~23 min left
  sobol     1091/4001   27%   best Q      0.8361     8.7 min elapsed, ~23 min left
  sobol     1094/4001   27%   best Q      0.8361     8.7 min elapsed, ~23 min left
  sobol     1100/4001   27%   best Q      0.8361     8.8 min elapsed, ~23 min left
  sobol     1106/4001   28%   best Q      0.8361     8.8 min elapsed, ~23 min left
  sobol     1113/4001   28%   best Q      0.8361     8.9 min elapsed, ~23 min left
  sobol     1119/4001   28%   best Q      0.8361     8.9 min elapsed, ~23 min left
  sobol     1123/4001   28%   best Q      0.8361     8.9 min elapsed, ~23 min left
  sobol     1125/4001   28%   best Q      0.8361     9.0 min elapsed, ~23 min left
  sobol     1131/4001   28%   best Q      0.8361     9.0 min elapsed, ~23 min left
  sobol     1136/4001   28%   best Q      0.8361     9.0 min elapsed, ~23 min left
  sobol     1142/4001   29%   best Q      0.8361     9.1 min elapsed, ~23 min left
  sobol     1148/4001   29%   best Q      0.8361     9.1 min elapsed, ~23 min left
  sobol     1152/4001   29%   best Q      0.8361     9.2 min elapsed, ~23 min left
  sobol     1156/4001   29%   best Q      0.8361     9.2 min elapsed, ~23 min left
  sobol     1162/4001   29%   best Q      0.8361     9.2 min elapsed, ~23 min left
  sobol     1168/4001   29%   best Q      0.8361     9.3 min elapsed, ~23 min left
  sobol     1174/4001   29%   best Q      0.8361     9.3 min elapsed, ~22 min left
  sobol     1178/4001   29%   best Q      0.8361     9.4 min elapsed, ~22 min left
  sobol     1181/4001   30%   best Q      0.8361     9.4 min elapsed, ~22 min left
  sobol     1189/4001   30%   best Q      0.8361     9.4 min elapsed, ~22 min left
  sobol     1194/4001   30%   best Q      0.8361     9.5 min elapsed, ~22 min left
  sobol     1199/4001   30%   best Q      0.8361     9.5 min elapsed, ~22 min left
  sobol     1204/4001   30%   best Q      0.8361     9.6 min elapsed, ~22 min left
  sobol     1209/4001   30%   best Q      0.8361     9.6 min elapsed, ~22 min left
  sobol     1214/4001   30%   best Q      0.8361     9.6 min elapsed, ~22 min left
  sobol     1220/4001   30%   best Q      0.8361     9.7 min elapsed, ~22 min left
  sobol     1223/4001   31%   best Q      0.8361     9.7 min elapsed, ~22 min left
  sobol     1229/4001   31%   best Q      0.8361     9.8 min elapsed, ~22 min left
  sobol     1236/4001   31%   best Q      0.8361     9.8 min elapsed, ~22 min left
  sobol     1241/4001   31%   best Q      0.8361     9.9 min elapsed, ~22 min left
  sobol     1246/4001   31%   best Q      0.8361     9.9 min elapsed, ~22 min left
  sobol     1251/4001   31%   best Q      0.8361     9.9 min elapsed, ~22 min left
  sobol     1257/4001   31%   best Q      0.8361    10.0 min elapsed, ~22 min left
  sobol     1261/4001   32%   best Q      0.8361    10.0 min elapsed, ~22 min left
  sobol     1266/4001   32%   best Q      0.8361    10.1 min elapsed, ~22 min left
  sobol     1270/4001   32%   best Q      0.8361    10.1 min elapsed, ~22 min left
  sobol     1278/4001   32%   best Q      0.8361    10.1 min elapsed, ~22 min left
  sobol     1282/4001   32%   best Q      0.8361    10.2 min elapsed, ~22 min left
  sobol     1288/4001   32%   best Q      0.8361    10.2 min elapsed, ~22 min left
  sobol     1292/4001   32%   best Q      0.8361    10.3 min elapsed, ~22 min left
  sobol     1300/4001   32%   best Q      0.8361    10.3 min elapsed, ~21 min left
  sobol     1303/4001   33%   best Q      0.8361    10.3 min elapsed, ~21 min left
  sobol     1308/4001   33%   best Q      0.8361    10.4 min elapsed, ~21 min left
  sobol     1312/4001   33%   best Q      0.8361    10.4 min elapsed, ~21 min left
  sobol     1318/4001   33%   best Q      0.8361    10.4 min elapsed, ~21 min left
  sobol     1322/4001   33%   best Q      0.8361    10.5 min elapsed, ~21 min left
  sobol     1328/4001   33%   best Q      0.8361    10.5 min elapsed, ~21 min left
  sobol     1330/4001   33%   best Q      0.8361    10.6 min elapsed, ~21 min left
  sobol     1336/4001   33%   best Q      0.8361    10.6 min elapsed, ~21 min left
  sobol     1341/4001   34%   best Q      0.8361    10.6 min elapsed, ~21 min left
  sobol     1348/4001   34%   best Q      0.8361    10.7 min elapsed, ~21 min left
  sobol     1351/4001   34%   best Q      0.8361    10.7 min elapsed, ~21 min left
  sobol     1356/4001   34%   best Q      0.8361    10.8 min elapsed, ~21 min left
  sobol     1362/4001   34%   best Q      0.8361    10.8 min elapsed, ~21 min left
  sobol     1367/4001   34%   best Q      0.8361    10.8 min elapsed, ~21 min left
  sobol     1372/4001   34%   best Q      0.8361    10.9 min elapsed, ~21 min left
  sobol     1377/4001   34%   best Q      0.8361    10.9 min elapsed, ~21 min left
  sobol     1382/4001   35%   best Q      0.8361    10.9 min elapsed, ~21 min left
  sobol     1386/4001   35%   best Q      0.8361    11.0 min elapsed, ~21 min left
  sobol     1393/4001   35%   best Q      0.8361    11.0 min elapsed, ~21 min left
  sobol     1397/4001   35%   best Q      0.8361    11.1 min elapsed, ~21 min left
  sobol     1406/4001   35%   best Q      0.8361    11.1 min elapsed, ~21 min left
  sobol     1412/4001   35%   best Q      0.8361    11.2 min elapsed, ~20 min left
  sobol     1416/4001   35%   best Q      0.8361    11.2 min elapsed, ~20 min left
  sobol     1420/4001   35%   best Q      0.8361    11.3 min elapsed, ~20 min left
  sobol     1427/4001   36%   best Q      0.8361    11.3 min elapsed, ~20 min left
  sobol     1430/4001   36%   best Q      0.8361    11.3 min elapsed, ~20 min left
  sobol     1437/4001   36%   best Q      0.8361    11.4 min elapsed, ~20 min left
  sobol     1442/4001   36%   best Q      0.8361    11.4 min elapsed, ~20 min left
  sobol     1446/4001   36%   best Q      0.8361    11.5 min elapsed, ~20 min left
  sobol     1453/4001   36%   best Q      0.8361    11.5 min elapsed, ~20 min left
  sobol     1456/4001   36%   best Q      0.8361    11.5 min elapsed, ~20 min left
  sobol     1463/4001   37%   best Q      0.8361    11.6 min elapsed, ~20 min left
  sobol     1466/4001   37%   best Q      0.8361    11.6 min elapsed, ~20 min left
  sobol     1473/4001   37%   best Q      0.8361    11.7 min elapsed, ~20 min left
  sobol     1478/4001   37%   best Q      0.8361    11.7 min elapsed, ~20 min left
  sobol     1482/4001   37%   best Q      0.8361    11.7 min elapsed, ~20 min left
  sobol     1487/4001   37%   best Q      0.8361    11.8 min elapsed, ~20 min left
  sobol     1489/4001   37%   best Q      0.8361    11.8 min elapsed, ~20 min left
  sobol     1499/4001   37%   best Q      0.8361    11.8 min elapsed, ~20 min left
  sobol     1503/4001   38%   best Q      0.8361    11.9 min elapsed, ~20 min left
  sobol     1507/4001   38%   best Q      0.8361    11.9 min elapsed, ~20 min left
  sobol     1511/4001   38%   best Q      0.8361    12.0 min elapsed, ~20 min left
  sobol     1518/4001   38%   best Q      0.8361    12.0 min elapsed, ~20 min left
  sobol     1524/4001   38%   best Q      0.8361    12.0 min elapsed, ~20 min left
  sobol     1527/4001   38%   best Q      0.8361    12.1 min elapsed, ~20 min left
  sobol     1530/4001   38%   best Q      0.8361    12.1 min elapsed, ~20 min left
  sobol     1538/4001   38%   best Q      0.8361    12.2 min elapsed, ~19 min left
  sobol     1543/4001   39%   best Q      0.8361    12.2 min elapsed, ~19 min left
  sobol     1549/4001   39%   best Q      0.8361    12.2 min elapsed, ~19 min left
  sobol     1551/4001   39%   best Q      0.8361    12.3 min elapsed, ~19 min left
  sobol     1556/4001   39%   best Q      0.8361    12.3 min elapsed, ~19 min left
  sobol     1562/4001   39%   best Q      0.8361    12.3 min elapsed, ~19 min left
  sobol     1568/4001   39%   best Q      0.8361    12.4 min elapsed, ~19 min left
  sobol     1573/4001   39%   best Q      0.8361    12.4 min elapsed, ~19 min left
  sobol     1577/4001   39%   best Q      0.8361    12.5 min elapsed, ~19 min left
  sobol     1583/4001   40%   best Q      0.8361    12.5 min elapsed, ~19 min left
  sobol     1590/4001   40%   best Q      0.8361    12.6 min elapsed, ~19 min left
  sobol     1595/4001   40%   best Q      0.8361    12.6 min elapsed, ~19 min left
  sobol     1601/4001   40%   best Q      0.8361    12.7 min elapsed, ~19 min left
  sobol     1608/4001   40%   best Q      0.8361    12.7 min elapsed, ~19 min left
  sobol     1612/4001   40%   best Q      0.8361    12.7 min elapsed, ~19 min left
  sobol     1617/4001   40%   best Q      0.8361    12.8 min elapsed, ~19 min left
  sobol     1622/4001   41%   best Q      0.8361    12.8 min elapsed, ~19 min left
  sobol     1628/4001   41%   best Q      0.8361    12.9 min elapsed, ~19 min left
  sobol     1633/4001   41%   best Q      0.8361    12.9 min elapsed, ~19 min left
  sobol     1638/4001   41%   best Q      0.8361    12.9 min elapsed, ~19 min left
  sobol     1644/4001   41%   best Q      0.8361    13.0 min elapsed, ~19 min left
  sobol     1647/4001   41%   best Q      0.8361    13.0 min elapsed, ~19 min left
  sobol     1654/4001   41%   best Q      0.8361    13.0 min elapsed, ~19 min left
  sobol     1657/4001   41%   best Q      0.8361    13.1 min elapsed, ~19 min left
  sobol     1662/4001   42%   best Q      0.8361    13.1 min elapsed, ~18 min left
  sobol     1668/4001   42%   best Q      0.8361    13.2 min elapsed, ~18 min left
  sobol     1674/4001   42%   best Q      0.8361    13.2 min elapsed, ~18 min left
  sobol     1679/4001   42%   best Q      0.8361    13.2 min elapsed, ~18 min left
  sobol     1682/4001   42%   best Q      0.8361    13.3 min elapsed, ~18 min left
  sobol     1687/4001   42%   best Q      0.8361    13.3 min elapsed, ~18 min left
  sobol     1693/4001   42%   best Q      0.8361    13.4 min elapsed, ~18 min left
  sobol     1697/4001   42%   best Q      0.8361    13.4 min elapsed, ~18 min left
  sobol     1699/4001   42%   best Q      0.8361    13.4 min elapsed, ~18 min left
  sobol     1706/4001   43%   best Q      0.8361    13.5 min elapsed, ~18 min left
  sobol     1712/4001   43%   best Q      0.8361    13.5 min elapsed, ~18 min left
  sobol     1717/4001   43%   best Q      0.8361    13.6 min elapsed, ~18 min left
  sobol     1725/4001   43%   best Q      0.8361    13.6 min elapsed, ~18 min left
  sobol     1730/4001   43%   best Q      0.8361    13.6 min elapsed, ~18 min left
  sobol     1733/4001   43%   best Q      0.8361    13.7 min elapsed, ~18 min left
  sobol     1738/4001   43%   best Q      0.8361    13.7 min elapsed, ~18 min left
  sobol     1745/4001   44%   best Q      0.8361    13.8 min elapsed, ~18 min left
  sobol     1750/4001   44%   best Q      0.8361    13.8 min elapsed, ~18 min left
  sobol     1753/4001   44%   best Q      0.8361    13.9 min elapsed, ~18 min left
  sobol     1759/4001   44%   best Q      0.8361    13.9 min elapsed, ~18 min left
  sobol     1767/4001   44%   best Q      0.8361    13.9 min elapsed, ~18 min left
  sobol     1771/4001   44%   best Q      0.8361    14.0 min elapsed, ~18 min left
  sobol     1773/4001   44%   best Q      0.8361    14.0 min elapsed, ~18 min left
  sobol     1780/4001   44%   best Q      0.8361    14.1 min elapsed, ~18 min left
  sobol     1787/4001   45%   best Q      0.8361    14.1 min elapsed, ~17 min left
  sobol     1791/4001   45%   best Q      0.8361    14.1 min elapsed, ~17 min left
  sobol     1795/4001   45%   best Q      0.8361    14.2 min elapsed, ~17 min left
  sobol     1802/4001   45%   best Q      0.8361    14.2 min elapsed, ~17 min left
  sobol     1809/4001   45%   best Q      0.8361    14.3 min elapsed, ~17 min left
  sobol     1814/4001   45%   best Q      0.8361    14.3 min elapsed, ~17 min left
  sobol     1820/4001   45%   best Q      0.8361    14.4 min elapsed, ~17 min left
  sobol     1824/4001   46%   best Q      0.8361    14.4 min elapsed, ~17 min left
  sobol     1832/4001   46%   best Q      0.8361    14.5 min elapsed, ~17 min left
  sobol     1836/4001   46%   best Q      0.8361    14.5 min elapsed, ~17 min left
  sobol     1843/4001   46%   best Q      0.8361    14.5 min elapsed, ~17 min left
  sobol     1847/4001   46%   best Q      0.8361    14.6 min elapsed, ~17 min left
  sobol     1852/4001   46%   best Q      0.8361    14.6 min elapsed, ~17 min left
  sobol     1859/4001   46%   best Q      0.8361    14.7 min elapsed, ~17 min left
  sobol     1865/4001   47%   best Q      0.8361    14.7 min elapsed, ~17 min left
  sobol     1867/4001   47%   best Q      0.8361    14.7 min elapsed, ~17 min left
  sobol     1875/4001   47%   best Q      0.8361    14.8 min elapsed, ~17 min left
  sobol     1878/4001   47%   best Q      0.8361    14.8 min elapsed, ~17 min left
  sobol     1884/4001   47%   best Q      0.8361    14.9 min elapsed, ~17 min left
  sobol     1889/4001   47%   best Q      0.8361    14.9 min elapsed, ~17 min left
  sobol     1894/4001   47%   best Q      0.8361    15.0 min elapsed, ~17 min left
  sobol     1901/4001   48%   best Q      0.8361    15.0 min elapsed, ~17 min left
  sobol     1907/4001   48%   best Q      0.8361    15.1 min elapsed, ~17 min left
  sobol     1913/4001   48%   best Q      0.8361    15.1 min elapsed, ~16 min left
  sobol     1918/4001   48%   best Q      0.8361    15.1 min elapsed, ~16 min left
  sobol     1922/4001   48%   best Q      0.8361    15.2 min elapsed, ~16 min left
  sobol     1926/4001   48%   best Q      0.8361    15.2 min elapsed, ~16 min left
  sobol     1933/4001   48%   best Q      0.8361    15.2 min elapsed, ~16 min left
  sobol     1936/4001   48%   best Q      0.8361    15.3 min elapsed, ~16 min left
  sobol     1941/4001   49%   best Q      0.8361    15.3 min elapsed, ~16 min left
  sobol     1947/4001   49%   best Q      0.8361    15.4 min elapsed, ~16 min left
  sobol     1951/4001   49%   best Q      0.8361    15.4 min elapsed, ~16 min left
  sobol     1956/4001   49%   best Q      0.8361    15.4 min elapsed, ~16 min left
  sobol     1963/4001   49%   best Q      0.8361    15.5 min elapsed, ~16 min left
  sobol     1969/4001   49%   best Q      0.8361    15.5 min elapsed, ~16 min left
  sobol     1975/4001   49%   best Q      0.8361    15.6 min elapsed, ~16 min left
  sobol     1980/4001   49%   best Q      0.8361    15.6 min elapsed, ~16 min left
  sobol     1982/4001   50%   best Q      0.8361    15.6 min elapsed, ~16 min left
  sobol     1990/4001   50%   best Q      0.8361    15.7 min elapsed, ~16 min left
  sobol     1994/4001   50%   best Q      0.8361    15.7 min elapsed, ~16 min left
  sobol     1997/4001   50%   best Q      0.8361    15.7 min elapsed, ~16 min left
  sobol     2002/4001   50%   best Q      0.8361    15.8 min elapsed, ~16 min left
  sobol     2004/4001   50%   best Q      0.8361    15.8 min elapsed, ~16 min left
  sobol     2013/4001   50%   best Q      0.8361    15.9 min elapsed, ~16 min left
  sobol     2016/4001   50%   best Q      0.8361    15.9 min elapsed, ~16 min left
  sobol     2021/4001   51%   best Q      0.8361    15.9 min elapsed, ~16 min left
  sobol     2024/4001   51%   best Q      0.8361    16.0 min elapsed, ~16 min left
  sobol     2032/4001   51%   best Q      0.8361    16.0 min elapsed, ~16 min left
  sobol     2037/4001   51%   best Q      0.8361    16.1 min elapsed, ~15 min left
  sobol     2043/4001   51%   best Q      0.8361    16.1 min elapsed, ~15 min left
  sobol     2053/4001   51%   best Q      0.8361    16.2 min elapsed, ~15 min left
  sobol     2057/4001   51%   best Q      0.8361    16.2 min elapsed, ~15 min left
  sobol     2061/4001   52%   best Q      0.8361    16.2 min elapsed, ~15 min left
  sobol     2067/4001   52%   best Q      0.8361    16.3 min elapsed, ~15 min left
  sobol     2072/4001   52%   best Q      0.8361    16.3 min elapsed, ~15 min left
  sobol     2078/4001   52%   best Q      0.8361    16.4 min elapsed, ~15 min left
  sobol     2081/4001   52%   best Q      0.8361    16.4 min elapsed, ~15 min left
  sobol     2088/4001   52%   best Q      0.8361    16.5 min elapsed, ~15 min left
  sobol     2094/4001   52%   best Q      0.8361    16.5 min elapsed, ~15 min left
  sobol     2098/4001   52%   best Q      0.8361    16.5 min elapsed, ~15 min left
  sobol     2103/4001   53%   best Q      0.8361    16.6 min elapsed, ~15 min left
  sobol     2111/4001   53%   best Q      0.8361    16.6 min elapsed, ~15 min left
  sobol     2114/4001   53%   best Q      0.8361    16.7 min elapsed, ~15 min left
  sobol     2121/4001   53%   best Q      0.8361    16.7 min elapsed, ~15 min left
  sobol     2128/4001   53%   best Q      0.8361    16.7 min elapsed, ~15 min left
  sobol     2131/4001   53%   best Q      0.8361    16.8 min elapsed, ~15 min left
  sobol     2135/4001   53%   best Q      0.8361    16.8 min elapsed, ~15 min left
  sobol     2142/4001   54%   best Q      0.8361    16.9 min elapsed, ~15 min left
  sobol     2149/4001   54%   best Q      0.8361    16.9 min elapsed, ~15 min left
  sobol     2152/4001   54%   best Q      0.8361    17.0 min elapsed, ~15 min left
  sobol     2156/4001   54%   best Q      0.8361    17.0 min elapsed, ~15 min left
  sobol     2162/4001   54%   best Q      0.8361    17.0 min elapsed, ~14 min left
  sobol     2167/4001   54%   best Q      0.8361    17.1 min elapsed, ~14 min left
  sobol     2171/4001   54%   best Q      0.8361    17.1 min elapsed, ~14 min left
  sobol     2177/4001   54%   best Q      0.8361    17.1 min elapsed, ~14 min left
  sobol     2183/4001   55%   best Q      0.8361    17.2 min elapsed, ~14 min left
  sobol     2191/4001   55%   best Q      0.8361    17.2 min elapsed, ~14 min left
  sobol     2195/4001   55%   best Q      0.8361    17.3 min elapsed, ~14 min left
  sobol     2200/4001   55%   best Q      0.8361    17.3 min elapsed, ~14 min left
  sobol     2205/4001   55%   best Q      0.8361    17.3 min elapsed, ~14 min left
  sobol     2211/4001   55%   best Q      0.8361    17.4 min elapsed, ~14 min left
  sobol     2216/4001   55%   best Q      0.8361    17.4 min elapsed, ~14 min left
  sobol     2221/4001   56%   best Q      0.8361    17.5 min elapsed, ~14 min left
  sobol     2227/4001   56%   best Q      0.8361    17.5 min elapsed, ~14 min left
  sobol     2230/4001   56%   best Q      0.8361    17.6 min elapsed, ~14 min left
  sobol     2235/4001   56%   best Q      0.8361    17.6 min elapsed, ~14 min left
  sobol     2240/4001   56%   best Q      0.8361    17.6 min elapsed, ~14 min left
  sobol     2243/4001   56%   best Q      0.8361    17.7 min elapsed, ~14 min left
  sobol     2247/4001   56%   best Q      0.8361    17.7 min elapsed, ~14 min left
  sobol     2255/4001   56%   best Q      0.8361    17.8 min elapsed, ~14 min left
  sobol     2261/4001   57%   best Q      0.8361    17.8 min elapsed, ~14 min left
  sobol     2266/4001   57%   best Q      0.8361    17.8 min elapsed, ~14 min left
  sobol     2270/4001   57%   best Q      0.8361    17.9 min elapsed, ~14 min left
  sobol     2278/4001   57%   best Q      0.8361    17.9 min elapsed, ~14 min left
  sobol     2283/4001   57%   best Q      0.8361    18.0 min elapsed, ~14 min left
  sobol     2287/4001   57%   best Q      0.8361    18.0 min elapsed, ~13 min left
  sobol     2292/4001   57%   best Q      0.8361    18.0 min elapsed, ~13 min left
  sobol     2297/4001   57%   best Q      0.8361    18.1 min elapsed, ~13 min left
  sobol     2304/4001   58%   best Q      0.8361    18.1 min elapsed, ~13 min left
  sobol     2308/4001   58%   best Q      0.8361    18.2 min elapsed, ~13 min left
  sobol     2316/4001   58%   best Q      0.8361    18.2 min elapsed, ~13 min left
  sobol     2321/4001   58%   best Q      0.8361    18.3 min elapsed, ~13 min left
  sobol     2327/4001   58%   best Q      0.8361    18.3 min elapsed, ~13 min left
  sobol     2332/4001   58%   best Q      0.8361    18.4 min elapsed, ~13 min left
  sobol     2340/4001   58%   best Q      0.8361    18.4 min elapsed, ~13 min left
  sobol     2343/4001   59%   best Q      0.8361    18.4 min elapsed, ~13 min left
  sobol     2346/4001   59%   best Q      0.8361    18.5 min elapsed, ~13 min left
  sobol     2354/4001   59%   best Q      0.8361    18.5 min elapsed, ~13 min left
  sobol     2360/4001   59%   best Q      0.8361    18.6 min elapsed, ~13 min left
  sobol     2363/4001   59%   best Q      0.8361    18.6 min elapsed, ~13 min left
  sobol     2368/4001   59%   best Q      0.8361    18.6 min elapsed, ~13 min left
  sobol     2376/4001   59%   best Q      0.8361    18.7 min elapsed, ~13 min left
  sobol     2380/4001   59%   best Q      0.8361    18.7 min elapsed, ~13 min left
  sobol     2384/4001   60%   best Q      0.8361    18.8 min elapsed, ~13 min left
  sobol     2389/4001   60%   best Q      0.8361    18.8 min elapsed, ~13 min left
  sobol     2397/4001   60%   best Q      0.8361    18.8 min elapsed, ~13 min left
  sobol     2402/4001   60%   best Q      0.8361    18.9 min elapsed, ~13 min left
  sobol     2406/4001   60%   best Q      0.8361    18.9 min elapsed, ~13 min left
  sobol     2413/4001   60%   best Q      0.8361    19.0 min elapsed, ~12 min left
  sobol     2418/4001   60%   best Q      0.8361    19.0 min elapsed, ~12 min left
  sobol     2424/4001   61%   best Q      0.8361    19.1 min elapsed, ~12 min left
  sobol     2430/4001   61%   best Q      0.8361    19.1 min elapsed, ~12 min left
  sobol     2436/4001   61%   best Q      0.8361    19.2 min elapsed, ~12 min left
  sobol     2439/4001   61%   best Q      0.8361    19.2 min elapsed, ~12 min left
  sobol     2444/4001   61%   best Q      0.8361    19.2 min elapsed, ~12 min left
  sobol     2449/4001   61%   best Q      0.8361    19.3 min elapsed, ~12 min left
  sobol     2453/4001   61%   best Q      0.8361    19.3 min elapsed, ~12 min left
  sobol     2459/4001   61%   best Q      0.8361    19.3 min elapsed, ~12 min left
  sobol     2461/4001   62%   best Q      0.8361    19.4 min elapsed, ~12 min left
  sobol     2465/4001   62%   best Q      0.8361    19.4 min elapsed, ~12 min left
  sobol     2472/4001   62%   best Q      0.8361    19.4 min elapsed, ~12 min left
  sobol     2477/4001   62%   best Q      0.8361    19.5 min elapsed, ~12 min left
  sobol     2484/4001   62%   best Q      0.8361    19.5 min elapsed, ~12 min left
  sobol     2486/4001   62%   best Q      0.8361    19.6 min elapsed, ~12 min left
  sobol     2492/4001   62%   best Q      0.8361    19.6 min elapsed, ~12 min left
  sobol     2497/4001   62%   best Q      0.8361    19.6 min elapsed, ~12 min left
  sobol     2503/4001   63%   best Q      0.8361    19.7 min elapsed, ~12 min left
  sobol     2506/4001   63%   best Q      0.8361    19.7 min elapsed, ~12 min left
  sobol     2510/4001   63%   best Q      0.8361    19.8 min elapsed, ~12 min left
  sobol     2516/4001   63%   best Q      0.8361    19.8 min elapsed, ~12 min left
  sobol     2520/4001   63%   best Q      0.8361    19.8 min elapsed, ~12 min left
  sobol     2527/4001   63%   best Q      0.8361    19.9 min elapsed, ~12 min left
  sobol     2535/4001   63%   best Q      0.8361    19.9 min elapsed, ~12 min left
  sobol     2542/4001   64%   best Q      0.8361    20.0 min elapsed, ~11 min left
  sobol     2546/4001   64%   best Q      0.8361    20.0 min elapsed, ~11 min left
  sobol     2552/4001   64%   best Q      0.8361    20.1 min elapsed, ~11 min left
  sobol     2559/4001   64%   best Q      0.8361    20.1 min elapsed, ~11 min left
  sobol     2561/4001   64%   best Q      0.8361    20.1 min elapsed, ~11 min left
  sobol     2566/4001   64%   best Q      0.8361    20.2 min elapsed, ~11 min left
  sobol     2570/4001   64%   best Q      0.8361    20.2 min elapsed, ~11 min left
  sobol     2579/4001   64%   best Q      0.8361    20.3 min elapsed, ~11 min left
  sobol     2582/4001   65%   best Q      0.8361    20.3 min elapsed, ~11 min left
  sobol     2586/4001   65%   best Q      0.8361    20.4 min elapsed, ~11 min left
  sobol     2591/4001   65%   best Q      0.8361    20.4 min elapsed, ~11 min left
  sobol     2598/4001   65%   best Q      0.8361    20.4 min elapsed, ~11 min left
  sobol     2603/4001   65%   best Q      0.8361    20.5 min elapsed, ~11 min left
  sobol     2605/4001   65%   best Q      0.8361    20.5 min elapsed, ~11 min left
  sobol     2613/4001   65%   best Q      0.8361    20.6 min elapsed, ~11 min left
  sobol     2617/4001   65%   best Q      0.8361    20.6 min elapsed, ~11 min left
  sobol     2622/4001   66%   best Q      0.8361    20.6 min elapsed, ~11 min left
  sobol     2626/4001   66%   best Q      0.8361    20.7 min elapsed, ~11 min left
  sobol     2631/4001   66%   best Q      0.8361    20.7 min elapsed, ~11 min left
  sobol     2636/4001   66%   best Q      0.8361    20.7 min elapsed, ~11 min left
  sobol     2640/4001   66%   best Q      0.8361    20.8 min elapsed, ~11 min left
  sobol     2646/4001   66%   best Q      0.8361    20.8 min elapsed, ~11 min left
  sobol     2650/4001   66%   best Q      0.8361    20.9 min elapsed, ~11 min left
  sobol     2655/4001   66%   best Q      0.8361    20.9 min elapsed, ~11 min left
  sobol     2660/4001   66%   best Q      0.8361    20.9 min elapsed, ~11 min left
  sobol     2663/4001   67%   best Q      0.8361    21.0 min elapsed, ~11 min left
  sobol     2671/4001   67%   best Q      0.8361    21.0 min elapsed, ~10 min left
  sobol     2676/4001   67%   best Q      0.8361    21.0 min elapsed, ~10 min left
  sobol     2679/4001   67%   best Q      0.8361    21.1 min elapsed, ~10 min left
  sobol     2685/4001   67%   best Q      0.8361    21.1 min elapsed, ~10 min left
  sobol     2689/4001   67%   best Q      0.8361    21.1 min elapsed, ~10 min left
  sobol     2693/4001   67%   best Q      0.8361    21.2 min elapsed, ~10 min left
  sobol     2698/4001   67%   best Q      0.8361    21.2 min elapsed, ~10 min left
  sobol     2702/4001   68%   best Q      0.8361    21.3 min elapsed, ~10 min left
  sobol     2708/4001   68%   best Q      0.8361    21.3 min elapsed, ~10 min left
  sobol     2713/4001   68%   best Q      0.8361    21.3 min elapsed, ~10 min left
  sobol     2717/4001   68%   best Q      0.8361    21.4 min elapsed, ~10 min left
  sobol     2722/4001   68%   best Q      0.8361    21.4 min elapsed, ~10 min left
  sobol     2727/4001   68%   best Q      0.8361    21.5 min elapsed, ~10 min left
  sobol     2735/4001   68%   best Q      0.8361    21.5 min elapsed, ~10 min left
  sobol     2738/4001   68%   best Q      0.8361    21.5 min elapsed, ~10 min left
  sobol     2745/4001   69%   best Q      0.8361    21.6 min elapsed, ~10 min left
  sobol     2749/4001   69%   best Q      0.8361    21.6 min elapsed, ~10 min left
  sobol     2757/4001   69%   best Q      0.8361    21.7 min elapsed, ~10 min left
  sobol     2762/4001   69%   best Q      0.8361    21.7 min elapsed, ~10 min left
  sobol     2768/4001   69%   best Q      0.8361    21.8 min elapsed, ~10 min left
  sobol     2774/4001   69%   best Q      0.8361    21.8 min elapsed, ~10 min left
  sobol     2780/4001   69%   best Q      0.8361    21.9 min elapsed, ~10 min left
  sobol     2785/4001   70%   best Q      0.8361    21.9 min elapsed, ~10 min left
  sobol     2789/4001   70%   best Q      0.8361    21.9 min elapsed, ~10 min left
  sobol     2794/4001   70%   best Q      0.8361    22.0 min elapsed, ~9 min left
  sobol     2800/4001   70%   best Q      0.8361    22.0 min elapsed, ~9 min left
  sobol     2806/4001   70%   best Q      0.8361    22.1 min elapsed, ~9 min left
  sobol     2811/4001   70%   best Q      0.8361    22.1 min elapsed, ~9 min left
  sobol     2815/4001   70%   best Q      0.8361    22.1 min elapsed, ~9 min left
  sobol     2821/4001   71%   best Q      0.8361    22.2 min elapsed, ~9 min left
  sobol     2826/4001   71%   best Q      0.8361    22.2 min elapsed, ~9 min left
  sobol     2829/4001   71%   best Q      0.8361    22.2 min elapsed, ~9 min left
  sobol     2837/4001   71%   best Q      0.8361    22.3 min elapsed, ~9 min left
  sobol     2840/4001   71%   best Q      0.8361    22.3 min elapsed, ~9 min left
  sobol     2844/4001   71%   best Q      0.8361    22.4 min elapsed, ~9 min left
  sobol     2849/4001   71%   best Q      0.8361    22.4 min elapsed, ~9 min left
  sobol     2856/4001   71%   best Q      0.8361    22.4 min elapsed, ~9 min left
  sobol     2862/4001   72%   best Q      0.8361    22.5 min elapsed, ~9 min left
  sobol     2865/4001   72%   best Q      0.8361    22.5 min elapsed, ~9 min left
  sobol     2871/4001   72%   best Q      0.8361    22.6 min elapsed, ~9 min left
  sobol     2877/4001   72%   best Q      0.8361    22.6 min elapsed, ~9 min left
  sobol     2882/4001   72%   best Q      0.8361    22.6 min elapsed, ~9 min left
  sobol     2886/4001   72%   best Q      0.8361    22.7 min elapsed, ~9 min left
  sobol     2894/4001   72%   best Q      0.8361    22.8 min elapsed, ~9 min left
  sobol     2899/4001   72%   best Q      0.8361    22.8 min elapsed, ~9 min left
  sobol     2907/4001   73%   best Q      0.8361    22.8 min elapsed, ~9 min left
  sobol     2909/4001   73%   best Q      0.8361    22.9 min elapsed, ~9 min left
  sobol     2915/4001   73%   best Q      0.8361    22.9 min elapsed, ~9 min left
  sobol     2921/4001   73%   best Q      0.8361    23.0 min elapsed, ~8 min left
  sobol     2928/4001   73%   best Q      0.8361    23.0 min elapsed, ~8 min left
  sobol     2933/4001   73%   best Q      0.8361    23.0 min elapsed, ~8 min left
  sobol     2938/4001   73%   best Q      0.8361    23.1 min elapsed, ~8 min left
  sobol     2943/4001   74%   best Q      0.8361    23.1 min elapsed, ~8 min left
  sobol     2951/4001   74%   best Q      0.8361    23.2 min elapsed, ~8 min left
  sobol     2955/4001   74%   best Q      0.8361    23.2 min elapsed, ~8 min left
  sobol     2959/4001   74%   best Q      0.8361    23.2 min elapsed, ~8 min left
  sobol     2965/4001   74%   best Q      0.8361    23.3 min elapsed, ~8 min left
  sobol     2972/4001   74%   best Q      0.8361    23.3 min elapsed, ~8 min left
  sobol     2975/4001   74%   best Q      0.8361    23.4 min elapsed, ~8 min left
  sobol     2981/4001   75%   best Q      0.8361    23.4 min elapsed, ~8 min left
  sobol     2986/4001   75%   best Q      0.8361    23.5 min elapsed, ~8 min left
  sobol     2992/4001   75%   best Q      0.8361    23.5 min elapsed, ~8 min left
  sobol     2996/4001   75%   best Q      0.8361    23.5 min elapsed, ~8 min left
  sobol     3002/4001   75%   best Q      0.8361    23.6 min elapsed, ~8 min left
  sobol     3008/4001   75%   best Q      0.8361    23.6 min elapsed, ~8 min left
  sobol     3012/4001   75%   best Q      0.8361    23.7 min elapsed, ~8 min left
  sobol     3015/4001   75%   best Q      0.8361    23.7 min elapsed, ~8 min left
  sobol     3022/4001   76%   best Q      0.8361    23.7 min elapsed, ~8 min left
  sobol     3025/4001   76%   best Q      0.8361    23.8 min elapsed, ~8 min left
  sobol     3030/4001   76%   best Q      0.8361    23.8 min elapsed, ~8 min left
  sobol     3034/4001   76%   best Q      0.8361    23.8 min elapsed, ~8 min left
  sobol     3042/4001   76%   best Q      0.8361    23.9 min elapsed, ~8 min left
  sobol     3049/4001   76%   best Q      0.8361    23.9 min elapsed, ~7 min left
  sobol     3052/4001   76%   best Q      0.8361    24.0 min elapsed, ~7 min left
  sobol     3057/4001   76%   best Q      0.8361    24.0 min elapsed, ~7 min left
  sobol     3062/4001   77%   best Q      0.8361    24.1 min elapsed, ~7 min left
  sobol     3071/4001   77%   best Q      0.8361    24.1 min elapsed, ~7 min left
  sobol     3076/4001   77%   best Q      0.8361    24.2 min elapsed, ~7 min left
  sobol     3079/4001   77%   best Q      0.8361    24.2 min elapsed, ~7 min left
  sobol     3084/4001   77%   best Q      0.8361    24.2 min elapsed, ~7 min left
  sobol     3089/4001   77%   best Q      0.8361    24.3 min elapsed, ~7 min left
  sobol     3095/4001   77%   best Q      0.8361    24.3 min elapsed, ~7 min left
  sobol     3098/4001   77%   best Q      0.8361    24.3 min elapsed, ~7 min left
  sobol     3105/4001   78%   best Q      0.8361    24.4 min elapsed, ~7 min left
  sobol     3111/4001   78%   best Q      0.8361    24.4 min elapsed, ~7 min left
  sobol     3116/4001   78%   best Q      0.8361    24.5 min elapsed, ~7 min left
  sobol     3119/4001   78%   best Q      0.8361    24.5 min elapsed, ~7 min left
  sobol     3126/4001   78%   best Q      0.8361    24.5 min elapsed, ~7 min left
  sobol     3131/4001   78%   best Q      0.8361    24.6 min elapsed, ~7 min left
  sobol     3136/4001   78%   best Q      0.8361    24.6 min elapsed, ~7 min left
  sobol     3141/4001   79%   best Q      0.8361    24.7 min elapsed, ~7 min left
  sobol     3149/4001   79%   best Q      0.8361    24.7 min elapsed, ~7 min left
  sobol     3153/4001   79%   best Q      0.8361    24.8 min elapsed, ~7 min left
  sobol     3158/4001   79%   best Q      0.8361    24.8 min elapsed, ~7 min left
  sobol     3163/4001   79%   best Q      0.8361    24.9 min elapsed, ~7 min left
  sobol     3169/4001   79%   best Q      0.8361    24.9 min elapsed, ~7 min left
  sobol     3176/4001   79%   best Q      0.8361    24.9 min elapsed, ~6 min left
  sobol     3180/4001   79%   best Q      0.8361    25.0 min elapsed, ~6 min left
  sobol     3185/4001   80%   best Q      0.8361    25.0 min elapsed, ~6 min left
  sobol     3190/4001   80%   best Q      0.8361    25.1 min elapsed, ~6 min left
  sobol     3196/4001   80%   best Q      0.8361    25.1 min elapsed, ~6 min left
  sobol     3200/4001   80%   best Q      0.8361    25.1 min elapsed, ~6 min left
  sobol     3206/4001   80%   best Q      0.8361    25.2 min elapsed, ~6 min left
  sobol     3209/4001   80%   best Q      0.8361    25.2 min elapsed, ~6 min left
  sobol     3215/4001   80%   best Q      0.8361    25.2 min elapsed, ~6 min left
  sobol     3220/4001   80%   best Q      0.8361    25.3 min elapsed, ~6 min left
  sobol     3224/4001   81%   best Q      0.8361    25.3 min elapsed, ~6 min left
  sobol     3229/4001   81%   best Q      0.8361    25.4 min elapsed, ~6 min left
  sobol     3235/4001   81%   best Q      0.8361    25.4 min elapsed, ~6 min left
  sobol     3241/4001   81%   best Q      0.8361    25.4 min elapsed, ~6 min left
  sobol     3246/4001   81%   best Q      0.8361    25.5 min elapsed, ~6 min left
  sobol     3251/4001   81%   best Q      0.8361    25.5 min elapsed, ~6 min left
  sobol     3256/4001   81%   best Q      0.8361    25.6 min elapsed, ~6 min left
  sobol     3260/4001   81%   best Q      0.8361    25.6 min elapsed, ~6 min left
  sobol     3266/4001   82%   best Q      0.8361    25.6 min elapsed, ~6 min left
  sobol     3271/4001   82%   best Q      0.8361    25.7 min elapsed, ~6 min left
  sobol     3277/4001   82%   best Q      0.8361    25.7 min elapsed, ~6 min left
  sobol     3280/4001   82%   best Q      0.8361    25.8 min elapsed, ~6 min left
  sobol     3285/4001   82%   best Q      0.8361    25.8 min elapsed, ~6 min left
  sobol     3292/4001   82%   best Q      0.8361    25.8 min elapsed, ~6 min left
  sobol     3295/4001   82%   best Q      0.8361    25.9 min elapsed, ~6 min left
  sobol     3302/4001   83%   best Q      0.8361    25.9 min elapsed, ~5 min left
  sobol     3306/4001   83%   best Q      0.8361    26.0 min elapsed, ~5 min left
  sobol     3314/4001   83%   best Q      0.8361    26.0 min elapsed, ~5 min left
  sobol     3319/4001   83%   best Q      0.8361    26.0 min elapsed, ~5 min left
  sobol     3325/4001   83%   best Q      0.8361    26.1 min elapsed, ~5 min left
  sobol     3331/4001   83%   best Q      0.8361    26.2 min elapsed, ~5 min left
  sobol     3338/4001   83%   best Q      0.8361    26.2 min elapsed, ~5 min left
  sobol     3342/4001   84%   best Q      0.8361    26.2 min elapsed, ~5 min left
  sobol     3346/4001   84%   best Q      0.8361    26.3 min elapsed, ~5 min left
  sobol     3351/4001   84%   best Q      0.8361    26.3 min elapsed, ~5 min left
  sobol     3355/4001   84%   best Q      0.8361    26.3 min elapsed, ~5 min left
  sobol     3362/4001   84%   best Q      0.8361    26.4 min elapsed, ~5 min left
  sobol     3367/4001   84%   best Q      0.8361    26.4 min elapsed, ~5 min left
  sobol     3371/4001   84%   best Q      0.8361    26.5 min elapsed, ~5 min left
  sobol     3377/4001   84%   best Q      0.8361    26.5 min elapsed, ~5 min left
  sobol     3384/4001   85%   best Q      0.8361    26.6 min elapsed, ~5 min left
  sobol     3391/4001   85%   best Q      0.8361    26.6 min elapsed, ~5 min left
  sobol     3396/4001   85%   best Q      0.8361    26.7 min elapsed, ~5 min left
  sobol     3402/4001   85%   best Q      0.8361    26.7 min elapsed, ~5 min left
  sobol     3408/4001   85%   best Q      0.8361    26.7 min elapsed, ~5 min left
  sobol     3413/4001   85%   best Q      0.8361    26.8 min elapsed, ~5 min left
  sobol     3418/4001   85%   best Q      0.8361    26.8 min elapsed, ~5 min left
  sobol     3423/4001   86%   best Q      0.8361    26.9 min elapsed, ~5 min left
  sobol     3428/4001   86%   best Q      0.8361    26.9 min elapsed, ~4 min left
  sobol     3432/4001   86%   best Q      0.8361    26.9 min elapsed, ~4 min left
  sobol     3438/4001   86%   best Q      0.8361    27.0 min elapsed, ~4 min left
  sobol     3445/4001   86%   best Q      0.8361    27.0 min elapsed, ~4 min left
  sobol     3449/4001   86%   best Q      0.8361    27.1 min elapsed, ~4 min left
  sobol     3453/4001   86%   best Q      0.8361    27.1 min elapsed, ~4 min left
  sobol     3457/4001   86%   best Q      0.8361    27.1 min elapsed, ~4 min left
  sobol     3461/4001   87%   best Q      0.8361    27.2 min elapsed, ~4 min left
  sobol     3468/4001   87%   best Q      0.8361    27.2 min elapsed, ~4 min left
  sobol     3471/4001   87%   best Q      0.8361    27.2 min elapsed, ~4 min left
  sobol     3476/4001   87%   best Q      0.8361    27.3 min elapsed, ~4 min left
  sobol     3482/4001   87%   best Q      0.8361    27.3 min elapsed, ~4 min left
  sobol     3486/4001   87%   best Q      0.8361    27.4 min elapsed, ~4 min left
  sobol     3492/4001   87%   best Q      0.8361    27.4 min elapsed, ~4 min left
  sobol     3495/4001   87%   best Q      0.8361    27.4 min elapsed, ~4 min left
  sobol     3500/4001   87%   best Q      0.8361    27.5 min elapsed, ~4 min left
  sobol     3506/4001   88%   best Q      0.8361    27.5 min elapsed, ~4 min left
  sobol     3508/4001   88%   best Q      0.8361    27.5 min elapsed, ~4 min left
  sobol     3516/4001   88%   best Q      0.8361    27.6 min elapsed, ~4 min left
  sobol     3520/4001   88%   best Q      0.8361    27.6 min elapsed, ~4 min left
  sobol     3528/4001   88%   best Q      0.8361    27.7 min elapsed, ~4 min left
  sobol     3532/4001   88%   best Q      0.8361    27.7 min elapsed, ~4 min left
  sobol     3539/4001   88%   best Q      0.8361    27.8 min elapsed, ~4 min left
  sobol     3542/4001   89%   best Q      0.8361    27.8 min elapsed, ~4 min left
  sobol     3548/4001   89%   best Q      0.8361    27.8 min elapsed, ~4 min left
  sobol     3550/4001   89%   best Q      0.8361    27.9 min elapsed, ~4 min left
  sobol     3556/4001   89%   best Q      0.8361    27.9 min elapsed, ~3 min left
  sobol     3561/4001   89%   best Q      0.8361    27.9 min elapsed, ~3 min left
  sobol     3567/4001   89%   best Q      0.8361    28.0 min elapsed, ~3 min left
  sobol     3571/4001   89%   best Q      0.8361    28.0 min elapsed, ~3 min left
  sobol     3578/4001   89%   best Q      0.8361    28.1 min elapsed, ~3 min left
  sobol     3585/4001   90%   best Q      0.8361    28.1 min elapsed, ~3 min left
  sobol     3590/4001   90%   best Q      0.8361    28.2 min elapsed, ~3 min left
  sobol     3594/4001   90%   best Q      0.8361    28.2 min elapsed, ~3 min left
  sobol     3599/4001   90%   best Q      0.8361    28.3 min elapsed, ~3 min left
  sobol     3604/4001   90%   best Q      0.8361    28.3 min elapsed, ~3 min left
  sobol     3608/4001   90%   best Q      0.8361    28.3 min elapsed, ~3 min left
  sobol     3614/4001   90%   best Q      0.8361    28.4 min elapsed, ~3 min left
  sobol     3618/4001   90%   best Q      0.8361    28.4 min elapsed, ~3 min left
  sobol     3624/4001   91%   best Q      0.8361    28.4 min elapsed, ~3 min left
  sobol     3630/4001   91%   best Q      0.8361    28.5 min elapsed, ~3 min left
  sobol     3634/4001   91%   best Q      0.8361    28.5 min elapsed, ~3 min left
  sobol     3639/4001   91%   best Q      0.8361    28.6 min elapsed, ~3 min left
  sobol     3646/4001   91%   best Q      0.8361    28.6 min elapsed, ~3 min left
  sobol     3653/4001   91%   best Q      0.8361    28.7 min elapsed, ~3 min left
  sobol     3656/4001   91%   best Q      0.8361    28.7 min elapsed, ~3 min left
  sobol     3661/4001   92%   best Q      0.8361    28.7 min elapsed, ~3 min left
  sobol     3666/4001   92%   best Q      0.8361    28.8 min elapsed, ~3 min left
  sobol     3672/4001   92%   best Q      0.8361    28.8 min elapsed, ~3 min left
  sobol     3675/4001   92%   best Q      0.8361    28.8 min elapsed, ~3 min left
  sobol     3682/4001   92%   best Q      0.8361    28.9 min elapsed, ~3 min left
  sobol     3686/4001   92%   best Q      0.8361    28.9 min elapsed, ~2 min left
  sobol     3690/4001   92%   best Q      0.8361    29.0 min elapsed, ~2 min left
  sobol     3696/4001   92%   best Q      0.8361    29.0 min elapsed, ~2 min left
  sobol     3700/4001   92%   best Q      0.8361    29.0 min elapsed, ~2 min left
  sobol     3705/4001   93%   best Q      0.8361    29.1 min elapsed, ~2 min left
  sobol     3711/4001   93%   best Q      0.8361    29.1 min elapsed, ~2 min left
  sobol     3715/4001   93%   best Q      0.8361    29.2 min elapsed, ~2 min left
  sobol     3719/4001   93%   best Q      0.8361    29.2 min elapsed, ~2 min left
  sobol     3724/4001   93%   best Q      0.8361    29.2 min elapsed, ~2 min left
  sobol     3731/4001   93%   best Q      0.8361    29.3 min elapsed, ~2 min left
  sobol     3737/4001   93%   best Q      0.8361    29.3 min elapsed, ~2 min left
  sobol     3742/4001   94%   best Q      0.8361    29.4 min elapsed, ~2 min left
  sobol     3748/4001   94%   best Q      0.8361    29.4 min elapsed, ~2 min left
  sobol     3751/4001   94%   best Q      0.8361    29.4 min elapsed, ~2 min left
  sobol     3758/4001   94%   best Q      0.8361    29.5 min elapsed, ~2 min left
  sobol     3763/4001   94%   best Q      0.8361    29.5 min elapsed, ~2 min left
  sobol     3770/4001   94%   best Q      0.8361    29.6 min elapsed, ~2 min left
  sobol     3773/4001   94%   best Q      0.8361    29.6 min elapsed, ~2 min left
  sobol     3781/4001   95%   best Q      0.8361    29.7 min elapsed, ~2 min left
  sobol     3783/4001   95%   best Q      0.8361    29.7 min elapsed, ~2 min left
  sobol     3789/4001   95%   best Q      0.8361    29.7 min elapsed, ~2 min left
  sobol     3793/4001   95%   best Q      0.8361    29.8 min elapsed, ~2 min left
  sobol     3800/4001   95%   best Q      0.8361    29.8 min elapsed, ~2 min left
  sobol     3803/4001   95%   best Q      0.8361    29.8 min elapsed, ~2 min left
  sobol     3808/4001   95%   best Q      0.8361    29.9 min elapsed, ~2 min left
  sobol     3810/4001   95%   best Q      0.8361    29.9 min elapsed, ~1 min left
  sobol     3817/4001   95%   best Q      0.8361    29.9 min elapsed, ~1 min left
  sobol     3822/4001   96%   best Q      0.8361    30.0 min elapsed, ~1 min left
  sobol     3825/4001   96%   best Q      0.8361    30.0 min elapsed, ~1 min left
  sobol     3831/4001   96%   best Q      0.8361    30.1 min elapsed, ~1 min left
  sobol     3838/4001   96%   best Q      0.8361    30.1 min elapsed, ~1 min left
  sobol     3842/4001   96%   best Q      0.8361    30.1 min elapsed, ~1 min left
  sobol     3848/4001   96%   best Q      0.8361    30.2 min elapsed, ~1 min left
  sobol     3855/4001   96%   best Q      0.8361    30.2 min elapsed, ~1 min left
  sobol     3858/4001   96%   best Q      0.8361    30.3 min elapsed, ~1 min left
  sobol     3863/4001   97%   best Q      0.8361    30.3 min elapsed, ~1 min left
  sobol     3869/4001   97%   best Q      0.8361    30.4 min elapsed, ~1 min left
  sobol     3874/4001   97%   best Q      0.8361    30.4 min elapsed, ~1 min left
  sobol     3879/4001   97%   best Q      0.8361    30.4 min elapsed, ~1 min left
  sobol     3884/4001   97%   best Q      0.8361    30.5 min elapsed, ~1 min left
  sobol     3889/4001   97%   best Q      0.8361    30.5 min elapsed, ~1 min left
  sobol     3893/4001   97%   best Q      0.8361    30.6 min elapsed, ~1 min left
  sobol     3897/4001   97%   best Q      0.8361    30.6 min elapsed, ~1 min left
  sobol     3904/4001   98%   best Q      0.8361    30.6 min elapsed, ~1 min left
  sobol     3910/4001   98%   best Q      0.8361    30.7 min elapsed, ~1 min left
  sobol     3914/4001   98%   best Q      0.8361    30.7 min elapsed, ~1 min left
  sobol     3921/4001   98%   best Q      0.8361    30.7 min elapsed, ~1 min left
  sobol     3925/4001   98%   best Q      0.8361    30.8 min elapsed, ~1 min left
  sobol     3931/4001   98%   best Q      0.8361    30.8 min elapsed, ~1 min left
  sobol     3935/4001   98%   best Q      0.8361    30.9 min elapsed, ~1 min left
  sobol     3943/4001   99%   best Q      0.8361    30.9 min elapsed, ~0 min left
  sobol     3947/4001   99%   best Q      0.8361    31.0 min elapsed, ~0 min left
  sobol     3950/4001   99%   best Q      0.8361    31.0 min elapsed, ~0 min left
  sobol     3956/4001   99%   best Q      0.8361    31.0 min elapsed, ~0 min left
  sobol     3962/4001   99%   best Q      0.8361    31.1 min elapsed, ~0 min left
  sobol     3966/4001   99%   best Q      0.8361    31.1 min elapsed, ~0 min left
  sobol     3969/4001   99%   best Q      0.8361    31.2 min elapsed, ~0 min left
  sobol     3976/4001   99%   best Q      0.8361    31.2 min elapsed, ~0 min left
  sobol     3984/4001  100%   best Q      0.8361    31.2 min elapsed, ~0 min left
  sobol     3988/4001  100%   best Q      0.8361    31.3 min elapsed, ~0 min left
  sobol     3990/4001  100%   best Q      0.8361    31.3 min elapsed, ~0 min left
  sobol     3997/4001  100%   best Q      0.8361    31.4 min elapsed, ~0 min left
  sobol     4001/4001  100%   best Q    0.001962    31.4 min elapsed, ~0 min left
  sobol    complete: 4001 evaluations, best Q 0.001962, 31.4 min
  restart   1/8    eval     1   this Q    0.001962   best Q    0.001962    31.6 min
  restart   1/8    eval     2   this Q    0.001962   best Q    0.001962    31.8 min
  restart   1/8    eval     3   this Q      0.9547   best Q    0.001962    31.9 min
  restart   1/8    eval     4   this Q       0.435   best Q    0.001962    32.1 min
  restart   1/8    eval     5   this Q      0.2952   best Q    0.001962    32.3 min
  restart   1/8    eval     6   this Q       2.143   best Q    0.001962    32.5 min
  restart   1/8    eval     7   this Q       1.376   best Q    0.001962    32.6 min
  restart   1/8    eval     8   this Q      0.1414   best Q    0.001962    32.8 min
  restart   1/8    eval     9   this Q       0.919   best Q    0.001962    33.0 min
  restart   1/8    eval    10   this Q       3.167   best Q    0.001962    33.2 min
  restart   1/8    eval    11   this Q      0.7103   best Q    0.001962    33.3 min
  restart   1/8    eval    12   this Q      0.6657   best Q    0.001962    33.5 min
  restart   1/8    eval    13   this Q       2.209   best Q    0.001962    33.7 min
  restart   1/8    eval    14   this Q      0.5819   best Q    0.001962    33.8 min
  restart   1/8    eval    15   this Q       1.397   best Q    0.001962    34.0 min
  restart   1/8    eval    16   this Q      0.3987   best Q    0.001962    34.2 min
  restart   1/8    eval    17   this Q      0.5783   best Q    0.001962    34.4 min
  restart   1/8    eval    18   this Q      0.6736   best Q    0.001962    34.5 min
  restart   1/8    eval    19   this Q         1.5   best Q    0.001962    34.7 min
  restart   1/8    eval    20   this Q      0.1322   best Q    0.001962    34.9 min
  restart   1/8    eval    21   this Q      0.8565   best Q    0.001962    35.1 min
  restart   1/8    eval    22   this Q      0.3273   best Q    0.001962    35.2 min
  restart   1/8    eval    23   this Q       2.228   best Q    0.001962    35.4 min
  restart   1/8    eval    24   this Q      0.3129   best Q    0.001962    35.6 min
  restart   1/8    eval    25   this Q      0.4875   best Q    0.001962    35.8 min
  restart   1/8    eval    26   this Q      0.8452   best Q    0.001962    35.9 min
  restart   1/8    eval    27   this Q      0.2449   best Q    0.001962    36.1 min
  restart   1/8    eval    28   this Q      0.5359   best Q    0.001962    36.3 min
  restart   1/8    eval    29   this Q      0.1871   best Q    0.001962    36.5 min
  restart   1/8    eval    30   this Q      0.1872   best Q    0.001962    36.6 min
  restart   1/8    eval    31   this Q      0.1212   best Q    0.001962    36.8 min
  restart   1/8    eval    32   this Q      0.2019   best Q    0.001962    37.0 min
  restart   1/8    eval    33   this Q      0.6814   best Q    0.001962    37.2 min
  restart   1/8    eval    34   this Q      0.1079   best Q    0.001962    37.3 min
  restart   1/8    eval    35   this Q      0.1698   best Q    0.001962    37.5 min
  restart   1/8    eval    36   this Q      0.2031   best Q    0.001962    37.7 min
  restart   1/8    eval    37   this Q      0.0647   best Q    0.001962    37.9 min
  restart   1/8    eval    38   this Q       0.323   best Q    0.001962    38.0 min
  restart   1/8    eval    39   this Q     0.03462   best Q    0.001962    38.2 min
  restart   1/8    eval    40   this Q      0.3111   best Q    0.001962    38.4 min
  restart   1/8    eval    41   this Q     0.07695   best Q    0.001962    38.5 min
  restart   1/8    eval    42   this Q      0.1396   best Q    0.001962    38.7 min
  restart   1/8    eval    43   this Q      0.1427   best Q    0.001962    38.9 min
  restart   1/8    eval    44   this Q     0.03266   best Q    0.001962    39.1 min
  restart   1/8    eval    45   this Q      0.2414   best Q    0.001962    39.2 min
  restart   1/8    eval    46   this Q     0.04157   best Q    0.001962    39.4 min
  restart   1/8    eval    47   this Q      0.1444   best Q    0.001962    39.6 min
  restart   1/8    eval    48   this Q     0.04903   best Q    0.001962    39.8 min
  restart   1/8    eval    49   this Q       0.114   best Q    0.001962    39.9 min
  restart   1/8    eval    50   this Q       0.193   best Q    0.001962    40.1 min
  restart   1/8    eval    51   this Q     0.03003   best Q    0.001962    40.3 min
  restart   1/8    eval    52   this Q      0.1105   best Q    0.001962    40.5 min
  restart   1/8    eval    53   this Q      0.0363   best Q    0.001962    40.7 min
  restart   1/8    eval    54   this Q     0.07885   best Q    0.001962    40.8 min
  restart   1/8    eval    55   this Q      0.0256   best Q    0.001962    41.0 min
  restart   1/8    eval    56   this Q     0.06846   best Q    0.001962    41.2 min
  restart   1/8    eval    57   this Q     0.02363   best Q    0.001962    41.3 min
  restart   1/8    eval    58   this Q     0.08738   best Q    0.001962    41.5 min
  restart   1/8    eval    59   this Q     0.02378   best Q    0.001962    41.7 min
  restart   1/8    eval    60   this Q     0.04064   best Q    0.001962    41.9 min
  restart   1/8    eval    61   this Q     0.07934   best Q    0.001962    42.0 min
  restart   1/8    eval    62   this Q     0.01464   best Q    0.001962    42.2 min
  restart   1/8    eval    63   this Q     0.05077   best Q    0.001962    42.4 min
  restart   1/8    eval    64   this Q     0.01687   best Q    0.001962    42.5 min
  restart   1/8    eval    65   this Q      0.0322   best Q    0.001962    42.7 min
  restart   1/8    eval    66   this Q     0.02178   best Q    0.001962    42.9 min
  restart   1/8    eval    67   this Q     0.02428   best Q    0.001962    43.1 min
  restart   1/8    eval    68   this Q     0.04817   best Q    0.001962    43.2 min
  restart   1/8    eval    69   this Q     0.01268   best Q    0.001962    43.4 min
  restart   1/8    eval    70   this Q     0.02465   best Q    0.001962    43.6 min
  restart   1/8    eval    71   this Q     0.01042   best Q    0.001962    43.7 min
  restart   1/8    eval    72   this Q     0.02597   best Q    0.001962    43.9 min
  restart   1/8    eval    73   this Q     0.01063   best Q    0.001962    44.1 min
  restart   1/8    eval    74   this Q     0.02439   best Q    0.001962    44.2 min
  restart   1/8    eval    75   this Q     0.01072   best Q    0.001962    44.4 min
  restart   1/8    eval    76   this Q     0.01168   best Q    0.001962    44.6 min
  restart   1/8    eval    77   this Q     0.02063   best Q    0.001962    44.8 min
  restart   1/8    eval    78   this Q     0.03371   best Q    0.001962    44.9 min
  restart   1/8    eval    79   this Q     0.00769   best Q    0.001962    45.1 min
  restart   1/8    eval    80   this Q     0.02183   best Q    0.001962    45.3 min
  restart   1/8    eval    81   this Q    0.008673   best Q    0.001962    45.4 min
  restart   1/8    eval    82   this Q     0.01235   best Q    0.001962    45.6 min
  restart   1/8    eval    83   this Q    0.009172   best Q    0.001962    45.8 min
  restart   1/8    eval    84   this Q     0.01194   best Q    0.001962    46.0 min
  restart   1/8    eval    85   this Q     0.00954   best Q    0.001962    46.1 min
  restart   1/8    eval    86   this Q     0.01657   best Q    0.001962    46.3 min
  restart   1/8    eval    87   this Q     0.00489   best Q    0.001962    46.5 min
  restart   1/8    eval    88   this Q     0.02349   best Q    0.001962    46.6 min
  restart   1/8    eval    89   this Q    0.003849   best Q    0.001962    46.8 min
  restart   1/8    eval    90   this Q    0.008078   best Q    0.001962    47.0 min
  restart   1/8    eval    91   this Q    0.007356   best Q    0.001962    47.2 min
  restart   1/8    eval    92   this Q    0.007985   best Q    0.001962    47.3 min
  restart   1/8    eval    93   this Q     0.01039   best Q    0.001962    47.5 min
  restart   1/8    eval    94   this Q    0.004123   best Q    0.001962    47.7 min
  restart   1/8    eval    95   this Q     0.01089   best Q    0.001962    47.8 min
  restart   1/8    eval    96   this Q    0.003834   best Q    0.001962    48.0 min
  restart   1/8    eval    97   this Q     0.01174   best Q    0.001962    48.2 min
  restart   1/8    eval    98   this Q    0.003643   best Q    0.001962    48.3 min
  restart   1/8    eval    99   this Q    0.006578   best Q    0.001962    48.5 min
  restart   1/8    eval   100   this Q    0.009612   best Q    0.001962    48.7 min
  restart   1/8    eval   101   this Q    0.003404   best Q    0.001962    48.9 min
  restart   1/8    eval   102   this Q    0.008391   best Q    0.001962    49.0 min
  restart   1/8    eval   103   this Q    0.003659   best Q    0.001962    49.2 min
  restart   1/8    eval   104   this Q     0.01022   best Q    0.001962    49.4 min
  restart   1/8    eval   105   this Q    0.003111   best Q    0.001962    49.5 min
  restart   1/8    eval   106   this Q    0.007897   best Q    0.001962    49.7 min
  restart   1/8    eval   107   this Q    0.003196   best Q    0.001962    49.9 min
  restart   1/8    eval   108   this Q    0.005847   best Q    0.001962    50.1 min
  restart   1/8    eval   109   this Q     0.00287   best Q    0.001962    50.2 min
  restart   1/8    eval   110   this Q    0.003738   best Q    0.001962    50.4 min
  restart   1/8    eval   111   this Q    0.004249   best Q    0.001962    50.6 min
  restart   1/8    eval   112   this Q    0.002593   best Q    0.001962    50.7 min
  restart   1/8    eval   113   this Q    0.003458   best Q    0.001962    50.9 min
  restart   1/8    eval   114   this Q    0.003962   best Q    0.001962    51.1 min
  restart   1/8    eval   115   this Q    0.002568   best Q    0.001962    51.3 min
  restart   1/8    eval   116   this Q    0.002777   best Q    0.001962    51.4 min
  restart   1/8    eval   117   this Q    0.003796   best Q    0.001962    51.6 min
  restart   1/8    eval   118   this Q    0.002474   best Q    0.001962    51.8 min
  restart   1/8    eval   119   this Q    0.003959   best Q    0.001962    51.9 min
  restart   1/8    eval   120   this Q    0.002408   best Q    0.001962    52.1 min
  restart   1/8    eval   121   this Q    0.003931   best Q    0.001962    52.3 min
  restart   1/8    eval   122   this Q     0.00237   best Q    0.001962    52.5 min
  restart   1/8    eval   123   this Q     0.00352   best Q    0.001962    52.6 min
  restart   1/8    eval   124   this Q    0.002343   best Q    0.001962    52.8 min
  restart   1/8    eval   125   this Q    0.003152   best Q    0.001962    53.0 min
  restart   1/8    eval   126   this Q    0.002341   best Q    0.001962    53.1 min
  restart   1/8    eval   127   this Q    0.002866   best Q    0.001962    53.3 min
  restart   1/8    eval   128   this Q     0.00229   best Q    0.001962    53.5 min
  restart   1/8    eval   129   this Q    0.003227   best Q    0.001962    53.7 min
  restart   1/8    eval   130   this Q    0.002222   best Q    0.001962    53.8 min
  restart   1/8    eval   131   this Q    0.002266   best Q    0.001962    54.0 min
  restart   1/8    eval   132   this Q     0.00246   best Q    0.001962    54.2 min
  restart   1/8    eval   133   this Q     0.00245   best Q    0.001962    54.3 min
  restart   1/8    eval   134   this Q    0.002569   best Q    0.001962    54.5 min
  restart   1/8    eval   135   this Q    0.002151   best Q    0.001962    54.7 min
  restart   1/8    eval   136   this Q    0.002463   best Q    0.001962    54.9 min
  restart   1/8    eval   137   this Q    0.002157   best Q    0.001962    55.0 min
  restart   1/8    eval   138   this Q    0.002338   best Q    0.001962    55.2 min
  restart   1/8    eval   139   this Q    0.002366   best Q    0.001962    55.4 min
  restart   1/8    eval   140   this Q    0.002127   best Q    0.001962    55.5 min
  restart   1/8    eval   141   this Q    0.002449   best Q    0.001962    55.7 min
  restart   1/8    eval   142   this Q    0.002109   best Q    0.001962    55.9 min
  restart   1/8    eval   143   this Q    0.002281   best Q    0.001962    56.1 min
  restart   1/8    eval   144   this Q    0.002423   best Q    0.001962    56.2 min
  restart   1/8    eval   145   this Q    0.002105   best Q    0.001962    56.4 min
  restart   1/8    eval   146   this Q    0.002169   best Q    0.001962    56.6 min
  restart   1/8    eval   147   this Q    0.002387   best Q    0.001962    56.7 min
  restart   1/8    eval   148   this Q    0.002085   best Q    0.001962    56.9 min
  restart   1/8    eval   149   this Q    0.002434   best Q    0.001962    57.1 min
  restart   1/8    eval   150   this Q    0.002074   best Q    0.001962    57.2 min
  restart   1/8    eval   151   this Q    0.002139   best Q    0.001962    57.4 min
  restart   1/8    eval   152   this Q    0.002215   best Q    0.001962    57.6 min
  restart   1/8    eval   153   this Q    0.002058   best Q    0.001962    57.8 min
  restart   1/8    eval   154   this Q    0.002068   best Q    0.001962    57.9 min
  restart   1/8    eval   155   this Q    0.002185   best Q    0.001962    58.1 min
  restart   1/8    eval   156   this Q    0.002048   best Q    0.001962    58.3 min
  restart   1/8    eval   157   this Q    0.002191   best Q    0.001962    58.4 min
  restart   1/8    eval   158   this Q    0.002047   best Q    0.001962    58.6 min
  restart   1/8    eval   159   this Q    0.002073   best Q    0.001962    58.8 min
  restart   1/8    eval   160   this Q    0.002049   best Q    0.001962    59.0 min
  restart   1/8    eval   161   this Q    0.002142   best Q    0.001962    59.1 min
  restart   1/8    eval   162   this Q    0.002027   best Q    0.001962    59.3 min
  restart   1/8    eval   163   this Q    0.002035   best Q    0.001962    59.5 min
  restart   1/8    eval   164   this Q     0.00204   best Q    0.001962    59.6 min
  restart   1/8    eval   165   this Q    0.002083   best Q    0.001962    59.8 min
  restart   1/8    eval   166   this Q    0.002017   best Q    0.001962    60.0 min
  restart   1/8    eval   167   this Q     0.00206   best Q    0.001962    60.2 min
  restart   1/8    eval   168   this Q    0.002006   best Q    0.001962    60.3 min
  restart   1/8    eval   169   this Q    0.001981   best Q    0.001962    60.5 min
  restart   1/8    eval   170   this Q    0.002066   best Q    0.001962    60.7 min
  restart   1/8    eval   171   this Q    0.002004   best Q    0.001962    60.8 min
  restart   1/8    eval   172   this Q    0.002026   best Q    0.001962    61.0 min
  restart   1/8    eval   173   this Q    0.002026   best Q    0.001962    61.2 min
  restart   1/8    eval   174   this Q    0.002001   best Q    0.001962    61.4 min
  restart   1/8    eval   175   this Q    0.002072   best Q    0.001962    61.5 min
  restart   1/8    eval   176   this Q    0.001995   best Q    0.001962    61.7 min
  restart   1/8    eval   177   this Q    0.002003   best Q    0.001962    61.9 min
  restart   1/8    eval   178   this Q     0.00201   best Q    0.001962    62.0 min
  restart   1/8    eval   179   this Q    0.002032   best Q    0.001962    62.2 min
  restart   1/8    eval   180   this Q    0.001987   best Q    0.001962    62.4 min
  restart   1/8    eval   181   this Q    0.001983   best Q    0.001962    62.6 min
  restart   1/8    eval   182   this Q     0.00201   best Q    0.001962    62.7 min
  restart   1/8    eval   183   this Q    0.001989   best Q    0.001962    62.9 min
  restart   1/8    eval   184   this Q    0.001991   best Q    0.001962    63.1 min
  restart   1/8    eval   185   this Q    0.001988   best Q    0.001962    63.2 min
  restart   1/8    eval   186   this Q    0.001983   best Q    0.001962    63.4 min
  restart   1/8    eval   187   this Q    0.001986   best Q    0.001962    63.6 min
  restart   1/8    eval   188   this Q    0.001985   best Q    0.001962    63.8 min
  restart   1/8    eval   189   this Q       0.002   best Q    0.001962    63.9 min
  restart   1/8    eval   190   this Q    0.001967   best Q    0.001962    64.1 min
  restart   1/8    eval   191   this Q    0.001988   best Q    0.001962    64.3 min
  restart   1/8    eval   192   this Q    0.001968   best Q    0.001962    64.4 min
  restart   1/8    eval   193   this Q    0.002005   best Q    0.001962    64.6 min
  restart   1/8    eval   194   this Q    0.001967   best Q    0.001962    64.8 min
  restart   1/8    eval   195   this Q    0.001961   best Q    0.001961    65.0 min
  restart   1/8    eval   196   this Q    0.001968   best Q    0.001961    65.1 min
  restart   1/8    eval   197   this Q    0.001987   best Q    0.001961    65.3 min
  restart   1/8    eval   198   this Q    0.001968   best Q    0.001961    65.5 min
  restart   1/8    eval   199   this Q    0.001973   best Q    0.001961    65.6 min
  restart   1/8    eval   200   this Q     0.00198   best Q    0.001961    65.8 min
  restart   1/8    eval   201   this Q    0.001994   best Q    0.001961    66.0 min
  restart   1/8    eval   202   this Q    0.001964   best Q    0.001961    66.1 min
  restart   1/8    eval   203   this Q     0.00198   best Q    0.001961    66.3 min
  restart   1/8    eval   204   this Q    0.001993   best Q    0.001961    66.5 min
  restart   1/8    eval   205   this Q    0.001962   best Q    0.001961    66.7 min
  restart   1/8    eval   206   this Q    0.001986   best Q    0.001961    66.8 min
  restart   1/8    eval   207   this Q    0.001967   best Q    0.001961    67.0 min
  restart   1/8    eval   208   this Q    0.001983   best Q    0.001961    67.2 min
  restart   1/8    eval   209   this Q    0.001965   best Q    0.001961    67.3 min
  restart   1/8    eval   210   this Q    0.001963   best Q    0.001961    67.5 min
  restart   1/8    eval   211   this Q    0.001975   best Q    0.001961    67.7 min
  restart   1/8    eval   212   this Q    0.001961   best Q    0.001961    67.9 min
  restart   1/8    eval   213   this Q    0.001958   best Q    0.001958    68.0 min
  restart   1/8    eval   214   this Q     0.00197   best Q    0.001958    68.2 min
  restart   1/8    eval   215   this Q     0.00198   best Q    0.001958    68.4 min
  restart   1/8    eval   216   this Q    0.001964   best Q    0.001958    68.5 min
  restart   1/8    eval   217   this Q    0.001962   best Q    0.001958    68.7 min
  restart   1/8    eval   218   this Q    0.001963   best Q    0.001958    68.9 min
  restart   1/8    eval   219   this Q    0.001965   best Q    0.001958    69.1 min
  restart   1/8    eval   220   this Q    0.001959   best Q    0.001958    69.2 min
  restart   1/8    eval   221   this Q    0.001956   best Q    0.001956    69.4 min
  restart   1/8    eval   222   this Q    0.001969   best Q    0.001956    69.6 min
  restart   1/8    eval   223   this Q    0.001967   best Q    0.001956    69.7 min
  restart   1/8    eval   224   this Q    0.001967   best Q    0.001956    69.9 min
  restart   1/8    eval   225   this Q    0.001966   best Q    0.001956    70.1 min
  restart   1/8    eval   226   this Q    0.001958   best Q    0.001956    70.2 min
  restart   1/8    eval   227   this Q    0.001964   best Q    0.001956    70.4 min
  restart   1/8    eval   228   this Q    0.001962   best Q    0.001956    70.6 min
  restart   1/8    eval   229   this Q    0.001964   best Q    0.001956    70.8 min
  restart   1/8    eval   230   this Q     0.00196   best Q    0.001956    70.9 min
  restart   1/8    eval   231   this Q    0.001954   best Q    0.001954    71.1 min
  restart   1/8    eval   232   this Q    0.001965   best Q    0.001954    71.3 min
  restart   1/8    eval   233   this Q    0.001963   best Q    0.001954    71.4 min
  restart   1/8    eval   234   this Q    0.001954   best Q    0.001954    71.6 min
  restart   1/8    eval   235   this Q    0.001951   best Q    0.001951    71.8 min
  restart   1/8    eval   236   this Q    0.001958   best Q    0.001951    72.0 min
  restart   1/8    eval   237   this Q    0.001951   best Q    0.001951    72.1 min
  restart   1/8    eval   238   this Q    0.001951   best Q    0.001951    72.3 min
  restart   1/8    eval   239   this Q    0.001956   best Q    0.001951    72.5 min
  restart   1/8    eval   240   this Q     0.00196   best Q    0.001951    72.6 min
  restart   1/8    eval   241   this Q    0.001965   best Q    0.001951    72.8 min
  restart   1/8    eval   242   this Q    0.001962   best Q    0.001951    73.0 min
  restart   1/8    eval   243   this Q    0.001953   best Q    0.001951    73.2 min
  restart   1/8    eval   244   this Q    0.001954   best Q    0.001951    73.3 min
  restart   1/8    eval   245   this Q    0.001962   best Q    0.001951    73.5 min
  restart   1/8    eval   246   this Q    0.001954   best Q    0.001951    73.7 min
  restart   1/8    eval   247   this Q    0.001959   best Q    0.001951    73.8 min
  restart   1/8    eval   248   this Q    0.001956   best Q    0.001951    74.0 min
  restart   1/8    eval   249   this Q    0.001955   best Q    0.001951    74.2 min
  restart   1/8    eval   250   this Q    0.001956   best Q    0.001951    74.4 min
  restart   1/8    eval   251   this Q    0.001953   best Q    0.001951    74.5 min
  restart   1/8    eval   252   this Q    0.001955   best Q    0.001951    74.7 min
  restart   1/8    eval   253   this Q    0.001954   best Q    0.001951    74.9 min
  restart   1/8    eval   254   this Q    0.001953   best Q    0.001951    75.0 min
  restart   1/8    eval   255   this Q    0.001957   best Q    0.001951    75.2 min
  restart   1/8    eval   256   this Q    0.001952   best Q    0.001951    75.4 min
  restart   1/8    eval   257   this Q    0.001958   best Q    0.001951    75.6 min
  restart   1/8    eval   258   this Q    0.001954   best Q    0.001951    75.7 min
  restart   1/8    eval   259   this Q    0.001954   best Q    0.001951    75.9 min
  restart   1/8    eval   260   this Q    0.001958   best Q    0.001951    76.1 min
  restart   1/8    eval   261   this Q    0.001956   best Q    0.001951    76.2 min
  restart   1/8    eval   262   this Q    0.001952   best Q    0.001951    76.4 min
  restart   1/8    eval   263   this Q    0.001952   best Q    0.001951    76.6 min
  restart   1/8    eval   264   this Q    0.001953   best Q    0.001951    76.8 min
  restart   1/8    eval   265   this Q    0.001954   best Q    0.001951    76.9 min
  restart   1/8    eval   266   this Q    0.001955   best Q    0.001951    77.1 min
  restart   1/8    eval   267   this Q    0.001957   best Q    0.001951    77.3 min
  restart   1/8    eval   268   this Q    0.001957   best Q    0.001951    77.4 min
  restart   1/8    eval   269   this Q    0.001957   best Q    0.001951    77.6 min
  restart   1/8    eval   270   this Q    0.001953   best Q    0.001951    77.8 min
  restart   1/8    eval   271   this Q    0.001957   best Q    0.001951    78.0 min
  restart   1/8    eval   272   this Q    0.001956   best Q    0.001951    78.1 min
  restart   1/8    eval   273   this Q    0.001956   best Q    0.001951    78.3 min
  restart   1/8    eval   274   this Q    0.001951   best Q    0.001951    78.5 min
  restart   1/8    eval   275   this Q    0.001951   best Q    0.001951    78.6 min
  restart   1/8    eval   276   this Q    0.001951   best Q    0.001951    78.8 min
  restart   1/8    eval   277   this Q    0.001952   best Q    0.001951    79.0 min
  restart   1/8    eval   278   this Q    0.001953   best Q    0.001951    79.1 min
  restart   1/8    eval   279   this Q    0.001954   best Q    0.001951    79.3 min
  restart   1/8    eval   280   this Q    0.001953   best Q    0.001951    79.5 min
  restart   1/8    eval   281   this Q    0.001954   best Q    0.001951    79.7 min
  restart   1/8    eval   282   this Q    0.001953   best Q    0.001951    79.8 min
  restart   1/8    eval   283   this Q    0.001953   best Q    0.001951    80.0 min
  restart   1/8    eval   284   this Q    0.001954   best Q    0.001951    80.2 min
  restart   1/8    eval   285   this Q    0.001951   best Q    0.001951    80.3 min
  restart   1/8    eval   286   this Q    0.001951   best Q    0.001951    80.5 min
  restart   1/8    eval   287   this Q    0.001951   best Q    0.001951    80.7 min
  restart   1/8    eval   288   this Q    0.001952   best Q    0.001951    80.9 min
  restart   1/8    eval   289   this Q    0.001955   best Q    0.001951    81.0 min
  restart   1/8    eval   290   this Q    0.001952   best Q    0.001951    81.2 min
  restart   1/8    eval   291   this Q    0.001956   best Q    0.001951    81.4 min
  restart   1/8    eval   292   this Q    0.001955   best Q    0.001951    81.5 min
  restart   1/8    eval   293   this Q    0.001954   best Q    0.001951    81.7 min
  restart   1/8    eval   294   this Q    0.001953   best Q    0.001951    81.9 min
  restart   1/8    eval   295   this Q    0.001951   best Q    0.001951    82.0 min
  restart   1/8    eval   296   this Q    0.001953   best Q    0.001951    82.2 min
  restart   1/8    eval   297   this Q    0.001951   best Q    0.001951    82.4 min
  restart   1/8    eval   298   this Q    0.001954   best Q    0.001951    82.6 min
  restart   1/8    eval   299   this Q    0.001952   best Q    0.001951    82.7 min
  restart   1/8    eval   300   this Q    0.001951   best Q    0.001951    82.9 min
  restart   1/8   DONE   this    0.001951   best Q    0.001951    82.9 min, ~580 min left
  restart   2/8    eval     1   this Q       1.112   best Q    0.001951    83.1 min
  restart   2/8    eval     2   this Q       1.112   best Q    0.001951    83.2 min
  restart   2/8    eval     3   this Q       1.096   best Q    0.001951    83.4 min
  restart   2/8    eval     4   this Q      0.6743   best Q    0.001951    83.5 min
  restart   2/8    eval     5   this Q       1.056   best Q    0.001951    83.7 min
  restart   2/8    eval     6   this Q       2.805   best Q    0.001951    83.9 min
  restart   2/8    eval     7   this Q       1.367   best Q    0.001951    84.0 min
  restart   2/8    eval     8   this Q      0.8387   best Q    0.001951    84.2 min
  restart   2/8    eval     9   this Q       2.616   best Q    0.001951    84.4 min
  restart   2/8    eval    10   this Q       3.845   best Q    0.001951    84.5 min
  restart   2/8    eval    11   this Q       1.583   best Q    0.001951    84.7 min
  restart   2/8    eval    12   this Q      0.7671   best Q    0.001951    84.9 min
  restart   2/8    eval    13   this Q       2.447   best Q    0.001951    85.0 min
  restart   2/8    eval    14   this Q      0.9716   best Q    0.001951    85.2 min
  restart   2/8    eval    15   this Q       2.204   best Q    0.001951    85.3 min
  restart   2/8    eval    16   this Q      0.8089   best Q    0.001951    85.5 min
  restart   2/8    eval    17   this Q       1.197   best Q    0.001951    85.7 min
  restart   2/8    eval    18   this Q        1.27   best Q    0.001951    85.8 min
  restart   2/8    eval    19   this Q        0.64   best Q    0.001951    86.0 min
  restart   2/8    eval    20   this Q       1.855   best Q    0.001951    86.1 min
  restart   2/8    eval    21   this Q      0.6295   best Q    0.001951    86.3 min
  restart   2/8    eval    22   this Q      0.9662   best Q    0.001951    86.5 min
  restart   2/8    eval    23   this Q       1.705   best Q    0.001951    86.6 min
  restart   2/8    eval    24   this Q      0.5376   best Q    0.001951    86.8 min
  restart   2/8    eval    25   this Q       1.066   best Q    0.001951    86.9 min
  restart   2/8    eval    26   this Q      0.3756   best Q    0.001951    87.1 min
  restart   2/8    eval    27   this Q        2.21   best Q    0.001951    87.3 min
  restart   2/8    eval    28   this Q      0.5739   best Q    0.001951    87.4 min
  restart   2/8    eval    29   this Q       1.006   best Q    0.001951    87.6 min
  restart   2/8    eval    30   this Q      0.6066   best Q    0.001951    87.7 min
  restart   2/8    eval    31   this Q      0.8453   best Q    0.001951    87.9 min
  restart   2/8    eval    32   this Q      0.4874   best Q    0.001951    88.1 min
  restart   2/8    eval    33   this Q       0.708   best Q    0.001951    88.2 min
  restart   2/8    eval    34   this Q      0.3063   best Q    0.001951    88.4 min
  restart   2/8    eval    35   this Q       1.211   best Q    0.001951    88.5 min
  restart   2/8    eval    36   this Q      0.6059   best Q    0.001951    88.7 min
  restart   2/8    eval    37   this Q      0.5147   best Q    0.001951    88.9 min
  restart   2/8    eval    38   this Q      0.7424   best Q    0.001951    89.0 min
  restart   2/8    eval    39   this Q      0.4128   best Q    0.001951    89.2 min
  restart   2/8    eval    40   this Q      0.4892   best Q    0.001951    89.3 min
  restart   2/8    eval    41   this Q      0.3048   best Q    0.001951    89.5 min
  restart   2/8    eval    42   this Q      0.6648   best Q    0.001951    89.6 min
  restart   2/8    eval    43   this Q      0.6568   best Q    0.001951    89.8 min
  restart   2/8    eval    44   this Q      0.3611   best Q    0.001951    90.0 min
  restart   2/8    eval    45   this Q      0.4578   best Q    0.001951    90.1 min
  restart   2/8    eval    46   this Q      0.4484   best Q    0.001951    90.3 min
  restart   2/8    eval    47   this Q        2.09   best Q    0.001951    90.4 min
  restart   2/8    eval    48   this Q      0.3083   best Q    0.001951    90.6 min
  restart   2/8    eval    49   this Q      0.3405   best Q    0.001951    90.7 min
  restart   2/8    eval    50   this Q      0.2137   best Q    0.001951    90.9 min
  restart   2/8    eval    51   this Q       1.401   best Q    0.001951    91.1 min
  restart   2/8    eval    52   this Q      0.3391   best Q    0.001951    91.2 min
  restart   2/8    eval    53   this Q      0.5828   best Q    0.001951    91.4 min
  restart   2/8    eval    54   this Q      0.2403   best Q    0.001951    91.5 min
  restart   2/8    eval    55   this Q      0.2445   best Q    0.001951    91.7 min
  restart   2/8    eval    56   this Q      0.3188   best Q    0.001951    91.8 min
  restart   2/8    eval    57   this Q      0.2184   best Q    0.001951    92.0 min
  restart   2/8    eval    58   this Q      0.1879   best Q    0.001951    92.1 min
  restart   2/8    eval    59   this Q      0.4996   best Q    0.001951    92.3 min
  restart   2/8    eval    60   this Q      0.4814   best Q    0.001951    92.5 min
  restart   2/8    eval    61   this Q      0.2021   best Q    0.001951    92.6 min
  restart   2/8    eval    62   this Q      0.2801   best Q    0.001951    92.8 min
  restart   2/8    eval    63   this Q      0.5663   best Q    0.001951    92.9 min
  restart   2/8    eval    64   this Q       0.183   best Q    0.001951    93.1 min
  restart   2/8    eval    65   this Q      0.1442   best Q    0.001951    93.2 min
  restart   2/8    eval    66   this Q      0.3047   best Q    0.001951    93.4 min
  restart   2/8    eval    67   this Q      0.2941   best Q    0.001951    93.6 min
  restart   2/8    eval    68   this Q      0.1548   best Q    0.001951    93.7 min
  restart   2/8    eval    69   this Q      0.2192   best Q    0.001951    93.9 min
  restart   2/8    eval    70   this Q      0.2353   best Q    0.001951    94.0 min
  restart   2/8    eval    71   this Q      0.1946   best Q    0.001951    94.2 min
  restart   2/8    eval    72   this Q      0.1696   best Q    0.001951    94.3 min
  restart   2/8    eval    73   this Q      0.1708   best Q    0.001951    94.5 min
  restart   2/8    eval    74   this Q      0.2763   best Q    0.001951    94.6 min
  restart   2/8    eval    75   this Q      0.1183   best Q    0.001951    94.8 min
  restart   2/8    eval    76   this Q      0.2582   best Q    0.001951    95.0 min
  restart   2/8    eval    77   this Q      0.1195   best Q    0.001951    95.1 min
  restart   2/8    eval    78   this Q      0.2325   best Q    0.001951    95.3 min
  restart   2/8    eval    79   this Q      0.1334   best Q    0.001951    95.4 min
  restart   2/8    eval    80   this Q      0.3777   best Q    0.001951    95.6 min
  restart   2/8    eval    81   this Q       0.107   best Q    0.001951    95.7 min
  restart   2/8    eval    82   this Q       0.175   best Q    0.001951    95.9 min
  restart   2/8    eval    83   this Q      0.1867   best Q    0.001951    96.1 min
  restart   2/8    eval    84   this Q      0.1278   best Q    0.001951    96.2 min
  restart   2/8    eval    85   this Q      0.1854   best Q    0.001951    96.4 min
  restart   2/8    eval    86   this Q      0.1142   best Q    0.001951    96.5 min
  restart   2/8    eval    87   this Q      0.1942   best Q    0.001951    96.7 min
  restart   2/8    eval    88   this Q      0.1117   best Q    0.001951    96.8 min
  restart   2/8    eval    89   this Q      0.1502   best Q    0.001951    97.0 min
  restart   2/8    eval    90   this Q      0.2048   best Q    0.001951    97.1 min
  restart   2/8    eval    91   this Q      0.1051   best Q    0.001951    97.3 min
  restart   2/8    eval    92   this Q      0.1557   best Q    0.001951    97.5 min
  restart   2/8    eval    93   this Q      0.1108   best Q    0.001951    97.6 min
  restart   2/8    eval    94   this Q      0.1894   best Q    0.001951    97.8 min
  restart   2/8    eval    95   this Q      0.1037   best Q    0.001951    97.9 min
  restart   2/8    eval    96   this Q     0.08962   best Q    0.001951    98.1 min
  restart   2/8    eval    97   this Q      0.1616   best Q    0.001951    98.2 min
  restart   2/8    eval    98   this Q     0.09229   best Q    0.001951    98.4 min
  restart   2/8    eval    99   this Q     0.09527   best Q    0.001951    98.6 min
  restart   2/8    eval   100   this Q      0.1112   best Q    0.001951    98.7 min
  restart   2/8    eval   101   this Q      0.1036   best Q    0.001951    98.9 min
  restart   2/8    eval   102   this Q     0.09608   best Q    0.001951    99.0 min
  restart   2/8    eval   103   this Q      0.1159   best Q    0.001951    99.2 min
  restart   2/8    eval   104   this Q     0.08747   best Q    0.001951    99.3 min
  restart   2/8    eval   105   this Q     0.09272   best Q    0.001951    99.5 min
  restart   2/8    eval   106   this Q       0.114   best Q    0.001951    99.7 min
  restart   2/8    eval   107   this Q     0.08362   best Q    0.001951    99.8 min
  restart   2/8    eval   108   this Q     0.09426   best Q    0.001951   100.0 min
  restart   2/8    eval   109   this Q      0.1028   best Q    0.001951   100.1 min
  restart   2/8    eval   110   this Q       0.102   best Q    0.001951   100.3 min
  restart   2/8    eval   111   this Q      0.1031   best Q    0.001951   100.4 min
  restart   2/8    eval   112   this Q      0.0804   best Q    0.001951   100.6 min
  restart   2/8    eval   113   this Q      0.1033   best Q    0.001951   100.8 min
  restart   2/8    eval   114   this Q     0.08115   best Q    0.001951   100.9 min
  restart   2/8    eval   115   this Q     0.09757   best Q    0.001951   101.1 min
  restart   2/8    eval   116   this Q     0.07972   best Q    0.001951   101.2 min
  restart   2/8    eval   117   this Q       0.158   best Q    0.001951   101.4 min
  restart   2/8    eval   118   this Q     0.07465   best Q    0.001951   101.5 min
  restart   2/8    eval   119   this Q       0.105   best Q    0.001951   101.7 min
  restart   2/8    eval   120   this Q     0.07913   best Q    0.001951   101.8 min
  restart   2/8    eval   121   this Q     0.08198   best Q    0.001951   102.0 min
  restart   2/8    eval   122   this Q      0.0859   best Q    0.001951   102.2 min
  restart   2/8    eval   123   this Q     0.09001   best Q    0.001951   102.3 min
  restart   2/8    eval   124   this Q     0.07741   best Q    0.001951   102.5 min
  restart   2/8    eval   125   this Q     0.09604   best Q    0.001951   102.6 min
  restart   2/8    eval   126   this Q      0.0768   best Q    0.001951   102.8 min
  restart   2/8    eval   127   this Q     0.09092   best Q    0.001951   102.9 min
  restart   2/8    eval   128   this Q     0.07683   best Q    0.001951   103.1 min
  restart   2/8    eval   129   this Q     0.07537   best Q    0.001951   103.3 min
  restart   2/8    eval   130   this Q     0.08601   best Q    0.001951   103.4 min
  restart   2/8    eval   131   this Q      0.0751   best Q    0.001951   103.6 min
  restart   2/8    eval   132   this Q     0.07894   best Q    0.001951   103.7 min
  restart   2/8    eval   133   this Q     0.08978   best Q    0.001951   103.9 min
  restart   2/8    eval   134   this Q     0.07352   best Q    0.001951   104.0 min
  restart   2/8    eval   135   this Q      0.0704   best Q    0.001951   104.2 min
  restart   2/8    eval   136   this Q     0.07326   best Q    0.001951   104.4 min
  restart   2/8    eval   137   this Q     0.07944   best Q    0.001951   104.5 min
  restart   2/8    eval   138   this Q     0.07372   best Q    0.001951   104.7 min
  restart   2/8    eval   139   this Q     0.07789   best Q    0.001951   104.8 min
  restart   2/8    eval   140   this Q     0.07334   best Q    0.001951   105.0 min
  restart   2/8    eval   141   this Q     0.07136   best Q    0.001951   105.1 min
  restart   2/8    eval   142   this Q     0.07116   best Q    0.001951   105.3 min
  restart   2/8    eval   143   this Q     0.07232   best Q    0.001951   105.5 min
  restart   2/8    eval   144   this Q     0.07619   best Q    0.001951   105.6 min
  restart   2/8    eval   145   this Q     0.07141   best Q    0.001951   105.8 min
  restart   2/8    eval   146   this Q     0.07276   best Q    0.001951   105.9 min
  restart   2/8    eval   147   this Q     0.07609   best Q    0.001951   106.1 min
  restart   2/8    eval   148   this Q     0.07112   best Q    0.001951   106.2 min
  restart   2/8    eval   149   this Q      0.0721   best Q    0.001951   106.4 min
  restart   2/8    eval   150   this Q     0.07166   best Q    0.001951   106.5 min
  restart   2/8    eval   151   this Q     0.06789   best Q    0.001951   106.7 min
  restart   2/8    eval   152   this Q     0.06876   best Q    0.001951   106.9 min
  restart   2/8    eval   153   this Q        0.07   best Q    0.001951   107.0 min
  restart   2/8    eval   154   this Q     0.07383   best Q    0.001951   107.2 min
  restart   2/8    eval   155   this Q      0.0695   best Q    0.001951   107.3 min
  restart   2/8    eval   156   this Q     0.07064   best Q    0.001951   107.5 min
  restart   2/8    eval   157   this Q     0.07267   best Q    0.001951   107.6 min
  restart   2/8    eval   158   this Q     0.06934   best Q    0.001951   107.8 min
  restart   2/8    eval   159   this Q     0.06928   best Q    0.001951   108.0 min
  restart   2/8    eval   160   this Q     0.07198   best Q    0.001951   108.1 min
  restart   2/8    eval   161   this Q      0.0692   best Q    0.001951   108.3 min
  restart   2/8    eval   162   this Q     0.07205   best Q    0.001951   108.4 min
  restart   2/8    eval   163   this Q     0.06904   best Q    0.001951   108.6 min
  restart   2/8    eval   164   this Q     0.06629   best Q    0.001951   108.7 min
  restart   2/8    eval   165   this Q     0.06514   best Q    0.001951   108.9 min
  restart   2/8    eval   166   this Q     0.06915   best Q    0.001951   109.0 min
  restart   2/8    eval   167   this Q     0.06846   best Q    0.001951   109.2 min
  restart   2/8    eval   168   this Q     0.06873   best Q    0.001951   109.4 min
  restart   2/8    eval   169   this Q      0.0673   best Q    0.001951   109.5 min
  restart   2/8    eval   170   this Q     0.06578   best Q    0.001951   109.7 min
  restart   2/8    eval   171   this Q     0.06787   best Q    0.001951   109.8 min
  restart   2/8    eval   172   this Q     0.06842   best Q    0.001951   110.0 min
  restart   2/8    eval   173   this Q     0.06602   best Q    0.001951   110.1 min
  restart   2/8    eval   174   this Q     0.06605   best Q    0.001951   110.3 min
  restart   2/8    eval   175   this Q     0.06478   best Q    0.001951   110.5 min
  restart   2/8    eval   176   this Q     0.06588   best Q    0.001951   110.6 min
  restart   2/8    eval   177   this Q     0.06696   best Q    0.001951   110.8 min
  restart   2/8    eval   178   this Q     0.06724   best Q    0.001951   110.9 min
  restart   2/8    eval   179   this Q      0.0643   best Q    0.001951   111.1 min
  restart   2/8    eval   180   this Q     0.06556   best Q    0.001951   111.3 min
  restart   2/8    eval   181   this Q     0.06773   best Q    0.001951   111.4 min
  restart   2/8    eval   182   this Q     0.06557   best Q    0.001951   111.6 min
  restart   2/8    eval   183   this Q     0.06494   best Q    0.001951   111.7 min
  restart   2/8    eval   184   this Q     0.06517   best Q    0.001951   111.9 min
  restart   2/8    eval   185   this Q     0.06503   best Q    0.001951   112.0 min
  restart   2/8    eval   186   this Q     0.06747   best Q    0.001951   112.2 min
  restart   2/8    eval   187   this Q     0.06451   best Q    0.001951   112.4 min
  restart   2/8    eval   188   this Q     0.06337   best Q    0.001951   112.5 min
  restart   2/8    eval   189   this Q     0.06383   best Q    0.001951   112.7 min
  restart   2/8    eval   190   this Q     0.06441   best Q    0.001951   112.8 min
  restart   2/8    eval   191   this Q     0.06401   best Q    0.001951   113.0 min
  restart   2/8    eval   192   this Q       0.067   best Q    0.001951   113.2 min
  restart   2/8    eval   193   this Q     0.06385   best Q    0.001951   113.3 min
  restart   2/8    eval   194   this Q     0.06399   best Q    0.001951   113.5 min
  restart   2/8    eval   195   this Q     0.06544   best Q    0.001951   113.6 min
  restart   2/8    eval   196   this Q      0.0639   best Q    0.001951   113.8 min
  restart   2/8    eval   197   this Q     0.06431   best Q    0.001951   113.9 min
  restart   2/8    eval   198   this Q     0.06284   best Q    0.001951   114.1 min
  restart   2/8    eval   199   this Q     0.06315   best Q    0.001951   114.3 min
  restart   2/8    eval   200   this Q     0.06321   best Q    0.001951   114.4 min
  restart   2/8    eval   201   this Q      0.0634   best Q    0.001951   114.6 min
  restart   2/8    eval   202   this Q     0.06424   best Q    0.001951   114.7 min
  restart   2/8    eval   203   this Q      0.0634   best Q    0.001951   114.9 min
  restart   2/8    eval   204   this Q     0.06424   best Q    0.001951   115.1 min
  restart   2/8    eval   205   this Q     0.06329   best Q    0.001951   115.2 min
  restart   2/8    eval   206   this Q     0.06325   best Q    0.001951   115.4 min
  restart   2/8    eval   207   this Q     0.06288   best Q    0.001951   115.5 min
  restart   2/8    eval   208   this Q     0.06274   best Q    0.001951   115.7 min
  restart   2/8    eval   209   this Q     0.06403   best Q    0.001951   115.9 min
  restart   2/8    eval   210   this Q     0.06193   best Q    0.001951   116.0 min
  restart   2/8    eval   211   this Q      0.0619   best Q    0.001951   116.2 min
  restart   2/8    eval   212   this Q     0.06379   best Q    0.001951   116.3 min
  restart   2/8    eval   213   this Q      0.0626   best Q    0.001951   116.5 min
  restart   2/8    eval   214   this Q     0.06271   best Q    0.001951   116.7 min
  restart   2/8    eval   215   this Q     0.06237   best Q    0.001951   116.8 min
  restart   2/8    eval   216   this Q     0.06176   best Q    0.001951   117.0 min
  restart   2/8    eval   217   this Q     0.06215   best Q    0.001951   117.1 min
  restart   2/8    eval   218   this Q     0.06223   best Q    0.001951   117.3 min
  restart   2/8    eval   219   this Q     0.06185   best Q    0.001951   117.5 min
  restart   2/8    eval   220   this Q     0.06285   best Q    0.001951   117.6 min
  restart   2/8    eval   221   this Q     0.06206   best Q    0.001951   117.8 min
  restart   2/8    eval   222   this Q     0.06161   best Q    0.001951   117.9 min
  restart   2/8    eval   223   this Q     0.06239   best Q    0.001951   118.1 min
  restart   2/8    eval   224   this Q     0.06183   best Q    0.001951   118.3 min
  restart   2/8    eval   225   this Q     0.06166   best Q    0.001951   118.4 min
  restart   2/8    eval   226   this Q     0.06111   best Q    0.001951   118.6 min
  restart   2/8    eval   227   this Q     0.06162   best Q    0.001951   118.8 min
  restart   2/8    eval   228   this Q     0.06093   best Q    0.001951   118.9 min
  restart   2/8    eval   229   this Q     0.06132   best Q    0.001951   119.1 min
  restart   2/8    eval   230   this Q     0.06215   best Q    0.001951   119.2 min
  restart   2/8    eval   231   this Q     0.06142   best Q    0.001951   119.4 min
  restart   2/8    eval   232   this Q     0.06104   best Q    0.001951   119.6 min
  restart   2/8    eval   233   this Q     0.06104   best Q    0.001951   119.7 min
  restart   2/8    eval   234   this Q     0.06162   best Q    0.001951   119.9 min
  restart   2/8    eval   235   this Q     0.06103   best Q    0.001951   120.0 min
  restart   2/8    eval   236   this Q     0.06138   best Q    0.001951   120.2 min
  restart   2/8    eval   237   this Q     0.06247   best Q    0.001951   120.4 min
  restart   2/8    eval   238   this Q     0.06098   best Q    0.001951   120.5 min
  restart   2/8    eval   239   this Q     0.06194   best Q    0.001951   120.7 min
  restart   2/8    eval   240   this Q     0.06103   best Q    0.001951   120.8 min
  restart   2/8    eval   241   this Q     0.06017   best Q    0.001951   121.0 min
  restart   2/8    eval   242   this Q      0.0597   best Q    0.001951   121.2 min
  restart   2/8    eval   243   this Q     0.06028   best Q    0.001951   121.3 min
  restart   2/8    eval   244   this Q     0.06104   best Q    0.001951   121.5 min
  restart   2/8    eval   245   this Q     0.06039   best Q    0.001951   121.6 min
  restart   2/8    eval   246   this Q     0.06055   best Q    0.001951   121.8 min
  restart   2/8    eval   247   this Q     0.06034   best Q    0.001951   122.0 min
  restart   2/8    eval   248   this Q     0.06091   best Q    0.001951   122.1 min
  restart   2/8    eval   249   this Q     0.06047   best Q    0.001951   122.3 min
  restart   2/8    eval   250   this Q     0.05969   best Q    0.001951   122.4 min
  restart   2/8    eval   251   this Q     0.05952   best Q    0.001951   122.6 min
  restart   2/8    eval   252   this Q     0.05946   best Q    0.001951   122.8 min
  restart   2/8    eval   253   this Q     0.05941   best Q    0.001951   122.9 min
  restart   2/8    eval   254   this Q     0.05907   best Q    0.001951   123.1 min
  restart   2/8    eval   255   this Q     0.05892   best Q    0.001951   123.3 min
  restart   2/8    eval   256   this Q     0.05904   best Q    0.001951   123.4 min
  restart   2/8    eval   257   this Q     0.05926   best Q    0.001951   123.6 min
  restart   2/8    eval   258   this Q     0.05918   best Q    0.001951   123.7 min
  restart   2/8    eval   259   this Q     0.05832   best Q    0.001951   123.9 min
  restart   2/8    eval   260   this Q     0.05833   best Q    0.001951   124.1 min
  restart   2/8    eval   261   this Q     0.05815   best Q    0.001951   124.2 min
  restart   2/8    eval   262   this Q     0.05843   best Q    0.001951   124.4 min
  restart   2/8    eval   263   this Q     0.05821   best Q    0.001951   124.5 min
  restart   2/8    eval   264   this Q     0.05796   best Q    0.001951   124.7 min
  restart   2/8    eval   265   this Q      0.0584   best Q    0.001951   124.9 min
  restart   2/8    eval   266   this Q     0.05807   best Q    0.001951   125.0 min
  restart   2/8    eval   267   this Q     0.05953   best Q    0.001951   125.2 min
  restart   2/8    eval   268   this Q     0.05847   best Q    0.001951   125.3 min
  restart   2/8    eval   269   this Q     0.05764   best Q    0.001951   125.5 min
  restart   2/8    eval   270   this Q     0.05796   best Q    0.001951   125.7 min
  restart   2/8    eval   271   this Q     0.05807   best Q    0.001951   125.8 min
  restart   2/8    eval   272   this Q     0.05855   best Q    0.001951   126.0 min
  restart   2/8    eval   273   this Q     0.05747   best Q    0.001951   126.1 min
  restart   2/8    eval   274   this Q     0.05802   best Q    0.001951   126.3 min
  restart   2/8    eval   275   this Q     0.05888   best Q    0.001951   126.5 min
  restart   2/8    eval   276   this Q     0.05787   best Q    0.001951   126.6 min
  restart   2/8    eval   277   this Q     0.05738   best Q    0.001951   126.8 min
  restart   2/8    eval   278   this Q      0.0577   best Q    0.001951   127.0 min
  restart   2/8    eval   279   this Q     0.05822   best Q    0.001951   127.1 min
  restart   2/8    eval   280   this Q     0.05772   best Q    0.001951   127.3 min
  restart   2/8    eval   281   this Q     0.05772   best Q    0.001951   127.4 min
  restart   2/8    eval   282   this Q     0.05734   best Q    0.001951   127.6 min
  restart   2/8    eval   283   this Q      0.0577   best Q    0.001951   127.8 min
  restart   2/8    eval   284   this Q     0.05805   best Q    0.001951   127.9 min
  restart   2/8    eval   285   this Q     0.05755   best Q    0.001951   128.1 min
  restart   2/8    eval   286   this Q     0.05792   best Q    0.001951   128.2 min
  restart   2/8    eval   287   this Q     0.05766   best Q    0.001951   128.4 min
  restart   2/8    eval   288   this Q     0.05774   best Q    0.001951   128.6 min
  restart   2/8    eval   289   this Q     0.05719   best Q    0.001951   128.7 min
  restart   2/8    eval   290   this Q     0.05755   best Q    0.001951   128.9 min
  restart   2/8    eval   291   this Q     0.05762   best Q    0.001951   129.0 min
  restart   2/8    eval   292   this Q     0.05688   best Q    0.001951   129.2 min
  restart   2/8    eval   293   this Q     0.05676   best Q    0.001951   129.3 min
  restart   2/8    eval   294   this Q     0.05709   best Q    0.001951   129.5 min
  restart   2/8    eval   295   this Q     0.05721   best Q    0.001951   129.7 min
  restart   2/8    eval   296   this Q     0.05678   best Q    0.001951   129.8 min
  restart   2/8    eval   297   this Q     0.05742   best Q    0.001951   130.0 min
  restart   2/8    eval   298   this Q     0.05745   best Q    0.001951   130.1 min
  restart   2/8    eval   299   this Q     0.05647   best Q    0.001951   130.3 min
  restart   2/8    eval   300   this Q     0.05633   best Q    0.001951   130.5 min
  restart   2/8    eval   301   this Q     0.05723   best Q    0.001951   130.6 min
  restart   2/8    eval   302   this Q     0.05725   best Q    0.001951   130.8 min
  restart   2/8    eval   303   this Q     0.05655   best Q    0.001951   131.0 min
  restart   2/8    eval   304   this Q     0.05601   best Q    0.001951   131.1 min
  restart   2/8    eval   305   this Q     0.05567   best Q    0.001951   131.3 min
  restart   2/8    eval   306   this Q     0.05686   best Q    0.001951   131.4 min
  restart   2/8    eval   307   this Q     0.05655   best Q    0.001951   131.6 min
  restart   2/8    eval   308   this Q     0.05612   best Q    0.001951   131.7 min
  restart   2/8    eval   309   this Q     0.05538   best Q    0.001951   131.9 min
  restart   2/8    eval   310   this Q     0.05494   best Q    0.001951   132.1 min
  restart   2/8    eval   311   this Q     0.05549   best Q    0.001951   132.2 min
  restart   2/8    eval   312   this Q     0.05624   best Q    0.001951   132.4 min
  restart   2/8    eval   313   this Q     0.05464   best Q    0.001951   132.5 min
  restart   2/8    eval   314   this Q     0.05381   best Q    0.001951   132.7 min
  restart   2/8    eval   315   this Q     0.05456   best Q    0.001951   132.9 min
  restart   2/8    eval   316   this Q     0.05432   best Q    0.001951   133.0 min
  restart   2/8    eval   317   this Q     0.05467   best Q    0.001951   133.2 min
  restart   2/8    eval   318   this Q     0.05374   best Q    0.001951   133.3 min
  restart   2/8    eval   319   this Q     0.05351   best Q    0.001951   133.5 min
  restart   2/8    eval   320   this Q     0.05327   best Q    0.001951   133.7 min
  restart   2/8    eval   321   this Q     0.05325   best Q    0.001951   133.8 min
  restart   2/8    eval   322   this Q     0.05188   best Q    0.001951   134.0 min
  restart   2/8    eval   323   this Q     0.05047   best Q    0.001951   134.1 min
  restart   2/8    eval   324   this Q     0.05235   best Q    0.001951   134.3 min
  restart   2/8    eval   325   this Q     0.05186   best Q    0.001951   134.5 min
  restart   2/8    eval   326   this Q     0.05036   best Q    0.001951   134.6 min
  restart   2/8    eval   327   this Q     0.04874   best Q    0.001951   134.8 min
  restart   2/8    eval   328   this Q        0.05   best Q    0.001951   134.9 min
  restart   2/8    eval   329   this Q     0.04921   best Q    0.001951   135.1 min
  restart   2/8    eval   330   this Q     0.04868   best Q    0.001951   135.3 min
  restart   2/8    eval   331   this Q     0.04831   best Q    0.001951   135.4 min
  restart   2/8    eval   332   this Q     0.04727   best Q    0.001951   135.6 min
  restart   2/8    eval   333   this Q     0.04629   best Q    0.001951   135.8 min
  restart   2/8    eval   334   this Q     0.04705   best Q    0.001951   135.9 min
  restart   2/8    eval   335   this Q     0.04557   best Q    0.001951   136.1 min
  restart   2/8    eval   336   this Q     0.04572   best Q    0.001951   136.2 min
  restart   2/8    eval   337   this Q     0.04708   best Q    0.001951   136.4 min
  restart   2/8    eval   338   this Q     0.04356   best Q    0.001951   136.6 min
  restart   2/8    eval   339   this Q     0.04209   best Q    0.001951   136.7 min
  restart   2/8    eval   340   this Q      0.0454   best Q    0.001951   136.9 min
  restart   2/8    eval   341   this Q     0.04486   best Q    0.001951   137.1 min
  restart   2/8    eval   342   this Q     0.04335   best Q    0.001951   137.2 min
  restart   2/8    eval   343   this Q      0.0453   best Q    0.001951   137.4 min
  restart   2/8    eval   344   this Q     0.04205   best Q    0.001951   137.5 min
  restart   2/8    eval   345   this Q     0.04405   best Q    0.001951   137.7 min
  restart   2/8    eval   346   this Q     0.04237   best Q    0.001951   137.9 min
  restart   2/8    eval   347   this Q     0.04386   best Q    0.001951   138.0 min
  restart   2/8    eval   348   this Q     0.04099   best Q    0.001951   138.2 min
  restart   2/8    eval   349   this Q      0.0422   best Q    0.001951   138.4 min
  restart   2/8    eval   350   this Q     0.05059   best Q    0.001951   138.5 min
  restart   2/8    eval   351   this Q     0.04246   best Q    0.001951   138.7 min
  restart   2/8    eval   352   this Q     0.04166   best Q    0.001951   138.9 min
  restart   2/8    eval   353   this Q     0.03937   best Q    0.001951   139.0 min
  restart   2/8    eval   354   this Q     0.03907   best Q    0.001951   139.2 min
  restart   2/8    eval   355   this Q     0.03707   best Q    0.001951   139.4 min
  restart   2/8    eval   356   this Q      0.0347   best Q    0.001951   139.5 min
  restart   2/8    eval   357   this Q     0.03963   best Q    0.001951   139.7 min
  restart   2/8    eval   358   this Q     0.03851   best Q    0.001951   139.8 min
  restart   2/8    eval   359   this Q     0.03693   best Q    0.001951   140.0 min
  restart   2/8    eval   360   this Q      0.0347   best Q    0.001951   140.2 min
  restart   2/8    eval   361   this Q     0.03287   best Q    0.001951   140.3 min
  restart   2/8    eval   362   this Q     0.03557   best Q    0.001951   140.5 min
  restart   2/8    eval   363   this Q     0.03393   best Q    0.001951   140.7 min
  restart   2/8    eval   364   this Q     0.03397   best Q    0.001951   140.8 min
  restart   2/8    eval   365   this Q     0.03414   best Q    0.001951   141.0 min
  restart   2/8    eval   366   this Q     0.03235   best Q    0.001951   141.2 min
  restart   2/8    eval   367   this Q     0.03569   best Q    0.001951   141.3 min
  restart   2/8    eval   368   this Q     0.03245   best Q    0.001951   141.5 min
  restart   2/8    eval   369   this Q     0.02728   best Q    0.001951   141.7 min
  restart   2/8    eval   370   this Q     0.02394   best Q    0.001951   141.8 min
  restart   2/8    eval   371   this Q      0.0281   best Q    0.001951   142.0 min
  restart   2/8    eval   372   this Q     0.03281   best Q    0.001951   142.2 min
  restart   2/8    eval   373   this Q     0.02891   best Q    0.001951   142.3 min
  restart   2/8    eval   374   this Q     0.03225   best Q    0.001951   142.5 min
  restart   2/8    eval   375   this Q     0.02696   best Q    0.001951   142.7 min
  restart   2/8    eval   376   this Q     0.02381   best Q    0.001951   142.8 min
  restart   2/8    eval   377   this Q      0.0214   best Q    0.001951   143.0 min
  restart   2/8    eval   378   this Q     0.02727   best Q    0.001951   143.1 min
  restart   2/8    eval   379   this Q      0.0247   best Q    0.001951   143.3 min
  restart   2/8    eval   380   this Q       0.028   best Q    0.001951   143.5 min
  restart   2/8    eval   381   this Q     0.02252   best Q    0.001951   143.6 min
  restart   2/8    eval   382   this Q     0.01956   best Q    0.001951   143.8 min
  restart   2/8    eval   383   this Q     0.02123   best Q    0.001951   144.0 min
  restart   2/8    eval   384   this Q     0.01922   best Q    0.001951   144.1 min
  restart   2/8    eval   385   this Q     0.01995   best Q    0.001951   144.3 min
  restart   2/8    eval   386   this Q     0.02167   best Q    0.001951   144.5 min
  restart   2/8    eval   387   this Q     0.02211   best Q    0.001951   144.6 min
  restart   2/8    eval   388   this Q       0.021   best Q    0.001951   144.8 min
  restart   2/8    eval   389   this Q     0.01374   best Q    0.001951   145.0 min
  restart   2/8    eval   390   this Q      0.0101   best Q    0.001951   145.1 min
  restart   2/8    eval   391   this Q     0.01971   best Q    0.001951   145.3 min
  restart   2/8    eval   392   this Q     0.01658   best Q    0.001951   145.5 min
  restart   2/8    eval   393   this Q     0.01353   best Q    0.001951   145.6 min
  restart   2/8    eval   394   this Q     0.02253   best Q    0.001951   145.8 min
  restart   2/8    eval   395   this Q      0.0174   best Q    0.001951   146.0 min
  restart   2/8    eval   396   this Q     0.01418   best Q    0.001951   146.1 min
  restart   2/8    eval   397   this Q     0.01105   best Q    0.001951   146.3 min
  restart   2/8    eval   398   this Q     0.01289   best Q    0.001951   146.5 min
  restart   2/8    eval   399   this Q     0.01664   best Q    0.001951   146.6 min
  restart   2/8    eval   400   this Q     0.01223   best Q    0.001951   146.8 min
  restart   2/8    eval   401   this Q    0.009885   best Q    0.001951   147.0 min
  restart   2/8    eval   402   this Q     0.01495   best Q    0.001951   147.1 min
  restart   2/8    eval   403   this Q    0.007895   best Q    0.001951   147.3 min
  restart   2/8    eval   404   this Q    0.008944   best Q    0.001951   147.5 min
  restart   2/8    eval   405   this Q      0.0161   best Q    0.001951   147.6 min
  restart   2/8    eval   406   this Q    0.008316   best Q    0.001951   147.8 min
  restart   2/8    eval   407   this Q     0.01619   best Q    0.001951   148.0 min
  restart   2/8    eval   408   this Q     0.01109   best Q    0.001951   148.1 min
  restart   2/8    eval   409   this Q     0.01105   best Q    0.001951   148.3 min
  restart   2/8    eval   410   this Q     0.00816   best Q    0.001951   148.4 min
  restart   2/8    eval   411   this Q     0.01086   best Q    0.001951   148.6 min
  restart   2/8    eval   412   this Q     0.01134   best Q    0.001951   148.8 min
  restart   2/8    eval   413   this Q     0.00878   best Q    0.001951   148.9 min
  restart   2/8    eval   414   this Q    0.008061   best Q    0.001951   149.1 min
  restart   2/8    eval   415   this Q     0.01206   best Q    0.001951   149.3 min
  restart   2/8    eval   416   this Q     0.00848   best Q    0.001951   149.4 min
  restart   2/8    eval   417   this Q    0.006929   best Q    0.001951   149.6 min
  restart   2/8    eval   418   this Q    0.008989   best Q    0.001951   149.8 min
  restart   2/8    eval   419   this Q     0.01117   best Q    0.001951   150.0 min
  restart   2/8    eval   420   this Q    0.008225   best Q    0.001951   150.1 min
  restart   2/8    eval   421   this Q     0.01041   best Q    0.001951   150.3 min
  restart   2/8    eval   422   this Q    0.008043   best Q    0.001951   150.4 min
  restart   2/8    eval   423   this Q    0.005906   best Q    0.001951   150.6 min
  restart   2/8    eval   424   this Q    0.006051   best Q    0.001951   150.8 min
  restart   2/8    eval   425   this Q    0.006201   best Q    0.001951   150.9 min
  restart   2/8    eval   426   this Q    0.006186   best Q    0.001951   151.1 min
  restart   2/8    eval   427   this Q    0.008872   best Q    0.001951   151.3 min
  restart   2/8    eval   428   this Q    0.006857   best Q    0.001951   151.5 min
  restart   2/8    eval   429   this Q    0.006085   best Q    0.001951   151.6 min
  restart   2/8    eval   430   this Q    0.006644   best Q    0.001951   151.8 min
  restart   2/8    eval   431   this Q    0.006647   best Q    0.001951   152.0 min
  restart   2/8    eval   432   this Q    0.004943   best Q    0.001951   152.1 min
  restart   2/8    eval   433   this Q    0.005564   best Q    0.001951   152.3 min
  restart   2/8    eval   434   this Q    0.005354   best Q    0.001951   152.4 min
  restart   2/8    eval   435   this Q    0.005567   best Q    0.001951   152.6 min
  restart   2/8    eval   436   this Q    0.004187   best Q    0.001951   152.8 min
  restart   2/8    eval   437   this Q    0.004015   best Q    0.001951   152.9 min
  restart   2/8    eval   438   this Q     0.00638   best Q    0.001951   153.1 min
  restart   2/8    eval   439   this Q    0.005418   best Q    0.001951   153.3 min
  restart   2/8    eval   440   this Q    0.007082   best Q    0.001951   153.5 min
  restart   2/8    eval   441   this Q    0.005023   best Q    0.001951   153.6 min
  restart   2/8    eval   442   this Q    0.004903   best Q    0.001951   153.8 min
  restart   2/8    eval   443   this Q    0.004806   best Q    0.001951   154.0 min
  restart   2/8    eval   444   this Q    0.004698   best Q    0.001951   154.1 min
  restart   2/8    eval   445   this Q    0.003815   best Q    0.001951   154.3 min
  restart   2/8    eval   446   this Q    0.004858   best Q    0.001951   154.5 min
  restart   2/8    eval   447   this Q    0.006409   best Q    0.001951   154.6 min
  restart   2/8    eval   448   this Q    0.004367   best Q    0.001951   154.8 min
  restart   2/8    eval   449   this Q      0.0044   best Q    0.001951   155.0 min
  restart   2/8    eval   450   this Q    0.003686   best Q    0.001951   155.1 min
  restart   2/8    eval   451   this Q     0.00466   best Q    0.001951   155.3 min
  restart   2/8    eval   452   this Q    0.003367   best Q    0.001951   155.5 min
  restart   2/8    eval   453   this Q    0.003855   best Q    0.001951   155.6 min
  restart   2/8    eval   454   this Q    0.003637   best Q    0.001951   155.8 min
  restart   2/8    eval   455   this Q    0.004677   best Q    0.001951   156.0 min
  restart   2/8    eval   456   this Q    0.003605   best Q    0.001951   156.1 min
  restart   2/8    eval   457   this Q    0.003522   best Q    0.001951   156.3 min
  restart   2/8    eval   458   this Q    0.004744   best Q    0.001951   156.5 min
  restart   2/8    eval   459   this Q    0.003621   best Q    0.001951   156.6 min
  restart   2/8    eval   460   this Q    0.003771   best Q    0.001951   156.8 min
  restart   2/8    eval   461   this Q      0.0038   best Q    0.001951   157.0 min
  restart   2/8    eval   462   this Q    0.003017   best Q    0.001951   157.1 min
  restart   2/8    eval   463   this Q    0.003722   best Q    0.001951   157.3 min
  restart   2/8    eval   464   this Q    0.003922   best Q    0.001951   157.5 min
  restart   2/8    eval   465   this Q    0.003226   best Q    0.001951   157.6 min
  restart   2/8    eval   466   this Q    0.004117   best Q    0.001951   157.8 min
  restart   2/8    eval   467   this Q    0.003216   best Q    0.001951   158.0 min
  restart   2/8    eval   468   this Q    0.004033   best Q    0.001951   158.1 min
  restart   2/8    eval   469   this Q     0.00321   best Q    0.001951   158.3 min
  restart   2/8    eval   470   this Q    0.003229   best Q    0.001951   158.5 min
  restart   2/8    eval   471   this Q    0.003321   best Q    0.001951   158.6 min
  restart   2/8    eval   472   this Q    0.003269   best Q    0.001951   158.8 min
  restart   2/8    eval   473   this Q    0.004039   best Q    0.001951   159.0 min
  restart   2/8    eval   474   this Q    0.003063   best Q    0.001951   159.1 min
  restart   2/8    eval   475   this Q    0.003718   best Q    0.001951   159.3 min
  restart   2/8    eval   476   this Q    0.003068   best Q    0.001951   159.5 min
  restart   2/8    eval   477   this Q    0.003069   best Q    0.001951   159.7 min
  restart   2/8    eval   478   this Q    0.003338   best Q    0.001951   159.8 min
  restart   2/8    eval   479   this Q     0.00301   best Q    0.001951   160.0 min
  restart   2/8    eval   480   this Q    0.003566   best Q    0.001951   160.2 min
  restart   2/8    eval   481   this Q    0.002975   best Q    0.001951   160.3 min
  restart   2/8    eval   482   this Q    0.003642   best Q    0.001951   160.5 min
  restart   2/8    eval   483   this Q    0.002958   best Q    0.001951   160.7 min
  restart   2/8    eval   484   this Q    0.002937   best Q    0.001951   160.8 min
  restart   2/8    eval   485   this Q    0.003302   best Q    0.001951   161.0 min
  restart   2/8    eval   486   this Q     0.00291   best Q    0.001951   161.2 min
  restart   2/8    eval   487   this Q    0.003319   best Q    0.001951   161.3 min
  restart   2/8    eval   488   this Q     0.00317   best Q    0.001951   161.5 min
  restart   2/8    eval   489   this Q    0.002932   best Q    0.001951   161.7 min
  restart   2/8    eval   490   this Q     0.00303   best Q    0.001951   161.8 min
  restart   2/8    eval   491   this Q     0.00296   best Q    0.001951   162.0 min
  restart   2/8    eval   492   this Q    0.002889   best Q    0.001951   162.2 min
  restart   2/8    eval   493   this Q    0.003241   best Q    0.001951   162.3 min
  restart   2/8    eval   494   this Q     0.00306   best Q    0.001951   162.5 min
  restart   2/8    eval   495   this Q    0.002878   best Q    0.001951   162.7 min
  restart   2/8    eval   496   this Q    0.003135   best Q    0.001951   162.8 min
  restart   2/8    eval   497   this Q     0.00286   best Q    0.001951   163.0 min
  restart   2/8    eval   498   this Q    0.002988   best Q    0.001951   163.2 min
  restart   2/8    eval   499   this Q    0.002865   best Q    0.001951   163.3 min
  restart   2/8    eval   500   this Q    0.002887   best Q    0.001951   163.5 min
  restart   2/8    eval   501   this Q    0.002953   best Q    0.001951   163.7 min
  restart   2/8    eval   502   this Q    0.002899   best Q    0.001951   163.8 min
  restart   2/8    eval   503   this Q    0.002914   best Q    0.001951   164.0 min
  restart   2/8    eval   504   this Q    0.003211   best Q    0.001951   164.2 min
  restart   2/8    eval   505   this Q    0.002812   best Q    0.001951   164.3 min
  restart   2/8    eval   506   this Q    0.002778   best Q    0.001951   164.5 min
  restart   2/8    eval   507   this Q    0.002861   best Q    0.001951   164.7 min
  restart   2/8    eval   508   this Q    0.002924   best Q    0.001951   164.8 min
  restart   2/8    eval   509   this Q    0.002825   best Q    0.001951   165.0 min
  restart   2/8    eval   510   this Q    0.002887   best Q    0.001951   165.2 min
  restart   2/8    eval   511   this Q    0.003056   best Q    0.001951   165.4 min
  restart   2/8    eval   512   this Q    0.002803   best Q    0.001951   165.5 min
  restart   2/8    eval   513   this Q    0.002919   best Q    0.001951   165.7 min
  restart   2/8    eval   514   this Q    0.002816   best Q    0.001951   165.9 min
  restart   2/8    eval   515   this Q    0.002895   best Q    0.001951   166.0 min
  restart   2/8    eval   516   this Q    0.002816   best Q    0.001951   166.2 min
  restart   2/8    eval   517   this Q      0.0029   best Q    0.001951   166.4 min
  restart   2/8    eval   518   this Q    0.002815   best Q    0.001951   166.5 min
  restart   2/8    eval   519   this Q    0.002873   best Q    0.001951   166.7 min
  restart   2/8    eval   520   this Q    0.002814   best Q    0.001951   166.9 min
  restart   2/8    eval   521   this Q    0.002761   best Q    0.001951   167.0 min
  restart   2/8    eval   522   this Q    0.002785   best Q    0.001951   167.2 min
  restart   2/8    eval   523   this Q    0.002773   best Q    0.001951   167.4 min
  restart   2/8    eval   524   this Q      0.0028   best Q    0.001951   167.5 min
  restart   2/8    eval   525   this Q    0.002785   best Q    0.001951   167.7 min
  restart   2/8    eval   526   this Q    0.002755   best Q    0.001951   167.9 min
  restart   2/8    eval   527   this Q    0.002789   best Q    0.001951   168.0 min
  restart   2/8    eval   528   this Q    0.002761   best Q    0.001951   168.2 min
  restart   2/8    eval   529   this Q    0.002746   best Q    0.001951   168.4 min
  restart   2/8    eval   530   this Q    0.002797   best Q    0.001951   168.5 min
  restart   2/8    eval   531   this Q    0.002738   best Q    0.001951   168.7 min
  restart   2/8    eval   532   this Q    0.002779   best Q    0.001951   168.9 min
  restart   2/8    eval   533   this Q    0.002736   best Q    0.001951   169.0 min
  restart   2/8    eval   534   this Q    0.002785   best Q    0.001951   169.2 min
  restart   2/8    eval   535   this Q    0.002711   best Q    0.001951   169.4 min
  restart   2/8    eval   536   this Q    0.002744   best Q    0.001951   169.5 min
  restart   2/8    eval   537   this Q    0.002728   best Q    0.001951   169.7 min
  restart   2/8    eval   538   this Q    0.002788   best Q    0.001951   169.9 min
  restart   2/8    eval   539   this Q    0.002735   best Q    0.001951   170.0 min
  restart   2/8    eval   540   this Q    0.002715   best Q    0.001951   170.2 min
  restart   2/8    eval   541   this Q    0.002737   best Q    0.001951   170.4 min
  restart   2/8    eval   542   this Q    0.002715   best Q    0.001951   170.5 min
  restart   2/8    eval   543   this Q    0.002707   best Q    0.001951   170.7 min
  restart   2/8    eval   544   this Q    0.002759   best Q    0.001951   170.9 min
  restart   2/8    eval   545   this Q    0.002728   best Q    0.001951   171.1 min
  restart   2/8    eval   546   this Q    0.002724   best Q    0.001951   171.2 min
  restart   2/8    eval   547   this Q     0.00272   best Q    0.001951   171.4 min
  restart   2/8    eval   548   this Q    0.002735   best Q    0.001951   171.6 min
  restart   2/8    eval   549   this Q     0.00271   best Q    0.001951   171.7 min
  restart   2/8    eval   550   this Q    0.002672   best Q    0.001951   171.9 min
  restart   2/8    eval   551   this Q    0.002663   best Q    0.001951   172.1 min
  restart   2/8    eval   552   this Q    0.002726   best Q    0.001951   172.2 min
  restart   2/8    eval   553   this Q    0.002691   best Q    0.001951   172.4 min
  restart   2/8    eval   554   this Q    0.002715   best Q    0.001951   172.6 min
  restart   2/8    eval   555   this Q    0.002693   best Q    0.001951   172.7 min
  restart   2/8    eval   556   this Q    0.002685   best Q    0.001951   172.9 min
  restart   2/8    eval   557   this Q    0.002721   best Q    0.001951   173.1 min
  restart   2/8    eval   558   this Q    0.002688   best Q    0.001951   173.2 min
  restart   2/8    eval   559   this Q    0.002696   best Q    0.001951   173.4 min
  restart   2/8    eval   560   this Q    0.002684   best Q    0.001951   173.6 min
  restart   2/8    eval   561   this Q    0.002694   best Q    0.001951   173.7 min
  restart   2/8    eval   562   this Q    0.002669   best Q    0.001951   173.9 min
  restart   2/8    eval   563   this Q    0.002656   best Q    0.001951   174.1 min
  restart   2/8    eval   564   this Q     0.00268   best Q    0.001951   174.2 min
  restart   2/8    eval   565   this Q    0.002671   best Q    0.001951   174.4 min
  restart   2/8    eval   566   this Q    0.002662   best Q    0.001951   174.6 min
  restart   2/8    eval   567   this Q    0.002683   best Q    0.001951   174.7 min
  restart   2/8    eval   568   this Q    0.002662   best Q    0.001951   174.9 min
  restart   2/8    eval   569   this Q    0.002644   best Q    0.001951   175.1 min
  restart   2/8    eval   570   this Q    0.002669   best Q    0.001951   175.2 min
  restart   2/8    eval   571   this Q    0.002652   best Q    0.001951   175.4 min
  restart   2/8    eval   572   this Q    0.002634   best Q    0.001951   175.6 min
  restart   2/8    eval   573   this Q    0.002661   best Q    0.001951   175.7 min
  restart   2/8    eval   574   this Q    0.002654   best Q    0.001951   175.9 min
  restart   2/8    eval   575   this Q    0.002674   best Q    0.001951   176.1 min
  restart   2/8    eval   576   this Q    0.002645   best Q    0.001951   176.2 min
  restart   2/8    eval   577   this Q    0.002656   best Q    0.001951   176.4 min
  restart   2/8    eval   578   this Q    0.002641   best Q    0.001951   176.6 min
  restart   2/8    eval   579   this Q    0.002663   best Q    0.001951   176.7 min
  restart   2/8    eval   580   this Q    0.002642   best Q    0.001951   176.9 min
  restart   2/8    eval   581   this Q    0.002635   best Q    0.001951   177.1 min
  restart   2/8    eval   582   this Q    0.002625   best Q    0.001951   177.2 min
  restart   2/8    eval   583   this Q    0.002644   best Q    0.001951   177.4 min
  restart   2/8    eval   584   this Q    0.002658   best Q    0.001951   177.6 min
  restart   2/8    eval   585   this Q    0.002633   best Q    0.001951   177.8 min
  restart   2/8    eval   586   this Q    0.002645   best Q    0.001951   177.9 min
  restart   2/8    eval   587   this Q    0.002631   best Q    0.001951   178.1 min
  restart   2/8    eval   588   this Q    0.002621   best Q    0.001951   178.3 min
  restart   2/8    eval   589   this Q    0.002636   best Q    0.001951   178.4 min
  restart   2/8    eval   590   this Q    0.002631   best Q    0.001951   178.6 min
  restart   2/8    eval   591   this Q    0.002631   best Q    0.001951   178.8 min
  restart   2/8    eval   592   this Q    0.002612   best Q    0.001951   178.9 min
  restart   2/8    eval   593   this Q    0.002618   best Q    0.001951   179.1 min
  restart   2/8    eval   594   this Q    0.002645   best Q    0.001951   179.3 min
  restart   2/8    eval   595   this Q    0.002622   best Q    0.001951   179.4 min
  restart   2/8    eval   596   this Q    0.002636   best Q    0.001951   179.6 min
  restart   2/8    eval   597   this Q     0.00262   best Q    0.001951   179.8 min
  restart   2/8    eval   598   this Q    0.002641   best Q    0.001951   179.9 min
  restart   2/8    eval   599   this Q    0.002622   best Q    0.001951   180.1 min
  restart   2/8    eval   600   this Q    0.002611   best Q    0.001951   180.3 min
  restart   2/8    eval   601   this Q    0.002619   best Q    0.001951   180.4 min
  restart   2/8    eval   602   this Q    0.002628   best Q    0.001951   180.6 min
  restart   2/8    eval   603   this Q    0.002613   best Q    0.001951   180.8 min
  restart   2/8    eval   604   this Q    0.002624   best Q    0.001951   180.9 min
  restart   2/8    eval   605   this Q    0.002632   best Q    0.001951   181.1 min
  restart   2/8    eval   606   this Q    0.002616   best Q    0.001951   181.3 min
  restart   2/8    eval   607   this Q    0.002619   best Q    0.001951   181.4 min
  restart   2/8    eval   608   this Q    0.002631   best Q    0.001951   181.6 min
  restart   2/8    eval   609   this Q    0.002613   best Q    0.001951   181.8 min
  restart   2/8    eval   610   this Q    0.002613   best Q    0.001951   181.9 min
  restart   2/8    eval   611   this Q    0.002604   best Q    0.001951   182.1 min
  restart   2/8    eval   612   this Q    0.002605   best Q    0.001951   182.3 min
  restart   2/8    eval   613   this Q    0.002624   best Q    0.001951   182.4 min
  restart   2/8    eval   614   this Q     0.00261   best Q    0.001951   182.6 min
  restart   2/8    eval   615   this Q    0.002604   best Q    0.001951   182.8 min
  restart   2/8    eval   616   this Q     0.00261   best Q    0.001951   182.9 min
  restart   2/8    eval   617   this Q    0.002607   best Q    0.001951   183.1 min
  restart   2/8    eval   618   this Q    0.002602   best Q    0.001951   183.3 min
  restart   2/8    eval   619   this Q    0.002601   best Q    0.001951   183.5 min
  restart   2/8    eval   620   this Q      0.0026   best Q    0.001951   183.6 min
  restart   2/8    eval   621   this Q    0.002611   best Q    0.001951   183.8 min
  restart   2/8    eval   622   this Q    0.002598   best Q    0.001951   184.0 min
  restart   2/8    eval   623   this Q    0.002612   best Q    0.001951   184.1 min
  restart   2/8    eval   624   this Q    0.002604   best Q    0.001951   184.3 min
  restart   2/8    eval   625   this Q    0.002606   best Q    0.001951   184.5 min
  restart   2/8    eval   626   this Q    0.002603   best Q    0.001951   184.6 min
  restart   2/8    eval   627   this Q    0.002591   best Q    0.001951   184.8 min
  restart   2/8    eval   628   this Q    0.002598   best Q    0.001951   185.0 min
  restart   2/8    eval   629   this Q    0.002595   best Q    0.001951   185.1 min
  restart   2/8    eval   630   this Q    0.002604   best Q    0.001951   185.3 min
  restart   2/8    eval   631   this Q    0.002599   best Q    0.001951   185.5 min
  restart   2/8    eval   632   this Q      0.0026   best Q    0.001951   185.6 min
  restart   2/8    eval   633   this Q      0.0026   best Q    0.001951   185.8 min
  restart   2/8    eval   634   this Q    0.002591   best Q    0.001951   186.0 min
  restart   2/8    eval   635   this Q    0.002603   best Q    0.001951   186.1 min
  restart   2/8    eval   636   this Q    0.002617   best Q    0.001951   186.3 min
  restart   2/8    eval   637   this Q    0.002594   best Q    0.001951   186.5 min
  restart   2/8    eval   638   this Q    0.002597   best Q    0.001951   186.6 min
  restart   2/8    eval   639   this Q    0.002599   best Q    0.001951   186.8 min
  restart   2/8    eval   640   this Q    0.002607   best Q    0.001951   187.0 min
  restart   2/8    eval   641   this Q    0.002597   best Q    0.001951   187.1 min
  restart   2/8    eval   642   this Q    0.002591   best Q    0.001951   187.3 min
  restart   2/8    eval   643   this Q    0.002599   best Q    0.001951   187.5 min
  restart   2/8    eval   644   this Q    0.002593   best Q    0.001951   187.6 min
  restart   2/8    eval   645   this Q    0.002592   best Q    0.001951   187.8 min
  restart   2/8    eval   646   this Q    0.002591   best Q    0.001951   188.0 min
  restart   2/8    eval   647   this Q    0.002602   best Q    0.001951   188.2 min
  restart   2/8    eval   648   this Q    0.002593   best Q    0.001951   188.3 min
  restart   2/8    eval   649   this Q    0.002602   best Q    0.001951   188.5 min
  restart   2/8    eval   650   this Q    0.002589   best Q    0.001951   188.7 min
  restart   2/8    eval   651   this Q    0.002589   best Q    0.001951   188.8 min
  restart   2/8    eval   652   this Q    0.002598   best Q    0.001951   189.0 min
  restart   2/8    eval   653   this Q     0.00259   best Q    0.001951   189.2 min
  restart   2/8    eval   654   this Q    0.002593   best Q    0.001951   189.3 min
  restart   2/8    eval   655   this Q    0.002592   best Q    0.001951   189.5 min
  restart   2/8    eval   656   this Q    0.002593   best Q    0.001951   189.7 min
  restart   2/8    eval   657   this Q     0.00259   best Q    0.001951   189.8 min
  restart   2/8    eval   658   this Q    0.002592   best Q    0.001951   190.0 min
  restart   2/8    eval   659   this Q    0.002591   best Q    0.001951   190.2 min
  restart   2/8    eval   660   this Q    0.002591   best Q    0.001951   190.3 min
  restart   2/8    eval   661   this Q    0.002591   best Q    0.001951   190.5 min
  restart   2/8    eval   662   this Q    0.002592   best Q    0.001951   190.7 min
  restart   2/8    eval   663   this Q    0.002591   best Q    0.001951   190.8 min
  restart   2/8    eval   664   this Q    0.002589   best Q    0.001951   191.0 min
  restart   2/8    eval   665   this Q    0.002595   best Q    0.001951   191.2 min
  restart   2/8    eval   666   this Q    0.002586   best Q    0.001951   191.3 min
  restart   2/8    eval   667   this Q    0.002585   best Q    0.001951   191.5 min
  restart   2/8    eval   668   this Q     0.00259   best Q    0.001951   191.7 min
  restart   2/8    eval   669   this Q    0.002585   best Q    0.001951   191.8 min
  restart   2/8    eval   670   this Q    0.002592   best Q    0.001951   192.0 min
  restart   2/8    eval   671   this Q    0.002589   best Q    0.001951   192.2 min
  restart   2/8    eval   672   this Q    0.002588   best Q    0.001951   192.3 min
  restart   2/8    eval   673   this Q    0.002588   best Q    0.001951   192.5 min
  restart   2/8    eval   674   this Q    0.002589   best Q    0.001951   192.7 min
  restart   2/8    eval   675   this Q    0.002586   best Q    0.001951   192.8 min
  restart   2/8    eval   676   this Q    0.002585   best Q    0.001951   193.0 min
  restart   2/8    eval   677   this Q    0.002588   best Q    0.001951   193.2 min
  restart   2/8    eval   678   this Q     0.00259   best Q    0.001951   193.3 min
  restart   2/8    eval   679   this Q    0.002589   best Q    0.001951   193.5 min
  restart   2/8    eval   680   this Q    0.002581   best Q    0.001951   193.7 min
  restart   2/8    eval   681   this Q    0.002588   best Q    0.001951   193.9 min
  restart   2/8    eval   682   this Q     0.00259   best Q    0.001951   194.0 min
  restart   2/8    eval   683   this Q    0.002587   best Q    0.001951   194.2 min
  restart   2/8    eval   684   this Q    0.002586   best Q    0.001951   194.4 min
  restart   2/8    eval   685   this Q    0.002587   best Q    0.001951   194.5 min
  restart   2/8    eval   686   this Q    0.002586   best Q    0.001951   194.7 min
  restart   2/8    eval   687   this Q     0.00259   best Q    0.001951   194.9 min
  restart   2/8    eval   688   this Q    0.002587   best Q    0.001951   195.0 min
  restart   2/8    eval   689   this Q    0.002583   best Q    0.001951   195.2 min
  restart   2/8    eval   690   this Q    0.002584   best Q    0.001951   195.4 min
  restart   2/8    eval   691   this Q     0.00259   best Q    0.001951   195.5 min
  restart   2/8    eval   692   this Q    0.002587   best Q    0.001951   195.7 min
  restart   2/8    eval   693   this Q    0.002583   best Q    0.001951   195.9 min
  restart   2/8    eval   694   this Q    0.002585   best Q    0.001951   196.0 min
  restart   2/8    eval   695   this Q    0.002585   best Q    0.001951   196.2 min
  restart   2/8    eval   696   this Q    0.002583   best Q    0.001951   196.4 min
  restart   2/8    eval   697   this Q    0.002584   best Q    0.001951   196.5 min
  restart   2/8    eval   698   this Q    0.002585   best Q    0.001951   196.7 min
  restart   2/8    eval   699   this Q    0.002585   best Q    0.001951   196.9 min
  restart   2/8    eval   700   this Q    0.002584   best Q    0.001951   197.0 min
  restart   2/8    eval   701   this Q    0.002585   best Q    0.001951   197.2 min
  restart   2/8    eval   702   this Q    0.002583   best Q    0.001951   197.4 min
  restart   2/8    eval   703   this Q    0.002586   best Q    0.001951   197.5 min
  restart   2/8    eval   704   this Q    0.002584   best Q    0.001951   197.7 min
  restart   2/8    eval   705   this Q    0.002586   best Q    0.001951   197.9 min
  restart   2/8    eval   706   this Q    0.002584   best Q    0.001951   198.0 min
  restart   2/8    eval   707   this Q    0.002582   best Q    0.001951   198.2 min
  restart   2/8    eval   708   this Q    0.002583   best Q    0.001951   198.4 min
  restart   2/8    eval   709   this Q    0.002581   best Q    0.001951   198.5 min
  restart   2/8    eval   710   this Q    0.002584   best Q    0.001951   198.7 min
  restart   2/8    eval   711   this Q    0.002583   best Q    0.001951   198.9 min
  restart   2/8    eval   712   this Q    0.002584   best Q    0.001951   199.1 min
  restart   2/8   DONE   this    0.002581   best Q    0.001951   199.1 min, ~597 min left
  restart   3/8    eval     1   this Q      0.3277   best Q    0.001951   199.2 min
  restart   3/8    eval     2   this Q      0.3277   best Q    0.001951   199.4 min
  restart   3/8    eval     3   this Q       1.512   best Q    0.001951   199.5 min
  restart   3/8    eval     4   this Q       0.495   best Q    0.001951   199.7 min
  restart   3/8    eval     5   this Q      0.2606   best Q    0.001951   199.9 min
  restart   3/8    eval     6   this Q       2.361   best Q    0.001951   200.1 min
  restart   3/8    eval     7   this Q       1.746   best Q    0.001951   200.2 min
  restart   3/8    eval     8   this Q       1.381   best Q    0.001951   200.4 min
  restart   3/8    eval     9   this Q      0.6922   best Q    0.001951   200.6 min
  restart   3/8    eval    10   this Q       3.238   best Q    0.001951   200.7 min
  restart   3/8    eval    11   this Q      0.5367   best Q    0.001951   200.9 min
  restart   3/8    eval    12   this Q       1.152   best Q    0.001951   201.1 min
  restart   3/8    eval    13   this Q       2.815   best Q    0.001951   201.2 min
  restart   3/8    eval    14   this Q      0.8346   best Q    0.001951   201.4 min
  restart   3/8    eval    15   this Q       0.725   best Q    0.001951   201.6 min
  restart   3/8    eval    16   this Q      0.7756   best Q    0.001951   201.8 min
  restart   3/8    eval    17   this Q      0.8642   best Q    0.001951   201.9 min
  restart   3/8    eval    18   this Q       4.703   best Q    0.001951   202.1 min
  restart   3/8    eval    19   this Q      0.5903   best Q    0.001951   202.3 min
  restart   3/8    eval    20   this Q       1.253   best Q    0.001951   202.5 min
  restart   3/8    eval    21   this Q      0.3549   best Q    0.001951   202.6 min
  restart   3/8    eval    22   this Q      0.5251   best Q    0.001951   202.8 min
  restart   3/8    eval    23   this Q       1.642   best Q    0.001951   203.0 min
  restart   3/8    eval    24   this Q      0.2793   best Q    0.001951   203.1 min
  restart   3/8    eval    25   this Q      0.9075   best Q    0.001951   203.3 min
  restart   3/8    eval    26   this Q      0.2757   best Q    0.001951   203.5 min
  restart   3/8    eval    27   this Q      0.8552   best Q    0.001951   203.7 min
  restart   3/8    eval    28   this Q      0.1472   best Q    0.001951   203.8 min
  restart   3/8    eval    29   this Q      0.4404   best Q    0.001951   204.0 min
  restart   3/8    eval    30   this Q      0.3447   best Q    0.001951   204.2 min
  restart   3/8    eval    31   this Q      0.6199   best Q    0.001951   204.3 min
  restart   3/8    eval    32   this Q      0.2108   best Q    0.001951   204.5 min
  restart   3/8    eval    33   this Q      0.2311   best Q    0.001951   204.7 min
  restart   3/8    eval    34   this Q      0.5311   best Q    0.001951   204.8 min
  restart   3/8    eval    35   this Q      0.1115   best Q    0.001951   205.0 min
  restart   3/8    eval    36   this Q      0.3092   best Q    0.001951   205.2 min
  restart   3/8    eval    37   this Q      0.5571   best Q    0.001951   205.4 min
  restart   3/8    eval    38   this Q      0.1426   best Q    0.001951   205.5 min
  restart   3/8    eval    39   this Q      0.9495   best Q    0.001951   205.7 min
  restart   3/8    eval    40   this Q      0.1405   best Q    0.001951   205.9 min
  restart   3/8    eval    41   this Q      0.3685   best Q    0.001951   206.1 min
  restart   3/8    eval    42   this Q      0.1206   best Q    0.001951   206.2 min
  restart   3/8    eval    43   this Q      0.1948   best Q    0.001951   206.4 min
  restart   3/8    eval    44   this Q      0.3718   best Q    0.001951   206.6 min
  restart   3/8    eval    45   this Q      0.1042   best Q    0.001951   206.7 min
  restart   3/8    eval    46   this Q        0.22   best Q    0.001951   206.9 min
  restart   3/8    eval    47   this Q      0.3661   best Q    0.001951   207.1 min
  restart   3/8    eval    48   this Q     0.05095   best Q    0.001951   207.2 min
  restart   3/8    eval    49   this Q       0.282   best Q    0.001951   207.4 min
  restart   3/8    eval    50   this Q     0.09246   best Q    0.001951   207.6 min
  restart   3/8    eval    51   this Q     0.05055   best Q    0.001951   207.8 min
  restart   3/8    eval    52   this Q      0.2088   best Q    0.001951   207.9 min
  restart   3/8    eval    53   this Q      0.2416   best Q    0.001951   208.1 min
  restart   3/8    eval    54   this Q     0.06917   best Q    0.001951   208.3 min
  restart   3/8    eval    55   this Q      0.1296   best Q    0.001951   208.4 min
  restart   3/8    eval    56   this Q      0.1444   best Q    0.001951   208.6 min
  restart   3/8    eval    57   this Q     0.06535   best Q    0.001951   208.8 min
  restart   3/8    eval    58   this Q     0.09505   best Q    0.001951   208.9 min
  restart   3/8    eval    59   this Q      0.1875   best Q    0.001951   209.1 min
  restart   3/8    eval    60   this Q     0.05443   best Q    0.001951   209.3 min
  restart   3/8    eval    61   this Q      0.1394   best Q    0.001951   209.4 min
  restart   3/8    eval    62   this Q      0.0503   best Q    0.001951   209.6 min
  restart   3/8    eval    63   this Q     0.08067   best Q    0.001951   209.8 min
  restart   3/8    eval    64   this Q      0.0509   best Q    0.001951   210.0 min
  restart   3/8    eval    65   this Q      0.1334   best Q    0.001951   210.1 min
  restart   3/8    eval    66   this Q     0.03328   best Q    0.001951   210.3 min
  restart   3/8    eval    67   this Q     0.07711   best Q    0.001951   210.5 min
  restart   3/8    eval    68   this Q     0.08428   best Q    0.001951   210.6 min
  restart   3/8    eval    69   this Q     0.03932   best Q    0.001951   210.8 min
  restart   3/8    eval    70   this Q     0.09222   best Q    0.001951   211.0 min
  restart   3/8    eval    71   this Q     0.03562   best Q    0.001951   211.1 min
  restart   3/8    eval    72   this Q      0.0462   best Q    0.001951   211.3 min
  restart   3/8    eval    73   this Q     0.07609   best Q    0.001951   211.5 min
  restart   3/8    eval    74   this Q     0.03156   best Q    0.001951   211.6 min
  restart   3/8    eval    75   this Q      0.1039   best Q    0.001951   211.8 min
  restart   3/8    eval    76   this Q     0.02628   best Q    0.001951   212.0 min
  restart   3/8    eval    77   this Q     0.06109   best Q    0.001951   212.1 min
  restart   3/8    eval    78   this Q     0.02597   best Q    0.001951   212.3 min
  restart   3/8    eval    79   this Q     0.05992   best Q    0.001951   212.5 min
  restart   3/8    eval    80   this Q     0.02755   best Q    0.001951   212.7 min
  restart   3/8    eval    81   this Q     0.07176   best Q    0.001951   212.8 min
  restart   3/8    eval    82   this Q     0.02704   best Q    0.001951   213.0 min
  restart   3/8    eval    83   this Q     0.01542   best Q    0.001951   213.2 min
  restart   3/8    eval    84   this Q     0.03373   best Q    0.001951   213.3 min
  restart   3/8    eval    85   this Q     0.05639   best Q    0.001951   213.5 min
  restart   3/8    eval    86   this Q     0.02474   best Q    0.001951   213.7 min
  restart   3/8    eval    87   this Q     0.03841   best Q    0.001951   213.8 min
  restart   3/8    eval    88   this Q     0.02252   best Q    0.001951   214.0 min
  restart   3/8    eval    89   this Q     0.02482   best Q    0.001951   214.2 min
  restart   3/8    eval    90   this Q     0.03302   best Q    0.001951   214.3 min
  restart   3/8    eval    91   this Q     0.02096   best Q    0.001951   214.5 min
  restart   3/8    eval    92   this Q     0.03457   best Q    0.001951   214.7 min
  restart   3/8    eval    93   this Q     0.02028   best Q    0.001951   214.8 min
  restart   3/8    eval    94   this Q     0.02175   best Q    0.001951   215.0 min
  restart   3/8    eval    95   this Q     0.02761   best Q    0.001951   215.2 min
  restart   3/8    eval    96   this Q     0.01881   best Q    0.001951   215.4 min
  restart   3/8    eval    97   this Q      0.0331   best Q    0.001951   215.5 min
  restart   3/8    eval    98   this Q     0.01818   best Q    0.001951   215.7 min
  restart   3/8    eval    99   this Q     0.01594   best Q    0.001951   215.9 min
  restart   3/8    eval   100   this Q     0.03836   best Q    0.001951   216.0 min
  restart   3/8    eval   101   this Q     0.01613   best Q    0.001951   216.2 min
  restart   3/8    eval   102   this Q     0.01362   best Q    0.001951   216.4 min
  restart   3/8    eval   103   this Q     0.02109   best Q    0.001951   216.5 min
  restart   3/8    eval   104   this Q     0.02358   best Q    0.001951   216.7 min
  restart   3/8    eval   105   this Q     0.01607   best Q    0.001951   216.9 min
  restart   3/8    eval   106   this Q     0.01996   best Q    0.001951   217.0 min
  restart   3/8    eval   107   this Q     0.01257   best Q    0.001951   217.2 min
  restart   3/8    eval   108   this Q     0.01766   best Q    0.001951   217.4 min
  restart   3/8    eval   109   this Q      0.0133   best Q    0.001951   217.5 min
  restart   3/8    eval   110   this Q     0.02107   best Q    0.001951   217.7 min
  restart   3/8    eval   111   this Q      0.0143   best Q    0.001951   217.9 min
  restart   3/8    eval   112   this Q     0.01393   best Q    0.001951   218.0 min
  restart   3/8    eval   113   this Q     0.01193   best Q    0.001951   218.2 min
  restart   3/8    eval   114   this Q     0.01942   best Q    0.001951   218.4 min
  restart   3/8    eval   115   this Q     0.01321   best Q    0.001951   218.5 min
  restart   3/8    eval   116   this Q     0.01683   best Q    0.001951   218.7 min
  restart   3/8    eval   117   this Q      0.0123   best Q    0.001951   218.9 min
  restart   3/8    eval   118   this Q     0.01902   best Q    0.001951   219.0 min
  restart   3/8    eval   119   this Q     0.01199   best Q    0.001951   219.2 min
  restart   3/8    eval   120   this Q     0.01077   best Q    0.001951   219.4 min
  restart   3/8    eval   121   this Q     0.01713   best Q    0.001951   219.5 min
  restart   3/8    eval   122   this Q     0.01239   best Q    0.001951   219.7 min
  restart   3/8    eval   123   this Q     0.01237   best Q    0.001951   219.9 min
  restart   3/8    eval   124   this Q     0.01442   best Q    0.001951   220.1 min
  restart   3/8    eval   125   this Q     0.01101   best Q    0.001951   220.2 min
  restart   3/8    eval   126   this Q     0.01029   best Q    0.001951   220.4 min
  restart   3/8    eval   127   this Q     0.01424   best Q    0.001951   220.6 min
  restart   3/8    eval   128   this Q     0.01551   best Q    0.001951   220.7 min
  restart   3/8    eval   129   this Q     0.01056   best Q    0.001951   220.9 min
  restart   3/8    eval   130   this Q     0.01158   best Q    0.001951   221.1 min
  restart   3/8    eval   131   this Q     0.01562   best Q    0.001951   221.2 min
  restart   3/8    eval   132   this Q     0.01017   best Q    0.001951   221.4 min
  restart   3/8    eval   133   this Q     0.01144   best Q    0.001951   221.6 min
  restart   3/8    eval   134   this Q    0.009977   best Q    0.001951   221.7 min
  restart   3/8    eval   135   this Q     0.01335   best Q    0.001951   221.9 min
  restart   3/8    eval   136   this Q    0.008535   best Q    0.001951   222.1 min
  restart   3/8    eval   137   this Q    0.009407   best Q    0.001951   222.2 min
  restart   3/8    eval   138   this Q     0.01348   best Q    0.001951   222.4 min
  restart   3/8    eval   139   this Q    0.009731   best Q    0.001951   222.6 min
  restart   3/8    eval   140   this Q     0.01295   best Q    0.001951   222.7 min
  restart   3/8    eval   141   this Q    0.009686   best Q    0.001951   222.9 min
  restart   3/8    eval   142   this Q    0.009913   best Q    0.001951   223.1 min
  restart   3/8    eval   143   this Q    0.008233   best Q    0.001951   223.2 min
  restart   3/8    eval   144   this Q     0.00902   best Q    0.001951   223.4 min
  restart   3/8    eval   145   this Q     0.01327   best Q    0.001951   223.6 min
  restart   3/8    eval   146   this Q    0.009031   best Q    0.001951   223.7 min
  restart   3/8    eval   147   this Q    0.008672   best Q    0.001951   223.9 min
  restart   3/8    eval   148   this Q     0.01011   best Q    0.001951   224.1 min
  restart   3/8    eval   149   this Q    0.007468   best Q    0.001951   224.2 min
  restart   3/8    eval   150   this Q    0.007106   best Q    0.001951   224.4 min
  restart   3/8    eval   151   this Q    0.009811   best Q    0.001951   224.6 min
  restart   3/8    eval   152   this Q    0.008585   best Q    0.001951   224.8 min
  restart   3/8    eval   153   this Q    0.008833   best Q    0.001951   224.9 min
  restart   3/8    eval   154   this Q    0.009329   best Q    0.001951   225.1 min
  restart   3/8    eval   155   this Q    0.007276   best Q    0.001951   225.3 min
  restart   3/8    eval   156   this Q    0.007301   best Q    0.001951   225.4 min
  restart   3/8    eval   157   this Q    0.009838   best Q    0.001951   225.6 min
  restart   3/8    eval   158   this Q    0.007841   best Q    0.001951   225.8 min
  restart   3/8    eval   159   this Q    0.006803   best Q    0.001951   225.9 min
  restart   3/8    eval   160   this Q     0.00769   best Q    0.001951   226.1 min
  restart   3/8    eval   161   this Q    0.007608   best Q    0.001951   226.3 min
  restart   3/8    eval   162   this Q    0.006555   best Q    0.001951   226.4 min
  restart   3/8    eval   163   this Q    0.007543   best Q    0.001951   226.6 min
  restart   3/8    eval   164   this Q    0.008522   best Q    0.001951   226.8 min
  restart   3/8    eval   165   this Q    0.007267   best Q    0.001951   226.9 min
  restart   3/8    eval   166   this Q    0.008319   best Q    0.001951   227.1 min
  restart   3/8    eval   167   this Q    0.007073   best Q    0.001951   227.3 min
  restart   3/8    eval   168   this Q    0.005781   best Q    0.001951   227.4 min
  restart   3/8    eval   169   this Q    0.006041   best Q    0.001951   227.6 min
  restart   3/8    eval   170   this Q    0.006715   best Q    0.001951   227.8 min
  restart   3/8    eval   171   this Q    0.007608   best Q    0.001951   227.9 min
  restart   3/8    eval   172   this Q    0.006615   best Q    0.001951   228.1 min
  restart   3/8    eval   173   this Q    0.007487   best Q    0.001951   228.3 min
  restart   3/8    eval   174   this Q     0.00652   best Q    0.001951   228.4 min
  restart   3/8    eval   175   this Q    0.006671   best Q    0.001951   228.6 min
  restart   3/8    eval   176   this Q    0.006193   best Q    0.001951   228.8 min
  restart   3/8    eval   177   this Q    0.006206   best Q    0.001951   228.9 min
  restart   3/8    eval   178   this Q    0.006014   best Q    0.001951   229.1 min
  restart   3/8    eval   179   this Q    0.006151   best Q    0.001951   229.3 min
  restart   3/8    eval   180   this Q    0.006782   best Q    0.001951   229.4 min
  restart   3/8    eval   181   this Q     0.00606   best Q    0.001951   229.6 min
  restart   3/8    eval   182   this Q    0.006953   best Q    0.001951   229.8 min
  restart   3/8    eval   183   this Q    0.006013   best Q    0.001951   229.9 min
  restart   3/8    eval   184   this Q    0.006039   best Q    0.001951   230.1 min
  restart   3/8    eval   185   this Q    0.006797   best Q    0.001951   230.3 min
  restart   3/8    eval   186   this Q    0.005971   best Q    0.001951   230.4 min
  restart   3/8    eval   187   this Q    0.005517   best Q    0.001951   230.6 min
  restart   3/8    eval   188   this Q    0.005868   best Q    0.001951   230.8 min
  restart   3/8    eval   189   this Q    0.005916   best Q    0.001951   230.9 min
  restart   3/8    eval   190   this Q      0.0062   best Q    0.001951   231.1 min
  restart   3/8    eval   191   this Q    0.005817   best Q    0.001951   231.3 min
  restart   3/8    eval   192   this Q    0.005985   best Q    0.001951   231.5 min
  restart   3/8    eval   193   this Q    0.005705   best Q    0.001951   231.6 min
  restart   3/8    eval   194   this Q    0.006083   best Q    0.001951   231.8 min
  restart   3/8    eval   195   this Q    0.005704   best Q    0.001951   232.0 min
  restart   3/8    eval   196   this Q    0.006392   best Q    0.001951   232.1 min
  restart   3/8    eval   197   this Q     0.00566   best Q    0.001951   232.3 min
  restart   3/8    eval   198   this Q    0.005591   best Q    0.001951   232.5 min
  restart   3/8    eval   199   this Q    0.005948   best Q    0.001951   232.6 min
  restart   3/8    eval   200   this Q    0.005427   best Q    0.001951   232.8 min
  restart   3/8    eval   201   this Q    0.005648   best Q    0.001951   233.0 min
  restart   3/8    eval   202   this Q    0.005767   best Q    0.001951   233.1 min
  restart   3/8    eval   203   this Q    0.005939   best Q    0.001951   233.3 min
  restart   3/8    eval   204   this Q    0.005588   best Q    0.001951   233.5 min
  restart   3/8    eval   205   this Q    0.005404   best Q    0.001951   233.6 min
  restart   3/8    eval   206   this Q    0.005617   best Q    0.001951   233.8 min
  restart   3/8    eval   207   this Q    0.005845   best Q    0.001951   234.0 min
  restart   3/8    eval   208   this Q    0.005521   best Q    0.001951   234.1 min
  restart   3/8    eval   209   this Q    0.005778   best Q    0.001951   234.3 min
  restart   3/8    eval   210   this Q    0.005522   best Q    0.001951   234.5 min
  restart   3/8    eval   211   this Q    0.005671   best Q    0.001951   234.6 min
  restart   3/8    eval   212   this Q    0.005293   best Q    0.001951   234.8 min
  restart   3/8    eval   213   this Q    0.005343   best Q    0.001951   235.0 min
  restart   3/8    eval   214   this Q    0.005538   best Q    0.001951   235.1 min
  restart   3/8    eval   215   this Q     0.00541   best Q    0.001951   235.3 min
  restart   3/8    eval   216   this Q    0.005437   best Q    0.001951   235.5 min
  restart   3/8    eval   217   this Q    0.005283   best Q    0.001951   235.6 min
  restart   3/8    eval   218   this Q     0.00545   best Q    0.001951   235.8 min
  restart   3/8    eval   219   this Q    0.005624   best Q    0.001951   236.0 min
  restart   3/8    eval   220   this Q     0.00536   best Q    0.001951   236.1 min
  restart   3/8    eval   221   this Q    0.005365   best Q    0.001951   236.3 min
  restart   3/8    eval   222   this Q    0.005379   best Q    0.001951   236.5 min
  restart   3/8    eval   223   this Q    0.005255   best Q    0.001951   236.6 min
  restart   3/8    eval   224   this Q    0.005474   best Q    0.001951   236.8 min
  restart   3/8    eval   225   this Q    0.005431   best Q    0.001951   237.0 min
  restart   3/8    eval   226   this Q    0.005299   best Q    0.001951   237.1 min
  restart   3/8    eval   227   this Q    0.005209   best Q    0.001951   237.3 min
  restart   3/8    eval   228   this Q    0.005333   best Q    0.001951   237.5 min
  restart   3/8    eval   229   this Q    0.005405   best Q    0.001951   237.6 min
  restart   3/8    eval   230   this Q    0.005271   best Q    0.001951   237.8 min
  restart   3/8    eval   231   this Q    0.005107   best Q    0.001951   238.0 min
  restart   3/8    eval   232   this Q    0.005079   best Q    0.001951   238.1 min
  restart   3/8    eval   233   this Q    0.005282   best Q    0.001951   238.3 min
  restart   3/8    eval   234   this Q    0.005304   best Q    0.001951   238.5 min
  restart   3/8    eval   235   this Q    0.005174   best Q    0.001951   238.6 min
  restart   3/8    eval   236   this Q    0.005358   best Q    0.001951   238.8 min
  restart   3/8    eval   237   this Q    0.005186   best Q    0.001951   239.0 min
  restart   3/8    eval   238   this Q    0.005129   best Q    0.001951   239.1 min
  restart   3/8    eval   239   this Q    0.005162   best Q    0.001951   239.3 min
  restart   3/8    eval   240   this Q    0.005081   best Q    0.001951   239.5 min
  restart   3/8    eval   241   this Q    0.005212   best Q    0.001951   239.6 min
  restart   3/8    eval   242   this Q    0.004966   best Q    0.001951   239.8 min
  restart   3/8    eval   243   this Q    0.004937   best Q    0.001951   240.0 min
  restart   3/8    eval   244   this Q    0.004863   best Q    0.001951   240.1 min
  restart   3/8    eval   245   this Q    0.004746   best Q    0.001951   240.3 min
  restart   3/8    eval   246   this Q    0.005025   best Q    0.001951   240.5 min
  restart   3/8    eval   247   this Q    0.004992   best Q    0.001951   240.6 min
  restart   3/8    eval   248   this Q     0.00487   best Q    0.001951   240.8 min
  restart   3/8    eval   249   this Q    0.004715   best Q    0.001951   241.0 min
  restart   3/8    eval   250   this Q    0.004616   best Q    0.001951   241.1 min
  restart   3/8    eval   251   this Q    0.004833   best Q    0.001951   241.3 min
  restart   3/8    eval   252   this Q    0.004901   best Q    0.001951   241.5 min
  restart   3/8    eval   253   this Q    0.004765   best Q    0.001951   241.6 min
  restart   3/8    eval   254   this Q    0.004526   best Q    0.001951   241.8 min
  restart   3/8    eval   255   this Q    0.004438   best Q    0.001951   242.0 min
  restart   3/8    eval   256   this Q     0.00463   best Q    0.001951   242.1 min
  restart   3/8    eval   257   this Q    0.004499   best Q    0.001951   242.3 min
  restart   3/8    eval   258   this Q    0.004496   best Q    0.001951   242.5 min
  restart   3/8    eval   259   this Q     0.00436   best Q    0.001951   242.6 min
  restart   3/8    eval   260   this Q    0.004407   best Q    0.001951   242.8 min
  restart   3/8    eval   261   this Q    0.004225   best Q    0.001951   243.0 min
  restart   3/8    eval   262   this Q    0.004145   best Q    0.001951   243.1 min
  restart   3/8    eval   263   this Q    0.004338   best Q    0.001951   243.3 min
  restart   3/8    eval   264   this Q    0.004136   best Q    0.001951   243.5 min
  restart   3/8    eval   265   this Q    0.004201   best Q    0.001951   243.6 min
  restart   3/8    eval   266   this Q    0.004115   best Q    0.001951   243.8 min
  restart   3/8    eval   267   this Q    0.004316   best Q    0.001951   244.0 min
  restart   3/8    eval   268   this Q    0.004226   best Q    0.001951   244.1 min
  restart   3/8    eval   269   this Q    0.003908   best Q    0.001951   244.3 min
  restart   3/8    eval   270   this Q    0.003877   best Q    0.001951   244.5 min
  restart   3/8    eval   271   this Q    0.003827   best Q    0.001951   244.7 min
  restart   3/8    eval   272   this Q    0.003811   best Q    0.001951   244.8 min
  restart   3/8    eval   273   this Q    0.003902   best Q    0.001951   245.0 min
  restart   3/8    eval   274   this Q    0.004131   best Q    0.001951   245.2 min
  restart   3/8    eval   275   this Q       0.004   best Q    0.001951   245.3 min
  restart   3/8    eval   276   this Q    0.003905   best Q    0.001951   245.5 min
  restart   3/8    eval   277   this Q    0.003713   best Q    0.001951   245.7 min
  restart   3/8    eval   278   this Q    0.003977   best Q    0.001951   245.8 min
  restart   3/8    eval   279   this Q    0.003737   best Q    0.001951   246.0 min
  restart   3/8    eval   280   this Q    0.004037   best Q    0.001951   246.2 min
  restart   3/8    eval   281   this Q     0.00421   best Q    0.001951   246.3 min
  restart   3/8    eval   282   this Q    0.003811   best Q    0.001951   246.5 min
  restart   3/8    eval   283   this Q     0.00395   best Q    0.001951   246.7 min
  restart   3/8    eval   284   this Q    0.003914   best Q    0.001951   246.8 min
  restart   3/8    eval   285   this Q    0.003806   best Q    0.001951   247.0 min
  restart   3/8    eval   286   this Q    0.004204   best Q    0.001951   247.2 min
  restart   3/8    eval   287   this Q    0.003718   best Q    0.001951   247.3 min
  restart   3/8    eval   288   this Q    0.003857   best Q    0.001951   247.5 min
  restart   3/8    eval   289   this Q    0.003809   best Q    0.001951   247.7 min
  restart   3/8    eval   290   this Q     0.00388   best Q    0.001951   247.8 min
  restart   3/8    eval   291   this Q    0.003709   best Q    0.001951   248.0 min
  restart   3/8    eval   292   this Q    0.003787   best Q    0.001951   248.2 min
  restart   3/8    eval   293   this Q    0.003802   best Q    0.001951   248.3 min
  restart   3/8    eval   294   this Q    0.003869   best Q    0.001951   248.5 min
  restart   3/8    eval   295   this Q    0.003675   best Q    0.001951   248.7 min
  restart   3/8    eval   296   this Q     0.00387   best Q    0.001951   248.8 min
  restart   3/8    eval   297   this Q    0.003674   best Q    0.001951   249.0 min
  restart   3/8    eval   298   this Q    0.003867   best Q    0.001951   249.2 min
  restart   3/8    eval   299   this Q    0.003679   best Q    0.001951   249.3 min
  restart   3/8    eval   300   this Q    0.003867   best Q    0.001951   249.5 min
  restart   3/8    eval   301   this Q    0.003672   best Q    0.001951   249.7 min
  restart   3/8    eval   302   this Q    0.003885   best Q    0.001951   249.8 min
  restart   3/8    eval   303   this Q    0.003674   best Q    0.001951   250.0 min
  restart   3/8    eval   304   this Q    0.003861   best Q    0.001951   250.2 min
  restart   3/8    eval   305   this Q    0.003667   best Q    0.001951   250.3 min
  restart   3/8    eval   306   this Q    0.003593   best Q    0.001951   250.5 min
  restart   3/8    eval   307   this Q    0.003626   best Q    0.001951   250.7 min
  restart   3/8    eval   308   this Q    0.003688   best Q    0.001951   250.8 min
  restart   3/8    eval   309   this Q    0.003835   best Q    0.001951   251.0 min
  restart   3/8    eval   310   this Q    0.003632   best Q    0.001951   251.2 min
  restart   3/8    eval   311   this Q    0.003712   best Q    0.001951   251.3 min
  restart   3/8    eval   312   this Q    0.003642   best Q    0.001951   251.5 min
  restart   3/8    eval   313   this Q    0.003721   best Q    0.001951   251.7 min
  restart   3/8    eval   314   this Q    0.003639   best Q    0.001951   251.8 min
  restart   3/8    eval   315   this Q    0.003668   best Q    0.001951   252.0 min
  restart   3/8    eval   316   this Q    0.003645   best Q    0.001951   252.2 min
  restart   3/8    eval   317   this Q    0.003616   best Q    0.001951   252.3 min
  restart   3/8    eval   318   this Q    0.003629   best Q    0.001951   252.5 min
  restart   3/8    eval   319   this Q    0.003637   best Q    0.001951   252.7 min
  restart   3/8    eval   320   this Q    0.003644   best Q    0.001951   252.8 min
  restart   3/8    eval   321   this Q    0.003723   best Q    0.001951   253.0 min
  restart   3/8    eval   322   this Q    0.003617   best Q    0.001951   253.2 min
  restart   3/8    eval   323   this Q    0.003627   best Q    0.001951   253.4 min
  restart   3/8    eval   324   this Q    0.003665   best Q    0.001951   253.5 min
  restart   3/8    eval   325   this Q    0.003611   best Q    0.001951   253.7 min
  restart   3/8    eval   326   this Q    0.003574   best Q    0.001951   253.8 min
  restart   3/8    eval   327   this Q    0.003559   best Q    0.001951   254.0 min
  restart   3/8    eval   328   this Q    0.003589   best Q    0.001951   254.2 min
  restart   3/8    eval   329   this Q    0.003615   best Q    0.001951   254.4 min
  restart   3/8    eval   330   this Q    0.003591   best Q    0.001951   254.5 min
  restart   3/8    eval   331   this Q    0.003577   best Q    0.001951   254.7 min
  restart   3/8    eval   332   this Q    0.003576   best Q    0.001951   254.9 min
  restart   3/8    eval   333   this Q    0.003549   best Q    0.001951   255.0 min
  restart   3/8    eval   334   this Q    0.003555   best Q    0.001951   255.2 min
  restart   3/8    eval   335   this Q    0.003534   best Q    0.001951   255.4 min
  restart   3/8    eval   336   this Q    0.003543   best Q    0.001951   255.5 min
  restart   3/8    eval   337   this Q     0.00356   best Q    0.001951   255.7 min
  restart   3/8    eval   338   this Q    0.003557   best Q    0.001951   255.9 min
  restart   3/8    eval   339   this Q    0.003525   best Q    0.001951   256.0 min
  restart   3/8    eval   340   this Q    0.003542   best Q    0.001951   256.2 min
  restart   3/8    eval   341   this Q    0.003537   best Q    0.001951   256.4 min
  restart   3/8    eval   342   this Q    0.003555   best Q    0.001951   256.5 min
  restart   3/8    eval   343   this Q    0.003551   best Q    0.001951   256.7 min
  restart   3/8    eval   344   this Q    0.003548   best Q    0.001951   256.9 min
  restart   3/8    eval   345   this Q    0.003539   best Q    0.001951   257.0 min
  restart   3/8    eval   346   this Q    0.003485   best Q    0.001951   257.2 min
  restart   3/8    eval   347   this Q    0.003466   best Q    0.001951   257.4 min
  restart   3/8    eval   348   this Q    0.003493   best Q    0.001951   257.5 min
  restart   3/8    eval   349   this Q    0.003545   best Q    0.001951   257.7 min
  restart   3/8    eval   350   this Q    0.003509   best Q    0.001951   257.9 min
  restart   3/8    eval   351   this Q    0.003493   best Q    0.001951   258.0 min
  restart   3/8    eval   352   this Q    0.003517   best Q    0.001951   258.2 min
  restart   3/8    eval   353   this Q    0.003534   best Q    0.001951   258.4 min
  restart   3/8    eval   354   this Q    0.003494   best Q    0.001951   258.5 min
  restart   3/8    eval   355   this Q    0.003477   best Q    0.001951   258.7 min
  restart   3/8    eval   356   this Q    0.003451   best Q    0.001951   258.9 min
  restart   3/8    eval   357   this Q    0.003462   best Q    0.001951   259.0 min
  restart   3/8    eval   358   this Q    0.003495   best Q    0.001951   259.2 min
  restart   3/8    eval   359   this Q    0.003427   best Q    0.001951   259.4 min
  restart   3/8    eval   360   this Q    0.003416   best Q    0.001951   259.5 min
  restart   3/8    eval   361   this Q     0.00343   best Q    0.001951   259.7 min
  restart   3/8    eval   362   this Q    0.003406   best Q    0.001951   259.9 min
  restart   3/8    eval   363   this Q     0.00341   best Q    0.001951   260.0 min
  restart   3/8    eval   364   this Q    0.003466   best Q    0.001951   260.2 min
  restart   3/8    eval   365   this Q     0.00342   best Q    0.001951   260.4 min
  restart   3/8    eval   366   this Q    0.003383   best Q    0.001951   260.5 min
  restart   3/8    eval   367   this Q    0.003391   best Q    0.001951   260.7 min
  restart   3/8    eval   368   this Q    0.003413   best Q    0.001951   260.9 min
  restart   3/8    eval   369   this Q    0.003399   best Q    0.001951   261.0 min
  restart   3/8    eval   370   this Q    0.003347   best Q    0.001951   261.2 min
  restart   3/8    eval   371   this Q    0.003335   best Q    0.001951   261.4 min
  restart   3/8    eval   372   this Q    0.003324   best Q    0.001951   261.5 min
  restart   3/8    eval   373   this Q    0.003316   best Q    0.001951   261.7 min
  restart   3/8    eval   374   this Q    0.003336   best Q    0.001951   261.9 min
  restart   3/8    eval   375   this Q    0.003315   best Q    0.001951   262.1 min
  restart   3/8    eval   376   this Q    0.003351   best Q    0.001951   262.2 min
  restart   3/8    eval   377   this Q    0.003305   best Q    0.001951   262.4 min
  restart   3/8    eval   378   this Q    0.003341   best Q    0.001951   262.5 min
  restart   3/8    eval   379   this Q    0.003264   best Q    0.001951   262.7 min
  restart   3/8    eval   380   this Q    0.003255   best Q    0.001951   262.9 min
  restart   3/8    eval   381   this Q    0.003306   best Q    0.001951   263.1 min
  restart   3/8    eval   382   this Q    0.003186   best Q    0.001951   263.2 min
  restart   3/8    eval   383   this Q    0.003125   best Q    0.001951   263.4 min
  restart   3/8    eval   384   this Q    0.003153   best Q    0.001951   263.6 min
  restart   3/8    eval   385   this Q    0.003147   best Q    0.001951   263.7 min
  restart   3/8    eval   386   this Q    0.003124   best Q    0.001951   263.9 min
  restart   3/8    eval   387   this Q    0.003106   best Q    0.001951   264.1 min
  restart   3/8    eval   388   this Q    0.003144   best Q    0.001951   264.2 min
  restart   3/8    eval   389   this Q    0.003105   best Q    0.001951   264.4 min
  restart   3/8    eval   390   this Q    0.003182   best Q    0.001951   264.6 min
  restart   3/8    eval   391   this Q    0.003006   best Q    0.001951   264.7 min
  restart   3/8    eval   392   this Q    0.002959   best Q    0.001951   264.9 min
  restart   3/8    eval   393   this Q    0.002954   best Q    0.001951   265.1 min
  restart   3/8    eval   394   this Q    0.002925   best Q    0.001951   265.2 min
  restart   3/8    eval   395   this Q    0.002872   best Q    0.001951   265.4 min
  restart   3/8    eval   396   this Q    0.002852   best Q    0.001951   265.6 min
  restart   3/8    eval   397   this Q     0.00284   best Q    0.001951   265.7 min
  restart   3/8    eval   398   this Q    0.002886   best Q    0.001951   265.9 min
  restart   3/8    eval   399   this Q    0.002758   best Q    0.001951   266.1 min
  restart   3/8    eval   400   this Q    0.002673   best Q    0.001951   266.3 min
  restart   3/8    eval   401   this Q    0.002778   best Q    0.001951   266.4 min
  restart   3/8    eval   402   this Q    0.002701   best Q    0.001951   266.6 min
  restart   3/8    eval   403   this Q    0.002628   best Q    0.001951   266.8 min
  restart   3/8    eval   404   this Q    0.002671   best Q    0.001951   266.9 min
  restart   3/8    eval   405   this Q    0.002511   best Q    0.001951   267.1 min
  restart   3/8    eval   406   this Q    0.002468   best Q    0.001951   267.3 min
  restart   3/8    eval   407   this Q    0.002526   best Q    0.001951   267.4 min
  restart   3/8    eval   408   this Q    0.002832   best Q    0.001951   267.6 min
  restart   3/8    eval   409   this Q    0.002539   best Q    0.001951   267.8 min
  restart   3/8    eval   410   this Q    0.002405   best Q    0.001951   267.9 min
  restart   3/8    eval   411   this Q    0.002479   best Q    0.001951   268.1 min
  restart   3/8    eval   412   this Q    0.002666   best Q    0.001951   268.3 min
  restart   3/8    eval   413   this Q    0.002574   best Q    0.001951   268.4 min
  restart   3/8    eval   414   this Q    0.002314   best Q    0.001951   268.6 min
  restart   3/8    eval   415   this Q    0.002374   best Q    0.001951   268.8 min
  restart   3/8    eval   416   this Q    0.002401   best Q    0.001951   269.0 min
  restart   3/8    eval   417   this Q    0.002381   best Q    0.001951   269.1 min
  restart   3/8    eval   418   this Q      0.0025   best Q    0.001951   269.3 min
  restart   3/8    eval   419   this Q    0.002385   best Q    0.001951   269.5 min
  restart   3/8    eval   420   this Q     0.00244   best Q    0.001951   269.6 min
  restart   3/8    eval   421   this Q    0.002204   best Q    0.001951   269.8 min
  restart   3/8    eval   422   this Q    0.002281   best Q    0.001951   270.0 min
  restart   3/8    eval   423   this Q    0.002342   best Q    0.001951   270.1 min
  restart   3/8    eval   424   this Q    0.002699   best Q    0.001951   270.3 min
  restart   3/8    eval   425   this Q    0.002298   best Q    0.001951   270.5 min
  restart   3/8    eval   426   this Q    0.002245   best Q    0.001951   270.7 min
  restart   3/8    eval   427   this Q     0.00231   best Q    0.001951   270.8 min
  restart   3/8    eval   428   this Q    0.002628   best Q    0.001951   271.0 min
  restart   3/8    eval   429   this Q     0.00225   best Q    0.001951   271.2 min
  restart   3/8    eval   430   this Q    0.002331   best Q    0.001951   271.3 min
  restart   3/8    eval   431   this Q    0.002193   best Q    0.001951   271.5 min
  restart   3/8    eval   432   this Q    0.002354   best Q    0.001951   271.7 min
  restart   3/8    eval   433   this Q    0.002343   best Q    0.001951   271.8 min
  restart   3/8    eval   434   this Q    0.002229   best Q    0.001951   272.0 min
  restart   3/8    eval   435   this Q    0.002381   best Q    0.001951   272.2 min
  restart   3/8    eval   436   this Q    0.002224   best Q    0.001951   272.3 min
  restart   3/8    eval   437   this Q    0.002324   best Q    0.001951   272.5 min
  restart   3/8    eval   438   this Q    0.002222   best Q    0.001951   272.7 min
  restart   3/8    eval   439   this Q    0.002176   best Q    0.001951   272.9 min
  restart   3/8    eval   440   this Q    0.002265   best Q    0.001951   273.0 min
  restart   3/8    eval   441   this Q    0.002278   best Q    0.001951   273.2 min
  restart   3/8    eval   442   this Q    0.002145   best Q    0.001951   273.4 min
  restart   3/8    eval   443   this Q     0.00224   best Q    0.001951   273.5 min
  restart   3/8    eval   444   this Q    0.002231   best Q    0.001951   273.7 min
  restart   3/8    eval   445   this Q    0.002129   best Q    0.001951   273.9 min
  restart   3/8    eval   446   this Q    0.002181   best Q    0.001951   274.0 min
  restart   3/8    eval   447   this Q    0.002305   best Q    0.001951   274.2 min
  restart   3/8    eval   448   this Q    0.002162   best Q    0.001951   274.4 min
  restart   3/8    eval   449   this Q    0.002226   best Q    0.001951   274.5 min
  restart   3/8    eval   450   this Q    0.002195   best Q    0.001951   274.7 min
  restart   3/8    eval   451   this Q    0.002196   best Q    0.001951   274.9 min
  restart   3/8    eval   452   this Q    0.002186   best Q    0.001951   275.1 min
  restart   3/8    eval   453   this Q    0.002137   best Q    0.001951   275.2 min
  restart   3/8    eval   454   this Q    0.002167   best Q    0.001951   275.4 min
  restart   3/8    eval   455   this Q     0.00222   best Q    0.001951   275.6 min
  restart   3/8    eval   456   this Q     0.00214   best Q    0.001951   275.7 min
  restart   3/8    eval   457   this Q    0.002181   best Q    0.001951   275.9 min
  restart   3/8    eval   458   this Q    0.002122   best Q    0.001951   276.1 min
  restart   3/8    eval   459   this Q     0.00222   best Q    0.001951   276.3 min
  restart   3/8    eval   460   this Q    0.002197   best Q    0.001951   276.4 min
  restart   3/8    eval   461   this Q    0.002128   best Q    0.001951   276.6 min
  restart   3/8    eval   462   this Q    0.002186   best Q    0.001951   276.8 min
  restart   3/8    eval   463   this Q    0.002129   best Q    0.001951   276.9 min
  restart   3/8    eval   464   this Q    0.002137   best Q    0.001951   277.1 min
  restart   3/8    eval   465   this Q    0.002162   best Q    0.001951   277.3 min
  restart   3/8    eval   466   this Q    0.002123   best Q    0.001951   277.4 min
  restart   3/8    eval   467   this Q    0.002102   best Q    0.001951   277.6 min
  restart   3/8    eval   468   this Q    0.002152   best Q    0.001951   277.8 min
  restart   3/8    eval   469   this Q    0.002189   best Q    0.001951   277.9 min
  restart   3/8    eval   470   this Q     0.00211   best Q    0.001951   278.1 min
  restart   3/8    eval   471   this Q    0.002128   best Q    0.001951   278.3 min
  restart   3/8    eval   472   this Q    0.002116   best Q    0.001951   278.5 min
  restart   3/8    eval   473   this Q    0.002148   best Q    0.001951   278.6 min
  restart   3/8    eval   474   this Q    0.002111   best Q    0.001951   278.8 min
  restart   3/8    eval   475   this Q    0.002135   best Q    0.001951   279.0 min
  restart   3/8    eval   476   this Q    0.002108   best Q    0.001951   279.1 min
  restart   3/8    eval   477   this Q    0.002108   best Q    0.001951   279.3 min
  restart   3/8    eval   478   this Q    0.002127   best Q    0.001951   279.5 min
  restart   3/8    eval   479   this Q    0.002116   best Q    0.001951   279.6 min
  restart   3/8    eval   480   this Q    0.002139   best Q    0.001951   279.8 min
  restart   3/8    eval   481   this Q    0.002103   best Q    0.001951   280.0 min
  restart   3/8    eval   482   this Q    0.002104   best Q    0.001951   280.1 min
  restart   3/8    eval   483   this Q    0.002115   best Q    0.001951   280.3 min
  restart   3/8    eval   484   this Q    0.002118   best Q    0.001951   280.5 min
  restart   3/8    eval   485   this Q    0.002098   best Q    0.001951   280.7 min
  restart   3/8    eval   486   this Q    0.002134   best Q    0.001951   280.8 min
  restart   3/8    eval   487   this Q    0.002095   best Q    0.001951   281.0 min
  restart   3/8    eval   488   this Q    0.002118   best Q    0.001951   281.2 min
  restart   3/8    eval   489   this Q    0.002103   best Q    0.001951   281.3 min
  restart   3/8    eval   490   this Q    0.002098   best Q    0.001951   281.5 min
  restart   3/8    eval   491   this Q    0.002095   best Q    0.001951   281.7 min
  restart   3/8    eval   492   this Q     0.00212   best Q    0.001951   281.8 min
  restart   3/8    eval   493   this Q    0.002098   best Q    0.001951   282.0 min
  restart   3/8    eval   494   this Q     0.00211   best Q    0.001951   282.2 min
  restart   3/8    eval   495   this Q    0.002095   best Q    0.001951   282.4 min
  restart   3/8    eval   496   this Q    0.002099   best Q    0.001951   282.5 min
  restart   3/8    eval   497   this Q    0.002093   best Q    0.001951   282.7 min
  restart   3/8    eval   498   this Q    0.002114   best Q    0.001951   282.9 min
  restart   3/8    eval   499   this Q    0.002097   best Q    0.001951   283.0 min
  restart   3/8    eval   500   this Q    0.002102   best Q    0.001951   283.2 min
  restart   3/8    eval   501   this Q    0.002092   best Q    0.001951   283.4 min
  restart   3/8    eval   502   this Q    0.002107   best Q    0.001951   283.5 min
  restart   3/8    eval   503   this Q    0.002092   best Q    0.001951   283.7 min
  restart   3/8    eval   504   this Q    0.002099   best Q    0.001951   283.9 min
  restart   3/8    eval   505   this Q     0.00209   best Q    0.001951   284.0 min
  restart   3/8    eval   506   this Q    0.002098   best Q    0.001951   284.2 min
  restart   3/8    eval   507   this Q    0.002092   best Q    0.001951   284.4 min
  restart   3/8    eval   508   this Q    0.002097   best Q    0.001951   284.6 min
  restart   3/8    eval   509   this Q     0.00211   best Q    0.001951   284.7 min
  restart   3/8    eval   510   this Q    0.002091   best Q    0.001951   284.9 min
  restart   3/8    eval   511   this Q    0.002095   best Q    0.001951   285.1 min
  restart   3/8    eval   512   this Q    0.002087   best Q    0.001951   285.2 min
  restart   3/8    eval   513   this Q    0.002091   best Q    0.001951   285.4 min
  restart   3/8    eval   514   this Q    0.002089   best Q    0.001951   285.6 min
  restart   3/8    eval   515   this Q    0.002098   best Q    0.001951   285.7 min
  restart   3/8    eval   516   this Q    0.002092   best Q    0.001951   285.9 min
  restart   3/8    eval   517   this Q    0.002094   best Q    0.001951   286.1 min
  restart   3/8    eval   518   this Q    0.002086   best Q    0.001951   286.2 min
  restart   3/8    eval   519   this Q    0.002091   best Q    0.001951   286.4 min
  restart   3/8    eval   520   this Q    0.002088   best Q    0.001951   286.6 min
  restart   3/8    eval   521   this Q    0.002092   best Q    0.001951   286.8 min
  restart   3/8    eval   522   this Q     0.00209   best Q    0.001951   286.9 min
  restart   3/8    eval   523   this Q    0.002092   best Q    0.001951   287.1 min
  restart   3/8    eval   524   this Q    0.002086   best Q    0.001951   287.3 min
  restart   3/8    eval   525   this Q    0.002089   best Q    0.001951   287.4 min
  restart   3/8    eval   526   this Q     0.00209   best Q    0.001951   287.6 min
  restart   3/8    eval   527   this Q    0.002094   best Q    0.001951   287.8 min
  restart   3/8    eval   528   this Q    0.002089   best Q    0.001951   287.9 min
  restart   3/8    eval   529   this Q    0.002091   best Q    0.001951   288.1 min
  restart   3/8    eval   530   this Q    0.002091   best Q    0.001951   288.3 min
  restart   3/8    eval   531   this Q    0.002088   best Q    0.001951   288.4 min
  restart   3/8    eval   532   this Q    0.002086   best Q    0.001951   288.6 min
  restart   3/8    eval   533   this Q    0.002089   best Q    0.001951   288.8 min
  restart   3/8    eval   534   this Q    0.002088   best Q    0.001951   289.0 min
  restart   3/8    eval   535   this Q    0.002087   best Q    0.001951   289.1 min
  restart   3/8    eval   536   this Q    0.002087   best Q    0.001951   289.3 min
  restart   3/8    eval   537   this Q    0.002089   best Q    0.001951   289.5 min
  restart   3/8    eval   538   this Q    0.002089   best Q    0.001951   289.6 min
  restart   3/8    eval   539   this Q    0.002088   best Q    0.001951   289.8 min
  restart   3/8    eval   540   this Q    0.002088   best Q    0.001951   290.0 min
  restart   3/8    eval   541   this Q    0.002087   best Q    0.001951   290.1 min
  restart   3/8    eval   542   this Q    0.002087   best Q    0.001951   290.3 min
  restart   3/8   DONE   this    0.002086   best Q    0.001951   290.3 min, ~484 min left
  restart   4/8    eval     1   this Q     0.09981   best Q    0.001951   290.5 min
  restart   4/8    eval     2   this Q     0.09981   best Q    0.001951   290.6 min
  restart   4/8    eval     3   this Q         1.4   best Q    0.001951   290.8 min
  restart   4/8    eval     4   this Q      0.4013   best Q    0.001951   291.0 min
  restart   4/8    eval     5   this Q       0.401   best Q    0.001951   291.2 min
  restart   4/8    eval     6   this Q       2.282   best Q    0.001951   291.3 min
  restart   4/8    eval     7   this Q      0.9349   best Q    0.001951   291.5 min
  restart   4/8    eval     8   this Q      0.1064   best Q    0.001951   291.7 min
  restart   4/8    eval     9   this Q       1.381   best Q    0.001951   291.8 min
  restart   4/8    eval    10   this Q       4.926   best Q    0.001951   292.0 min
  restart   4/8    eval    11   this Q       1.227   best Q    0.001951   292.2 min
  restart   4/8    eval    12   this Q      0.6577   best Q    0.001951   292.3 min
  restart   4/8    eval    13   this Q       1.759   best Q    0.001951   292.5 min
  restart   4/8    eval    14   this Q       0.446   best Q    0.001951   292.7 min
  restart   4/8    eval    15   this Q      0.4009   best Q    0.001951   292.9 min
  restart   4/8    eval    16   this Q      0.5335   best Q    0.001951   293.0 min
  restart   4/8    eval    17   this Q       1.341   best Q    0.001951   293.2 min
  restart   4/8    eval    18   this Q      0.2796   best Q    0.001951   293.4 min
  restart   4/8    eval    19   this Q       1.078   best Q    0.001951   293.5 min
  restart   4/8    eval    20   this Q      0.2934   best Q    0.001951   293.7 min
  restart   4/8    eval    21   this Q       2.232   best Q    0.001951   293.9 min
  restart   4/8    eval    22   this Q      0.2346   best Q    0.001951   294.1 min
  restart   4/8    eval    23   this Q       1.791   best Q    0.001951   294.2 min
  restart   4/8    eval    24   this Q      0.1842   best Q    0.001951   294.4 min
  restart   4/8    eval    25   this Q      0.6486   best Q    0.001951   294.6 min
  restart   4/8    eval    26   this Q      0.1207   best Q    0.001951   294.7 min
  restart   4/8    eval    27   this Q      0.1408   best Q    0.001951   294.9 min
  restart   4/8    eval    28   this Q      0.3095   best Q    0.001951   295.1 min
  restart   4/8    eval    29   this Q       1.164   best Q    0.001951   295.3 min
  restart   4/8    eval    30   this Q      0.1081   best Q    0.001951   295.4 min
  restart   4/8    eval    31   this Q      0.3193   best Q    0.001951   295.6 min
  restart   4/8    eval    32   this Q      0.1405   best Q    0.001951   295.8 min
  restart   4/8    eval    33   this Q      0.2288   best Q    0.001951   295.9 min
  restart   4/8    eval    34   this Q      0.3078   best Q    0.001951   296.1 min
  restart   4/8    eval    35   this Q     0.09668   best Q    0.001951   296.3 min
  restart   4/8    eval    36   this Q      0.2404   best Q    0.001951   296.4 min
  restart   4/8    eval    37   this Q      0.1015   best Q    0.001951   296.6 min
  restart   4/8    eval    38   this Q      0.3212   best Q    0.001951   296.8 min
  restart   4/8    eval    39   this Q     0.07611   best Q    0.001951   297.0 min
  restart   4/8    eval    40   this Q      0.1228   best Q    0.001951   297.1 min
  restart   4/8    eval    41   this Q      0.2712   best Q    0.001951   297.3 min
  restart   4/8    eval    42   this Q     0.06419   best Q    0.001951   297.5 min
  restart   4/8    eval    43   this Q      0.2406   best Q    0.001951   297.6 min
  restart   4/8    eval    44   this Q     0.05828   best Q    0.001951   297.8 min
  restart   4/8    eval    45   this Q       0.154   best Q    0.001951   298.0 min
  restart   4/8    eval    46   this Q     0.05011   best Q    0.001951   298.2 min
  restart   4/8    eval    47   this Q      0.1239   best Q    0.001951   298.3 min
  restart   4/8    eval    48   this Q     0.05452   best Q    0.001951   298.5 min
  restart   4/8    eval    49   this Q      0.2884   best Q    0.001951   298.7 min
  restart   4/8    eval    50   this Q     0.04227   best Q    0.001951   298.8 min
  restart   4/8    eval    51   this Q      0.1689   best Q    0.001951   299.0 min
  restart   4/8    eval    52   this Q     0.04927   best Q    0.001951   299.2 min
  restart   4/8    eval    53   this Q      0.1309   best Q    0.001951   299.3 min
  restart   4/8    eval    54   this Q     0.05264   best Q    0.001951   299.5 min
  restart   4/8    eval    55   this Q      0.1377   best Q    0.001951   299.7 min
  restart   4/8    eval    56   this Q     0.04644   best Q    0.001951   299.9 min
  restart   4/8    eval    57   this Q      0.0605   best Q    0.001951   300.0 min
  restart   4/8    eval    58   this Q     0.08417   best Q    0.001951   300.2 min
  restart   4/8    eval    59   this Q     0.04208   best Q    0.001951   300.4 min
  restart   4/8    eval    60   this Q     0.04347   best Q    0.001951   300.5 min
  restart   4/8    eval    61   this Q      0.1015   best Q    0.001951   300.7 min
  restart   4/8    eval    62   this Q     0.03383   best Q    0.001951   300.9 min
  restart   4/8    eval    63   this Q     0.06872   best Q    0.001951   301.0 min
  restart   4/8    eval    64   this Q     0.03706   best Q    0.001951   301.2 min
  restart   4/8    eval    65   this Q     0.04554   best Q    0.001951   301.4 min
  restart   4/8    eval    66   this Q     0.05106   best Q    0.001951   301.6 min
  restart   4/8    eval    67   this Q     0.03364   best Q    0.001951   301.7 min
  restart   4/8    eval    68   this Q     0.04048   best Q    0.001951   301.9 min
  restart   4/8    eval    69   this Q     0.03751   best Q    0.001951   302.1 min
  restart   4/8    eval    70   this Q     0.04955   best Q    0.001951   302.2 min
  restart   4/8    eval    71   this Q     0.03122   best Q    0.001951   302.4 min
  restart   4/8    eval    72   this Q     0.04535   best Q    0.001951   302.6 min
  restart   4/8    eval    73   this Q     0.03102   best Q    0.001951   302.8 min
  restart   4/8    eval    74   this Q     0.04344   best Q    0.001951   302.9 min
  restart   4/8    eval    75   this Q     0.03192   best Q    0.001951   303.1 min
  restart   4/8    eval    76   this Q      0.0456   best Q    0.001951   303.3 min
  restart   4/8    eval    77   this Q     0.03051   best Q    0.001951   303.4 min
  restart   4/8    eval    78   this Q     0.02885   best Q    0.001951   303.6 min
  restart   4/8    eval    79   this Q     0.05152   best Q    0.001951   303.8 min
  restart   4/8    eval    80   this Q     0.04238   best Q    0.001951   303.9 min
  restart   4/8    eval    81   this Q       0.029   best Q    0.001951   304.1 min
  restart   4/8    eval    82   this Q     0.05651   best Q    0.001951   304.3 min
  restart   4/8    eval    83   this Q      0.0264   best Q    0.001951   304.5 min
  restart   4/8    eval    84   this Q      0.0299   best Q    0.001951   304.6 min
  restart   4/8    eval    85   this Q     0.04029   best Q    0.001951   304.8 min
  restart   4/8    eval    86   this Q     0.02655   best Q    0.001951   305.0 min
  restart   4/8    eval    87   this Q     0.03387   best Q    0.001951   305.1 min
  restart   4/8    eval    88   this Q     0.02695   best Q    0.001951   305.3 min
  restart   4/8    eval    89   this Q     0.02911   best Q    0.001951   305.5 min
  restart   4/8    eval    90   this Q     0.03543   best Q    0.001951   305.7 min
  restart   4/8    eval    91   this Q     0.02569   best Q    0.001951   305.8 min
  restart   4/8    eval    92   this Q     0.03217   best Q    0.001951   306.0 min
  restart   4/8    eval    93   this Q     0.02588   best Q    0.001951   306.2 min
  restart   4/8    eval    94   this Q     0.01988   best Q    0.001951   306.3 min
  restart   4/8    eval    95   this Q     0.01914   best Q    0.001951   306.5 min
  restart   4/8    eval    96   this Q     0.02838   best Q    0.001951   306.7 min
  restart   4/8    eval    97   this Q     0.02991   best Q    0.001951   306.8 min
  restart   4/8    eval    98   this Q     0.02397   best Q    0.001951   307.0 min
  restart   4/8    eval    99   this Q     0.02423   best Q    0.001951   307.2 min
  restart   4/8    eval   100   this Q      0.0358   best Q    0.001951   307.3 min
  restart   4/8    eval   101   this Q     0.02316   best Q    0.001951   307.5 min
  restart   4/8    eval   102   this Q     0.03227   best Q    0.001951   307.7 min
  restart   4/8    eval   103   this Q     0.02351   best Q    0.001951   307.8 min
  restart   4/8    eval   104   this Q     0.02034   best Q    0.001951   308.0 min
  restart   4/8    eval   105   this Q     0.02722   best Q    0.001951   308.2 min
  restart   4/8    eval   106   this Q     0.02283   best Q    0.001951   308.3 min
  restart   4/8    eval   107   this Q     0.02305   best Q    0.001951   308.5 min
  restart   4/8    eval   108   this Q     0.01965   best Q    0.001951   308.7 min
  restart   4/8    eval   109   this Q     0.01805   best Q    0.001951   308.8 min
  restart   4/8    eval   110   this Q     0.01927   best Q    0.001951   309.0 min
  restart   4/8    eval   111   this Q     0.02376   best Q    0.001951   309.2 min
  restart   4/8    eval   112   this Q     0.01828   best Q    0.001951   309.3 min
  restart   4/8    eval   113   this Q     0.02164   best Q    0.001951   309.5 min
  restart   4/8    eval   114   this Q      0.0183   best Q    0.001951   309.7 min
  restart   4/8    eval   115   this Q     0.01958   best Q    0.001951   309.8 min
  restart   4/8    eval   116   this Q     0.01499   best Q    0.001951   310.0 min
  restart   4/8    eval   117   this Q     0.01468   best Q    0.001951   310.2 min
  restart   4/8    eval   118   this Q     0.01707   best Q    0.001951   310.3 min
  restart   4/8    eval   119   this Q     0.01693   best Q    0.001951   310.5 min
  restart   4/8    eval   120   this Q     0.02014   best Q    0.001951   310.6 min
  restart   4/8    eval   121   this Q     0.01679   best Q    0.001951   310.8 min
  restart   4/8    eval   122   this Q     0.01297   best Q    0.001951   311.0 min
  restart   4/8    eval   123   this Q     0.01233   best Q    0.001951   311.1 min
  restart   4/8    eval   124   this Q     0.01273   best Q    0.001951   311.3 min
  restart   4/8    eval   125   this Q     0.01112   best Q    0.001951   311.5 min
  restart   4/8    eval   126   this Q     0.01127   best Q    0.001951   311.6 min
  restart   4/8    eval   127   this Q      0.0134   best Q    0.001951   311.8 min
  restart   4/8    eval   128   this Q     0.01547   best Q    0.001951   312.0 min
  restart   4/8    eval   129   this Q     0.01436   best Q    0.001951   312.1 min
  restart   4/8    eval   130   this Q     0.01045   best Q    0.001951   312.3 min
  restart   4/8    eval   131   this Q     0.01277   best Q    0.001951   312.5 min
  restart   4/8    eval   132   this Q    0.008687   best Q    0.001951   312.6 min
  restart   4/8    eval   133   this Q    0.009781   best Q    0.001951   312.8 min
  restart   4/8    eval   134   this Q     0.01134   best Q    0.001951   313.0 min
  restart   4/8    eval   135   this Q     0.01138   best Q    0.001951   313.1 min
  restart   4/8    eval   136   this Q      0.0126   best Q    0.001951   313.3 min
  restart   4/8    eval   137   this Q     0.01466   best Q    0.001951   313.5 min
  restart   4/8    eval   138   this Q     0.01066   best Q    0.001951   313.6 min
  restart   4/8    eval   139   this Q    0.006842   best Q    0.001951   313.8 min
  restart   4/8    eval   140   this Q    0.006289   best Q    0.001951   314.0 min
  restart   4/8    eval   141   this Q    0.008769   best Q    0.001951   314.1 min
  restart   4/8    eval   142   this Q     0.01101   best Q    0.001951   314.3 min
  restart   4/8    eval   143   this Q    0.008836   best Q    0.001951   314.4 min
  restart   4/8    eval   144   this Q     0.01047   best Q    0.001951   314.6 min
  restart   4/8    eval   145   this Q    0.008833   best Q    0.001951   314.8 min
  restart   4/8    eval   146   this Q    0.009275   best Q    0.001951   314.9 min
  restart   4/8    eval   147   this Q    0.008352   best Q    0.001951   315.1 min
  restart   4/8    eval   148   this Q    0.005885   best Q    0.001951   315.3 min
  restart   4/8    eval   149   this Q    0.008493   best Q    0.001951   315.4 min
  restart   4/8    eval   150   this Q    0.007004   best Q    0.001951   315.6 min
  restart   4/8    eval   151   this Q    0.005955   best Q    0.001951   315.8 min
  restart   4/8    eval   152   this Q    0.008569   best Q    0.001951   315.9 min
  restart   4/8    eval   153   this Q     0.01077   best Q    0.001951   316.1 min
  restart   4/8    eval   154   this Q    0.006172   best Q    0.001951   316.3 min
  restart   4/8    eval   155   this Q    0.006927   best Q    0.001951   316.4 min
  restart   4/8    eval   156   this Q    0.007767   best Q    0.001951   316.6 min
  restart   4/8    eval   157   this Q    0.006072   best Q    0.001951   316.8 min
  restart   4/8    eval   158   this Q    0.006874   best Q    0.001951   316.9 min
  restart   4/8    eval   159   this Q    0.008829   best Q    0.001951   317.1 min
  restart   4/8    eval   160   this Q     0.00557   best Q    0.001951   317.3 min
  restart   4/8    eval   161   this Q    0.007258   best Q    0.001951   317.4 min
  restart   4/8    eval   162   this Q     0.00527   best Q    0.001951   317.6 min
  restart   4/8    eval   163   this Q    0.009822   best Q    0.001951   317.8 min
  restart   4/8    eval   164   this Q    0.005087   best Q    0.001951   317.9 min
  restart   4/8    eval   165   this Q    0.006377   best Q    0.001951   318.1 min
  restart   4/8    eval   166   this Q    0.007867   best Q    0.001951   318.3 min
  restart   4/8    eval   167   this Q    0.005163   best Q    0.001951   318.4 min
  restart   4/8    eval   168   this Q    0.006796   best Q    0.001951   318.6 min
  restart   4/8    eval   169   this Q    0.005066   best Q    0.001951   318.8 min
  restart   4/8    eval   170   this Q     0.00545   best Q    0.001951   318.9 min
  restart   4/8    eval   171   this Q    0.004991   best Q    0.001951   319.1 min
  restart   4/8    eval   172   this Q    0.007632   best Q    0.001951   319.3 min
  restart   4/8    eval   173   this Q    0.009024   best Q    0.001951   319.4 min
  restart   4/8    eval   174   this Q     0.00463   best Q    0.001951   319.6 min
  restart   4/8    eval   175   this Q    0.006687   best Q    0.001951   319.7 min
  restart   4/8    eval   176   this Q    0.004812   best Q    0.001951   319.9 min
  restart   4/8    eval   177   this Q    0.004297   best Q    0.001951   320.1 min
  restart   4/8    eval   178   this Q    0.005356   best Q    0.001951   320.2 min
  restart   4/8    eval   179   this Q    0.004782   best Q    0.001951   320.4 min
  restart   4/8    eval   180   this Q    0.004733   best Q    0.001951   320.6 min
  restart   4/8    eval   181   this Q    0.004808   best Q    0.001951   320.7 min
  restart   4/8    eval   182   this Q    0.004539   best Q    0.001951   320.9 min
  restart   4/8    eval   183   this Q    0.005549   best Q    0.001951   321.1 min
  restart   4/8    eval   184   this Q    0.004341   best Q    0.001951   321.2 min
  restart   4/8    eval   185   this Q    0.004368   best Q    0.001951   321.4 min
  restart   4/8    eval   186   this Q    0.004318   best Q    0.001951   321.6 min
  restart   4/8    eval   187   this Q    0.004382   best Q    0.001951   321.7 min
  restart   4/8    eval   188   this Q    0.004978   best Q    0.001951   321.9 min
  restart   4/8    eval   189   this Q    0.004162   best Q    0.001951   322.1 min
  restart   4/8    eval   190   this Q    0.005347   best Q    0.001951   322.2 min
  restart   4/8    eval   191   this Q    0.004106   best Q    0.001951   322.4 min
  restart   4/8    eval   192   this Q    0.004605   best Q    0.001951   322.6 min
  restart   4/8    eval   193   this Q    0.003963   best Q    0.001951   322.7 min
  restart   4/8    eval   194   this Q    0.004665   best Q    0.001951   322.9 min
  restart   4/8    eval   195   this Q    0.004487   best Q    0.001951   323.1 min
  restart   4/8    eval   196   this Q     0.00404   best Q    0.001951   323.2 min
  restart   4/8    eval   197   this Q    0.004777   best Q    0.001951   323.4 min
  restart   4/8    eval   198   this Q    0.003968   best Q    0.001951   323.6 min
  restart   4/8    eval   199   this Q    0.004649   best Q    0.001951   323.7 min
  restart   4/8    eval   200   this Q    0.003939   best Q    0.001951   323.9 min
  restart   4/8    eval   201   this Q    0.004915   best Q    0.001951   324.1 min
  restart   4/8    eval   202   this Q    0.003909   best Q    0.001951   324.2 min
  restart   4/8    eval   203   this Q    0.003505   best Q    0.001951   324.4 min
  restart   4/8    eval   204   this Q    0.003464   best Q    0.001951   324.5 min
  restart   4/8    eval   205   this Q    0.004289   best Q    0.001951   324.7 min
  restart   4/8    eval   206   this Q    0.004419   best Q    0.001951   324.9 min
  restart   4/8    eval   207   this Q     0.00383   best Q    0.001951   325.0 min
  restart   4/8    eval   208   this Q    0.004355   best Q    0.001951   325.2 min
  restart   4/8    eval   209   this Q    0.003847   best Q    0.001951   325.4 min
  restart   4/8    eval   210   this Q    0.004101   best Q    0.001951   325.5 min
  restart   4/8    eval   211   this Q     0.00362   best Q    0.001951   325.7 min
  restart   4/8    eval   212   this Q     0.00391   best Q    0.001951   325.9 min
  restart   4/8    eval   213   this Q    0.004202   best Q    0.001951   326.0 min
  restart   4/8    eval   214   this Q    0.003721   best Q    0.001951   326.2 min
  restart   4/8    eval   215   this Q    0.003912   best Q    0.001951   326.4 min
  restart   4/8    eval   216   this Q    0.003903   best Q    0.001951   326.5 min
  restart   4/8    eval   217   this Q    0.003845   best Q    0.001951   326.7 min
  restart   4/8    eval   218   this Q    0.003855   best Q    0.001951   326.9 min
  restart   4/8    eval   219   this Q    0.004242   best Q    0.001951   327.0 min
  restart   4/8    eval   220   this Q    0.003653   best Q    0.001951   327.2 min
  restart   4/8    eval   221   this Q    0.003437   best Q    0.001951   327.4 min
  restart   4/8    eval   222   this Q    0.003435   best Q    0.001951   327.5 min
  restart   4/8    eval   223   this Q    0.003714   best Q    0.001951   327.7 min
  restart   4/8    eval   224   this Q    0.003939   best Q    0.001951   327.9 min
  restart   4/8    eval   225   this Q    0.003609   best Q    0.001951   328.0 min
  restart   4/8    eval   226   this Q    0.003309   best Q    0.001951   328.2 min
  restart   4/8    eval   227   this Q    0.003263   best Q    0.001951   328.3 min
  restart   4/8    eval   228   this Q    0.003544   best Q    0.001951   328.5 min
  restart   4/8    eval   229   this Q    0.003092   best Q    0.001951   328.7 min
  restart   4/8    eval   230   this Q     0.00295   best Q    0.001951   328.8 min
  restart   4/8    eval   231   this Q    0.003269   best Q    0.001951   329.0 min
  restart   4/8    eval   232   this Q    0.003175   best Q    0.001951   329.2 min
  restart   4/8    eval   233   this Q    0.003108   best Q    0.001951   329.3 min
  restart   4/8    eval   234   this Q    0.002994   best Q    0.001951   329.5 min
  restart   4/8    eval   235   this Q    0.003063   best Q    0.001951   329.7 min
  restart   4/8    eval   236   this Q    0.003303   best Q    0.001951   329.8 min
  restart   4/8    eval   237   this Q    0.003329   best Q    0.001951   330.0 min
  restart   4/8    eval   238   this Q    0.002909   best Q    0.001951   330.2 min
  restart   4/8    eval   239   this Q    0.003234   best Q    0.001951   330.3 min
  restart   4/8    eval   240   this Q    0.003305   best Q    0.001951   330.5 min
  restart   4/8    eval   241   this Q    0.003031   best Q    0.001951   330.7 min
  restart   4/8    eval   242   this Q     0.00345   best Q    0.001951   330.8 min
  restart   4/8    eval   243   this Q    0.003019   best Q    0.001951   331.0 min
  restart   4/8    eval   244   this Q    0.002721   best Q    0.001951   331.2 min
  restart   4/8    eval   245   this Q    0.002692   best Q    0.001951   331.3 min
  restart   4/8    eval   246   this Q    0.002963   best Q    0.001951   331.5 min
  restart   4/8    eval   247   this Q    0.003087   best Q    0.001951   331.7 min
  restart   4/8    eval   248   this Q    0.002951   best Q    0.001951   331.8 min
  restart   4/8    eval   249   this Q    0.003107   best Q    0.001951   332.0 min
  restart   4/8    eval   250   this Q    0.002883   best Q    0.001951   332.2 min
  restart   4/8    eval   251   this Q    0.002832   best Q    0.001951   332.3 min
  restart   4/8    eval   252   this Q    0.002837   best Q    0.001951   332.5 min
  restart   4/8    eval   253   this Q    0.002962   best Q    0.001951   332.7 min
  restart   4/8    eval   254   this Q    0.002763   best Q    0.001951   332.8 min
  restart   4/8    eval   255   this Q    0.002834   best Q    0.001951   333.0 min
  restart   4/8    eval   256   this Q    0.002795   best Q    0.001951   333.1 min
  restart   4/8    eval   257   this Q    0.002668   best Q    0.001951   333.3 min
  restart   4/8    eval   258   this Q    0.002845   best Q    0.001951   333.5 min
  restart   4/8    eval   259   this Q    0.002615   best Q    0.001951   333.6 min
  restart   4/8    eval   260   this Q    0.002773   best Q    0.001951   333.8 min
  restart   4/8    eval   261   this Q    0.002655   best Q    0.001951   334.0 min
  restart   4/8    eval   262   this Q     0.00252   best Q    0.001951   334.1 min
  restart   4/8    eval   263   this Q     0.00261   best Q    0.001951   334.3 min
  restart   4/8    eval   264   this Q    0.002524   best Q    0.001951   334.5 min
  restart   4/8    eval   265   this Q    0.002582   best Q    0.001951   334.6 min
  restart   4/8    eval   266   this Q    0.002744   best Q    0.001951   334.8 min
  restart   4/8    eval   267   this Q    0.002587   best Q    0.001951   335.0 min
  restart   4/8    eval   268   this Q    0.002763   best Q    0.001951   335.1 min
  restart   4/8    eval   269   this Q    0.002569   best Q    0.001951   335.3 min
  restart   4/8    eval   270   this Q    0.002711   best Q    0.001951   335.5 min
  restart   4/8    eval   271   this Q    0.002546   best Q    0.001951   335.6 min
  restart   4/8    eval   272   this Q     0.00245   best Q    0.001951   335.8 min
  restart   4/8    eval   273   this Q    0.002601   best Q    0.001951   336.0 min
  restart   4/8    eval   274   this Q    0.002668   best Q    0.001951   336.1 min
  restart   4/8    eval   275   this Q    0.002518   best Q    0.001951   336.3 min
  restart   4/8    eval   276   this Q     0.00247   best Q    0.001951   336.4 min
  restart   4/8    eval   277   this Q     0.00249   best Q    0.001951   336.6 min
  restart   4/8    eval   278   this Q    0.002744   best Q    0.001951   336.8 min
  restart   4/8    eval   279   this Q    0.002467   best Q    0.001951   336.9 min
  restart   4/8    eval   280   this Q    0.002662   best Q    0.001951   337.1 min
  restart   4/8    eval   281   this Q    0.002469   best Q    0.001951   337.3 min
  restart   4/8    eval   282   this Q    0.002392   best Q    0.001951   337.4 min
  restart   4/8    eval   283   this Q    0.002455   best Q    0.001951   337.6 min
  restart   4/8    eval   284   this Q    0.002358   best Q    0.001951   337.8 min
  restart   4/8    eval   285   this Q    0.002382   best Q    0.001951   337.9 min
  restart   4/8    eval   286   this Q    0.002416   best Q    0.001951   338.1 min
  restart   4/8    eval   287   this Q     0.00244   best Q    0.001951   338.3 min
  restart   4/8    eval   288   this Q    0.002337   best Q    0.001951   338.4 min
  restart   4/8    eval   289   this Q    0.002386   best Q    0.001951   338.6 min
  restart   4/8    eval   290   this Q    0.002429   best Q    0.001951   338.8 min
  restart   4/8    eval   291   this Q    0.002373   best Q    0.001951   338.9 min
  restart   4/8    eval   292   this Q    0.002287   best Q    0.001951   339.1 min
  restart   4/8    eval   293   this Q    0.002295   best Q    0.001951   339.3 min
  restart   4/8    eval   294   this Q    0.002303   best Q    0.001951   339.4 min
  restart   4/8    eval   295   this Q    0.002311   best Q    0.001951   339.6 min
  restart   4/8    eval   296   this Q    0.002331   best Q    0.001951   339.8 min
  restart   4/8    eval   297   this Q    0.002386   best Q    0.001951   339.9 min
  restart   4/8    eval   298   this Q    0.002295   best Q    0.001951   340.1 min
  restart   4/8    eval   299   this Q    0.002249   best Q    0.001951   340.3 min
  restart   4/8    eval   300   this Q    0.002323   best Q    0.001951   340.4 min
  restart   4/8    eval   301   this Q    0.002365   best Q    0.001951   340.6 min
  restart   4/8    eval   302   this Q    0.002294   best Q    0.001951   340.8 min
  restart   4/8    eval   303   this Q    0.002337   best Q    0.001951   340.9 min
  restart   4/8    eval   304   this Q    0.002219   best Q    0.001951   341.1 min
  restart   4/8    eval   305   this Q    0.002273   best Q    0.001951   341.2 min
  restart   4/8    eval   306   this Q    0.002181   best Q    0.001951   341.4 min
  restart   4/8    eval   307   this Q    0.002185   best Q    0.001951   341.6 min
  restart   4/8    eval   308   this Q    0.002284   best Q    0.001951   341.7 min
  restart   4/8    eval   309   this Q    0.002323   best Q    0.001951   341.9 min
  restart   4/8    eval   310   this Q    0.002249   best Q    0.001951   342.1 min
  restart   4/8    eval   311   this Q    0.002223   best Q    0.001951   342.2 min
  restart   4/8    eval   312   this Q    0.002231   best Q    0.001951   342.4 min
  restart   4/8    eval   313   this Q    0.002383   best Q    0.001951   342.6 min
  restart   4/8    eval   314   this Q    0.002218   best Q    0.001951   342.7 min
  restart   4/8    eval   315   this Q    0.002226   best Q    0.001951   342.9 min
  restart   4/8    eval   316   this Q    0.002128   best Q    0.001951   343.1 min
  restart   4/8    eval   317   this Q    0.002107   best Q    0.001951   343.2 min
  restart   4/8    eval   318   this Q    0.002235   best Q    0.001951   343.4 min
  restart   4/8    eval   319   this Q    0.002132   best Q    0.001951   343.6 min
  restart   4/8    eval   320   this Q    0.002141   best Q    0.001951   343.7 min
  restart   4/8    eval   321   this Q    0.002185   best Q    0.001951   343.9 min
  restart   4/8    eval   322   this Q    0.002182   best Q    0.001951   344.1 min
  restart   4/8    eval   323   this Q    0.002137   best Q    0.001951   344.2 min
  restart   4/8    eval   324   this Q    0.002177   best Q    0.001951   344.4 min
  restart   4/8    eval   325   this Q    0.002112   best Q    0.001951   344.6 min
  restart   4/8    eval   326   this Q    0.002026   best Q    0.001951   344.7 min
  restart   4/8    eval   327   this Q    0.001988   best Q    0.001951   344.9 min
  restart   4/8    eval   328   this Q    0.002168   best Q    0.001951   345.1 min
  restart   4/8    eval   329   this Q    0.002155   best Q    0.001951   345.2 min
  restart   4/8    eval   330   this Q    0.002048   best Q    0.001951   345.4 min
  restart   4/8    eval   331   this Q    0.002006   best Q    0.001951   345.5 min
  restart   4/8    eval   332   this Q    0.002071   best Q    0.001951   345.7 min
  restart   4/8    eval   333   this Q    0.002125   best Q    0.001951   345.9 min
  restart   4/8    eval   334   this Q    0.002124   best Q    0.001951   346.0 min
  restart   4/8    eval   335   this Q    0.001975   best Q    0.001951   346.2 min
  restart   4/8    eval   336   this Q    0.001979   best Q    0.001951   346.4 min
  restart   4/8    eval   337   this Q    0.002008   best Q    0.001951   346.5 min
  restart   4/8    eval   338   this Q    0.002066   best Q    0.001951   346.7 min
  restart   4/8    eval   339   this Q    0.002016   best Q    0.001951   346.9 min
  restart   4/8    eval   340   this Q    0.001981   best Q    0.001951   347.0 min
  restart   4/8    eval   341   this Q    0.001916   best Q    0.001916   347.2 min
  restart   4/8    eval   342   this Q    0.001972   best Q    0.001916   347.4 min
  restart   4/8    eval   343   this Q    0.002003   best Q    0.001916   347.5 min
  restart   4/8    eval   344   this Q    0.002041   best Q    0.001916   347.7 min
  restart   4/8    eval   345   this Q    0.001977   best Q    0.001916   347.9 min
  restart   4/8    eval   346   this Q    0.002016   best Q    0.001916   348.0 min
  restart   4/8    eval   347   this Q    0.002028   best Q    0.001916   348.2 min
  restart   4/8    eval   348   this Q    0.001958   best Q    0.001916   348.4 min
  restart   4/8    eval   349   this Q    0.002038   best Q    0.001916   348.5 min
  restart   4/8    eval   350   this Q    0.001953   best Q    0.001916   348.7 min
  restart   4/8    eval   351   this Q     0.00198   best Q    0.001916   348.9 min
  restart   4/8    eval   352   this Q    0.001948   best Q    0.001916   349.0 min
  restart   4/8    eval   353   this Q    0.002033   best Q    0.001916   349.2 min
  restart   4/8    eval   354   this Q    0.001945   best Q    0.001916   349.4 min
  restart   4/8    eval   355   this Q    0.001912   best Q    0.001912   349.5 min
  restart   4/8    eval   356   this Q    0.001955   best Q    0.001912   349.7 min
  restart   4/8    eval   357   this Q    0.001972   best Q    0.001912   349.9 min
  restart   4/8    eval   358   this Q    0.001966   best Q    0.001912   350.0 min
  restart   4/8    eval   359   this Q    0.001998   best Q    0.001912   350.2 min
  restart   4/8    eval   360   this Q    0.001927   best Q    0.001912   350.3 min
  restart   4/8    eval   361   this Q    0.001929   best Q    0.001912   350.5 min
  restart   4/8    eval   362   this Q    0.001989   best Q    0.001912   350.7 min
  restart   4/8    eval   363   this Q    0.001926   best Q    0.001912   350.9 min
  restart   4/8    eval   364   this Q    0.001985   best Q    0.001912   351.0 min
  restart   4/8    eval   365   this Q    0.001918   best Q    0.001912   351.2 min
  restart   4/8    eval   366   this Q    0.001909   best Q    0.001909   351.4 min
  restart   4/8    eval   367   this Q    0.001961   best Q    0.001909   351.5 min
  restart   4/8    eval   368   this Q    0.001923   best Q    0.001909   351.7 min
  restart   4/8    eval   369   this Q    0.001906   best Q    0.001906   351.9 min
  restart   4/8    eval   370   this Q    0.001972   best Q    0.001906   352.1 min
  restart   4/8    eval   371   this Q    0.001926   best Q    0.001906   352.2 min
  restart   4/8    eval   372   this Q    0.001923   best Q    0.001906   352.4 min
  restart   4/8    eval   373   this Q    0.001894   best Q    0.001894   352.6 min
  restart   4/8    eval   374   this Q     0.00191   best Q    0.001894   352.7 min
  restart   4/8    eval   375   this Q    0.001885   best Q    0.001885   352.9 min
  restart   4/8    eval   376   this Q    0.001901   best Q    0.001885   353.1 min
  restart   4/8    eval   377   this Q    0.001925   best Q    0.001885   353.2 min
  restart   4/8    eval   378   this Q    0.001899   best Q    0.001885   353.4 min
  restart   4/8    eval   379   this Q    0.001928   best Q    0.001885   353.6 min
  restart   4/8    eval   380   this Q    0.001893   best Q    0.001885   353.8 min
  restart   4/8    eval   381   this Q    0.001932   best Q    0.001885   353.9 min
  restart   4/8    eval   382   this Q    0.001894   best Q    0.001885   354.1 min
  restart   4/8    eval   383   this Q    0.001899   best Q    0.001885   354.3 min
  restart   4/8    eval   384   this Q    0.001904   best Q    0.001885   354.4 min
  restart   4/8    eval   385   this Q    0.001912   best Q    0.001885   354.6 min
  restart   4/8    eval   386   this Q    0.001891   best Q    0.001885   354.8 min
  restart   4/8    eval   387   this Q    0.001901   best Q    0.001885   355.0 min
  restart   4/8    eval   388   this Q     0.00189   best Q    0.001885   355.1 min
  restart   4/8    eval   389   this Q    0.001906   best Q    0.001885   355.3 min
  restart   4/8    eval   390   this Q    0.001885   best Q    0.001885   355.5 min
  restart   4/8    eval   391   this Q    0.001914   best Q    0.001885   355.7 min
  restart   4/8    eval   392   this Q    0.001885   best Q    0.001885   355.8 min
  restart   4/8    eval   393   this Q     0.00189   best Q    0.001885   356.0 min
  restart   4/8    eval   394   this Q    0.001898   best Q    0.001885   356.2 min
  restart   4/8    eval   395   this Q    0.001887   best Q    0.001885   356.3 min
  restart   4/8    eval   396   this Q    0.001897   best Q    0.001885   356.5 min
  restart   4/8    eval   397   this Q    0.001885   best Q    0.001885   356.7 min
  restart   4/8    eval   398   this Q    0.001881   best Q    0.001881   356.8 min
  restart   4/8    eval   399   this Q     0.00188   best Q     0.00188   357.0 min
  restart   4/8    eval   400   this Q    0.001889   best Q     0.00188   357.2 min
  restart   4/8    eval   401   this Q     0.00189   best Q     0.00188   357.3 min
  restart   4/8    eval   402   this Q    0.001884   best Q     0.00188   357.5 min
  restart   4/8    eval   403   this Q    0.001895   best Q     0.00188   357.7 min
  restart   4/8    eval   404   this Q     0.00188   best Q     0.00188   357.9 min
  restart   4/8    eval   405   this Q    0.001885   best Q     0.00188   358.0 min
  restart   4/8    eval   406   this Q    0.001903   best Q     0.00188   358.2 min
  restart   4/8    eval   407   this Q     0.00188   best Q     0.00188   358.4 min
  restart   4/8    eval   408   this Q    0.001883   best Q     0.00188   358.5 min
  restart   4/8    eval   409   this Q     0.00189   best Q     0.00188   358.7 min
  restart   4/8    eval   410   this Q    0.001883   best Q     0.00188   358.9 min
  restart   4/8    eval   411   this Q    0.001867   best Q    0.001867   359.1 min
  restart   4/8    eval   412   this Q    0.001867   best Q    0.001867   359.2 min
  restart   4/8    eval   413   this Q    0.001876   best Q    0.001867   359.4 min
  restart   4/8    eval   414   this Q     0.00188   best Q    0.001867   359.6 min
  restart   4/8    eval   415   this Q    0.001892   best Q    0.001867   359.8 min
  restart   4/8    eval   416   this Q    0.001881   best Q    0.001867   359.9 min
  restart   4/8    eval   417   this Q    0.001876   best Q    0.001867   360.1 min
  restart   4/8    eval   418   this Q    0.001882   best Q    0.001867   360.3 min
  restart   4/8    eval   419   this Q    0.001867   best Q    0.001867   360.5 min
  restart   4/8    eval   420   this Q    0.001881   best Q    0.001867   360.6 min
  restart   4/8    eval   421   this Q    0.001878   best Q    0.001867   360.8 min
  restart   4/8    eval   422   this Q    0.001877   best Q    0.001867   361.0 min
  restart   4/8    eval   423   this Q     0.00188   best Q    0.001867   361.1 min
  restart   4/8    eval   424   this Q    0.001881   best Q    0.001867   361.3 min
  restart   4/8    eval   425   this Q    0.001874   best Q    0.001867   361.5 min
  restart   4/8    eval   426   this Q    0.001887   best Q    0.001867   361.7 min
  restart   4/8    eval   427   this Q    0.001871   best Q    0.001867   361.8 min
  restart   4/8    eval   428   this Q    0.001874   best Q    0.001867   362.0 min
  restart   4/8    eval   429   this Q    0.001871   best Q    0.001867   362.2 min
  restart   4/8    eval   430   this Q    0.001872   best Q    0.001867   362.4 min
  restart   4/8    eval   431   this Q    0.001876   best Q    0.001867   362.6 min
  restart   4/8    eval   432   this Q    0.001873   best Q    0.001867   362.7 min
  restart   4/8    eval   433   this Q    0.001881   best Q    0.001867   362.9 min
  restart   4/8    eval   434   this Q    0.001873   best Q    0.001867   363.1 min
  restart   4/8    eval   435   this Q     0.00187   best Q    0.001867   363.3 min
  restart   4/8    eval   436   this Q     0.00187   best Q    0.001867   363.4 min
  restart   4/8    eval   437   this Q    0.001876   best Q    0.001867   363.6 min
  restart   4/8    eval   438   this Q    0.001872   best Q    0.001867   363.8 min
  restart   4/8    eval   439   this Q    0.001869   best Q    0.001867   364.0 min
  restart   4/8    eval   440   this Q    0.001868   best Q    0.001867   364.1 min
  restart   4/8    eval   441   this Q    0.001869   best Q    0.001867   364.3 min
  restart   4/8    eval   442   this Q    0.001867   best Q    0.001867   364.5 min
  restart   4/8    eval   443   this Q    0.001866   best Q    0.001866   364.6 min
  restart   4/8    eval   444   this Q    0.001878   best Q    0.001866   364.8 min
  restart   4/8    eval   445   this Q    0.001866   best Q    0.001866   365.0 min
  restart   4/8    eval   446   this Q    0.001866   best Q    0.001866   365.2 min
  restart   4/8    eval   447   this Q    0.001883   best Q    0.001866   365.3 min
  restart   4/8    eval   448   this Q    0.001875   best Q    0.001866   365.5 min
  restart   4/8    eval   449   this Q    0.001863   best Q    0.001863   365.7 min
  restart   4/8    eval   450   this Q    0.001872   best Q    0.001863   365.9 min
  restart   4/8    eval   451   this Q    0.001868   best Q    0.001863   366.0 min
  restart   4/8    eval   452   this Q    0.001866   best Q    0.001863   366.2 min
  restart   4/8    eval   453   this Q    0.001872   best Q    0.001863   366.4 min
  restart   4/8    eval   454   this Q    0.001869   best Q    0.001863   366.6 min
  restart   4/8    eval   455   this Q    0.001864   best Q    0.001863   366.7 min
  restart   4/8    eval   456   this Q    0.001862   best Q    0.001862   366.9 min
  restart   4/8    eval   457   this Q    0.001864   best Q    0.001862   367.1 min
  restart   4/8    eval   458   this Q    0.001865   best Q    0.001862   367.3 min
  restart   4/8    eval   459   this Q    0.001864   best Q    0.001862   367.4 min
  restart   4/8    eval   460   this Q    0.001866   best Q    0.001862   367.6 min
  restart   4/8    eval   461   this Q    0.001862   best Q    0.001862   367.8 min
  restart   4/8    eval   462   this Q    0.001863   best Q    0.001862   368.0 min
  restart   4/8    eval   463   this Q    0.001861   best Q    0.001861   368.1 min
  restart   4/8    eval   464   this Q    0.001861   best Q    0.001861   368.3 min
  restart   4/8    eval   465   this Q    0.001864   best Q    0.001861   368.5 min
  restart   4/8    eval   466   this Q    0.001862   best Q    0.001861   368.7 min
  restart   4/8    eval   467   this Q    0.001861   best Q    0.001861   368.8 min
  restart   4/8    eval   468   this Q     0.00186   best Q     0.00186   369.0 min
  restart   4/8    eval   469   this Q    0.001862   best Q     0.00186   369.2 min
  restart   4/8    eval   470   this Q    0.001863   best Q     0.00186   369.3 min
  restart   4/8    eval   471   this Q    0.001863   best Q     0.00186   369.5 min
  restart   4/8    eval   472   this Q    0.001861   best Q     0.00186   369.7 min
  restart   4/8    eval   473   this Q    0.001862   best Q     0.00186   369.9 min
  restart   4/8    eval   474   this Q    0.001868   best Q     0.00186   370.0 min
  restart   4/8    eval   475   this Q    0.001862   best Q     0.00186   370.2 min
  restart   4/8    eval   476   this Q    0.001863   best Q     0.00186   370.4 min
  restart   4/8    eval   477   this Q    0.001859   best Q    0.001859   370.6 min
  restart   4/8    eval   478   this Q    0.001866   best Q    0.001859   370.7 min
  restart   4/8    eval   479   this Q    0.001861   best Q    0.001859   370.9 min
  restart   4/8    eval   480   this Q    0.001861   best Q    0.001859   371.1 min
  restart   4/8    eval   481   this Q    0.001861   best Q    0.001859   371.3 min
  restart   4/8    eval   482   this Q    0.001859   best Q    0.001859   371.4 min
  restart   4/8    eval   483   this Q    0.001863   best Q    0.001859   371.6 min
  restart   4/8    eval   484   this Q    0.001862   best Q    0.001859   371.8 min
  restart   4/8    eval   485   this Q    0.001861   best Q    0.001859   372.0 min
  restart   4/8    eval   486   this Q    0.001861   best Q    0.001859   372.1 min
  restart   4/8    eval   487   this Q     0.00186   best Q    0.001859   372.3 min
  restart   4/8    eval   488   this Q     0.00186   best Q    0.001859   372.5 min
  restart   4/8    eval   489   this Q     0.00186   best Q    0.001859   372.7 min
  restart   4/8    eval   490   this Q    0.001861   best Q    0.001859   372.9 min
  restart   4/8    eval   491   this Q    0.001859   best Q    0.001859   373.0 min
  restart   4/8    eval   492   this Q    0.001861   best Q    0.001859   373.2 min
  restart   4/8    eval   493   this Q    0.001861   best Q    0.001859   373.4 min
  restart   4/8    eval   494   this Q    0.001861   best Q    0.001859   373.6 min
  restart   4/8    eval   495   this Q     0.00186   best Q    0.001859   373.7 min
  restart   4/8    eval   496   this Q     0.00186   best Q    0.001859   373.9 min
  restart   4/8    eval   497   this Q     0.00186   best Q    0.001859   374.1 min
  restart   4/8   DONE   this    0.001859   best Q    0.001859   374.1 min, ~374 min left
  restart   5/8    eval     1   this Q     0.07322   best Q    0.001859   374.3 min
  restart   5/8    eval     2   this Q     0.07322   best Q    0.001859   374.4 min
  restart   5/8    eval     3   this Q       1.464   best Q    0.001859   374.6 min
  restart   5/8    eval     4   this Q      0.3964   best Q    0.001859   374.8 min
  restart   5/8    eval     5   this Q      0.3056   best Q    0.001859   374.9 min
  restart   5/8    eval     6   this Q       2.135   best Q    0.001859   375.1 min
  restart   5/8    eval     7   this Q        1.15   best Q    0.001859   375.3 min
  restart   5/8    eval     8   this Q      0.1262   best Q    0.001859   375.5 min
  restart   5/8    eval     9   this Q      0.6021   best Q    0.001859   375.6 min
  restart   5/8    eval    10   this Q       1.952   best Q    0.001859   375.8 min
  restart   5/8    eval    11   this Q      0.7135   best Q    0.001859   376.0 min
  restart   5/8    eval    12   this Q       2.122   best Q    0.001859   376.1 min
  restart   5/8    eval    13   this Q      0.5578   best Q    0.001859   376.3 min
  restart   5/8    eval    14   this Q      0.6666   best Q    0.001859   376.5 min
  restart   5/8    eval    15   this Q      0.4325   best Q    0.001859   376.7 min
  restart   5/8    eval    16   this Q       1.515   best Q    0.001859   376.8 min
  restart   5/8    eval    17   this Q      0.3532   best Q    0.001859   377.0 min
  restart   5/8    eval    18   this Q      0.9324   best Q    0.001859   377.2 min
  restart   5/8    eval    19   this Q      0.1511   best Q    0.001859   377.4 min
  restart   5/8    eval    20   this Q       3.445   best Q    0.001859   377.5 min
  restart   5/8    eval    21   this Q       0.259   best Q    0.001859   377.7 min
  restart   5/8    eval    22   this Q      0.6126   best Q    0.001859   377.9 min
  restart   5/8    eval    23   this Q      0.1128   best Q    0.001859   378.0 min
  restart   5/8    eval    24   this Q      0.5931   best Q    0.001859   378.2 min
  restart   5/8    eval    25   this Q       0.164   best Q    0.001859   378.4 min
  restart   5/8    eval    26   this Q        1.16   best Q    0.001859   378.6 min
  restart   5/8    eval    27   this Q      0.1545   best Q    0.001859   378.7 min
  restart   5/8    eval    28   this Q      0.1804   best Q    0.001859   378.9 min
  restart   5/8    eval    29   this Q      0.2279   best Q    0.001859   379.1 min
  restart   5/8    eval    30   this Q      0.3194   best Q    0.001859   379.2 min
  restart   5/8    eval    31   this Q     0.05709   best Q    0.001859   379.4 min
  restart   5/8    eval    32   this Q      0.5534   best Q    0.001859   379.6 min
  restart   5/8    eval    33   this Q     0.09185   best Q    0.001859   379.8 min
  restart   5/8    eval    34   this Q      0.3153   best Q    0.001859   379.9 min
  restart   5/8    eval    35   this Q     0.05638   best Q    0.001859   380.1 min
  restart   5/8    eval    36   this Q      0.4494   best Q    0.001859   380.3 min
  restart   5/8    eval    37   this Q     0.06138   best Q    0.001859   380.5 min
  restart   5/8    eval    38   this Q     0.06863   best Q    0.001859   380.6 min
  restart   5/8    eval    39   this Q      0.2995   best Q    0.001859   380.8 min
  restart   5/8    eval    40   this Q     0.03501   best Q    0.001859   381.0 min
  restart   5/8    eval    41   this Q      0.1506   best Q    0.001859   381.1 min
  restart   5/8    eval    42   this Q     0.04775   best Q    0.001859   381.3 min
  restart   5/8    eval    43   this Q      0.1567   best Q    0.001859   381.5 min
  restart   5/8    eval    44   this Q     0.04189   best Q    0.001859   381.6 min
  restart   5/8    eval    45   this Q      0.1022   best Q    0.001859   381.8 min
  restart   5/8    eval    46   this Q     0.03925   best Q    0.001859   382.0 min
  restart   5/8    eval    47   this Q     0.07482   best Q    0.001859   382.1 min
  restart   5/8    eval    48   this Q     0.01832   best Q    0.001859   382.3 min
  restart   5/8    eval    49   this Q      0.1058   best Q    0.001859   382.5 min
  restart   5/8    eval    50   this Q     0.02187   best Q    0.001859   382.6 min
  restart   5/8    eval    51   this Q      0.1361   best Q    0.001859   382.8 min
  restart   5/8    eval    52   this Q      0.0157   best Q    0.001859   383.0 min
  restart   5/8    eval    53   this Q     0.05716   best Q    0.001859   383.1 min
  restart   5/8    eval    54   this Q     0.01767   best Q    0.001859   383.3 min
  restart   5/8    eval    55   this Q     0.06821   best Q    0.001859   383.5 min
  restart   5/8    eval    56   this Q     0.01654   best Q    0.001859   383.7 min
  restart   5/8    eval    57   this Q      0.1221   best Q    0.001859   383.8 min
  restart   5/8    eval    58   this Q     0.01231   best Q    0.001859   384.0 min
  restart   5/8    eval    59   this Q     0.02405   best Q    0.001859   384.2 min
  restart   5/8    eval    60   this Q      0.0294   best Q    0.001859   384.3 min
  restart   5/8    eval    61   this Q     0.08063   best Q    0.001859   384.5 min
  restart   5/8    eval    62   this Q     0.01068   best Q    0.001859   384.7 min
  restart   5/8    eval    63   this Q     0.05519   best Q    0.001859   384.9 min
  restart   5/8    eval    64   this Q    0.008952   best Q    0.001859   385.0 min
  restart   5/8    eval    65   this Q     0.03559   best Q    0.001859   385.2 min
  restart   5/8    eval    66   this Q    0.009349   best Q    0.001859   385.4 min
  restart   5/8    eval    67   this Q     0.03446   best Q    0.001859   385.5 min
  restart   5/8    eval    68   this Q    0.008129   best Q    0.001859   385.7 min
  restart   5/8    eval    69   this Q     0.02835   best Q    0.001859   385.9 min
  restart   5/8    eval    70   this Q    0.008362   best Q    0.001859   386.1 min
  restart   5/8    eval    71   this Q     0.02101   best Q    0.001859   386.2 min
  restart   5/8    eval    72   this Q    0.007575   best Q    0.001859   386.4 min
  restart   5/8    eval    73   this Q    0.007639   best Q    0.001859   386.6 min
  restart   5/8    eval    74   this Q     0.01965   best Q    0.001859   386.7 min
  restart   5/8    eval    75   this Q    0.006462   best Q    0.001859   386.9 min
  restart   5/8    eval    76   this Q     0.01546   best Q    0.001859   387.1 min
  restart   5/8    eval    77   this Q    0.006378   best Q    0.001859   387.3 min
  restart   5/8    eval    78   this Q    0.006775   best Q    0.001859   387.4 min
  restart   5/8    eval    79   this Q     0.01485   best Q    0.001859   387.6 min
  restart   5/8    eval    80   this Q    0.004574   best Q    0.001859   387.8 min
  restart   5/8    eval    81   this Q     0.01135   best Q    0.001859   387.9 min
  restart   5/8    eval    82   this Q    0.004247   best Q    0.001859   388.1 min
  restart   5/8    eval    83   this Q     0.01288   best Q    0.001859   388.3 min
  restart   5/8    eval    84   this Q    0.003878   best Q    0.001859   388.5 min
  restart   5/8    eval    85   this Q    0.006423   best Q    0.001859   388.6 min
  restart   5/8    eval    86   this Q     0.01079   best Q    0.001859   388.8 min
  restart   5/8    eval    87   this Q    0.003879   best Q    0.001859   389.0 min
  restart   5/8    eval    88   this Q     0.01174   best Q    0.001859   389.2 min
  restart   5/8    eval    89   this Q    0.003691   best Q    0.001859   389.3 min
  restart   5/8    eval    90   this Q    0.007137   best Q    0.001859   389.5 min
  restart   5/8    eval    91   this Q    0.003824   best Q    0.001859   389.7 min
  restart   5/8    eval    92   this Q       0.013   best Q    0.001859   389.8 min
  restart   5/8    eval    93   this Q    0.003204   best Q    0.001859   390.0 min
  restart   5/8    eval    94   this Q    0.004279   best Q    0.001859   390.2 min
  restart   5/8    eval    95   this Q      0.0077   best Q    0.001859   390.4 min
  restart   5/8    eval    96   this Q    0.003417   best Q    0.001859   390.5 min
  restart   5/8    eval    97   this Q    0.005358   best Q    0.001859   390.7 min
  restart   5/8    eval    98   this Q    0.003154   best Q    0.001859   390.9 min
  restart   5/8    eval    99   this Q    0.005322   best Q    0.001859   391.0 min
  restart   5/8    eval   100   this Q    0.002992   best Q    0.001859   391.2 min
  restart   5/8    eval   101   this Q     0.00584   best Q    0.001859   391.4 min
  restart   5/8    eval   102   this Q    0.002843   best Q    0.001859   391.6 min
  restart   5/8    eval   103   this Q    0.004595   best Q    0.001859   391.7 min
  restart   5/8    eval   104   this Q    0.002942   best Q    0.001859   391.9 min
  restart   5/8    eval   105   this Q     0.00335   best Q    0.001859   392.1 min
  restart   5/8    eval   106   this Q     0.00353   best Q    0.001859   392.2 min
  restart   5/8    eval   107   this Q    0.002856   best Q    0.001859   392.4 min
  restart   5/8    eval   108   this Q    0.004017   best Q    0.001859   392.6 min
  restart   5/8    eval   109   this Q    0.002691   best Q    0.001859   392.8 min
  restart   5/8    eval   110   this Q    0.003633   best Q    0.001859   392.9 min
  restart   5/8    eval   111   this Q    0.002694   best Q    0.001859   393.1 min
  restart   5/8    eval   112   this Q    0.003709   best Q    0.001859   393.3 min
  restart   5/8    eval   113   this Q    0.002623   best Q    0.001859   393.4 min
  restart   5/8    eval   114   this Q    0.004354   best Q    0.001859   393.6 min
  restart   5/8    eval   115   this Q     0.00254   best Q    0.001859   393.8 min
  restart   5/8    eval   116   this Q    0.003315   best Q    0.001859   394.0 min
  restart   5/8    eval   117   this Q    0.002595   best Q    0.001859   394.1 min
  restart   5/8    eval   118   this Q    0.002882   best Q    0.001859   394.3 min
  restart   5/8    eval   119   this Q    0.002978   best Q    0.001859   394.5 min
  restart   5/8    eval   120   this Q    0.002504   best Q    0.001859   394.6 min
  restart   5/8    eval   121   this Q    0.002938   best Q    0.001859   394.8 min
  restart   5/8    eval   122   this Q    0.002507   best Q    0.001859   395.0 min
  restart   5/8    eval   123   this Q    0.002944   best Q    0.001859   395.1 min
  restart   5/8    eval   124   this Q    0.002487   best Q    0.001859   395.3 min
  restart   5/8    eval   125   this Q    0.003635   best Q    0.001859   395.5 min
  restart   5/8    eval   126   this Q    0.002414   best Q    0.001859   395.6 min
  restart   5/8    eval   127   this Q    0.003258   best Q    0.001859   395.8 min
  restart   5/8    eval   128   this Q    0.002453   best Q    0.001859   396.0 min
  restart   5/8    eval   129   this Q    0.002461   best Q    0.001859   396.2 min
  restart   5/8    eval   130   this Q    0.002427   best Q    0.001859   396.3 min
  restart   5/8    eval   131   this Q    0.002296   best Q    0.001859   396.5 min
  restart   5/8    eval   132   this Q    0.002527   best Q    0.001859   396.7 min
  restart   5/8    eval   133   this Q    0.002627   best Q    0.001859   396.9 min
  restart   5/8    eval   134   this Q    0.002366   best Q    0.001859   397.0 min
  restart   5/8    eval   135   this Q    0.002415   best Q    0.001859   397.2 min
  restart   5/8    eval   136   this Q     0.00236   best Q    0.001859   397.4 min
  restart   5/8    eval   137   this Q    0.002356   best Q    0.001859   397.5 min
  restart   5/8    eval   138   this Q    0.002455   best Q    0.001859   397.7 min
  restart   5/8    eval   139   this Q    0.002601   best Q    0.001859   397.9 min
  restart   5/8    eval   140   this Q    0.002287   best Q    0.001859   398.1 min
  restart   5/8    eval   141   this Q    0.002464   best Q    0.001859   398.2 min
  restart   5/8    eval   142   this Q    0.002299   best Q    0.001859   398.4 min
  restart   5/8    eval   143   this Q    0.002519   best Q    0.001859   398.6 min
  restart   5/8    eval   144   this Q    0.002294   best Q    0.001859   398.8 min
  restart   5/8    eval   145   this Q    0.002501   best Q    0.001859   398.9 min
  restart   5/8    eval   146   this Q    0.002285   best Q    0.001859   399.1 min
  restart   5/8    eval   147   this Q    0.002562   best Q    0.001859   399.3 min
  restart   5/8    eval   148   this Q     0.00228   best Q    0.001859   399.4 min
  restart   5/8    eval   149   this Q    0.002351   best Q    0.001859   399.6 min
  restart   5/8    eval   150   this Q    0.002197   best Q    0.001859   399.8 min
  restart   5/8    eval   151   this Q    0.002249   best Q    0.001859   400.0 min
  restart   5/8    eval   152   this Q    0.002433   best Q    0.001859   400.1 min
  restart   5/8    eval   153   this Q    0.002253   best Q    0.001859   400.3 min
  restart   5/8    eval   154   this Q    0.002304   best Q    0.001859   400.5 min
  restart   5/8    eval   155   this Q    0.002393   best Q    0.001859   400.7 min
  restart   5/8    eval   156   this Q    0.002249   best Q    0.001859   400.8 min
  restart   5/8    eval   157   this Q    0.002344   best Q    0.001859   401.0 min
  restart   5/8    eval   158   this Q    0.002239   best Q    0.001859   401.2 min
  restart   5/8    eval   159   this Q    0.002255   best Q    0.001859   401.3 min
  restart   5/8    eval   160   this Q    0.002432   best Q    0.001859   401.5 min
  restart   5/8    eval   161   this Q    0.002221   best Q    0.001859   401.7 min
  restart   5/8    eval   162   this Q    0.002228   best Q    0.001859   401.9 min
  restart   5/8    eval   163   this Q    0.002198   best Q    0.001859   402.0 min
  restart   5/8    eval   164   this Q    0.002221   best Q    0.001859   402.2 min
  restart   5/8    eval   165   this Q    0.002217   best Q    0.001859   402.4 min
  restart   5/8    eval   166   this Q    0.002248   best Q    0.001859   402.6 min
  restart   5/8    eval   167   this Q    0.002174   best Q    0.001859   402.7 min
  restart   5/8    eval   168   this Q    0.002215   best Q    0.001859   402.9 min
  restart   5/8    eval   169   this Q    0.002192   best Q    0.001859   403.1 min
  restart   5/8    eval   170   this Q     0.00223   best Q    0.001859   403.3 min
  restart   5/8    eval   171   this Q    0.002182   best Q    0.001859   403.4 min
  restart   5/8    eval   172   this Q    0.002241   best Q    0.001859   403.6 min
  restart   5/8    eval   173   this Q    0.002186   best Q    0.001859   403.8 min
  restart   5/8    eval   174   this Q    0.002237   best Q    0.001859   403.9 min
  restart   5/8    eval   175   this Q    0.002184   best Q    0.001859   404.1 min
  restart   5/8    eval   176   this Q    0.002205   best Q    0.001859   404.3 min
  restart   5/8    eval   177   this Q    0.002204   best Q    0.001859   404.5 min
  restart   5/8    eval   178   this Q    0.002228   best Q    0.001859   404.6 min
  restart   5/8    eval   179   this Q     0.00218   best Q    0.001859   404.8 min
  restart   5/8    eval   180   this Q    0.002231   best Q    0.001859   405.0 min
  restart   5/8    eval   181   this Q    0.002176   best Q    0.001859   405.2 min
  restart   5/8    eval   182   this Q    0.002226   best Q    0.001859   405.3 min
  restart   5/8    eval   183   this Q    0.002173   best Q    0.001859   405.5 min
  restart   5/8    eval   184   this Q    0.002216   best Q    0.001859   405.7 min
  restart   5/8    eval   185   this Q    0.002173   best Q    0.001859   405.8 min
  restart   5/8    eval   186   this Q    0.002157   best Q    0.001859   406.0 min
  restart   5/8    eval   187   this Q    0.002155   best Q    0.001859   406.2 min
  restart   5/8    eval   188   this Q    0.002196   best Q    0.001859   406.4 min
  restart   5/8    eval   189   this Q     0.00217   best Q    0.001859   406.5 min
  restart   5/8    eval   190   this Q    0.002176   best Q    0.001859   406.7 min
  restart   5/8    eval   191   this Q    0.002161   best Q    0.001859   406.9 min
  restart   5/8    eval   192   this Q    0.002193   best Q    0.001859   407.1 min
  restart   5/8    eval   193   this Q    0.002164   best Q    0.001859   407.2 min
  restart   5/8    eval   194   this Q    0.002163   best Q    0.001859   407.4 min
  restart   5/8    eval   195   this Q    0.002179   best Q    0.001859   407.6 min
  restart   5/8    eval   196   this Q    0.002163   best Q    0.001859   407.8 min
  restart   5/8    eval   197   this Q    0.002173   best Q    0.001859   407.9 min
  restart   5/8    eval   198   this Q    0.002145   best Q    0.001859   408.1 min
  restart   5/8    eval   199   this Q    0.002151   best Q    0.001859   408.3 min
  restart   5/8    eval   200   this Q    0.002176   best Q    0.001859   408.5 min
  restart   5/8    eval   201   this Q    0.002157   best Q    0.001859   408.6 min
  restart   5/8    eval   202   this Q    0.002162   best Q    0.001859   408.8 min
  restart   5/8    eval   203   this Q    0.002156   best Q    0.001859   409.0 min
  restart   5/8    eval   204   this Q    0.002155   best Q    0.001859   409.1 min
  restart   5/8    eval   205   this Q    0.002157   best Q    0.001859   409.3 min
  restart   5/8    eval   206   this Q    0.002148   best Q    0.001859   409.5 min
  restart   5/8    eval   207   this Q     0.00215   best Q    0.001859   409.7 min
  restart   5/8    eval   208   this Q    0.002145   best Q    0.001859   409.8 min
  restart   5/8    eval   209   this Q    0.002162   best Q    0.001859   410.0 min
  restart   5/8    eval   210   this Q    0.002159   best Q    0.001859   410.2 min
  restart   5/8    eval   211   this Q     0.00215   best Q    0.001859   410.4 min
  restart   5/8    eval   212   this Q    0.002142   best Q    0.001859   410.5 min
  restart   5/8    eval   213   this Q    0.002161   best Q    0.001859   410.7 min
  restart   5/8    eval   214   this Q    0.002141   best Q    0.001859   410.9 min
  restart   5/8    eval   215   this Q    0.002155   best Q    0.001859   411.0 min
  restart   5/8    eval   216   this Q    0.002153   best Q    0.001859   411.2 min
  restart   5/8    eval   217   this Q    0.002147   best Q    0.001859   411.4 min
  restart   5/8    eval   218   this Q    0.002135   best Q    0.001859   411.6 min
  restart   5/8    eval   219   this Q     0.00214   best Q    0.001859   411.7 min
  restart   5/8    eval   220   this Q    0.002152   best Q    0.001859   411.9 min
  restart   5/8    eval   221   this Q    0.002143   best Q    0.001859   412.1 min
  restart   5/8    eval   222   this Q    0.002136   best Q    0.001859   412.3 min
  restart   5/8    eval   223   this Q     0.00213   best Q    0.001859   412.4 min
  restart   5/8    eval   224   this Q    0.002145   best Q    0.001859   412.6 min
  restart   5/8    eval   225   this Q    0.002152   best Q    0.001859   412.8 min
  restart   5/8    eval   226   this Q    0.002137   best Q    0.001859   412.9 min
  restart   5/8    eval   227   this Q    0.002155   best Q    0.001859   413.1 min
  restart   5/8    eval   228   this Q    0.002135   best Q    0.001859   413.3 min
  restart   5/8    eval   229   this Q    0.002144   best Q    0.001859   413.5 min
  restart   5/8    eval   230   this Q    0.002148   best Q    0.001859   413.6 min
  restart   5/8    eval   231   this Q    0.002134   best Q    0.001859   413.8 min
  restart   5/8    eval   232   this Q    0.002146   best Q    0.001859   414.0 min
  restart   5/8    eval   233   this Q    0.002136   best Q    0.001859   414.2 min
  restart   5/8    eval   234   this Q    0.002129   best Q    0.001859   414.3 min
  restart   5/8    eval   235   this Q     0.00213   best Q    0.001859   414.5 min
  restart   5/8    eval   236   this Q    0.002145   best Q    0.001859   414.7 min
  restart   5/8    eval   237   this Q    0.002135   best Q    0.001859   414.9 min
  restart   5/8    eval   238   this Q    0.002128   best Q    0.001859   415.0 min
  restart   5/8    eval   239   this Q    0.002136   best Q    0.001859   415.2 min
  restart   5/8    eval   240   this Q    0.002128   best Q    0.001859   415.4 min
  restart   5/8    eval   241   this Q    0.002139   best Q    0.001859   415.6 min
  restart   5/8    eval   242   this Q    0.002133   best Q    0.001859   415.7 min
  restart   5/8    eval   243   this Q    0.002135   best Q    0.001859   415.9 min
  restart   5/8    eval   244   this Q    0.002129   best Q    0.001859   416.1 min
  restart   5/8    eval   245   this Q    0.002132   best Q    0.001859   416.2 min
  restart   5/8    eval   246   this Q    0.002133   best Q    0.001859   416.4 min
  restart   5/8    eval   247   this Q    0.002135   best Q    0.001859   416.6 min
  restart   5/8    eval   248   this Q    0.002128   best Q    0.001859   416.8 min
  restart   5/8    eval   249   this Q    0.002135   best Q    0.001859   416.9 min
  restart   5/8    eval   250   this Q    0.002133   best Q    0.001859   417.1 min
  restart   5/8    eval   251   this Q    0.002133   best Q    0.001859   417.3 min
  restart   5/8    eval   252   this Q    0.002134   best Q    0.001859   417.5 min
  restart   5/8    eval   253   this Q    0.002133   best Q    0.001859   417.6 min
  restart   5/8    eval   254   this Q    0.002128   best Q    0.001859   417.8 min
  restart   5/8    eval   255   this Q     0.00213   best Q    0.001859   418.0 min
  restart   5/8    eval   256   this Q    0.002126   best Q    0.001859   418.2 min
  restart   5/8    eval   257   this Q    0.002128   best Q    0.001859   418.3 min
  restart   5/8    eval   258   this Q    0.002127   best Q    0.001859   418.5 min
  restart   5/8    eval   259   this Q    0.002128   best Q    0.001859   418.7 min
  restart   5/8    eval   260   this Q    0.002129   best Q    0.001859   418.9 min
  restart   5/8    eval   261   this Q    0.002128   best Q    0.001859   419.0 min
  restart   5/8    eval   262   this Q    0.002132   best Q    0.001859   419.2 min
  restart   5/8    eval   263   this Q    0.002125   best Q    0.001859   419.4 min
  restart   5/8    eval   264   this Q    0.002127   best Q    0.001859   419.5 min
  restart   5/8    eval   265   this Q    0.002126   best Q    0.001859   419.7 min
  restart   5/8    eval   266   this Q    0.002131   best Q    0.001859   419.9 min
  restart   5/8    eval   267   this Q    0.002126   best Q    0.001859   420.1 min
  restart   5/8    eval   268   this Q    0.002128   best Q    0.001859   420.2 min
  restart   5/8    eval   269   this Q    0.002127   best Q    0.001859   420.4 min
  restart   5/8    eval   270   this Q    0.002125   best Q    0.001859   420.6 min
  restart   5/8    eval   271   this Q    0.002122   best Q    0.001859   420.7 min
  restart   5/8    eval   272   this Q    0.002121   best Q    0.001859   420.9 min
  restart   5/8    eval   273   this Q    0.002125   best Q    0.001859   421.1 min
  restart   5/8    eval   274   this Q    0.002124   best Q    0.001859   421.3 min
  restart   5/8    eval   275   this Q    0.002127   best Q    0.001859   421.4 min
  restart   5/8    eval   276   this Q    0.002123   best Q    0.001859   421.6 min
  restart   5/8    eval   277   this Q    0.002127   best Q    0.001859   421.8 min
  restart   5/8    eval   278   this Q    0.002124   best Q    0.001859   422.0 min
  restart   5/8    eval   279   this Q    0.002128   best Q    0.001859   422.1 min
  restart   5/8    eval   280   this Q    0.002128   best Q    0.001859   422.3 min
  restart   5/8    eval   281   this Q    0.002121   best Q    0.001859   422.5 min
  restart   5/8    eval   282   this Q    0.002123   best Q    0.001859   422.7 min
  restart   5/8    eval   283   this Q    0.002121   best Q    0.001859   422.8 min
  restart   5/8    eval   284   this Q    0.002128   best Q    0.001859   423.0 min
  restart   5/8    eval   285   this Q    0.002126   best Q    0.001859   423.2 min
  restart   5/8    eval   286   this Q    0.002122   best Q    0.001859   423.3 min
  restart   5/8    eval   287   this Q    0.002124   best Q    0.001859   423.5 min
  restart   5/8    eval   288   this Q    0.002126   best Q    0.001859   423.7 min
  restart   5/8    eval   289   this Q    0.002121   best Q    0.001859   423.9 min
  restart   5/8    eval   290   this Q    0.002122   best Q    0.001859   424.0 min
  restart   5/8    eval   291   this Q    0.002123   best Q    0.001859   424.2 min
  restart   5/8    eval   292   this Q    0.002121   best Q    0.001859   424.4 min
  restart   5/8    eval   293   this Q    0.002121   best Q    0.001859   424.6 min
  restart   5/8    eval   294   this Q    0.002124   best Q    0.001859   424.7 min
  restart   5/8    eval   295   this Q    0.002123   best Q    0.001859   424.9 min
  restart   5/8   DONE   this    0.002121   best Q    0.001859   424.9 min, ~255 min left
  restart   6/8    eval     1   this Q      0.3122   best Q    0.001859   425.1 min
  restart   6/8    eval     2   this Q      0.3122   best Q    0.001859   425.2 min
  restart   6/8    eval     3   this Q       1.368   best Q    0.001859   425.4 min
  restart   6/8    eval     4   this Q      0.4323   best Q    0.001859   425.6 min
  restart   6/8    eval     5   this Q     0.06665   best Q    0.001859   425.8 min
  restart   6/8    eval     6   this Q       2.381   best Q    0.001859   425.9 min
  restart   6/8    eval     7   this Q        1.48   best Q    0.001859   426.1 min
  restart   6/8    eval     8   this Q      0.1983   best Q    0.001859   426.3 min
  restart   6/8    eval     9   this Q       1.129   best Q    0.001859   426.5 min
  restart   6/8    eval    10   this Q       5.031   best Q    0.001859   426.7 min
  restart   6/8    eval    11   this Q      0.8868   best Q    0.001859   426.8 min
  restart   6/8    eval    12   this Q      0.7859   best Q    0.001859   427.0 min
  restart   6/8    eval    13   this Q       2.582   best Q    0.001859   427.2 min
  restart   6/8    eval    14   this Q      0.6197   best Q    0.001859   427.3 min
  restart   6/8    eval    15   this Q       1.479   best Q    0.001859   427.5 min
  restart   6/8    eval    16   this Q       0.571   best Q    0.001859   427.7 min
  restart   6/8    eval    17   this Q       1.105   best Q    0.001859   427.9 min
  restart   6/8    eval    18   this Q      0.7374   best Q    0.001859   428.1 min
  restart   6/8    eval    19   this Q       1.619   best Q    0.001859   428.2 min
  restart   6/8    eval    20   this Q      0.2905   best Q    0.001859   428.4 min
  restart   6/8    eval    21   this Q      0.8802   best Q    0.001859   428.6 min
  restart   6/8    eval    22   this Q      0.4184   best Q    0.001859   428.7 min
  restart   6/8    eval    23   this Q       1.461   best Q    0.001859   428.9 min
  restart   6/8    eval    24   this Q       0.437   best Q    0.001859   429.1 min
  restart   6/8    eval    25   this Q       0.587   best Q    0.001859   429.3 min
  restart   6/8    eval    26   this Q      0.4598   best Q    0.001859   429.4 min
  restart   6/8    eval    27   this Q      0.6699   best Q    0.001859   429.6 min
  restart   6/8    eval    28   this Q     0.08431   best Q    0.001859   429.8 min
  restart   6/8    eval    29   this Q       0.723   best Q    0.001859   429.9 min
  restart   6/8    eval    30   this Q      0.2095   best Q    0.001859   430.1 min
  restart   6/8    eval    31   this Q      0.6154   best Q    0.001859   430.3 min
  restart   6/8    eval    32   this Q        0.17   best Q    0.001859   430.5 min
  restart   6/8    eval    33   this Q      0.3892   best Q    0.001859   430.7 min
  restart   6/8    eval    34   this Q      0.2142   best Q    0.001859   430.8 min
  restart   6/8    eval    35   this Q       1.181   best Q    0.001859   431.0 min
  restart   6/8    eval    36   this Q      0.1375   best Q    0.001859   431.2 min
  restart   6/8    eval    37   this Q       0.265   best Q    0.001859   431.4 min
  restart   6/8    eval    38   this Q      0.3573   best Q    0.001859   431.5 min
  restart   6/8    eval    39   this Q      0.1021   best Q    0.001859   431.7 min
  restart   6/8    eval    40   this Q      0.2582   best Q    0.001859   431.9 min
  restart   6/8    eval    41   this Q      0.2965   best Q    0.001859   432.1 min
  restart   6/8    eval    42   this Q      0.1021   best Q    0.001859   432.2 min
  restart   6/8    eval    43   this Q      0.3033   best Q    0.001859   432.4 min
  restart   6/8    eval    44   this Q     0.07254   best Q    0.001859   432.6 min
  restart   6/8    eval    45   this Q      0.3283   best Q    0.001859   432.8 min
  restart   6/8    eval    46   this Q     0.02684   best Q    0.001859   432.9 min
  restart   6/8    eval    47   this Q       0.232   best Q    0.001859   433.1 min
  restart   6/8    eval    48   this Q     0.07159   best Q    0.001859   433.3 min
  restart   6/8    eval    49   this Q      0.2962   best Q    0.001859   433.5 min
  restart   6/8    eval    50   this Q     0.04752   best Q    0.001859   433.7 min
  restart   6/8    eval    51   this Q      0.1235   best Q    0.001859   433.8 min
  restart   6/8    eval    52   this Q      0.0681   best Q    0.001859   434.0 min
  restart   6/8    eval    53   this Q      0.1389   best Q    0.001859   434.2 min
  restart   6/8    eval    54   this Q     0.03306   best Q    0.001859   434.4 min
  restart   6/8    eval    55   this Q      0.1632   best Q    0.001859   434.5 min
  restart   6/8    eval    56   this Q      0.0318   best Q    0.001859   434.7 min
  restart   6/8    eval    57   this Q      0.1652   best Q    0.001859   434.9 min
  restart   6/8    eval    58   this Q     0.03343   best Q    0.001859   435.1 min
  restart   6/8    eval    59   this Q     0.05051   best Q    0.001859   435.2 min
  restart   6/8    eval    60   this Q     0.09422   best Q    0.001859   435.4 min
  restart   6/8    eval    61   this Q      0.0225   best Q    0.001859   435.6 min
  restart   6/8    eval    62   this Q      0.1124   best Q    0.001859   435.8 min
  restart   6/8    eval    63   this Q     0.02129   best Q    0.001859   436.0 min
  restart   6/8    eval    64   this Q      0.1036   best Q    0.001859   436.1 min
  restart   6/8    eval    65   this Q     0.01386   best Q    0.001859   436.3 min
  restart   6/8    eval    66   this Q      0.1122   best Q    0.001859   436.5 min
  restart   6/8    eval    67   this Q     0.01415   best Q    0.001859   436.7 min
  restart   6/8    eval    68   this Q     0.07623   best Q    0.001859   436.8 min
  restart   6/8    eval    69   this Q      0.0209   best Q    0.001859   437.0 min
  restart   6/8    eval    70   this Q     0.04015   best Q    0.001859   437.2 min
  restart   6/8    eval    71   this Q     0.01548   best Q    0.001859   437.4 min
  restart   6/8    eval    72   this Q     0.01742   best Q    0.001859   437.5 min
  restart   6/8    eval    73   this Q     0.03218   best Q    0.001859   437.7 min
  restart   6/8    eval    74   this Q     0.01197   best Q    0.001859   437.9 min
  restart   6/8    eval    75   this Q      0.0374   best Q    0.001859   438.1 min
  restart   6/8    eval    76   this Q     0.01236   best Q    0.001859   438.3 min
  restart   6/8    eval    77   this Q     0.03845   best Q    0.001859   438.4 min
  restart   6/8    eval    78   this Q    0.009085   best Q    0.001859   438.6 min
  restart   6/8    eval    79   this Q     0.02479   best Q    0.001859   438.8 min
  restart   6/8    eval    80   this Q    0.009666   best Q    0.001859   438.9 min
  restart   6/8    eval    81   this Q     0.02012   best Q    0.001859   439.1 min
  restart   6/8    eval    82   this Q      0.0238   best Q    0.001859   439.3 min
  restart   6/8    eval    83   this Q    0.008911   best Q    0.001859   439.5 min
  restart   6/8    eval    84   this Q     0.01996   best Q    0.001859   439.6 min
  restart   6/8    eval    85   this Q    0.008632   best Q    0.001859   439.8 min
  restart   6/8    eval    86   this Q     0.02361   best Q    0.001859   440.0 min
  restart   6/8    eval    87   this Q    0.006666   best Q    0.001859   440.2 min
  restart   6/8    eval    88   this Q     0.01342   best Q    0.001859   440.3 min
  restart   6/8    eval    89   this Q     0.02363   best Q    0.001859   440.5 min
  restart   6/8    eval    90   this Q    0.005924   best Q    0.001859   440.7 min
  restart   6/8    eval    91   this Q     0.01803   best Q    0.001859   440.9 min
  restart   6/8    eval    92   this Q    0.006308   best Q    0.001859   441.1 min
  restart   6/8    eval    93   this Q     0.01922   best Q    0.001859   441.2 min
  restart   6/8    eval    94   this Q    0.006314   best Q    0.001859   441.4 min
  restart   6/8    eval    95   this Q     0.01359   best Q    0.001859   441.6 min
  restart   6/8    eval    96   this Q     0.00672   best Q    0.001859   441.8 min
  restart   6/8    eval    97   this Q     0.01171   best Q    0.001859   441.9 min
  restart   6/8    eval    98   this Q    0.006403   best Q    0.001859   442.1 min
  restart   6/8    eval    99   this Q     0.01247   best Q    0.001859   442.3 min
  restart   6/8    eval   100   this Q    0.005755   best Q    0.001859   442.5 min
  restart   6/8    eval   101   this Q    0.006904   best Q    0.001859   442.6 min
  restart   6/8    eval   102   this Q    0.006785   best Q    0.001859   442.8 min
  restart   6/8    eval   103   this Q    0.009765   best Q    0.001859   443.0 min
  restart   6/8    eval   104   this Q    0.005249   best Q    0.001859   443.2 min
  restart   6/8    eval   105   this Q     0.01037   best Q    0.001859   443.4 min
  restart   6/8    eval   106   this Q    0.004571   best Q    0.001859   443.5 min
  restart   6/8    eval   107   this Q    0.008483   best Q    0.001859   443.7 min
  restart   6/8    eval   108   this Q    0.004644   best Q    0.001859   443.9 min
  restart   6/8    eval   109   this Q    0.009763   best Q    0.001859   444.1 min
  restart   6/8    eval   110   this Q    0.004655   best Q    0.001859   444.2 min
  restart   6/8    eval   111   this Q    0.007525   best Q    0.001859   444.4 min
  restart   6/8    eval   112   this Q    0.004819   best Q    0.001859   444.6 min
  restart   6/8    eval   113   this Q    0.005671   best Q    0.001859   444.8 min
  restart   6/8    eval   114   this Q    0.005613   best Q    0.001859   444.9 min
  restart   6/8    eval   115   this Q    0.005874   best Q    0.001859   445.1 min
  restart   6/8    eval   116   this Q    0.009255   best Q    0.001859   445.3 min
  restart   6/8    eval   117   this Q     0.00428   best Q    0.001859   445.5 min
  restart   6/8    eval   118   this Q    0.006021   best Q    0.001859   445.6 min
  restart   6/8    eval   119   this Q    0.004623   best Q    0.001859   445.8 min
  restart   6/8    eval   120   this Q    0.005691   best Q    0.001859   446.0 min
  restart   6/8    eval   121   this Q    0.004561   best Q    0.001859   446.2 min
  restart   6/8    eval   122   this Q    0.005791   best Q    0.001859   446.3 min
  restart   6/8    eval   123   this Q    0.004544   best Q    0.001859   446.5 min
  restart   6/8    eval   124   this Q    0.005099   best Q    0.001859   446.7 min
  restart   6/8    eval   125   this Q    0.004369   best Q    0.001859   446.9 min
  restart   6/8    eval   126   this Q    0.004841   best Q    0.001859   447.0 min
  restart   6/8    eval   127   this Q    0.004202   best Q    0.001859   447.2 min
  restart   6/8    eval   128   this Q    0.005314   best Q    0.001859   447.4 min
  restart   6/8    eval   129   this Q    0.004181   best Q    0.001859   447.6 min
  restart   6/8    eval   130   this Q    0.004796   best Q    0.001859   447.7 min
  restart   6/8    eval   131   this Q    0.004174   best Q    0.001859   447.9 min
  restart   6/8    eval   132   this Q    0.004624   best Q    0.001859   448.1 min
  restart   6/8    eval   133   this Q    0.004181   best Q    0.001859   448.3 min
  restart   6/8    eval   134   this Q    0.004984   best Q    0.001859   448.4 min
  restart   6/8    eval   135   this Q    0.004144   best Q    0.001859   448.6 min
  restart   6/8    eval   136   this Q    0.004517   best Q    0.001859   448.8 min
  restart   6/8    eval   137   this Q    0.004049   best Q    0.001859   449.0 min
  restart   6/8    eval   138   this Q    0.004703   best Q    0.001859   449.1 min
  restart   6/8    eval   139   this Q    0.004098   best Q    0.001859   449.3 min
  restart   6/8    eval   140   this Q    0.004395   best Q    0.001859   449.5 min
  restart   6/8    eval   141   this Q    0.004027   best Q    0.001859   449.7 min
  restart   6/8    eval   142   this Q    0.005175   best Q    0.001859   449.8 min
  restart   6/8    eval   143   this Q    0.003964   best Q    0.001859   450.0 min
  restart   6/8    eval   144   this Q    0.004167   best Q    0.001859   450.2 min
  restart   6/8    eval   145   this Q    0.004222   best Q    0.001859   450.4 min
  restart   6/8    eval   146   this Q    0.003989   best Q    0.001859   450.5 min
  restart   6/8    eval   147   this Q    0.004078   best Q    0.001859   450.7 min
  restart   6/8    eval   148   this Q    0.003851   best Q    0.001859   450.9 min
  restart   6/8    eval   149   this Q    0.004051   best Q    0.001859   451.1 min
  restart   6/8    eval   150   this Q    0.003648   best Q    0.001859   451.2 min
  restart   6/8    eval   151   this Q     0.00355   best Q    0.001859   451.4 min
  restart   6/8    eval   152   this Q    0.004127   best Q    0.001859   451.6 min
  restart   6/8    eval   153   this Q    0.004147   best Q    0.001859   451.8 min
  restart   6/8    eval   154   this Q    0.003876   best Q    0.001859   451.9 min
  restart   6/8    eval   155   this Q    0.004122   best Q    0.001859   452.1 min
  restart   6/8    eval   156   this Q    0.003867   best Q    0.001859   452.3 min
  restart   6/8    eval   157   this Q    0.004329   best Q    0.001859   452.4 min
  restart   6/8    eval   158   this Q    0.003838   best Q    0.001859   452.6 min
  restart   6/8    eval   159   this Q    0.004206   best Q    0.001859   452.8 min
  restart   6/8    eval   160   this Q    0.003844   best Q    0.001859   452.9 min
  restart   6/8    eval   161   this Q    0.003785   best Q    0.001859   453.1 min
  restart   6/8    eval   162   this Q    0.003638   best Q    0.001859   453.3 min
  restart   6/8    eval   163   this Q    0.003656   best Q    0.001859   453.5 min
  restart   6/8    eval   164   this Q    0.003724   best Q    0.001859   453.6 min
  restart   6/8    eval   165   this Q    0.003589   best Q    0.001859   453.8 min
  restart   6/8    eval   166   this Q    0.003649   best Q    0.001859   454.0 min
  restart   6/8    eval   167   this Q     0.00344   best Q    0.001859   454.2 min
  restart   6/8    eval   168   this Q    0.003383   best Q    0.001859   454.3 min
  restart   6/8    eval   169   this Q    0.003707   best Q    0.001859   454.5 min
  restart   6/8    eval   170   this Q    0.003275   best Q    0.001859   454.7 min
  restart   6/8    eval   171   this Q    0.003113   best Q    0.001859   454.9 min
  restart   6/8    eval   172   this Q    0.003426   best Q    0.001859   455.0 min
  restart   6/8    eval   173   this Q    0.003831   best Q    0.001859   455.2 min
  restart   6/8    eval   174   this Q    0.003488   best Q    0.001859   455.4 min
  restart   6/8    eval   175   this Q     0.00345   best Q    0.001859   455.5 min
  restart   6/8    eval   176   this Q    0.003269   best Q    0.001859   455.7 min
  restart   6/8    eval   177   this Q     0.00328   best Q    0.001859   455.9 min
  restart   6/8    eval   178   this Q    0.003334   best Q    0.001859   456.1 min
  restart   6/8    eval   179   this Q    0.003089   best Q    0.001859   456.2 min
  restart   6/8    eval   180   this Q     0.00309   best Q    0.001859   456.4 min
  restart   6/8    eval   181   this Q    0.003018   best Q    0.001859   456.6 min
  restart   6/8    eval   182   this Q    0.002963   best Q    0.001859   456.8 min
  restart   6/8    eval   183   this Q    0.003033   best Q    0.001859   456.9 min
  restart   6/8    eval   184   this Q    0.003259   best Q    0.001859   457.1 min
  restart   6/8    eval   185   this Q    0.003535   best Q    0.001859   457.3 min
  restart   6/8    eval   186   this Q    0.003168   best Q    0.001859   457.4 min
  restart   6/8    eval   187   this Q    0.002961   best Q    0.001859   457.6 min
  restart   6/8    eval   188   this Q    0.003051   best Q    0.001859   457.8 min
  restart   6/8    eval   189   this Q    0.002955   best Q    0.001859   458.0 min
  restart   6/8    eval   190   this Q    0.003112   best Q    0.001859   458.1 min
  restart   6/8    eval   191   this Q    0.002997   best Q    0.001859   458.3 min
  restart   6/8    eval   192   this Q    0.002857   best Q    0.001859   458.5 min
  restart   6/8    eval   193   this Q    0.002923   best Q    0.001859   458.7 min
  restart   6/8    eval   194   this Q    0.002873   best Q    0.001859   458.8 min
  restart   6/8    eval   195   this Q    0.002903   best Q    0.001859   459.0 min
  restart   6/8    eval   196   this Q    0.002813   best Q    0.001859   459.2 min
  restart   6/8    eval   197   this Q    0.002888   best Q    0.001859   459.3 min
  restart   6/8    eval   198   this Q    0.002752   best Q    0.001859   459.5 min
  restart   6/8    eval   199   this Q    0.002873   best Q    0.001859   459.7 min
  restart   6/8    eval   200   this Q    0.002769   best Q    0.001859   459.9 min
  restart   6/8    eval   201   this Q    0.002882   best Q    0.001859   460.0 min
  restart   6/8    eval   202   this Q    0.002739   best Q    0.001859   460.2 min
  restart   6/8    eval   203   this Q    0.002879   best Q    0.001859   460.4 min
  restart   6/8    eval   204   this Q    0.002733   best Q    0.001859   460.6 min
  restart   6/8    eval   205   this Q    0.002941   best Q    0.001859   460.7 min
  restart   6/8    eval   206   this Q    0.002823   best Q    0.001859   460.9 min
  restart   6/8    eval   207   this Q    0.002605   best Q    0.001859   461.1 min
  restart   6/8    eval   208   this Q    0.002609   best Q    0.001859   461.2 min
  restart   6/8    eval   209   this Q    0.002749   best Q    0.001859   461.4 min
  restart   6/8    eval   210   this Q    0.003008   best Q    0.001859   461.6 min
  restart   6/8    eval   211   this Q    0.002703   best Q    0.001859   461.8 min
  restart   6/8    eval   212   this Q    0.002606   best Q    0.001859   461.9 min
  restart   6/8    eval   213   this Q    0.002792   best Q    0.001859   462.1 min
  restart   6/8    eval   214   this Q    0.002647   best Q    0.001859   462.3 min
  restart   6/8    eval   215   this Q    0.002714   best Q    0.001859   462.5 min
  restart   6/8    eval   216   this Q      0.0026   best Q    0.001859   462.6 min
  restart   6/8    eval   217   this Q    0.002717   best Q    0.001859   462.8 min
  restart   6/8    eval   218   this Q    0.002555   best Q    0.001859   463.0 min
  restart   6/8    eval   219   this Q    0.002636   best Q    0.001859   463.1 min
  restart   6/8    eval   220   this Q    0.002744   best Q    0.001859   463.3 min
  restart   6/8    eval   221   this Q    0.002624   best Q    0.001859   463.5 min
  restart   6/8    eval   222   this Q    0.002618   best Q    0.001859   463.7 min
  restart   6/8    eval   223   this Q    0.002625   best Q    0.001859   463.8 min
  restart   6/8    eval   224   this Q    0.002624   best Q    0.001859   464.0 min
  restart   6/8    eval   225   this Q    0.002466   best Q    0.001859   464.2 min
  restart   6/8    eval   226   this Q    0.002454   best Q    0.001859   464.4 min
  restart   6/8    eval   227   this Q    0.002665   best Q    0.001859   464.5 min
  restart   6/8    eval   228   this Q    0.002556   best Q    0.001859   464.7 min
  restart   6/8    eval   229   this Q    0.002625   best Q    0.001859   464.9 min
  restart   6/8    eval   230   this Q    0.002541   best Q    0.001859   465.1 min
  restart   6/8    eval   231   this Q    0.002678   best Q    0.001859   465.2 min
  restart   6/8    eval   232   this Q    0.002545   best Q    0.001859   465.4 min
  restart   6/8    eval   233   this Q    0.002444   best Q    0.001859   465.6 min
  restart   6/8    eval   234   this Q    0.002421   best Q    0.001859   465.8 min
  restart   6/8    eval   235   this Q    0.002548   best Q    0.001859   465.9 min
  restart   6/8    eval   236   this Q    0.002487   best Q    0.001859   466.1 min
  restart   6/8    eval   237   this Q    0.002458   best Q    0.001859   466.3 min
  restart   6/8    eval   238   this Q    0.002469   best Q    0.001859   466.5 min
  restart   6/8    eval   239   this Q    0.002357   best Q    0.001859   466.6 min
  restart   6/8    eval   240   this Q    0.002316   best Q    0.001859   466.8 min
  restart   6/8    eval   241   this Q    0.002393   best Q    0.001859   467.0 min
  restart   6/8    eval   242   this Q    0.002428   best Q    0.001859   467.2 min
  restart   6/8    eval   243   this Q    0.002368   best Q    0.001859   467.3 min
  restart   6/8    eval   244   this Q    0.002366   best Q    0.001859   467.5 min
  restart   6/8    eval   245   this Q    0.002491   best Q    0.001859   467.7 min
  restart   6/8    eval   246   this Q     0.00239   best Q    0.001859   467.9 min
  restart   6/8    eval   247   this Q    0.002339   best Q    0.001859   468.0 min
  restart   6/8    eval   248   this Q    0.002314   best Q    0.001859   468.2 min
  restart   6/8    eval   249   this Q    0.002411   best Q    0.001859   468.4 min
  restart   6/8    eval   250   this Q    0.002342   best Q    0.001859   468.6 min
  restart   6/8    eval   251   this Q     0.00241   best Q    0.001859   468.7 min
  restart   6/8    eval   252   this Q    0.002396   best Q    0.001859   468.9 min
  restart   6/8    eval   253   this Q    0.002399   best Q    0.001859   469.1 min
  restart   6/8    eval   254   this Q    0.002335   best Q    0.001859   469.3 min
  restart   6/8    eval   255   this Q    0.002437   best Q    0.001859   469.5 min
  restart   6/8    eval   256   this Q    0.002326   best Q    0.001859   469.6 min
  restart   6/8    eval   257   this Q    0.002362   best Q    0.001859   469.8 min
  restart   6/8    eval   258   this Q    0.002337   best Q    0.001859   470.0 min
  restart   6/8    eval   259   this Q      0.0023   best Q    0.001859   470.2 min
  restart   6/8    eval   260   this Q    0.002359   best Q    0.001859   470.3 min
  restart   6/8    eval   261   this Q    0.002311   best Q    0.001859   470.5 min
  restart   6/8    eval   262   this Q    0.002293   best Q    0.001859   470.7 min
  restart   6/8    eval   263   this Q    0.002376   best Q    0.001859   470.9 min
  restart   6/8    eval   264   this Q    0.002392   best Q    0.001859   471.0 min
  restart   6/8    eval   265   this Q    0.002293   best Q    0.001859   471.2 min
  restart   6/8    eval   266   this Q    0.002282   best Q    0.001859   471.4 min
  restart   6/8    eval   267   this Q    0.002352   best Q    0.001859   471.6 min
  restart   6/8    eval   268   this Q    0.002359   best Q    0.001859   471.7 min
  restart   6/8    eval   269   this Q    0.002295   best Q    0.001859   471.9 min
  restart   6/8    eval   270   this Q    0.002264   best Q    0.001859   472.1 min
  restart   6/8    eval   271   this Q    0.002304   best Q    0.001859   472.3 min
  restart   6/8    eval   272   this Q    0.002271   best Q    0.001859   472.4 min
  restart   6/8    eval   273   this Q    0.002299   best Q    0.001859   472.6 min
  restart   6/8    eval   274   this Q    0.002299   best Q    0.001859   472.8 min
  restart   6/8    eval   275   this Q    0.002301   best Q    0.001859   473.0 min
  restart   6/8    eval   276   this Q    0.002268   best Q    0.001859   473.1 min
  restart   6/8    eval   277   this Q    0.002267   best Q    0.001859   473.3 min
  restart   6/8    eval   278   this Q    0.002288   best Q    0.001859   473.5 min
  restart   6/8    eval   279   this Q    0.002322   best Q    0.001859   473.7 min
  restart   6/8    eval   280   this Q    0.002262   best Q    0.001859   473.8 min
  restart   6/8    eval   281   this Q    0.002273   best Q    0.001859   474.0 min
  restart   6/8    eval   282   this Q    0.002282   best Q    0.001859   474.2 min
  restart   6/8    eval   283   this Q    0.002235   best Q    0.001859   474.4 min
  restart   6/8    eval   284   this Q     0.00226   best Q    0.001859   474.5 min
  restart   6/8    eval   285   this Q    0.002286   best Q    0.001859   474.7 min
  restart   6/8    eval   286   this Q    0.002255   best Q    0.001859   474.9 min
  restart   6/8    eval   287   this Q    0.002272   best Q    0.001859   475.1 min
  restart   6/8    eval   288   this Q    0.002254   best Q    0.001859   475.2 min
  restart   6/8    eval   289   this Q     0.00227   best Q    0.001859   475.4 min
  restart   6/8    eval   290   this Q    0.002286   best Q    0.001859   475.6 min
  restart   6/8    eval   291   this Q    0.002251   best Q    0.001859   475.8 min
  restart   6/8    eval   292   this Q    0.002274   best Q    0.001859   475.9 min
  restart   6/8    eval   293   this Q    0.002248   best Q    0.001859   476.1 min
  restart   6/8    eval   294   this Q    0.002256   best Q    0.001859   476.3 min
  restart   6/8    eval   295   this Q    0.002242   best Q    0.001859   476.5 min
  restart   6/8    eval   296   this Q    0.002275   best Q    0.001859   476.6 min
  restart   6/8    eval   297   this Q    0.002245   best Q    0.001859   476.8 min
  restart   6/8    eval   298   this Q    0.002274   best Q    0.001859   477.0 min
  restart   6/8    eval   299   this Q    0.002244   best Q    0.001859   477.2 min
  restart   6/8    eval   300   this Q     0.00226   best Q    0.001859   477.3 min
  restart   6/8    eval   301   this Q    0.002242   best Q    0.001859   477.5 min
  restart   6/8    eval   302   this Q    0.002256   best Q    0.001859   477.7 min
  restart   6/8    eval   303   this Q    0.002247   best Q    0.001859   477.9 min
  restart   6/8    eval   304   this Q    0.002239   best Q    0.001859   478.0 min
  restart   6/8    eval   305   this Q    0.002263   best Q    0.001859   478.2 min
  restart   6/8    eval   306   this Q    0.002235   best Q    0.001859   478.4 min
  restart   6/8    eval   307   this Q    0.002242   best Q    0.001859   478.5 min
  restart   6/8    eval   308   this Q     0.00223   best Q    0.001859   478.7 min
  restart   6/8    eval   309   this Q    0.002233   best Q    0.001859   478.9 min
  restart   6/8    eval   310   this Q    0.002251   best Q    0.001859   479.1 min
  restart   6/8    eval   311   this Q    0.002243   best Q    0.001859   479.2 min
  restart   6/8    eval   312   this Q    0.002248   best Q    0.001859   479.4 min
  restart   6/8    eval   313   this Q    0.002242   best Q    0.001859   479.6 min
  restart   6/8    eval   314   this Q    0.002236   best Q    0.001859   479.7 min
  restart   6/8    eval   315   this Q     0.00224   best Q    0.001859   479.9 min
  restart   6/8    eval   316   this Q    0.002229   best Q    0.001859   480.1 min
  restart   6/8    eval   317   this Q     0.00223   best Q    0.001859   480.2 min
  restart   6/8    eval   318   this Q    0.002247   best Q    0.001859   480.4 min
  restart   6/8    eval   319   this Q    0.002233   best Q    0.001859   480.6 min
  restart   6/8    eval   320   this Q    0.002236   best Q    0.001859   480.8 min
  restart   6/8    eval   321   this Q    0.002233   best Q    0.001859   480.9 min
  restart   6/8    eval   322   this Q    0.002228   best Q    0.001859   481.1 min
  restart   6/8    eval   323   this Q    0.002232   best Q    0.001859   481.3 min
  restart   6/8    eval   324   this Q    0.002233   best Q    0.001859   481.4 min
  restart   6/8    eval   325   this Q    0.002243   best Q    0.001859   481.6 min
  restart   6/8    eval   326   this Q    0.002232   best Q    0.001859   481.8 min
  restart   6/8    eval   327   this Q    0.002235   best Q    0.001859   482.0 min
  restart   6/8    eval   328   this Q    0.002239   best Q    0.001859   482.1 min
  restart   6/8    eval   329   this Q    0.002235   best Q    0.001859   482.3 min
  restart   6/8    eval   330   this Q    0.002229   best Q    0.001859   482.5 min
  restart   6/8    eval   331   this Q    0.002234   best Q    0.001859   482.7 min
  restart   6/8    eval   332   this Q    0.002238   best Q    0.001859   482.8 min
  restart   6/8    eval   333   this Q    0.002233   best Q    0.001859   483.0 min
  restart   6/8    eval   334   this Q    0.002239   best Q    0.001859   483.2 min
  restart   6/8    eval   335   this Q    0.002235   best Q    0.001859   483.4 min
  restart   6/8    eval   336   this Q    0.002232   best Q    0.001859   483.5 min
  restart   6/8    eval   337   this Q    0.002236   best Q    0.001859   483.7 min
  restart   6/8    eval   338   this Q    0.002237   best Q    0.001859   483.9 min
  restart   6/8    eval   339   this Q    0.002233   best Q    0.001859   484.0 min
  restart   6/8    eval   340   this Q    0.002233   best Q    0.001859   484.2 min
  restart   6/8    eval   341   this Q     0.00223   best Q    0.001859   484.4 min
  restart   6/8    eval   342   this Q    0.002227   best Q    0.001859   484.6 min
  restart   6/8    eval   343   this Q    0.002227   best Q    0.001859   484.7 min
  restart   6/8    eval   344   this Q    0.002236   best Q    0.001859   484.9 min
  restart   6/8    eval   345   this Q    0.002234   best Q    0.001859   485.1 min
  restart   6/8    eval   346   this Q    0.002235   best Q    0.001859   485.3 min
  restart   6/8    eval   347   this Q    0.002226   best Q    0.001859   485.4 min
  restart   6/8    eval   348   this Q    0.002229   best Q    0.001859   485.6 min
  restart   6/8    eval   349   this Q    0.002236   best Q    0.001859   485.8 min
  restart   6/8    eval   350   this Q     0.00223   best Q    0.001859   485.9 min
  restart   6/8    eval   351   this Q    0.002228   best Q    0.001859   486.1 min
  restart   6/8    eval   352   this Q    0.002236   best Q    0.001859   486.3 min
  restart   6/8    eval   353   this Q    0.002228   best Q    0.001859   486.5 min
  restart   6/8    eval   354   this Q    0.002224   best Q    0.001859   486.6 min
  restart   6/8    eval   355   this Q     0.00223   best Q    0.001859   486.8 min
  restart   6/8    eval   356   this Q    0.002224   best Q    0.001859   487.0 min
  restart   6/8    eval   357   this Q    0.002224   best Q    0.001859   487.2 min
  restart   6/8    eval   358   this Q    0.002231   best Q    0.001859   487.3 min
  restart   6/8    eval   359   this Q    0.002229   best Q    0.001859   487.5 min
  restart   6/8    eval   360   this Q    0.002228   best Q    0.001859   487.7 min
  restart   6/8    eval   361   this Q    0.002225   best Q    0.001859   487.9 min
  restart   6/8    eval   362   this Q    0.002235   best Q    0.001859   488.0 min
  restart   6/8    eval   363   this Q    0.002226   best Q    0.001859   488.2 min
  restart   6/8    eval   364   this Q    0.002228   best Q    0.001859   488.4 min
  restart   6/8    eval   365   this Q    0.002226   best Q    0.001859   488.5 min
  restart   6/8    eval   366   this Q    0.002236   best Q    0.001859   488.7 min
  restart   6/8    eval   367   this Q    0.002232   best Q    0.001859   488.9 min
  restart   6/8    eval   368   this Q    0.002225   best Q    0.001859   489.1 min
  restart   6/8    eval   369   this Q    0.002229   best Q    0.001859   489.2 min
  restart   6/8    eval   370   this Q    0.002226   best Q    0.001859   489.4 min
  restart   6/8    eval   371   this Q    0.002226   best Q    0.001859   489.6 min
  restart   6/8    eval   372   this Q    0.002225   best Q    0.001859   489.8 min
  restart   6/8    eval   373   this Q    0.002227   best Q    0.001859   489.9 min
  restart   6/8    eval   374   this Q    0.002227   best Q    0.001859   490.1 min
  restart   6/8    eval   375   this Q    0.002227   best Q    0.001859   490.3 min
  restart   6/8    eval   376   this Q    0.002224   best Q    0.001859   490.4 min
  restart   6/8    eval   377   this Q    0.002227   best Q    0.001859   490.6 min
  restart   6/8    eval   378   this Q     0.00223   best Q    0.001859   490.8 min
  restart   6/8    eval   379   this Q    0.002225   best Q    0.001859   491.0 min
  restart   6/8    eval   380   this Q    0.002224   best Q    0.001859   491.2 min
  restart   6/8    eval   381   this Q    0.002225   best Q    0.001859   491.3 min
  restart   6/8    eval   382   this Q    0.002225   best Q    0.001859   491.5 min
  restart   6/8    eval   383   this Q    0.002227   best Q    0.001859   491.7 min
  restart   6/8    eval   384   this Q    0.002229   best Q    0.001859   491.9 min
  restart   6/8    eval   385   this Q    0.002225   best Q    0.001859   492.1 min
  restart   6/8    eval   386   this Q    0.002225   best Q    0.001859   492.2 min
  restart   6/8    eval   387   this Q    0.002224   best Q    0.001859   492.4 min
  restart   6/8    eval   388   this Q    0.002227   best Q    0.001859   492.6 min
  restart   6/8    eval   389   this Q    0.002227   best Q    0.001859   492.8 min
  restart   6/8    eval   390   this Q     0.00223   best Q    0.001859   492.9 min
  restart   6/8    eval   391   this Q    0.002227   best Q    0.001859   493.1 min
  restart   6/8    eval   392   this Q    0.002225   best Q    0.001859   493.3 min
  restart   6/8    eval   393   this Q    0.002226   best Q    0.001859   493.5 min
  restart   6/8    eval   394   this Q    0.002231   best Q    0.001859   493.7 min
  restart   6/8    eval   395   this Q    0.002224   best Q    0.001859   493.8 min
  restart   6/8    eval   396   this Q    0.002227   best Q    0.001859   494.0 min
  restart   6/8    eval   397   this Q    0.002225   best Q    0.001859   494.2 min
  restart   6/8    eval   398   this Q    0.002225   best Q    0.001859   494.4 min
  restart   6/8    eval   399   this Q    0.002224   best Q    0.001859   494.5 min
  restart   6/8    eval   400   this Q    0.002227   best Q    0.001859   494.7 min
  restart   6/8    eval   401   this Q    0.002231   best Q    0.001859   494.9 min
  restart   6/8    eval   402   this Q     0.00223   best Q    0.001859   495.1 min
  restart   6/8    eval   403   this Q    0.002226   best Q    0.001859   495.2 min
  restart   6/8    eval   404   this Q    0.002224   best Q    0.001859   495.4 min
  restart   6/8    eval   405   this Q    0.002225   best Q    0.001859   495.6 min
  restart   6/8    eval   406   this Q    0.002225   best Q    0.001859   495.8 min
  restart   6/8    eval   407   this Q    0.002225   best Q    0.001859   495.9 min
  restart   6/8   DONE   this    0.002224   best Q    0.001859   495.9 min, ~165 min left
  restart   7/8    eval     1   this Q     0.01008   best Q    0.001859   496.1 min
  restart   7/8    eval     2   this Q     0.01008   best Q    0.001859   496.3 min
  restart   7/8    eval     3   this Q       1.038   best Q    0.001859   496.5 min
  restart   7/8    eval     4   this Q      0.3871   best Q    0.001859   496.6 min
  restart   7/8    eval     5   this Q      0.2182   best Q    0.001859   496.8 min
  restart   7/8    eval     6   this Q       2.202   best Q    0.001859   497.0 min
  restart   7/8    eval     7   this Q       1.411   best Q    0.001859   497.2 min
  restart   7/8    eval     8   this Q      0.1389   best Q    0.001859   497.4 min
  restart   7/8    eval     9   this Q      0.6149   best Q    0.001859   497.5 min
  restart   7/8    eval    10   this Q       3.381   best Q    0.001859   497.7 min
  restart   7/8    eval    11   this Q      0.7271   best Q    0.001859   497.9 min
  restart   7/8    eval    12   this Q        0.75   best Q    0.001859   498.1 min
  restart   7/8    eval    13   this Q       2.014   best Q    0.001859   498.2 min
  restart   7/8    eval    14   this Q      0.5401   best Q    0.001859   498.4 min
  restart   7/8    eval    15   this Q       1.206   best Q    0.001859   498.6 min
  restart   7/8    eval    16   this Q      0.3562   best Q    0.001859   498.7 min
  restart   7/8    eval    17   this Q      0.4286   best Q    0.001859   498.9 min
  restart   7/8    eval    18   this Q       5.339   best Q    0.001859   499.1 min
  restart   7/8    eval    19   this Q      0.2361   best Q    0.001859   499.3 min
  restart   7/8    eval    20   this Q      0.5938   best Q    0.001859   499.5 min
  restart   7/8    eval    21   this Q       0.389   best Q    0.001859   499.6 min
  restart   7/8    eval    22   this Q      0.6717   best Q    0.001859   499.8 min
  restart   7/8    eval    23   this Q      0.2271   best Q    0.001859   500.0 min
  restart   7/8    eval    24   this Q       0.651   best Q    0.001859   500.2 min
  restart   7/8    eval    25   this Q      0.1664   best Q    0.001859   500.3 min
  restart   7/8    eval    26   this Q      0.7862   best Q    0.001859   500.5 min
  restart   7/8    eval    27   this Q       0.157   best Q    0.001859   500.7 min
  restart   7/8    eval    28   this Q      0.5359   best Q    0.001859   500.9 min
  restart   7/8    eval    29   this Q      0.1631   best Q    0.001859   501.0 min
  restart   7/8    eval    30   this Q      0.0761   best Q    0.001859   501.2 min
  restart   7/8    eval    31   this Q       0.884   best Q    0.001859   501.4 min
  restart   7/8    eval    32   this Q      0.0674   best Q    0.001859   501.6 min
  restart   7/8    eval    33   this Q      0.3516   best Q    0.001859   501.8 min
  restart   7/8    eval    34   this Q     0.09873   best Q    0.001859   501.9 min
  restart   7/8    eval    35   this Q      0.1083   best Q    0.001859   502.1 min
  restart   7/8    eval    36   this Q      0.1951   best Q    0.001859   502.3 min
  restart   7/8    eval    37   this Q     0.08697   best Q    0.001859   502.4 min
  restart   7/8    eval    38   this Q      0.0996   best Q    0.001859   502.6 min
  restart   7/8    eval    39   this Q     0.06673   best Q    0.001859   502.8 min
  restart   7/8    eval    40   this Q      0.2522   best Q    0.001859   503.0 min
  restart   7/8    eval    41   this Q     0.03886   best Q    0.001859   503.1 min
  restart   7/8    eval    42   this Q      0.1882   best Q    0.001859   503.3 min
  restart   7/8    eval    43   this Q     0.04601   best Q    0.001859   503.5 min
  restart   7/8    eval    44   this Q     0.07592   best Q    0.001859   503.7 min
  restart   7/8    eval    45   this Q     0.09304   best Q    0.001859   503.8 min
  restart   7/8    eval    46   this Q     0.05599   best Q    0.001859   504.0 min
  restart   7/8    eval    47   this Q     0.08595   best Q    0.001859   504.2 min
  restart   7/8    eval    48   this Q      0.1658   best Q    0.001859   504.4 min
  restart   7/8    eval    49   this Q     0.02829   best Q    0.001859   504.6 min
  restart   7/8    eval    50   this Q     0.08368   best Q    0.001859   504.7 min
  restart   7/8    eval    51   this Q     0.02858   best Q    0.001859   504.9 min
  restart   7/8    eval    52   this Q      0.1333   best Q    0.001859   505.1 min
  restart   7/8    eval    53   this Q     0.03049   best Q    0.001859   505.3 min
  restart   7/8    eval    54   this Q      0.1256   best Q    0.001859   505.4 min
  restart   7/8    eval    55   this Q     0.02274   best Q    0.001859   505.6 min
  restart   7/8    eval    56   this Q     0.09754   best Q    0.001859   505.8 min
  restart   7/8    eval    57   this Q     0.02005   best Q    0.001859   506.0 min
  restart   7/8    eval    58   this Q      0.1004   best Q    0.001859   506.2 min
  restart   7/8    eval    59   this Q     0.02138   best Q    0.001859   506.3 min
  restart   7/8    eval    60   this Q     0.08905   best Q    0.001859   506.5 min
  restart   7/8    eval    61   this Q     0.01829   best Q    0.001859   506.7 min
  restart   7/8    eval    62   this Q     0.02622   best Q    0.001859   506.9 min
  restart   7/8    eval    63   this Q     0.04485   best Q    0.001859   507.0 min
  restart   7/8    eval    64   this Q     0.01498   best Q    0.001859   507.2 min
  restart   7/8    eval    65   this Q     0.02646   best Q    0.001859   507.4 min
  restart   7/8    eval    66   this Q     0.03116   best Q    0.001859   507.6 min
  restart   7/8    eval    67   this Q     0.01235   best Q    0.001859   507.7 min
  restart   7/8    eval    68   this Q     0.05182   best Q    0.001859   507.9 min
  restart   7/8    eval    69   this Q     0.01136   best Q    0.001859   508.1 min
  restart   7/8    eval    70   this Q     0.02486   best Q    0.001859   508.3 min
  restart   7/8    eval    71   this Q     0.03789   best Q    0.001859   508.4 min
  restart   7/8    eval    72   this Q     0.01135   best Q    0.001859   508.6 min
  restart   7/8    eval    73   this Q     0.02454   best Q    0.001859   508.8 min
  restart   7/8    eval    74   this Q     0.01019   best Q    0.001859   509.0 min
  restart   7/8    eval    75   this Q     0.04271   best Q    0.001859   509.1 min
  restart   7/8    eval    76   this Q    0.009577   best Q    0.001859   509.3 min
  restart   7/8    eval    77   this Q     0.01823   best Q    0.001859   509.5 min
  restart   7/8    eval    78   this Q     0.01487   best Q    0.001859   509.7 min
  restart   7/8    eval    79   this Q     0.02668   best Q    0.001859   509.8 min
  restart   7/8    eval    80   this Q    0.009167   best Q    0.001859   510.0 min
  restart   7/8    eval    81   this Q     0.01627   best Q    0.001859   510.2 min
  restart   7/8    eval    82   this Q    0.009302   best Q    0.001859   510.4 min
  restart   7/8    eval    83   this Q    0.006746   best Q    0.001859   510.5 min
  restart   7/8    eval    84   this Q     0.01772   best Q    0.001859   510.7 min
  restart   7/8    eval    85   this Q     0.02076   best Q    0.001859   510.9 min
  restart   7/8    eval    86   this Q    0.007563   best Q    0.001859   511.1 min
  restart   7/8    eval    87   this Q    0.007821   best Q    0.001859   511.2 min
  restart   7/8    eval    88   this Q     0.01317   best Q    0.001859   511.4 min
  restart   7/8    eval    89   this Q    0.006826   best Q    0.001859   511.6 min
  restart   7/8    eval    90   this Q     0.01253   best Q    0.001859   511.8 min
  restart   7/8    eval    91   this Q    0.006676   best Q    0.001859   511.9 min
  restart   7/8    eval    92   this Q     0.01159   best Q    0.001859   512.1 min
  restart   7/8    eval    93   this Q    0.006222   best Q    0.001859   512.3 min
  restart   7/8    eval    94   this Q     0.01628   best Q    0.001859   512.5 min
  restart   7/8    eval    95   this Q    0.005973   best Q    0.001859   512.6 min
  restart   7/8    eval    96   this Q    0.008319   best Q    0.001859   512.8 min
  restart   7/8    eval    97   this Q    0.003229   best Q    0.001859   513.0 min
  restart   7/8    eval    98   this Q    0.004097   best Q    0.001859   513.2 min
  restart   7/8    eval    99   this Q    0.004998   best Q    0.001859   513.3 min
  restart   7/8    eval   100   this Q    0.007614   best Q    0.001859   513.5 min
  restart   7/8    eval   101   this Q    0.008541   best Q    0.001859   513.7 min
  restart   7/8    eval   102   this Q    0.005084   best Q    0.001859   513.9 min
  restart   7/8    eval   103   this Q    0.008129   best Q    0.001859   514.1 min
  restart   7/8    eval   104   this Q    0.005045   best Q    0.001859   514.2 min
  restart   7/8    eval   105   this Q    0.008702   best Q    0.001859   514.4 min
  restart   7/8    eval   106   this Q    0.004938   best Q    0.001859   514.6 min
  restart   7/8    eval   107   this Q    0.004456   best Q    0.001859   514.8 min
  restart   7/8    eval   108   this Q    0.009688   best Q    0.001859   514.9 min
  restart   7/8    eval   109   this Q    0.004452   best Q    0.001859   515.1 min
  restart   7/8    eval   110   this Q    0.006033   best Q    0.001859   515.3 min
  restart   7/8    eval   111   this Q    0.005045   best Q    0.001859   515.4 min
  restart   7/8    eval   112   this Q    0.005183   best Q    0.001859   515.6 min
  restart   7/8    eval   113   this Q    0.002733   best Q    0.001859   515.8 min
  restart   7/8    eval   114   this Q    0.003366   best Q    0.001859   515.9 min
  restart   7/8    eval   115   this Q    0.004861   best Q    0.001859   516.1 min
  restart   7/8    eval   116   this Q    0.003576   best Q    0.001859   516.3 min
  restart   7/8    eval   117   this Q    0.004503   best Q    0.001859   516.4 min
  restart   7/8    eval   118   this Q    0.003216   best Q    0.001859   516.6 min
  restart   7/8    eval   119   this Q    0.004919   best Q    0.001859   516.8 min
  restart   7/8    eval   120   this Q    0.003941   best Q    0.001859   516.9 min
  restart   7/8    eval   121   this Q     0.00526   best Q    0.001859   517.1 min
  restart   7/8    eval   122   this Q    0.003364   best Q    0.001859   517.3 min
  restart   7/8    eval   123   this Q    0.005911   best Q    0.001859   517.4 min
  restart   7/8    eval   124   this Q    0.003275   best Q    0.001859   517.6 min
  restart   7/8    eval   125   this Q    0.005174   best Q    0.001859   517.8 min
  restart   7/8    eval   126   this Q    0.003234   best Q    0.001859   517.9 min
  restart   7/8    eval   127   this Q    0.004026   best Q    0.001859   518.1 min
  restart   7/8    eval   128   this Q    0.002517   best Q    0.001859   518.3 min
  restart   7/8    eval   129   this Q    0.003959   best Q    0.001859   518.4 min
  restart   7/8    eval   130   this Q    0.003934   best Q    0.001859   518.6 min
  restart   7/8    eval   131   this Q    0.003689   best Q    0.001859   518.8 min
  restart   7/8    eval   132   this Q    0.004333   best Q    0.001859   518.9 min
  restart   7/8    eval   133   this Q    0.002913   best Q    0.001859   519.1 min
  restart   7/8    eval   134   this Q    0.003823   best Q    0.001859   519.3 min
  restart   7/8    eval   135   this Q    0.002896   best Q    0.001859   519.4 min
  restart   7/8    eval   136   this Q     0.00327   best Q    0.001859   519.6 min
  restart   7/8    eval   137   this Q    0.002844   best Q    0.001859   519.8 min
  restart   7/8    eval   138   this Q    0.003139   best Q    0.001859   519.9 min
  restart   7/8    eval   139   this Q    0.002914   best Q    0.001859   520.1 min
  restart   7/8    eval   140   this Q    0.002367   best Q    0.001859   520.3 min
  restart   7/8    eval   141   this Q    0.002994   best Q    0.001859   520.4 min
  restart   7/8    eval   142   this Q    0.002176   best Q    0.001859   520.6 min
  restart   7/8    eval   143   this Q    0.002717   best Q    0.001859   520.8 min
  restart   7/8    eval   144   this Q    0.002423   best Q    0.001859   520.9 min
  restart   7/8    eval   145   this Q    0.003472   best Q    0.001859   521.1 min
  restart   7/8    eval   146   this Q    0.002417   best Q    0.001859   521.3 min
  restart   7/8    eval   147   this Q    0.002412   best Q    0.001859   521.4 min
  restart   7/8    eval   148   this Q    0.002263   best Q    0.001859   521.6 min
  restart   7/8    eval   149   this Q    0.002328   best Q    0.001859   521.8 min
  restart   7/8    eval   150   this Q    0.002221   best Q    0.001859   521.9 min
  restart   7/8    eval   151   this Q    0.002586   best Q    0.001859   522.1 min
  restart   7/8    eval   152   this Q      0.0021   best Q    0.001859   522.3 min
  restart   7/8    eval   153   this Q     0.00238   best Q    0.001859   522.4 min
  restart   7/8    eval   154   this Q    0.002798   best Q    0.001859   522.6 min
  restart   7/8    eval   155   this Q    0.002038   best Q    0.001859   522.8 min
  restart   7/8    eval   156   this Q    0.002062   best Q    0.001859   522.9 min
  restart   7/8    eval   157   this Q    0.002496   best Q    0.001859   523.1 min
  restart   7/8    eval   158   this Q    0.002042   best Q    0.001859   523.3 min
  restart   7/8    eval   159   this Q    0.002533   best Q    0.001859   523.4 min
  restart   7/8    eval   160   this Q    0.002024   best Q    0.001859   523.6 min
  restart   7/8    eval   161   this Q    0.002195   best Q    0.001859   523.8 min
  restart   7/8    eval   162   this Q    0.002194   best Q    0.001859   524.0 min
  restart   7/8    eval   163   this Q    0.002151   best Q    0.001859   524.1 min
  restart   7/8    eval   164   this Q    0.002433   best Q    0.001859   524.3 min
  restart   7/8    eval   165   this Q     0.00195   best Q    0.001859   524.4 min
  restart   7/8    eval   166   this Q    0.002347   best Q    0.001859   524.6 min
  restart   7/8    eval   167   this Q    0.001947   best Q    0.001859   524.8 min
  restart   7/8    eval   168   this Q    0.002366   best Q    0.001859   524.9 min
  restart   7/8    eval   169   this Q    0.001946   best Q    0.001859   525.1 min
  restart   7/8    eval   170   this Q    0.002124   best Q    0.001859   525.3 min
  restart   7/8    eval   171   this Q     0.00239   best Q    0.001859   525.5 min
  restart   7/8    eval   172   this Q    0.001927   best Q    0.001859   525.6 min
  restart   7/8    eval   173   this Q    0.002129   best Q    0.001859   525.8 min
  restart   7/8    eval   174   this Q    0.001951   best Q    0.001859   526.0 min
  restart   7/8    eval   175   this Q    0.002293   best Q    0.001859   526.1 min
  restart   7/8    eval   176   this Q    0.001918   best Q    0.001859   526.3 min
  restart   7/8    eval   177   this Q    0.002322   best Q    0.001859   526.5 min
  restart   7/8    eval   178   this Q    0.001901   best Q    0.001859   526.6 min
  restart   7/8    eval   179   this Q    0.001936   best Q    0.001859   526.8 min
  restart   7/8    eval   180   this Q    0.001995   best Q    0.001859   527.0 min
  restart   7/8    eval   181   this Q    0.002037   best Q    0.001859   527.1 min
  restart   7/8    eval   182   this Q    0.001908   best Q    0.001859   527.3 min
  restart   7/8    eval   183   this Q    0.002033   best Q    0.001859   527.5 min
  restart   7/8    eval   184   this Q    0.001903   best Q    0.001859   527.6 min
  restart   7/8    eval   185   this Q    0.001915   best Q    0.001859   527.8 min
  restart   7/8    eval   186   this Q     0.00192   best Q    0.001859   528.0 min
  restart   7/8    eval   187   this Q    0.001914   best Q    0.001859   528.1 min
  restart   7/8    eval   188   this Q    0.001963   best Q    0.001859   528.3 min
  restart   7/8    eval   189   this Q    0.001885   best Q    0.001859   528.5 min
  restart   7/8    eval   190   this Q    0.002033   best Q    0.001859   528.7 min
  restart   7/8    eval   191   this Q    0.001878   best Q    0.001859   528.8 min
  restart   7/8    eval   192   this Q    0.001915   best Q    0.001859   529.0 min
  restart   7/8    eval   193   this Q    0.001947   best Q    0.001859   529.2 min
  restart   7/8    eval   194   this Q    0.001878   best Q    0.001859   529.4 min
  restart   7/8    eval   195   this Q     0.00197   best Q    0.001859   529.5 min
  restart   7/8    eval   196   this Q    0.001876   best Q    0.001859   529.7 min
  restart   7/8    eval   197   this Q    0.001928   best Q    0.001859   529.9 min
  restart   7/8    eval   198   this Q    0.001884   best Q    0.001859   530.0 min
  restart   7/8    eval   199   this Q    0.001912   best Q    0.001859   530.2 min
  restart   7/8    eval   200   this Q    0.001974   best Q    0.001859   530.4 min
  restart   7/8    eval   201   this Q    0.001879   best Q    0.001859   530.5 min
  restart   7/8    eval   202   this Q    0.001907   best Q    0.001859   530.7 min
  restart   7/8    eval   203   this Q     0.00191   best Q    0.001859   530.9 min
  restart   7/8    eval   204   this Q     0.00188   best Q    0.001859   531.0 min
  restart   7/8    eval   205   this Q     0.00191   best Q    0.001859   531.2 min
  restart   7/8    eval   206   this Q    0.001882   best Q    0.001859   531.4 min
  restart   7/8    eval   207   this Q    0.001904   best Q    0.001859   531.5 min
  restart   7/8    eval   208   this Q    0.001874   best Q    0.001859   531.7 min
  restart   7/8    eval   209   this Q    0.001874   best Q    0.001859   531.8 min
  restart   7/8    eval   210   this Q    0.001879   best Q    0.001859   532.0 min
  restart   7/8    eval   211   this Q    0.001876   best Q    0.001859   532.2 min
  restart   7/8    eval   212   this Q    0.001869   best Q    0.001859   532.3 min
  restart   7/8    eval   213   this Q    0.001885   best Q    0.001859   532.5 min
  restart   7/8    eval   214   this Q     0.00187   best Q    0.001859   532.7 min
  restart   7/8    eval   215   this Q    0.001869   best Q    0.001859   532.8 min
  restart   7/8    eval   216   this Q    0.001899   best Q    0.001859   533.0 min
  restart   7/8    eval   217   this Q    0.001885   best Q    0.001859   533.2 min
  restart   7/8    eval   218   this Q    0.001866   best Q    0.001859   533.3 min
  restart   7/8    eval   219   this Q    0.001886   best Q    0.001859   533.5 min
  restart   7/8    eval   220   this Q    0.001871   best Q    0.001859   533.7 min
  restart   7/8    eval   221   this Q    0.001887   best Q    0.001859   533.8 min
  restart   7/8    eval   222   this Q    0.001867   best Q    0.001859   534.0 min
  restart   7/8    eval   223   this Q    0.001869   best Q    0.001859   534.2 min
  restart   7/8    eval   224   this Q    0.001862   best Q    0.001859   534.4 min
  restart   7/8    eval   225   this Q    0.001886   best Q    0.001859   534.5 min
  restart   7/8    eval   226   this Q    0.001902   best Q    0.001859   534.7 min
  restart   7/8    eval   227   this Q     0.00186   best Q    0.001859   534.9 min
  restart   7/8    eval   228   this Q     0.00187   best Q    0.001859   535.0 min
  restart   7/8    eval   229   this Q    0.001869   best Q    0.001859   535.2 min
  restart   7/8    eval   230   this Q    0.001876   best Q    0.001859   535.4 min
  restart   7/8    eval   231   this Q    0.001866   best Q    0.001859   535.5 min
  restart   7/8    eval   232   this Q    0.001874   best Q    0.001859   535.7 min
  restart   7/8    eval   233   this Q    0.001863   best Q    0.001859   535.9 min
  restart   7/8    eval   234   this Q    0.001865   best Q    0.001859   536.0 min
  restart   7/8    eval   235   this Q     0.00187   best Q    0.001859   536.2 min
  restart   7/8    eval   236   this Q     0.00187   best Q    0.001859   536.4 min
  restart   7/8    eval   237   this Q    0.001864   best Q    0.001859   536.5 min
  restart   7/8    eval   238   this Q    0.001862   best Q    0.001859   536.7 min
  restart   7/8    eval   239   this Q    0.001864   best Q    0.001859   536.9 min
  restart   7/8    eval   240   this Q    0.001869   best Q    0.001859   537.0 min
  restart   7/8    eval   241   this Q    0.001866   best Q    0.001859   537.2 min
  restart   7/8    eval   242   this Q    0.001863   best Q    0.001859   537.4 min
  restart   7/8    eval   243   this Q     0.00186   best Q    0.001859   537.5 min
  restart   7/8    eval   244   this Q    0.001864   best Q    0.001859   537.7 min
  restart   7/8    eval   245   this Q    0.001862   best Q    0.001859   537.9 min
  restart   7/8    eval   246   this Q    0.001864   best Q    0.001859   538.0 min
  restart   7/8    eval   247   this Q    0.001858   best Q    0.001858   538.2 min
  restart   7/8    eval   248   this Q    0.001863   best Q    0.001858   538.4 min
  restart   7/8    eval   249   this Q    0.001864   best Q    0.001858   538.5 min
  restart   7/8    eval   250   this Q    0.001863   best Q    0.001858   538.7 min
  restart   7/8    eval   251   this Q    0.001866   best Q    0.001858   538.9 min
  restart   7/8    eval   252   this Q    0.001864   best Q    0.001858   539.1 min
  restart   7/8    eval   253   this Q    0.001862   best Q    0.001858   539.2 min
  restart   7/8    eval   254   this Q    0.001861   best Q    0.001858   539.4 min
  restart   7/8    eval   255   this Q    0.001865   best Q    0.001858   539.6 min
  restart   7/8    eval   256   this Q     0.00186   best Q    0.001858   539.8 min
  restart   7/8    eval   257   this Q    0.001864   best Q    0.001858   539.9 min
  restart   7/8    eval   258   this Q    0.001863   best Q    0.001858   540.1 min
  restart   7/8    eval   259   this Q    0.001864   best Q    0.001858   540.3 min
  restart   7/8    eval   260   this Q    0.001859   best Q    0.001858   540.4 min
  restart   7/8    eval   261   this Q    0.001862   best Q    0.001858   540.6 min
  restart   7/8    eval   262   this Q    0.001858   best Q    0.001858   540.8 min
  restart   7/8    eval   263   this Q    0.001863   best Q    0.001858   540.9 min
  restart   7/8    eval   264   this Q    0.001861   best Q    0.001858   541.1 min
  restart   7/8    eval   265   this Q    0.001866   best Q    0.001858   541.3 min
  restart   7/8    eval   266   this Q    0.001862   best Q    0.001858   541.4 min
  restart   7/8    eval   267   this Q    0.001861   best Q    0.001858   541.6 min
  restart   7/8    eval   268   this Q    0.001861   best Q    0.001858   541.8 min
  restart   7/8    eval   269   this Q     0.00186   best Q    0.001858   541.9 min
  restart   7/8    eval   270   this Q    0.001865   best Q    0.001858   542.1 min
  restart   7/8    eval   271   this Q    0.001859   best Q    0.001858   542.3 min
  restart   7/8    eval   272   this Q     0.00186   best Q    0.001858   542.4 min
  restart   7/8    eval   273   this Q    0.001858   best Q    0.001858   542.6 min
  restart   7/8    eval   274   this Q    0.001857   best Q    0.001857   542.8 min
  restart   7/8    eval   275   this Q    0.001861   best Q    0.001857   542.9 min
  restart   7/8    eval   276   this Q    0.001858   best Q    0.001857   543.1 min
  restart   7/8    eval   277   this Q    0.001859   best Q    0.001857   543.3 min
  restart   7/8    eval   278   this Q     0.00186   best Q    0.001857   543.5 min
  restart   7/8    eval   279   this Q    0.001859   best Q    0.001857   543.6 min
  restart   7/8    eval   280   this Q    0.001856   best Q    0.001856   543.8 min
  restart   7/8    eval   281   this Q    0.001858   best Q    0.001856   543.9 min
  restart   7/8    eval   282   this Q    0.001857   best Q    0.001856   544.1 min
  restart   7/8    eval   283   this Q    0.001859   best Q    0.001856   544.3 min
  restart   7/8    eval   284   this Q    0.001856   best Q    0.001856   544.5 min
  restart   7/8    eval   285   this Q     0.00186   best Q    0.001856   544.6 min
  restart   7/8    eval   286   this Q    0.001858   best Q    0.001856   544.8 min
  restart   7/8    eval   287   this Q    0.001862   best Q    0.001856   545.0 min
  restart   7/8    eval   288   this Q    0.001859   best Q    0.001856   545.1 min
  restart   7/8    eval   289   this Q    0.001856   best Q    0.001856   545.3 min
  restart   7/8    eval   290   this Q    0.001859   best Q    0.001856   545.5 min
  restart   7/8    eval   291   this Q    0.001856   best Q    0.001856   545.6 min
  restart   7/8    eval   292   this Q    0.001858   best Q    0.001856   545.8 min
  restart   7/8    eval   293   this Q     0.00186   best Q    0.001856   546.0 min
  restart   7/8    eval   294   this Q    0.001857   best Q    0.001856   546.2 min
  restart   7/8    eval   295   this Q    0.001858   best Q    0.001856   546.3 min
  restart   7/8    eval   296   this Q    0.001856   best Q    0.001856   546.5 min
  restart   7/8    eval   297   this Q    0.001857   best Q    0.001856   546.7 min
  restart   7/8    eval   298   this Q    0.001857   best Q    0.001856   546.8 min
  restart   7/8    eval   299   this Q    0.001859   best Q    0.001856   547.0 min
  restart   7/8    eval   300   this Q    0.001856   best Q    0.001856   547.2 min
  restart   7/8    eval   301   this Q    0.001857   best Q    0.001856   547.3 min
  restart   7/8    eval   302   this Q    0.001857   best Q    0.001856   547.5 min
  restart   7/8    eval   303   this Q    0.001858   best Q    0.001856   547.7 min
  restart   7/8    eval   304   this Q    0.001858   best Q    0.001856   547.8 min
  restart   7/8    eval   305   this Q    0.001857   best Q    0.001856   548.0 min
  restart   7/8    eval   306   this Q    0.001857   best Q    0.001856   548.2 min
  restart   7/8   DONE   this    0.001856   best Q    0.001856   548.2 min, ~78 min left
  restart   8/8    eval     1   this Q    0.001909   best Q    0.001856   548.4 min
  restart   8/8    eval     2   this Q    0.001909   best Q    0.001856   548.5 min
  restart   8/8    eval     3   this Q      0.9491   best Q    0.001856   548.7 min
  restart   8/8    eval     4   this Q      0.4234   best Q    0.001856   548.9 min
  restart   8/8    eval     5   this Q      0.2222   best Q    0.001856   549.0 min
  restart   8/8    eval     6   this Q       2.169   best Q    0.001856   549.2 min
  restart   8/8    eval     7   this Q       1.383   best Q    0.001856   549.4 min
  restart   8/8    eval     8   this Q      0.1354   best Q    0.001856   549.5 min
  restart   8/8    eval     9   this Q      0.8038   best Q    0.001856   549.7 min
  restart   8/8    eval    10   this Q       3.123   best Q    0.001856   549.9 min
  restart   8/8    eval    11   this Q       0.705   best Q    0.001856   550.0 min
  restart   8/8    eval    12   this Q      0.6743   best Q    0.001856   550.2 min
  restart   8/8    eval    13   this Q        2.25   best Q    0.001856   550.4 min
  restart   8/8    eval    14   this Q      0.5867   best Q    0.001856   550.5 min
  restart   8/8    eval    15   this Q       1.371   best Q    0.001856   550.7 min
  restart   8/8    eval    16   this Q      0.4165   best Q    0.001856   550.9 min
  restart   8/8    eval    17   this Q      0.6625   best Q    0.001856   551.1 min
  restart   8/8    eval    18   this Q      0.4942   best Q    0.001856   551.2 min
  restart   8/8    eval    19   this Q      0.9201   best Q    0.001856   551.4 min
  restart   8/8    eval    20   this Q      0.1876   best Q    0.001856   551.6 min
  restart   8/8    eval    21   this Q       2.718   best Q    0.001856   551.8 min
  restart   8/8    eval    22   this Q       0.286   best Q    0.001856   552.0 min
  restart   8/8    eval    23   this Q      0.9442   best Q    0.001856   552.1 min
  restart   8/8    eval    24   this Q       0.252   best Q    0.001856   552.3 min
  restart   8/8    eval    25   this Q      0.3182   best Q    0.001856   552.5 min
  restart   8/8    eval    26   this Q      0.8991   best Q    0.001856   552.6 min
  restart   8/8    eval    27   this Q       0.185   best Q    0.001856   552.8 min
  restart   8/8    eval    28   this Q     0.08649   best Q    0.001856   553.0 min
  restart   8/8    eval    29   this Q      0.4748   best Q    0.001856   553.1 min
  restart   8/8    eval    30   this Q      0.1242   best Q    0.001856   553.3 min
  restart   8/8    eval    31   this Q      0.4795   best Q    0.001856   553.5 min
  restart   8/8    eval    32   this Q     0.08214   best Q    0.001856   553.6 min
  restart   8/8    eval    33   this Q      0.4195   best Q    0.001856   553.8 min
  restart   8/8    eval    34   this Q      0.1071   best Q    0.001856   554.0 min
  restart   8/8    eval    35   this Q      0.2388   best Q    0.001856   554.1 min
  restart   8/8    eval    36   this Q     0.07237   best Q    0.001856   554.3 min
  restart   8/8    eval    37   this Q      0.3315   best Q    0.001856   554.5 min
  restart   8/8    eval    38   this Q     0.03998   best Q    0.001856   554.6 min
  restart   8/8    eval    39   this Q      0.1266   best Q    0.001856   554.8 min
  restart   8/8    eval    40   this Q     0.09744   best Q    0.001856   555.0 min
  restart   8/8    eval    41   this Q       0.159   best Q    0.001856   555.1 min
  restart   8/8    eval    42   this Q     0.04239   best Q    0.001856   555.3 min
  restart   8/8    eval    43   this Q      0.1852   best Q    0.001856   555.6 min
  restart   8/8    eval    44   this Q     0.03925   best Q    0.001856   555.7 min
  restart   8/8    eval    45   this Q      0.1743   best Q    0.001856   555.9 min
  restart   8/8    eval    46   this Q      0.0353   best Q    0.001856   556.1 min
  restart   8/8    eval    47   this Q      0.1218   best Q    0.001856   556.2 min
  restart   8/8    eval    48   this Q     0.03613   best Q    0.001856   556.4 min
  restart   8/8    eval    49   this Q      0.1562   best Q    0.001856   556.6 min
  restart   8/8    eval    50   this Q     0.02751   best Q    0.001856   556.7 min
  restart   8/8    eval    51   this Q      0.1654   best Q    0.001856   556.9 min
  restart   8/8    eval    52   this Q     0.03398   best Q    0.001856   557.1 min
  restart   8/8    eval    53   this Q     0.06502   best Q    0.001856   557.3 min
  restart   8/8    eval    54   this Q     0.05327   best Q    0.001856   557.4 min
  restart   8/8    eval    55   this Q      0.0655   best Q    0.001856   557.6 min
  restart   8/8    eval    56   this Q     0.02606   best Q    0.001856   557.8 min
  restart   8/8    eval    57   this Q     0.07254   best Q    0.001856   557.9 min
  restart   8/8    eval    58   this Q      0.0192   best Q    0.001856   558.1 min
  restart   8/8    eval    59   this Q     0.02975   best Q    0.001856   558.3 min
  restart   8/8    eval    60   this Q     0.04857   best Q    0.001856   558.4 min
  restart   8/8    eval    61   this Q     0.01521   best Q    0.001856   558.6 min
  restart   8/8    eval    62   this Q     0.05317   best Q    0.001856   558.8 min
  restart   8/8    eval    63   this Q     0.01582   best Q    0.001856   558.9 min
  restart   8/8    eval    64   this Q     0.03757   best Q    0.001856   559.1 min
  restart   8/8    eval    65   this Q     0.01628   best Q    0.001856   559.3 min
  restart   8/8    eval    66   this Q     0.03206   best Q    0.001856   559.4 min
  restart   8/8    eval    67   this Q     0.03276   best Q    0.001856   559.6 min
  restart   8/8    eval    68   this Q     0.01385   best Q    0.001856   559.8 min
  restart   8/8    eval    69   this Q     0.02789   best Q    0.001856   560.0 min
  restart   8/8    eval    70   this Q     0.03894   best Q    0.001856   560.1 min
  restart   8/8    eval    71   this Q     0.01215   best Q    0.001856   560.3 min
  restart   8/8    eval    72   this Q     0.03727   best Q    0.001856   560.5 min
  restart   8/8    eval    73   this Q     0.01151   best Q    0.001856   560.6 min
  restart   8/8    eval    74   this Q      0.0406   best Q    0.001856   560.8 min
  restart   8/8    eval    75   this Q     0.01177   best Q    0.001856   561.0 min
  restart   8/8    eval    76   this Q     0.01735   best Q    0.001856   561.2 min
  restart   8/8    eval    77   this Q     0.01475   best Q    0.001856   561.3 min
  restart   8/8    eval    78   this Q     0.02162   best Q    0.001856   561.5 min
  restart   8/8    eval    79   this Q     0.00846   best Q    0.001856   561.7 min
  restart   8/8    eval    80   this Q     0.01263   best Q    0.001856   561.9 min
  restart   8/8    eval    81   this Q     0.02254   best Q    0.001856   562.0 min
  restart   8/8    eval    82   this Q    0.008013   best Q    0.001856   562.2 min
  restart   8/8    eval    83   this Q    0.005524   best Q    0.001856   562.4 min
  restart   8/8    eval    84   this Q      0.0161   best Q    0.001856   562.5 min
  restart   8/8    eval    85   this Q    0.007382   best Q    0.001856   562.7 min
  restart   8/8    eval    86   this Q     0.01761   best Q    0.001856   562.9 min
  restart   8/8    eval    87   this Q     0.00695   best Q    0.001856   563.0 min
  restart   8/8    eval    88   this Q     0.01292   best Q    0.001856   563.2 min
  restart   8/8    eval    89   this Q     0.00684   best Q    0.001856   563.4 min
  restart   8/8    eval    90   this Q    0.008992   best Q    0.001856   563.6 min
  restart   8/8    eval    91   this Q    0.006506   best Q    0.001856   563.7 min
  restart   8/8    eval    92   this Q    0.007776   best Q    0.001856   563.9 min
  restart   8/8    eval    93   this Q    0.006453   best Q    0.001856   564.1 min
  restart   8/8    eval    94   this Q    0.003845   best Q    0.001856   564.2 min
  restart   8/8    eval    95   this Q    0.005308   best Q    0.001856   564.4 min
  restart   8/8    eval    96   this Q     0.01229   best Q    0.001856   564.6 min
  restart   8/8    eval    97   this Q    0.003617   best Q    0.001856   564.7 min
  restart   8/8    eval    98   this Q    0.003935   best Q    0.001856   564.9 min
  restart   8/8    eval    99   this Q    0.005898   best Q    0.001856   565.1 min
  restart   8/8    eval   100   this Q    0.006254   best Q    0.001856   565.3 min
  restart   8/8    eval   101   this Q    0.007234   best Q    0.001856   565.4 min
  restart   8/8    eval   102   this Q    0.003236   best Q    0.001856   565.6 min
  restart   8/8    eval   103   this Q     0.01058   best Q    0.001856   565.8 min
  restart   8/8    eval   104   this Q    0.003037   best Q    0.001856   565.9 min
  restart   8/8    eval   105   this Q    0.006573   best Q    0.001856   566.1 min
  restart   8/8    eval   106   this Q    0.003324   best Q    0.001856   566.3 min
  restart   8/8    eval   107   this Q    0.004405   best Q    0.001856   566.4 min
  restart   8/8    eval   108   this Q    0.004169   best Q    0.001856   566.6 min
  restart   8/8    eval   109   this Q    0.004797   best Q    0.001856   566.8 min
  restart   8/8    eval   110   this Q    0.002644   best Q    0.001856   567.0 min
  restart   8/8    eval   111   this Q    0.003746   best Q    0.001856   567.1 min
  restart   8/8    eval   112   this Q    0.005304   best Q    0.001856   567.3 min
  restart   8/8    eval   113   this Q    0.002374   best Q    0.001856   567.5 min
  restart   8/8    eval   114   this Q    0.004606   best Q    0.001856   567.7 min
  restart   8/8    eval   115   this Q    0.002365   best Q    0.001856   567.8 min
  restart   8/8    eval   116   this Q    0.004718   best Q    0.001856   568.0 min
  restart   8/8    eval   117   this Q    0.002364   best Q    0.001856   568.2 min
  restart   8/8    eval   118   this Q    0.004028   best Q    0.001856   568.4 min
  restart   8/8    eval   119   this Q    0.002384   best Q    0.001856   568.5 min
  restart   8/8    eval   120   this Q    0.004268   best Q    0.001856   568.7 min
  restart   8/8    eval   121   this Q    0.002298   best Q    0.001856   568.9 min
  restart   8/8    eval   122   this Q    0.003071   best Q    0.001856   569.1 min
  restart   8/8    eval   123   this Q    0.002892   best Q    0.001856   569.2 min
  restart   8/8    eval   124   this Q    0.002932   best Q    0.001856   569.4 min
  restart   8/8    eval   125   this Q     0.00414   best Q    0.001856   569.6 min
  restart   8/8    eval   126   this Q    0.002068   best Q    0.001856   569.8 min
  restart   8/8    eval   127   this Q    0.003055   best Q    0.001856   570.1 min
  restart   8/8    eval   128   this Q    0.002145   best Q    0.001856   570.2 min
  restart   8/8    eval   129   this Q    0.003285   best Q    0.001856   570.4 min
  restart   8/8    eval   130   this Q    0.002118   best Q    0.001856   570.6 min
  restart   8/8    eval   131   this Q    0.002903   best Q    0.001856   570.8 min
  restart   8/8    eval   132   this Q    0.002055   best Q    0.001856   570.9 min
  restart   8/8    eval   133   this Q    0.002701   best Q    0.001856   571.1 min
  restart   8/8    eval   134   this Q     0.00199   best Q    0.001856   571.3 min
  restart   8/8    eval   135   this Q     0.00263   best Q    0.001856   571.5 min
  restart   8/8    eval   136   this Q    0.001993   best Q    0.001856   571.6 min
  restart   8/8    eval   137   this Q    0.002191   best Q    0.001856   571.8 min
  restart   8/8    eval   138   this Q     0.00205   best Q    0.001856   572.0 min
  restart   8/8    eval   139   this Q    0.002153   best Q    0.001856   572.1 min
  restart   8/8    eval   140   this Q    0.002415   best Q    0.001856   572.3 min
  restart   8/8    eval   141   this Q    0.001908   best Q    0.001856   572.5 min
  restart   8/8    eval   142   this Q    0.002274   best Q    0.001856   572.7 min
  restart   8/8    eval   143   this Q    0.001918   best Q    0.001856   572.8 min
  restart   8/8    eval   144   this Q    0.002112   best Q    0.001856   573.0 min
  restart   8/8    eval   145   this Q    0.002303   best Q    0.001856   573.2 min
  restart   8/8    eval   146   this Q    0.001896   best Q    0.001856   573.4 min
  restart   8/8    eval   147   this Q    0.002142   best Q    0.001856   573.5 min
  restart   8/8    eval   148   this Q    0.001909   best Q    0.001856   573.7 min
  restart   8/8    eval   149   this Q    0.002245   best Q    0.001856   573.9 min
  restart   8/8    eval   150   this Q    0.001884   best Q    0.001856   574.1 min
  restart   8/8    eval   151   this Q       0.002   best Q    0.001856   574.2 min
  restart   8/8    eval   152   this Q    0.002047   best Q    0.001856   574.4 min
  restart   8/8    eval   153   this Q    0.001891   best Q    0.001856   574.6 min
  restart   8/8    eval   154   this Q    0.002117   best Q    0.001856   574.8 min
  restart   8/8    eval   155   this Q    0.001869   best Q    0.001856   574.9 min
  restart   8/8    eval   156   this Q    0.001957   best Q    0.001856   575.1 min
  restart   8/8    eval   157   this Q    0.002019   best Q    0.001856   575.3 min
  restart   8/8    eval   158   this Q    0.001873   best Q    0.001856   575.5 min
  restart   8/8    eval   159   this Q    0.001982   best Q    0.001856   575.6 min
  restart   8/8    eval   160   this Q    0.001861   best Q    0.001856   575.8 min
  restart   8/8    eval   161   this Q     0.00194   best Q    0.001856   576.0 min
  restart   8/8    eval   162   this Q    0.001856   best Q    0.001856   576.2 min
  restart   8/8    eval   163   this Q    0.001929   best Q    0.001856   576.3 min
  restart   8/8    eval   164   this Q    0.001856   best Q    0.001856   576.5 min
  restart   8/8    eval   165   this Q    0.001962   best Q    0.001856   576.7 min
  restart   8/8    eval   166   this Q    0.001852   best Q    0.001852   576.9 min
  restart   8/8    eval   167   this Q    0.001909   best Q    0.001852   577.0 min
  restart   8/8    eval   168   this Q    0.001856   best Q    0.001852   577.2 min
  restart   8/8    eval   169   this Q    0.001974   best Q    0.001852   577.4 min
  restart   8/8    eval   170   this Q    0.001843   best Q    0.001843   577.6 min
  restart   8/8    eval   171   this Q    0.001873   best Q    0.001843   577.7 min
  restart   8/8    eval   172   this Q    0.001877   best Q    0.001843   577.9 min
  restart   8/8    eval   173   this Q     0.00185   best Q    0.001843   578.1 min
  restart   8/8    eval   174   this Q     0.00188   best Q    0.001843   578.3 min
  restart   8/8    eval   175   this Q    0.001848   best Q    0.001843   578.4 min
  restart   8/8    eval   176   this Q    0.001872   best Q    0.001843   578.6 min
  restart   8/8    eval   177   this Q    0.001849   best Q    0.001843   578.8 min
  restart   8/8    eval   178   this Q    0.001913   best Q    0.001843   579.0 min
  restart   8/8    eval   179   this Q    0.001839   best Q    0.001839   579.1 min
  restart   8/8    eval   180   this Q    0.001864   best Q    0.001839   579.3 min
  restart   8/8    eval   181   this Q    0.001846   best Q    0.001839   579.5 min
  restart   8/8    eval   182   this Q    0.001834   best Q    0.001834   579.6 min
  restart   8/8    eval   183   this Q    0.001851   best Q    0.001834   579.8 min
  restart   8/8    eval   184   this Q     0.00185   best Q    0.001834   580.0 min
  restart   8/8    eval   185   this Q    0.001848   best Q    0.001834   580.2 min
  restart   8/8    eval   186   this Q    0.001843   best Q    0.001834   580.3 min
  restart   8/8    eval   187   this Q    0.001839   best Q    0.001834   580.5 min
  restart   8/8    eval   188   this Q    0.001855   best Q    0.001834   580.7 min
  restart   8/8    eval   189   this Q    0.001839   best Q    0.001834   580.9 min
  restart   8/8    eval   190   this Q    0.001836   best Q    0.001834   581.0 min
  restart   8/8    eval   191   this Q    0.001859   best Q    0.001834   581.2 min
  restart   8/8    eval   192   this Q    0.001835   best Q    0.001834   581.4 min
  restart   8/8    eval   193   this Q    0.001837   best Q    0.001834   581.5 min
  restart   8/8    eval   194   this Q    0.001836   best Q    0.001834   581.7 min
  restart   8/8    eval   195   this Q    0.001854   best Q    0.001834   581.9 min
  restart   8/8    eval   196   this Q    0.001831   best Q    0.001831   582.0 min
  restart   8/8    eval   197   this Q    0.001846   best Q    0.001831   582.2 min
  restart   8/8    eval   198   this Q    0.001832   best Q    0.001831   582.4 min
  restart   8/8    eval   199   this Q    0.001837   best Q    0.001831   582.5 min
  restart   8/8    eval   200   this Q    0.001833   best Q    0.001831   582.7 min
  restart   8/8    eval   201   this Q    0.001836   best Q    0.001831   582.9 min
  restart   8/8    eval   202   this Q    0.001831   best Q    0.001831   583.0 min
  restart   8/8    eval   203   this Q    0.001833   best Q    0.001831   583.2 min
  restart   8/8    eval   204   this Q    0.001834   best Q    0.001831   583.4 min
  restart   8/8    eval   205   this Q    0.001842   best Q    0.001831   583.5 min
  restart   8/8    eval   206   this Q     0.00183   best Q     0.00183   583.7 min
  restart   8/8    eval   207   this Q    0.001839   best Q     0.00183   583.9 min
  restart   8/8    eval   208   this Q    0.001829   best Q    0.001829   584.1 min
  restart   8/8    eval   209   this Q     0.00184   best Q    0.001829   584.2 min
  restart   8/8    eval   210   this Q    0.001829   best Q    0.001829   584.4 min
  restart   8/8    eval   211   this Q    0.001835   best Q    0.001829   584.5 min
  restart   8/8    eval   212   this Q    0.001829   best Q    0.001829   584.7 min
  restart   8/8    eval   213   this Q    0.001839   best Q    0.001829   584.9 min
  restart   8/8    eval   214   this Q     0.00183   best Q    0.001829   585.1 min
  restart   8/8    eval   215   this Q     0.00184   best Q    0.001829   585.2 min
  restart   8/8    eval   216   this Q    0.001829   best Q    0.001829   585.4 min
  restart   8/8    eval   217   this Q    0.001835   best Q    0.001829   585.6 min
  restart   8/8    eval   218   this Q    0.001828   best Q    0.001828   585.7 min
  restart   8/8    eval   219   this Q    0.001831   best Q    0.001828   585.9 min
  restart   8/8    eval   220   this Q    0.001841   best Q    0.001828   586.1 min
  restart   8/8    eval   221   this Q    0.001825   best Q    0.001825   586.2 min
  restart   8/8    eval   222   this Q    0.001823   best Q    0.001823   586.4 min
  restart   8/8    eval   223   this Q    0.001823   best Q    0.001823   586.6 min
  restart   8/8    eval   224   this Q    0.001828   best Q    0.001823   586.7 min
  restart   8/8    eval   225   this Q    0.001828   best Q    0.001823   586.9 min
  restart   8/8    eval   226   this Q    0.001828   best Q    0.001823   587.1 min
  restart   8/8    eval   227   this Q     0.00183   best Q    0.001823   587.2 min
  restart   8/8    eval   228   this Q    0.001827   best Q    0.001823   587.4 min
  restart   8/8    eval   229   this Q     0.00183   best Q    0.001823   587.6 min
  restart   8/8    eval   230   this Q    0.001826   best Q    0.001823   587.8 min
  restart   8/8    eval   231   this Q    0.001827   best Q    0.001823   587.9 min
  restart   8/8    eval   232   this Q    0.001826   best Q    0.001823   588.1 min
  restart   8/8    eval   233   this Q    0.001832   best Q    0.001823   588.3 min
  restart   8/8    eval   234   this Q    0.001826   best Q    0.001823   588.4 min
  restart   8/8    eval   235   this Q    0.001832   best Q    0.001823   588.6 min
  restart   8/8    eval   236   this Q    0.001825   best Q    0.001823   588.8 min
  restart   8/8    eval   237   this Q    0.001827   best Q    0.001823   588.9 min
  restart   8/8    eval   238   this Q    0.001827   best Q    0.001823   589.1 min
  restart   8/8    eval   239   this Q    0.001824   best Q    0.001823   589.3 min
  restart   8/8    eval   240   this Q    0.001825   best Q    0.001823   589.4 min
  restart   8/8    eval   241   this Q     0.00183   best Q    0.001823   589.6 min
  restart   8/8    eval   242   this Q    0.001826   best Q    0.001823   589.8 min
  restart   8/8    eval   243   this Q    0.001824   best Q    0.001823   589.9 min
  restart   8/8    eval   244   this Q    0.001826   best Q    0.001823   590.1 min
  restart   8/8    eval   245   this Q    0.001822   best Q    0.001822   590.3 min
  restart   8/8    eval   246   this Q    0.001823   best Q    0.001822   590.4 min
  restart   8/8    eval   247   this Q    0.001827   best Q    0.001822   590.6 min
  restart   8/8    eval   248   this Q    0.001825   best Q    0.001822   590.8 min
  restart   8/8    eval   249   this Q    0.001825   best Q    0.001822   591.0 min
  restart   8/8    eval   250   this Q    0.001824   best Q    0.001822   591.1 min
  restart   8/8    eval   251   this Q    0.001825   best Q    0.001822   591.3 min
  restart   8/8    eval   252   this Q    0.001823   best Q    0.001822   591.5 min
  restart   8/8    eval   253   this Q    0.001825   best Q    0.001822   591.6 min
  restart   8/8    eval   254   this Q    0.001824   best Q    0.001822   591.8 min
  restart   8/8    eval   255   this Q    0.001824   best Q    0.001822   592.0 min
  restart   8/8    eval   256   this Q    0.001825   best Q    0.001822   592.1 min
  restart   8/8    eval   257   this Q    0.001825   best Q    0.001822   592.3 min
  restart   8/8    eval   258   this Q    0.001826   best Q    0.001822   592.5 min
  restart   8/8    eval   259   this Q    0.001822   best Q    0.001822   592.6 min
  restart   8/8    eval   260   this Q    0.001825   best Q    0.001822   592.8 min
  restart   8/8    eval   261   this Q    0.001825   best Q    0.001822   593.0 min
  restart   8/8    eval   262   this Q    0.001822   best Q    0.001822   593.1 min
  restart   8/8    eval   263   this Q    0.001825   best Q    0.001822   593.3 min
  restart   8/8    eval   264   this Q    0.001825   best Q    0.001822   593.5 min
  restart   8/8    eval   265   this Q    0.001822   best Q    0.001822   593.6 min
  restart   8/8    eval   266   this Q    0.001824   best Q    0.001822   593.8 min
  restart   8/8    eval   267   this Q    0.001823   best Q    0.001822   594.0 min
  restart   8/8    eval   268   this Q    0.001824   best Q    0.001822   594.1 min
  restart   8/8    eval   269   this Q    0.001823   best Q    0.001822   594.3 min
  restart   8/8    eval   270   this Q    0.001822   best Q    0.001822   594.5 min
  restart   8/8    eval   271   this Q    0.001821   best Q    0.001821   594.6 min
  restart   8/8    eval   272   this Q    0.001823   best Q    0.001821   594.8 min
  restart   8/8    eval   273   this Q    0.001821   best Q    0.001821   595.0 min
  restart   8/8    eval   274   this Q    0.001825   best Q    0.001821   595.2 min
  restart   8/8    eval   275   this Q    0.001824   best Q    0.001821   595.3 min
  restart   8/8    eval   276   this Q     0.00182   best Q     0.00182   595.5 min
  restart   8/8    eval   277   this Q    0.001825   best Q     0.00182   595.7 min
  restart   8/8    eval   278   this Q    0.001824   best Q     0.00182   595.8 min
  restart   8/8    eval   279   this Q    0.001823   best Q     0.00182   596.0 min
  restart   8/8    eval   280   this Q    0.001824   best Q     0.00182   596.2 min
  restart   8/8    eval   281   this Q    0.001822   best Q     0.00182   596.3 min
  restart   8/8    eval   282   this Q    0.001826   best Q     0.00182   596.5 min
  restart   8/8    eval   283   this Q    0.001822   best Q     0.00182   596.7 min
  restart   8/8    eval   284   this Q    0.001824   best Q     0.00182   596.8 min
  restart   8/8    eval   285   this Q    0.001824   best Q     0.00182   597.0 min
  restart   8/8    eval   286   this Q    0.001821   best Q     0.00182   597.2 min
  restart   8/8    eval   287   this Q    0.001823   best Q     0.00182   597.3 min
  restart   8/8    eval   288   this Q    0.001821   best Q     0.00182   597.5 min
  restart   8/8    eval   289   this Q    0.001822   best Q     0.00182   597.7 min
  restart   8/8    eval   290   this Q    0.001822   best Q     0.00182   597.8 min
  restart   8/8    eval   291   this Q    0.001821   best Q     0.00182   598.0 min
  restart   8/8    eval   292   this Q    0.001822   best Q     0.00182   598.2 min
  restart   8/8    eval   293   this Q    0.001822   best Q     0.00182   598.3 min
  restart   8/8    eval   294   this Q    0.001822   best Q     0.00182   598.5 min
  restart   8/8    eval   295   this Q     0.00182   best Q     0.00182   598.7 min
  restart   8/8    eval   296   this Q    0.001821   best Q     0.00182   598.8 min
  restart   8/8    eval   297   this Q     0.00182   best Q     0.00182   599.0 min
  restart   8/8    eval   298   this Q    0.001824   best Q     0.00182   599.2 min
  restart   8/8    eval   299   this Q    0.001821   best Q     0.00182   599.3 min
  restart   8/8    eval   300   this Q    0.001821   best Q     0.00182   599.5 min
  restart   8/8    eval   301   this Q     0.00182   best Q     0.00182   599.7 min
  restart   8/8   DONE   this     0.00182   best Q     0.00182   599.7 min, ~0 min left
  restart   8/8    eval     1   this Q     0.00182   best Q     0.00182   599.8 min
  restart   8/8    eval     2   this Q      0.9602   best Q     0.00182   600.0 min
  restart   8/8    eval     3   this Q      0.4023   best Q     0.00182   600.2 min
  restart   8/8    eval     4   this Q       0.197   best Q     0.00182   600.4 min
  restart   8/8    eval     5   this Q       2.174   best Q     0.00182   600.5 min
  restart   8/8    eval     6   this Q       1.363   best Q     0.00182   600.7 min
  restart   8/8    eval     7   this Q      0.1161   best Q     0.00182   600.9 min
  restart   8/8    eval     8   this Q      0.7907   best Q     0.00182   601.0 min
  restart   8/8    eval     9   this Q       3.137   best Q     0.00182   601.2 min
  restart   8/8    eval    10   this Q      0.7089   best Q     0.00182   601.4 min
  restart   8/8    eval    11   this Q       0.323   best Q     0.00182   601.5 min
  restart   8/8    eval    12   this Q     0.09435   best Q     0.00182   601.7 min
  restart   8/8    eval    13   this Q      0.1357   best Q     0.00182   601.9 min
  restart   8/8    eval    14   this Q       2.195   best Q     0.00182   602.0 min
  restart   8/8    eval    15   this Q       1.195   best Q     0.00182   602.2 min
  restart   8/8    eval    16   this Q     0.09883   best Q     0.00182   602.4 min
  restart   8/8    eval    17   this Q      0.3086   best Q     0.00182   602.5 min
  restart   8/8    eval    18   this Q      0.5058   best Q     0.00182   602.7 min
  restart   8/8    eval    19   this Q      0.4548   best Q     0.00182   602.9 min
  restart   8/8    eval    20   this Q      0.2237   best Q     0.00182   603.0 min
  restart   8/8    eval    21   this Q     0.03167   best Q     0.00182   603.2 min
  restart   8/8    eval    22   this Q     0.07758   best Q     0.00182   603.4 min
  restart   8/8    eval    23   this Q    0.003891   best Q     0.00182   603.5 min
  restart   8/8    eval    24   this Q    0.002634   best Q     0.00182   603.7 min
  restart   8/8    eval    25   this Q    0.001929   best Q     0.00182   603.9 min
  restart   8/8    eval    26   this Q    0.002027   best Q     0.00182   604.0 min
  restart   8/8    eval    27   this Q    0.002054   best Q     0.00182   604.2 min
  restart   8/8    eval    28   this Q    0.001913   best Q     0.00182   604.4 min
  restart   8/8    eval    29   this Q    0.001997   best Q     0.00182   604.5 min
  restart   8/8    eval    30   this Q    0.001907   best Q     0.00182   604.7 min
  restart   8/8    eval    31   this Q    0.001843   best Q     0.00182   604.9 min
  restart   8/8    eval    32   this Q    0.001877   best Q     0.00182   605.0 min
  restart   8/8    eval    33   this Q    0.001898   best Q     0.00182   605.2 min
  restart   8/8    eval    34   this Q    0.001869   best Q     0.00182   605.4 min
  restart   8/8    eval    35   this Q    0.001886   best Q     0.00182   605.5 min
  restart   8/8    eval    36   this Q    0.001848   best Q     0.00182   605.7 min
  restart   8/8    eval    37   this Q     0.00185   best Q     0.00182   605.9 min
  restart   8/8    eval    38   this Q    0.001836   best Q     0.00182   606.0 min
  restart   8/8    eval    39   this Q    0.001833   best Q     0.00182   606.2 min
  restart   8/8    eval    40   this Q    0.002032   best Q     0.00182   606.4 min
  restart   8/8    eval    41   this Q    0.001942   best Q     0.00182   606.5 min
  restart   8/8    eval    42   this Q    0.001878   best Q     0.00182   606.7 min
  restart   8/8    eval    43   this Q    0.001938   best Q     0.00182   606.9 min
  restart   8/8    eval    44   this Q    0.001871   best Q     0.00182   607.0 min
  restart   8/8    eval    45   this Q    0.001829   best Q     0.00182   607.2 min
  restart   8/8    eval    46   this Q    0.001829   best Q     0.00182   607.4 min
  restart   8/8    eval    47   this Q    0.001824   best Q     0.00182   607.5 min
  restart   8/8    eval    48   this Q    0.001829   best Q     0.00182   607.7 min
  restart   8/8    eval    49   this Q    0.001822   best Q     0.00182   607.9 min
  restart   8/8    eval    50   this Q     0.00182   best Q     0.00182   608.0 min
  restart   8/8    eval    51   this Q     0.00182   best Q     0.00182   608.2 min
  restart   8/8    eval    52   this Q    0.001822   best Q     0.00182   608.4 min
  restart   8/8    eval    53   this Q    0.001821   best Q     0.00182   608.5 min
  restart   8/8    eval    54   this Q     0.00182   best Q     0.00182   608.7 min
  restart   8/8    eval    55   this Q     0.00182   best Q     0.00182   608.9 min
  restart   8/8    eval    56   this Q     0.00182   best Q     0.00182   609.0 min
  restart   8/8    eval    57   this Q     0.00182   best Q     0.00182   609.2 min
  restart   8/8    eval    58   this Q    0.001822   best Q     0.00182   609.4 min
  restart   8/8    eval    59   this Q    0.001822   best Q     0.00182   609.5 min
  restart   8/8    eval    60   this Q     0.00182   best Q     0.00182   609.7 min
  restart   8/8    eval    61   this Q     0.00182   best Q     0.00182   609.9 min
  restart   8/8    eval    62   this Q    0.001822   best Q     0.00182   610.0 min
  restart   8/8    eval    63   this Q     0.00182   best Q     0.00182   610.2 min
  restart   8/8    eval    64   this Q    0.001821   best Q     0.00182   610.4 min
  restart   8/8    eval    65   this Q    0.001821   best Q     0.00182   610.5 min
  restart   8/8    eval    66   this Q     0.00182   best Q     0.00182   610.7 min
  restart   8/8    eval    67   this Q    0.001822   best Q     0.00182   610.9 min
  restart   8/8    eval    68   this Q    0.001822   best Q     0.00182   611.0 min
  restart   8/8    eval    69   this Q    0.001822   best Q     0.00182   611.2 min
  restart   8/8    eval    70   this Q     0.00182   best Q     0.00182   611.4 min
  restart   8/8    eval    71   this Q     0.00182   best Q     0.00182   611.5 min
  restart   8/8    eval    72   this Q    0.001821   best Q     0.00182   611.7 min
  restart   8/8    eval    73   this Q     0.00182   best Q     0.00182   611.9 min
  restart   8/8    eval    74   this Q    0.001819   best Q    0.001819   612.0 min
  restart   8/8    eval    75   this Q     0.00182   best Q    0.001819   612.2 min
  restart   8/8    eval    76   this Q     0.00182   best Q    0.001819   612.4 min
  restart   8/8    eval    77   this Q    0.001819   best Q    0.001819   612.5 min
  restart   8/8    eval    78   this Q    0.001819   best Q    0.001819   612.7 min
  restart   8/8    eval    79   this Q    0.001821   best Q    0.001819   612.9 min
  restart   8/8    eval    80   this Q    0.001821   best Q    0.001819   613.0 min
  restart   8/8    eval    81   this Q    0.001819   best Q    0.001819   613.2 min
  restart   8/8    eval    82   this Q    0.001821   best Q    0.001819   613.4 min
  restart   8/8    eval    83   this Q    0.001819   best Q    0.001819   613.6 min
  restart   8/8    eval    84   this Q     0.00182   best Q    0.001819   613.7 min
  restart   8/8    eval    85   this Q    0.001819   best Q    0.001819   613.9 min
  restart   8/8    eval    86   this Q    0.001821   best Q    0.001819   614.1 min
  restart   8/8    eval    87   this Q    0.001819   best Q    0.001819   614.2 min
  restart   8/8    eval    88   this Q    0.001819   best Q    0.001819   614.4 min
  restart   8/8    eval    89   this Q    0.001819   best Q    0.001819   614.6 min
  restart   8/8    eval    90   this Q     0.00182   best Q    0.001819   614.7 min
  restart   8/8    eval    91   this Q    0.001819   best Q    0.001819   614.9 min
  restart   8/8    eval    92   this Q    0.001819   best Q    0.001819   615.1 min
  restart   8/8    eval    93   this Q    0.001819   best Q    0.001819   615.2 min
  restart   8/8    eval    94   this Q    0.001819   best Q    0.001819   615.4 min
  restart   8/8    eval    95   this Q    0.001819   best Q    0.001819   615.6 min
  restart   8/8    eval    96   this Q    0.001819   best Q    0.001819   615.7 min
  restart   8/8    eval    97   this Q     0.00182   best Q    0.001819   615.9 min
  restart   8/8    eval    98   this Q    0.001819   best Q    0.001819   616.1 min
  restart   8/8    eval    99   this Q    0.001819   best Q    0.001819   616.2 min
  restart   8/8    eval   100   this Q    0.001819   best Q    0.001819   616.4 min
  restart   8/8    eval   101   this Q    0.001819   best Q    0.001819   616.6 min
  restart   8/8    eval   102   this Q    0.001819   best Q    0.001819   616.7 min
  restart   8/8    eval   103   this Q    0.001819   best Q    0.001819   616.9 min
  restart   8/8    eval   104   this Q    0.001819   best Q    0.001819   617.1 min
  restart   8/8    eval   105   this Q    0.001819   best Q    0.001819   617.2 min
  restart   8/8    eval   106   this Q    0.001819   best Q    0.001819   617.4 min
  restart   8/8    eval   107   this Q    0.001819   best Q    0.001819   617.6 min
  restart   8/8    eval   108   this Q    0.001819   best Q    0.001819   617.7 min
  restart   8/8    eval   109   this Q    0.001819   best Q    0.001819   617.9 min
  restart   8/8    eval   110   this Q    0.001819   best Q    0.001819   618.1 min
  restart   8/8    eval   111   this Q    0.001819   best Q    0.001819   618.2 min
  restart   8/8    eval   112   this Q    0.001819   best Q    0.001819   618.4 min
  restart   8/8    eval   113   this Q    0.001819   best Q    0.001819   618.6 min
  restart   8/8    eval   114   this Q    0.001819   best Q    0.001819   618.7 min
  restart   8/8    eval   115   this Q    0.001819   best Q    0.001819   618.9 min
  restart   8/8    eval   116   this Q    0.001819   best Q    0.001819   619.1 min
  restart   8/8    eval   117   this Q    0.001819   best Q    0.001819   619.2 min
  restart   8/8    eval   118   this Q    0.001819   best Q    0.001819   619.4 min
  restart   8/8    eval   119   this Q    0.001819   best Q    0.001819   619.6 min
  restart   8/8    eval   120   this Q    0.001819   best Q    0.001819   619.7 min
  restart   8/8    eval   121   this Q    0.001819   best Q    0.001819   619.9 min
  restart   8/8    eval   122   this Q    0.001819   best Q    0.001819   620.1 min
  restart   8/8    eval   123   this Q    0.001819   best Q    0.001819   620.2 min
  restart   8/8    eval   124   this Q    0.001819   best Q    0.001819   620.4 min
  restart   8/8    eval   125   this Q    0.001819   best Q    0.001819   620.6 min
  restart   8/8    eval   126   this Q    0.001819   best Q    0.001819   620.7 min
  restart   8/8    eval   127   this Q    0.001819   best Q    0.001819   620.9 min
  restart   8/8    eval   128   this Q    0.001819   best Q    0.001819   621.1 min
  restart   8/8    eval   129   this Q    0.001819   best Q    0.001819   621.2 min
  restart   8/8    eval   130   this Q    0.001819   best Q    0.001819   621.4 min
  restart   8/8    eval   131   this Q    0.001819   best Q    0.001819   621.6 min
  restart   8/8    eval   132   this Q    0.001819   best Q    0.001819   621.7 min
  restart   8/8    eval   133   this Q    0.001819   best Q    0.001819   621.9 min
  restart   8/8    eval   134   this Q    0.001819   best Q    0.001819   622.1 min
  restart   8/8    eval   135   this Q    0.001819   best Q    0.001819   622.2 min
  restart   8/8    eval   136   this Q    0.001819   best Q    0.001819   622.4 min
  restart   8/8    eval   137   this Q    0.001819   best Q    0.001819   622.6 min
  restart   8/8    eval   138   this Q    0.001819   best Q    0.001819   622.7 min
  restart   8/8    eval   139   this Q    0.001819   best Q    0.001819   622.9 min
  restart   8/8    eval   140   this Q    0.001819   best Q    0.001819   623.1 min
  restart   8/8    eval   141   this Q    0.001819   best Q    0.001819   623.2 min
  restart   8/8    eval   142   this Q    0.001819   best Q    0.001819   623.4 min
  restart   8/8    eval   143   this Q    0.001819   best Q    0.001819   623.6 min
  restart   8/8    eval   144   this Q    0.001819   best Q    0.001819   623.8 min
  restart   8/8    eval   145   this Q    0.001819   best Q    0.001819   623.9 min
  restart   8/8    eval   146   this Q    0.001819   best Q    0.001819   624.1 min
  restart   8/8    eval   147   this Q    0.001819   best Q    0.001819   624.3 min
  restart   8/8    eval   148   this Q    0.001819   best Q    0.001819   624.4 min
  restart   8/8    eval   149   this Q    0.001819   best Q    0.001819   624.6 min
  restart   8/8    eval   150   this Q    0.001819   best Q    0.001819   624.8 min
  restart   8/8    eval   151   this Q    0.001819   best Q    0.001819   625.0 min
  restart   8/8    eval   152   this Q    0.001819   best Q    0.001819   625.1 min
  restart   8/8    eval   153   this Q    0.001819   best Q    0.001819   625.3 min
  restart   8/8    eval   154   this Q    0.001819   best Q    0.001819   625.5 min
  restart   8/8    eval   155   this Q    0.001819   best Q    0.001819   625.7 min
  restart   8/8    eval   156   this Q    0.001819   best Q    0.001819   625.8 min
  restart   8/8    eval   157   this Q    0.001819   best Q    0.001819   626.0 min
  restart   8/8    eval   158   this Q    0.001819   best Q    0.001819   626.2 min
  restart   8/8    eval   159   this Q    0.001819   best Q    0.001819   626.3 min
  restart   8/8    eval   160   this Q    0.001819   best Q    0.001819   626.5 min
  restart   8/8    eval   161   this Q    0.001819   best Q    0.001819   626.7 min
  restart   8/8    eval   162   this Q    0.001819   best Q    0.001819   626.9 min
  restart   8/8    eval   163   this Q    0.001819   best Q    0.001819   627.0 min
  restart   8/8    eval   164   this Q    0.001819   best Q    0.001819   627.2 min
  restart   8/8    eval   165   this Q    0.001819   best Q    0.001819   627.4 min
  restart   8/8    eval   166   this Q    0.001819   best Q    0.001819   627.5 min
  restart   8/8    eval   167   this Q    0.001819   best Q    0.001819   627.7 min

============================================================================
Finished in 627.7 min -- 7528 evaluations
============================================================================
Q: sobol-best 0.0019618  ->  pre-polish 0.0018196  ->  final 0.00181947
incumbent Q was 0.0019618  (improvement 7.3%)

how the local searches ended
  FTOL_REACHED               8   (converged)
                             8 converged / 0 hit a budget / 0 other
polish: ret FTOL_REACHED (converged), 167 evaluations, improved the incumbent

search ran at the full grid -- no refinement stage needed

penalised evaluations: 210 of 7528 (2.8%)
  AssertionError              129
  infeasible_sigma_2           66
  ErrorException               14
  invalid_sim_assets_below_min      1
(a penalised draw is a parameter vector the model cannot be solved at --
 scored 1e6 rather than crashed on. A high rate means the SEARCH BOX is
 too wide, not that the model is wrong.)

============================================================================
Estimated calibration
============================================================================

Parameters
--------------------------------------------------------------
  phi_2            0.1904   (was 0.1885)
  phi_3            1.4071   (was 1.4241)
  lambda_2        60.2529   (was 54.1330)
  R_0             43.4481   (was 43.7206)
  sigma_1_0       -1.2936   (was -1.2461)
  sigma_1_1       -0.1594   (was -0.1555)
  sigma_2_0       -4.3175   (was -4.2743)
  sigma_2_1       -0.1552   (was -0.1500)
  sigma_4_0       -4.0407   (was -3.9627)

Targeted moments
----------------------------------------------------------------------------
  moment          model       data     gap %   source
  mean_c_p       3.2352     3.1155      3.8%   cons_exhous_real_w99
  mean_h_p       0.3017     0.3073     -1.8%   (wh_mom + wh_dad)/2 / 112
  mean_t_p_early     0.4552     0.4544      0.2%   par_time_tot / 112, child ages 1-9
  mean_t_p_late     0.3332     0.3333     -0.0%   par_time_tot / 112, child ages 10-17
  mean_e_p_early     0.3434     0.3429      0.2%   m_method2_final_w99, child ages 1-9
  mean_e_p_late     0.3913     0.3911      0.0%   m_method2_final_w99, child ages 10-17
  mean_i_c_early     0.3654     0.3649      0.1%   c_time_hrs / 112 (school + own study), child ages 6-9
  mean_i_c_late     0.3874     0.3872      0.1%   c_time_hrs / 112 (school + own study), child ages 10-17
  mean_hc_early     6.0719     6.0737     -0.2%   x_gach (log PCA composite), child ages 3-9
  mean_hc_late     6.2489     6.2508     -0.2%   x_gach (log PCA composite), child ages 10-17
  Q                                  0.0018    (gap % is in LEVELS for log moments)

  c_p           32352 USD/yr  vs data 31155
  h_p            33.8 hrs/wk  vs data 34.4
  t_p  1-9       51.0 hrs/wk  vs data 50.9
  t_p 10-17      37.3 hrs/wk  vs data 37.3
  e_p  1-9       3434 USD/yr  vs data 3429
  e_p 10-17      3913 USD/yr  vs data 3911

  t_p late/early  model 0.73x  vs data 0.73x
  e_p late/early  model 1.14x  vs data 1.14x
  l_p (residual)  model 33.7 hrs/wk  vs 33.1 implied by the h_p/t_p targets
                  (measured leisure is 59.2 hrs/wk -- par_time_tot overlaps it)

Untargeted -- does the fit stay believable?
--------------------------------------------------------------
  after-tax income        4.5687  (45687 USD/yr)
  implied saving rate       30.3%
  terminal assets        36.8140  (368140 USD)
  leisure l_p             0.3005  (33.7 hrs/wk)
  invalid sim cells            0
  assets above a_max=100  max 91.5  (households: 0 ever (0.00%), 0 at t=1, 0 at handoff)
  HC in [50, 1500]      range 297.7 - 529.6  (households: 0 ever above, 0 ever below, 0 above at handoff)
  every simulated state is inside both grids

all parameters interior to their boxes

acceptance -- about the RETAINED WINNER, not about the other restarts
  winner came from        polish
  its own return code     FTOL_REACHED  (converged)  yes
  refinement              skipped (ret NOT_RUN, 0 evals)  yes
  no objective exceptions yes  (0)
  final sim in domain     yes  (0 invalid cells)
  no parameter on a bound yes  (all interior)
  objective finite        yes  (Q = 0.00181947)
  (for context: 8 of 8 restarts converged, 0 hit a budget, 0 other)
  ACCEPTED -- this point may be quoted, with the caveats in docs/SMM.md

wrote output/smm_runs/2026-09-09_003312/run_record.toml
wrote output/smm_runs/2026-09-09_003312/restarts.csv
wrote output/smm_runs/2026-09-09_003312/estimates.toml
wrote output/smm_runs/2026-09-09_003312/run.log
