
============================================================================
SMM: 14 parameters (10 parent + 4 child) against 17 moments (10 parent + 7 TAS)
============================================================================
started    2026-09-10 18:36:49
host       haflinger.ceu.edu
machine    112 cores, 503 GB RAM, load average 2.1
workers    20 of 112 cores (18%) -- capped by shared-server budget
budget     4000 Sobol points, 5 restarts (<= 500 evals each, polish 500)
grids      Na=Nhc=30 for both the search and the report
writing to output/smm_runs/2026-09-10_183649
           (also reachable as output/smm_runs/latest -- tail that, no timestamp needed)
7.6s
running on 21 process(es): 1 master + 20 worker(s), 1 BLAS thread each
10.8s
28.7s (all processes at once)

============================================================================
Targets  (output/smm_runs/2026-09-10_183649/targets.toml)
============================================================================
17 moments, 14 parameters -- OVER-identified, Q cannot reach 0 and weights matter
parameters: phi_2, phi_3, lambda_2, R_0, sigma_1_0, sigma_1_1, sigma_2_0, sigma_2_1, sigma_4_0, sigma_4_1, kappa_0, kappa_theta, kappa_ParEd, kappa_terminal
moment           mean         sd        N   source
mean_c_p       3.1155     1.6993     6742   cons_exhous_real_w99
mean_h_p       0.3073     0.0999    15665   (wh_mom + wh_dad)/2 / 112
mean_t_p_early     0.4544     0.1656      475   par_time_tot / 112, child ages 1-9
mean_t_p_late     0.3333     0.1669      590   par_time_tot / 112, child ages 10-17
mean_e_p_early     0.3429     0.4794     8178   m_method2_final_w99, child ages 1-9
mean_e_p_late     0.3911     0.6638     7182   m_method2_final_w99, child ages 10-17
mean_i_c_early     0.0393     0.0358      171   study_hrs / 112 (own study only), child ages 6-9
mean_i_c_late     0.0496     0.0595      584   study_hrs / 112 (own study only), child ages 10-17
mean_hc_early     6.0737     0.1081      252   x_gach (log PCA composite), child ages 3-9
mean_hc_late     6.2589     0.0302      459   x_gach (log PCA composite), child ages 12-17
k0_complete     0.3226     0.4676     2771   y_complete | hf_complete
kth_ga17_t1_c     0.1132     0.3184      106   y_complete | hf_complete, ach_age==17, tert_ga==1
kth_ga17_t2_c     0.2453     0.4323      106   y_complete | hf_complete, ach_age==17, tert_ga==2
kth_ga17_t3_c     0.6286     0.4855      105   y_complete | hf_complete, ach_age==17, tert_ga==3
kpe_g0_c       0.2108     0.4080     1319   y_complete | hf_complete, pared_col==0
kpe_g1_c       0.6013     0.4899      913   y_complete | hf_complete, pared_col==1
kterm_x_strict_w99    33.1977    73.3467      737   pwx_strict winsorised at p99 (cut = 4,448,695 USD) | ever_strict

SDs are shown but NOT targeted: the model's cross-sectional dispersion comes
from a 5-node wage shock plus initial draws and cannot reach the data's
(leisure SD is 7.4x too small). Targeting them would distort the means.

settings written to output/smm_runs/2026-09-10_183649/run_record.toml  (status = started)
24.9s

projected runtime
  sobol stage     4001 evals / 20 workers  =   82.9 min   (parallel)
  local stage      825 evals, sequential    =  342.0 min   (cannot be parallelised)
  total                                     424.9 min

The local stage dominates because TikTak's restarts are sequential by
construction. More workers shorten the first line only -- to use a wide
machine well, raise --sobol (better seeds), not --restarts.

============================================================================
Incumbent calibration
============================================================================
Q = 2405.181407

Parameters
--------------------------------------------------------------
  phi_2            0.1897   (was 0.1897)
  phi_3            1.2478   (was 1.2478)
  lambda_2        10.6722   (was 10.6722)
  R_0             50.4519   (was 50.4519)
  sigma_1_0       -0.7374   (was -0.7374)
  sigma_1_1       -0.0851   (was -0.0851)
  sigma_2_0       -3.6233   (was -3.6233)
  sigma_2_1       -0.0830   (was -0.0830)
  sigma_4_0       -5.7707   (was -5.7707)
  sigma_4_1        0.1327   (was 0.1327)
  kappa_0          0.0587   (was 0.0587)
  kappa_theta     -0.0342   (was -0.0342)
  kappa_ParEd     -0.0070   (was -0.0070)
  kappa_terminal     5.0000   (was 5.0000)

Targeted moments -- 17 moments, 14 parameters (over-identified)
--------------------------------------------------------------------------------------------------------
  moment                     model        data     gap %         t  Q share   source
  mean_c_p                  3.2281      3.1155      3.6%       3.2     0.4%   cons_exhous_real_w99
  mean_h_p                  0.3019      0.3073     -1.8%      -2.5     0.3%   (wh_mom + wh_dad)/2 / 112
  mean_t_p_early            0.4548      0.4544      0.1%       0.1     0.0%   par_time_tot / 112, child ages 1-9
  mean_t_p_late             0.3334      0.3333      0.0%       0.0     0.0%   par_time_tot / 112, child ages 10-17
  mean_e_p_early            0.3432      0.3429      0.1%       0.0     0.0%   m_method2_final_w99, child ages 1-9
  mean_e_p_late             0.3913      0.3911      0.1%       0.0     0.0%   m_method2_final_w99, child ages 10-17
  mean_i_c_early            0.0393      0.0393     -0.1%      -0.0     0.0%   study_hrs / 112 (own study only), child ages 6-9
  mean_i_c_late             0.0496      0.0496      0.0%       0.0     0.0%   study_hrs / 112 (own study only), child ages 10-17
  mean_hc_early             6.0745      6.0737      0.1%       0.2     0.0%   x_gach (log PCA composite), child ages 3-9
  mean_hc_late              6.2543      6.2589     -0.5%      -3.3     0.4%   x_gach (log PCA composite), child ages 12-17
  ---------------------------------------- TAS block ----------------------------------------
  k0_complete               0.0000      0.3226   -100.0%     -28.1    32.9%   y_complete | hf_complete
  kth_ga17_t1_c             0.0000      0.1132   -100.0%      -3.7     0.6%   y_complete | hf_complete, ach_age==17, tert_ga==1
  kth_ga17_t2_c             0.0000      0.2453   -100.0%      -5.9     1.4%   y_complete | hf_complete, ach_age==17, tert_ga==2
  kth_ga17_t3_c             0.0000      0.6286   -100.0%     -13.1     7.2%   y_complete | hf_complete, ach_age==17, tert_ga==3
  kpe_g0_c                  0.0000      0.2108   -100.0%     -16.5    11.3%   y_complete | hf_complete, pared_col==0
  kpe_g1_c                  0.0000      0.6013   -100.0%     -32.6    44.3%   y_complete | hf_complete, pared_col==1
  kterm_x_strict_w99       15.5740     33.1977    -53.1%      -5.4     1.2%   pwx_strict winsorised at p99 (cut = 4,448,695 USD) | ever_strict
  Q                                                                 2405.1814

  Q concentration: top 3 moments carry 88.5% of Q  (kpe_g1_c 44%, k0_complete 33%, kpe_g0_c 11%)

TAS block -- college completion and terminal wealth
----------------------------------------------------------------------------
  college completion      0.0000  vs data 0.3226   (0 of 2000 simulated children)
  ability gradient      T1 0.000  T2 0.000  T3 0.000   (model)
                        T1 0.113  T2 0.245  T3 0.629   (data)
                        T3-T1 model +0.000  vs data +0.515
  parental education    g0 0.000  g1 0.000   (model; 609 of 2000 are BothCollege)
                        g0 0.211  g1 0.601   (data -- EITHER-parent, see ERRORS.md P7c)
  mean transfer          22.0291  (220291 USD)
  retained assets        15.5740  (155740 USD)  vs data 331977 USD
  pre-transfer assets    37.6030  (376030 USD)  -- NOT the target; the target is post-transfer
  LIMITATION: the data is measured at a median child age of ~29, a median 4 years
  after independence; the model's object is assets at the transfer, child age 18.

  c_p           32281 USD/yr  vs data 31155
  h_p            33.8 hrs/wk  vs data 34.4
  t_p  1-9       50.9 hrs/wk  vs data 50.9
  t_p 10-17      37.3 hrs/wk  vs data 37.3
  e_p  1-9       3432 USD/yr  vs data 3429
  e_p 10-17      3913 USD/yr  vs data 3911

  t_p late/early  model 0.73x  vs data 0.73x
  e_p late/early  model 1.14x  vs data 1.14x
  l_p (residual)  model 33.6 hrs/wk  vs 33.1 implied by the h_p/t_p targets
                  (measured leisure is 59.2 hrs/wk -- par_time_tot overlaps it)

Untargeted -- does the fit stay believable?
--------------------------------------------------------------
  after-tax income        4.6224  (46224 USD/yr)
  implied saving rate       31.2%
  terminal assets        37.6030  (376030 USD)
  leisure l_p             0.3004  (33.6 hrs/wk)
  invalid sim cells            0
  assets above a_max=100  max 93.8  (households: 0 ever (0.00%), 0 at t=1, 0 at handoff)
  HC in [50, 1500]      range 297.7 - 551.2  (households: 0 ever above, 0 ever below, 0 above at handoff)
  every simulated state is inside both grids

============================================================================
TikTak search
============================================================================
  sobol        1/4001    0%   best Q   2.212e+07     0.4 min elapsed, ~1705 min left
  sobol        3/4001    0%   best Q   2.212e+07     0.5 min elapsed, ~613 min left
  sobol       10/4001    0%   best Q   4.182e+04     0.5 min elapsed, ~198 min left
  sobol       19/4001    0%   best Q   4.182e+04     0.5 min elapsed, ~111 min left
  sobol       21/4001    1%   best Q   4.182e+04     0.6 min elapsed, ~110 min left
  sobol       22/4001    1%   best Q   4.182e+04     0.6 min elapsed, ~112 min left
  sobol       26/4001    1%   best Q   4.182e+04     0.7 min elapsed, ~100 min left
  sobol       34/4001    1%   best Q   4.182e+04     0.7 min elapsed, ~81 min left
  sobol       41/4001    1%   best Q   4.182e+04     0.7 min elapsed, ~70 min left
  sobol       44/4001    1%   best Q   4.182e+04     0.8 min elapsed, ~72 min left
  sobol       50/4001    1%   best Q   4.182e+04     0.8 min elapsed, ~66 min left
  sobol       57/4001    1%   best Q   4.182e+04     0.9 min elapsed, ~61 min left
  sobol       62/4001    2%   best Q   4.182e+04     0.9 min elapsed, ~59 min left
  sobol       66/4001    2%   best Q   4.182e+04     1.0 min elapsed, ~58 min left
  sobol       71/4001    2%   best Q   4.182e+04     1.0 min elapsed, ~56 min left
  sobol       75/4001    2%   best Q   4.182e+04     1.1 min elapsed, ~56 min left
  sobol       81/4001    2%   best Q   4.182e+04     1.1 min elapsed, ~53 min left
  sobol       85/4001    2%   best Q   4.182e+04     1.1 min elapsed, ~52 min left
  sobol       89/4001    2%   best Q   4.182e+04     1.2 min elapsed, ~52 min left
  sobol       94/4001    2%   best Q   4.182e+04     1.2 min elapsed, ~51 min left
  sobol       98/4001    2%   best Q   4.182e+04     1.3 min elapsed, ~50 min left
  sobol      103/4001    3%   best Q   4.182e+04     1.3 min elapsed, ~49 min left
  sobol      107/4001    3%   best Q   4.182e+04     1.3 min elapsed, ~49 min left
  sobol      112/4001    3%   best Q   4.182e+04     1.4 min elapsed, ~48 min left
  sobol      118/4001    3%   best Q   4.182e+04     1.4 min elapsed, ~47 min left
  sobol      121/4001    3%   best Q   4.182e+04     1.5 min elapsed, ~47 min left
  sobol      125/4001    3%   best Q   4.182e+04     1.5 min elapsed, ~47 min left
  sobol      132/4001    3%   best Q   4.182e+04     1.6 min elapsed, ~46 min left
  sobol      138/4001    3%   best Q   4.182e+04     1.6 min elapsed, ~45 min left
  sobol      142/4001    4%   best Q   4.182e+04     1.7 min elapsed, ~45 min left
  sobol      146/4001    4%   best Q   4.182e+04     1.7 min elapsed, ~45 min left
  sobol      151/4001    4%   best Q   4.182e+04     1.7 min elapsed, ~44 min left
  sobol      159/4001    4%   best Q   4.182e+04     1.8 min elapsed, ~43 min left
  sobol      161/4001    4%   best Q   4.182e+04     1.8 min elapsed, ~44 min left
  sobol      166/4001    4%   best Q   4.182e+04     1.9 min elapsed, ~43 min left
  sobol      169/4001    4%   best Q   4.182e+04     1.9 min elapsed, ~43 min left
  sobol      176/4001    4%   best Q   4.182e+04     2.0 min elapsed, ~42 min left
  sobol      181/4001    5%   best Q   4.182e+04     2.0 min elapsed, ~42 min left
  sobol      184/4001    5%   best Q   4.182e+04     2.0 min elapsed, ~42 min left
  sobol      190/4001    5%   best Q   4.182e+04     2.1 min elapsed, ~42 min left
  sobol      194/4001    5%   best Q   4.182e+04     2.1 min elapsed, ~41 min left
  sobol      200/4001    5%   best Q   4.182e+04     2.2 min elapsed, ~41 min left
  sobol      206/4001    5%   best Q   3.156e+04     2.2 min elapsed, ~41 min left
  sobol      211/4001    5%   best Q   3.156e+04     2.3 min elapsed, ~40 min left
  sobol      215/4001    5%   best Q   3.156e+04     2.3 min elapsed, ~40 min left
  sobol      220/4001    5%   best Q   3.156e+04     2.3 min elapsed, ~40 min left
  sobol      226/4001    6%   best Q   3.156e+04     2.4 min elapsed, ~40 min left
  sobol      232/4001    6%   best Q   3.156e+04     2.4 min elapsed, ~39 min left
  sobol      237/4001    6%   best Q   3.156e+04     2.5 min elapsed, ~39 min left
  sobol      241/4001    6%   best Q   3.156e+04     2.5 min elapsed, ~39 min left
  sobol      246/4001    6%   best Q   3.156e+04     2.6 min elapsed, ~39 min left
  sobol      253/4001    6%   best Q   3.156e+04     2.6 min elapsed, ~39 min left
  sobol      256/4001    6%   best Q   3.156e+04     2.6 min elapsed, ~39 min left
  sobol      260/4001    6%   best Q   3.156e+04     2.7 min elapsed, ~39 min left
  sobol      265/4001    7%   best Q   1.988e+04     2.7 min elapsed, ~38 min left
  sobol      271/4001    7%   best Q   1.988e+04     2.8 min elapsed, ~38 min left
  sobol      278/4001    7%   best Q   1.988e+04     2.8 min elapsed, ~37 min left
  sobol      280/4001    7%   best Q   1.988e+04     2.9 min elapsed, ~38 min left
  sobol      284/4001    7%   best Q   1.988e+04     2.9 min elapsed, ~38 min left
  sobol      287/4001    7%   best Q   1.988e+04     2.9 min elapsed, ~38 min left
  sobol      294/4001    7%   best Q   1.988e+04     3.0 min elapsed, ~37 min left
  sobol      302/4001    8%   best Q   1.988e+04     3.0 min elapsed, ~37 min left
  sobol      303/4001    8%   best Q   1.988e+04     3.1 min elapsed, ~37 min left
  sobol      308/4001    8%   best Q   1.988e+04     3.1 min elapsed, ~37 min left
  sobol      315/4001    8%   best Q   1.988e+04     3.1 min elapsed, ~37 min left
  sobol      321/4001    8%   best Q   1.988e+04     3.2 min elapsed, ~37 min left
  sobol      323/4001    8%   best Q   1.988e+04     3.2 min elapsed, ~37 min left
  sobol      326/4001    8%   best Q   1.988e+04     3.3 min elapsed, ~37 min left
  sobol      333/4001    8%   best Q   1.988e+04     3.3 min elapsed, ~36 min left
  sobol      336/4001    8%   best Q   1.988e+04     3.3 min elapsed, ~36 min left
  sobol      338/4001    8%   best Q   1.988e+04     3.4 min elapsed, ~36 min left
  sobol      344/4001    9%   best Q   1.988e+04     3.4 min elapsed, ~36 min left
  sobol      349/4001    9%   best Q   1.988e+04     3.4 min elapsed, ~36 min left
  sobol      356/4001    9%   best Q   1.988e+04     3.5 min elapsed, ~36 min left
  sobol      360/4001    9%   best Q   1.988e+04     3.5 min elapsed, ~36 min left
  sobol      366/4001    9%   best Q   1.988e+04     3.6 min elapsed, ~36 min left
  sobol      369/4001    9%   best Q   1.988e+04     3.6 min elapsed, ~36 min left
  sobol      374/4001    9%   best Q   1.988e+04     3.7 min elapsed, ~36 min left
  sobol      380/4001    9%   best Q   1.988e+04     3.7 min elapsed, ~36 min left
  sobol      386/4001   10%   best Q   1.988e+04     3.8 min elapsed, ~35 min left
  sobol      392/4001   10%   best Q   1.988e+04     3.8 min elapsed, ~35 min left
  sobol      395/4001   10%   best Q   1.988e+04     3.9 min elapsed, ~35 min left
  sobol      402/4001   10%   best Q   1.988e+04     3.9 min elapsed, ~35 min left
  sobol      407/4001   10%   best Q   1.988e+04     4.0 min elapsed, ~35 min left
  sobol      412/4001   10%   best Q   1.988e+04     4.0 min elapsed, ~35 min left
  sobol      414/4001   10%   best Q   1.988e+04     4.0 min elapsed, ~35 min left
  sobol      421/4001   11%   best Q   1.988e+04     4.1 min elapsed, ~35 min left
  sobol      425/4001   11%   best Q   1.988e+04     4.1 min elapsed, ~35 min left
  sobol      429/4001   11%   best Q   1.988e+04     4.2 min elapsed, ~35 min left
  sobol      434/4001   11%   best Q   1.885e+04     4.2 min elapsed, ~35 min left
  sobol      440/4001   11%   best Q   1.885e+04     4.3 min elapsed, ~34 min left
  sobol      444/4001   11%   best Q   1.885e+04     4.3 min elapsed, ~34 min left
  sobol      452/4001   11%   best Q   1.885e+04     4.3 min elapsed, ~34 min left
  sobol      454/4001   11%   best Q   1.885e+04     4.4 min elapsed, ~34 min left
  sobol      455/4001   11%   best Q   1.885e+04     4.4 min elapsed, ~34 min left
  sobol      463/4001   12%   best Q   1.885e+04     4.5 min elapsed, ~34 min left
  sobol      469/4001   12%   best Q   1.885e+04     4.5 min elapsed, ~34 min left
  sobol      473/4001   12%   best Q   1.885e+04     4.6 min elapsed, ~34 min left
  sobol      475/4001   12%   best Q   1.885e+04     4.6 min elapsed, ~34 min left
  sobol      480/4001   12%   best Q   1.885e+04     4.6 min elapsed, ~34 min left
  sobol      488/4001   12%   best Q   1.885e+04     4.7 min elapsed, ~34 min left
  sobol      492/4001   12%   best Q   1.885e+04     4.7 min elapsed, ~34 min left
  sobol      493/4001   12%   best Q   1.885e+04     4.7 min elapsed, ~34 min left
  sobol      496/4001   12%   best Q   1.885e+04     4.8 min elapsed, ~34 min left
  sobol      500/4001   12%   best Q   1.885e+04     4.8 min elapsed, ~34 min left
  sobol      508/4001   13%   best Q   1.885e+04     4.9 min elapsed, ~33 min left
  sobol      512/4001   13%   best Q   1.885e+04     4.9 min elapsed, ~33 min left
  sobol      514/4001   13%   best Q   1.885e+04     5.0 min elapsed, ~34 min left
  sobol      520/4001   13%   best Q   1.885e+04     5.0 min elapsed, ~33 min left
  sobol      526/4001   13%   best Q   1.885e+04     5.0 min elapsed, ~33 min left
  sobol      532/4001   13%   best Q   1.885e+04     5.1 min elapsed, ~33 min left
  sobol      535/4001   13%   best Q   1.885e+04     5.1 min elapsed, ~33 min left
  sobol      537/4001   13%   best Q   1.885e+04     5.2 min elapsed, ~33 min left
  sobol      543/4001   14%   best Q   1.885e+04     5.2 min elapsed, ~33 min left
  sobol      548/4001   14%   best Q   1.885e+04     5.2 min elapsed, ~33 min left
  sobol      554/4001   14%   best Q   1.885e+04     5.3 min elapsed, ~33 min left
  sobol      557/4001   14%   best Q   1.885e+04     5.3 min elapsed, ~33 min left
  sobol      564/4001   14%   best Q   1.885e+04     5.4 min elapsed, ~33 min left
  sobol      569/4001   14%   best Q   1.885e+04     5.4 min elapsed, ~33 min left
  sobol      575/4001   14%   best Q   1.885e+04     5.5 min elapsed, ~33 min left
  sobol      579/4001   14%   best Q   1.885e+04     5.5 min elapsed, ~33 min left
  sobol      583/4001   15%   best Q   1.885e+04     5.6 min elapsed, ~33 min left
  sobol      590/4001   15%   best Q   1.885e+04     5.6 min elapsed, ~32 min left
  sobol      593/4001   15%   best Q   1.885e+04     5.6 min elapsed, ~32 min left
  sobol      597/4001   15%   best Q   1.885e+04     5.7 min elapsed, ~32 min left
  sobol      601/4001   15%   best Q   1.885e+04     5.7 min elapsed, ~32 min left
  sobol      604/4001   15%   best Q   1.885e+04     5.7 min elapsed, ~32 min left
  sobol      609/4001   15%   best Q   1.885e+04     5.8 min elapsed, ~32 min left
  sobol      614/4001   15%   best Q   1.885e+04     5.8 min elapsed, ~32 min left
  sobol      621/4001   16%   best Q   1.885e+04     5.9 min elapsed, ~32 min left
  sobol      625/4001   16%   best Q   1.885e+04     5.9 min elapsed, ~32 min left
  sobol      631/4001   16%   best Q   1.885e+04     6.0 min elapsed, ~32 min left
  sobol      634/4001   16%   best Q   1.885e+04     6.0 min elapsed, ~32 min left
  sobol      636/4001   16%   best Q   1.885e+04     6.0 min elapsed, ~32 min left
  sobol      644/4001   16%   best Q   1.885e+04     6.1 min elapsed, ~32 min left
  sobol      647/4001   16%   best Q   1.885e+04     6.1 min elapsed, ~32 min left
  sobol      655/4001   16%   best Q   1.885e+04     6.2 min elapsed, ~32 min left
  sobol      658/4001   16%   best Q   1.885e+04     6.2 min elapsed, ~32 min left
  sobol      665/4001   17%   best Q   1.885e+04     6.3 min elapsed, ~31 min left
  sobol      667/4001   17%   best Q   1.885e+04     6.3 min elapsed, ~32 min left
  sobol      675/4001   17%   best Q   1.885e+04     6.4 min elapsed, ~31 min left
  sobol      678/4001   17%   best Q   1.885e+04     6.4 min elapsed, ~31 min left
  sobol      683/4001   17%   best Q   1.885e+04     6.4 min elapsed, ~31 min left
  sobol      687/4001   17%   best Q   1.885e+04     6.5 min elapsed, ~31 min left
  sobol      691/4001   17%   best Q   1.885e+04     6.5 min elapsed, ~31 min left
  sobol      695/4001   17%   best Q   1.885e+04     6.5 min elapsed, ~31 min left
  sobol      700/4001   17%   best Q   1.885e+04     6.6 min elapsed, ~31 min left
  sobol      704/4001   18%   best Q   1.885e+04     6.6 min elapsed, ~31 min left
  sobol      710/4001   18%   best Q   1.885e+04     6.7 min elapsed, ~31 min left
  sobol      717/4001   18%   best Q   1.885e+04     6.7 min elapsed, ~31 min left
  sobol      719/4001   18%   best Q   1.885e+04     6.8 min elapsed, ~31 min left
  sobol      725/4001   18%   best Q   1.885e+04     6.8 min elapsed, ~31 min left
  sobol      730/4001   18%   best Q   1.885e+04     6.9 min elapsed, ~31 min left
  sobol      734/4001   18%   best Q   1.885e+04     6.9 min elapsed, ~31 min left
  sobol      738/4001   18%   best Q   1.885e+04     6.9 min elapsed, ~31 min left
  sobol      745/4001   19%   best Q   1.885e+04     7.0 min elapsed, ~31 min left
  sobol      751/4001   19%   best Q   1.885e+04     7.0 min elapsed, ~31 min left
  sobol      757/4001   19%   best Q   1.885e+04     7.1 min elapsed, ~30 min left
  sobol      760/4001   19%   best Q   1.885e+04     7.1 min elapsed, ~30 min left
  sobol      763/4001   19%   best Q   1.885e+04     7.2 min elapsed, ~30 min left
  sobol      771/4001   19%   best Q   1.885e+04     7.2 min elapsed, ~30 min left
  sobol      775/4001   19%   best Q   1.885e+04     7.3 min elapsed, ~30 min left
  sobol      780/4001   19%   best Q   1.885e+04     7.3 min elapsed, ~30 min left
  sobol      784/4001   20%   best Q   1.885e+04     7.3 min elapsed, ~30 min left
  sobol      789/4001   20%   best Q   1.885e+04     7.4 min elapsed, ~30 min left
  sobol      790/4001   20%   best Q   1.885e+04     7.4 min elapsed, ~30 min left
  sobol      796/4001   20%   best Q   1.885e+04     7.5 min elapsed, ~30 min left
  sobol      801/4001   20%   best Q   1.885e+04     7.5 min elapsed, ~30 min left
  sobol      809/4001   20%   best Q   1.885e+04     7.5 min elapsed, ~30 min left
  sobol      810/4001   20%   best Q   1.885e+04     7.6 min elapsed, ~30 min left
  sobol      814/4001   20%   best Q   1.885e+04     7.6 min elapsed, ~30 min left
  sobol      817/4001   20%   best Q   1.885e+04     7.7 min elapsed, ~30 min left
  sobol      824/4001   21%   best Q   1.885e+04     7.7 min elapsed, ~30 min left
  sobol      830/4001   21%   best Q   1.885e+04     7.8 min elapsed, ~30 min left
  sobol      835/4001   21%   best Q   1.885e+04     7.8 min elapsed, ~30 min left
  sobol      843/4001   21%   best Q   1.885e+04     7.9 min elapsed, ~29 min left
  sobol      850/4001   21%   best Q   1.885e+04     7.9 min elapsed, ~29 min left
  sobol      854/4001   21%   best Q   1.885e+04     8.0 min elapsed, ~29 min left
  sobol      859/4001   21%   best Q   1.885e+04     8.0 min elapsed, ~29 min left
  sobol      863/4001   22%   best Q   1.885e+04     8.0 min elapsed, ~29 min left
  sobol      868/4001   22%   best Q   1.885e+04     8.1 min elapsed, ~29 min left
  sobol      871/4001   22%   best Q   1.885e+04     8.1 min elapsed, ~29 min left
  sobol      876/4001   22%   best Q   1.885e+04     8.1 min elapsed, ~29 min left
  sobol      881/4001   22%   best Q   1.885e+04     8.2 min elapsed, ~29 min left
  sobol      886/4001   22%   best Q   1.885e+04     8.2 min elapsed, ~29 min left
  sobol      891/4001   22%   best Q   1.885e+04     8.3 min elapsed, ~29 min left
  sobol      894/4001   22%   best Q   1.885e+04     8.3 min elapsed, ~29 min left
  sobol      899/4001   22%   best Q   1.885e+04     8.4 min elapsed, ~29 min left
  sobol      904/4001   23%   best Q   1.885e+04     8.4 min elapsed, ~29 min left
  sobol      908/4001   23%   best Q   1.885e+04     8.4 min elapsed, ~29 min left
  sobol      913/4001   23%   best Q   1.885e+04     8.5 min elapsed, ~29 min left
  sobol      916/4001   23%   best Q   1.885e+04     8.5 min elapsed, ~29 min left
  sobol      921/4001   23%   best Q   1.885e+04     8.6 min elapsed, ~29 min left
  sobol      925/4001   23%   best Q   1.885e+04     8.6 min elapsed, ~29 min left
  sobol      931/4001   23%   best Q   1.885e+04     8.6 min elapsed, ~29 min left
  sobol      937/4001   23%   best Q   1.885e+04     8.7 min elapsed, ~28 min left
  sobol      939/4001   23%   best Q   1.885e+04     8.7 min elapsed, ~28 min left
  sobol      944/4001   24%   best Q   1.885e+04     8.8 min elapsed, ~28 min left
  sobol      949/4001   24%   best Q   1.885e+04     8.8 min elapsed, ~28 min left
  sobol      952/4001   24%   best Q   1.885e+04     8.8 min elapsed, ~28 min left
  sobol      960/4001   24%   best Q   1.885e+04     8.9 min elapsed, ~28 min left
  sobol      962/4001   24%   best Q   1.885e+04     8.9 min elapsed, ~28 min left
  sobol      966/4001   24%   best Q   1.885e+04     9.0 min elapsed, ~28 min left
  sobol      973/4001   24%   best Q   1.885e+04     9.0 min elapsed, ~28 min left
  sobol      975/4001   24%   best Q   1.885e+04     9.0 min elapsed, ~28 min left
  sobol      982/4001   25%   best Q   1.885e+04     9.1 min elapsed, ~28 min left
  sobol      985/4001   25%   best Q   1.885e+04     9.1 min elapsed, ~28 min left
  sobol      991/4001   25%   best Q   1.885e+04     9.2 min elapsed, ~28 min left
  sobol      996/4001   25%   best Q   1.885e+04     9.2 min elapsed, ~28 min left
  sobol     1000/4001   25%   best Q   1.885e+04     9.2 min elapsed, ~28 min left
  sobol     1004/4001   25%   best Q   1.885e+04     9.3 min elapsed, ~28 min left
  sobol     1009/4001   25%   best Q   1.885e+04     9.3 min elapsed, ~28 min left
  sobol     1014/4001   25%   best Q   1.885e+04     9.4 min elapsed, ~28 min left
  sobol     1019/4001   25%   best Q   1.885e+04     9.4 min elapsed, ~28 min left
  sobol     1025/4001   26%   best Q   1.885e+04     9.4 min elapsed, ~27 min left
  sobol     1028/4001   26%   best Q   1.885e+04     9.5 min elapsed, ~27 min left
  sobol     1032/4001   26%   best Q   1.808e+04     9.5 min elapsed, ~27 min left
  sobol     1035/4001   26%   best Q   1.808e+04     9.6 min elapsed, ~27 min left
  sobol     1043/4001   26%   best Q   1.808e+04     9.6 min elapsed, ~27 min left
  sobol     1047/4001   26%   best Q   1.808e+04     9.7 min elapsed, ~27 min left
  sobol     1053/4001   26%   best Q   1.808e+04     9.7 min elapsed, ~27 min left
  sobol     1059/4001   26%   best Q   1.808e+04     9.8 min elapsed, ~27 min left
  sobol     1064/4001   27%   best Q   1.808e+04     9.8 min elapsed, ~27 min left
  sobol     1068/4001   27%   best Q   1.808e+04     9.8 min elapsed, ~27 min left
  sobol     1070/4001   27%   best Q   1.808e+04     9.9 min elapsed, ~27 min left
  sobol     1075/4001   27%   best Q   1.808e+04     9.9 min elapsed, ~27 min left
  sobol     1079/4001   27%   best Q   1.808e+04     9.9 min elapsed, ~27 min left
  sobol     1084/4001   27%   best Q   1.808e+04    10.0 min elapsed, ~27 min left
  sobol     1088/4001   27%   best Q   1.808e+04    10.0 min elapsed, ~27 min left
  sobol     1091/4001   27%   best Q   1.808e+04    10.1 min elapsed, ~27 min left
  sobol     1099/4001   27%   best Q   1.808e+04    10.1 min elapsed, ~27 min left
  sobol     1104/4001   28%   best Q   1.808e+04    10.2 min elapsed, ~27 min left
  sobol     1109/4001   28%   best Q   1.808e+04    10.2 min elapsed, ~27 min left
  sobol     1112/4001   28%   best Q   1.808e+04    10.2 min elapsed, ~27 min left
  sobol     1117/4001   28%   best Q   1.808e+04    10.3 min elapsed, ~27 min left
  sobol     1122/4001   28%   best Q   1.808e+04    10.3 min elapsed, ~27 min left
  sobol     1129/4001   28%   best Q   1.808e+04    10.4 min elapsed, ~26 min left
  sobol     1132/4001   28%   best Q   1.808e+04    10.4 min elapsed, ~26 min left
  sobol     1137/4001   28%   best Q   1.808e+04    10.5 min elapsed, ~26 min left
  sobol     1142/4001   29%   best Q   1.808e+04    10.5 min elapsed, ~26 min left
  sobol     1146/4001   29%   best Q   1.808e+04    10.5 min elapsed, ~26 min left
  sobol     1152/4001   29%   best Q   1.808e+04    10.6 min elapsed, ~26 min left
  sobol     1157/4001   29%   best Q   1.808e+04    10.6 min elapsed, ~26 min left
  sobol     1163/4001   29%   best Q   1.808e+04    10.7 min elapsed, ~26 min left
  sobol     1171/4001   29%   best Q   1.808e+04    10.7 min elapsed, ~26 min left
  sobol     1173/4001   29%   best Q   1.808e+04    10.8 min elapsed, ~26 min left
  sobol     1178/4001   29%   best Q   1.808e+04    10.8 min elapsed, ~26 min left
  sobol     1184/4001   30%   best Q   1.808e+04    10.9 min elapsed, ~26 min left
  sobol     1189/4001   30%   best Q   1.808e+04    10.9 min elapsed, ~26 min left
  sobol     1194/4001   30%   best Q   1.808e+04    11.0 min elapsed, ~26 min left
  sobol     1200/4001   30%   best Q   1.808e+04    11.0 min elapsed, ~26 min left
  sobol     1206/4001   30%   best Q   1.808e+04    11.1 min elapsed, ~26 min left
  sobol     1210/4001   30%   best Q   1.613e+04    11.1 min elapsed, ~26 min left
  sobol     1213/4001   30%   best Q   1.613e+04    11.1 min elapsed, ~26 min left
  sobol     1218/4001   30%   best Q   1.613e+04    11.2 min elapsed, ~26 min left
  sobol     1223/4001   31%   best Q   1.613e+04    11.2 min elapsed, ~26 min left
  sobol     1230/4001   31%   best Q   1.613e+04    11.3 min elapsed, ~25 min left
  sobol     1233/4001   31%   best Q   1.613e+04    11.3 min elapsed, ~25 min left
  sobol     1239/4001   31%   best Q   1.613e+04    11.3 min elapsed, ~25 min left
  sobol     1243/4001   31%   best Q   1.613e+04    11.4 min elapsed, ~25 min left
  sobol     1247/4001   31%   best Q   1.613e+04    11.4 min elapsed, ~25 min left
  sobol     1251/4001   31%   best Q   1.613e+04    11.5 min elapsed, ~25 min left
  sobol     1257/4001   31%   best Q   1.613e+04    11.5 min elapsed, ~25 min left
  sobol     1261/4001   32%   best Q   1.613e+04    11.6 min elapsed, ~25 min left
  sobol     1269/4001   32%   best Q   1.613e+04    11.6 min elapsed, ~25 min left
  sobol     1270/4001   32%   best Q   1.613e+04    11.7 min elapsed, ~25 min left
  sobol     1279/4001   32%   best Q   1.613e+04    11.7 min elapsed, ~25 min left
  sobol     1287/4001   32%   best Q   1.613e+04    11.8 min elapsed, ~25 min left
  sobol     1289/4001   32%   best Q   1.613e+04    11.8 min elapsed, ~25 min left
  sobol     1292/4001   32%   best Q   1.613e+04    11.8 min elapsed, ~25 min left
  sobol     1296/4001   32%   best Q   1.613e+04    11.9 min elapsed, ~25 min left
  sobol     1302/4001   33%   best Q   1.613e+04    11.9 min elapsed, ~25 min left
  sobol     1304/4001   33%   best Q   1.613e+04    12.0 min elapsed, ~25 min left
  sobol     1310/4001   33%   best Q   1.613e+04    12.0 min elapsed, ~25 min left
  sobol     1313/4001   33%   best Q   1.613e+04    12.0 min elapsed, ~25 min left
  sobol     1320/4001   33%   best Q   1.613e+04    12.1 min elapsed, ~25 min left
  sobol     1324/4001   33%   best Q   1.613e+04    12.1 min elapsed, ~24 min left
  sobol     1329/4001   33%   best Q   1.613e+04    12.2 min elapsed, ~24 min left
  sobol     1333/4001   33%   best Q   1.613e+04    12.2 min elapsed, ~24 min left
  sobol     1340/4001   33%   best Q   1.613e+04    12.2 min elapsed, ~24 min left
  sobol     1344/4001   34%   best Q   1.613e+04    12.3 min elapsed, ~24 min left
  sobol     1350/4001   34%   best Q   1.613e+04    12.3 min elapsed, ~24 min left
  sobol     1352/4001   34%   best Q   1.613e+04    12.4 min elapsed, ~24 min left
  sobol     1357/4001   34%   best Q   1.613e+04    12.4 min elapsed, ~24 min left
  sobol     1362/4001   34%   best Q   1.613e+04    12.4 min elapsed, ~24 min left
  sobol     1368/4001   34%   best Q   1.613e+04    12.5 min elapsed, ~24 min left
  sobol     1372/4001   34%   best Q   1.613e+04    12.5 min elapsed, ~24 min left
  sobol     1375/4001   34%   best Q   1.613e+04    12.6 min elapsed, ~24 min left
  sobol     1379/4001   34%   best Q   1.613e+04    12.6 min elapsed, ~24 min left
  sobol     1385/4001   35%   best Q   1.613e+04    12.6 min elapsed, ~24 min left
  sobol     1389/4001   35%   best Q   1.613e+04    12.7 min elapsed, ~24 min left
  sobol     1397/4001   35%   best Q   1.613e+04    12.7 min elapsed, ~24 min left
  sobol     1400/4001   35%   best Q   1.613e+04    12.8 min elapsed, ~24 min left
  sobol     1403/4001   35%   best Q   1.613e+04    12.8 min elapsed, ~24 min left
  sobol     1408/4001   35%   best Q   1.613e+04    12.9 min elapsed, ~24 min left
  sobol     1415/4001   35%   best Q   1.613e+04    12.9 min elapsed, ~24 min left
  sobol     1419/4001   35%   best Q   1.613e+04    12.9 min elapsed, ~24 min left
  sobol     1421/4001   36%   best Q   1.613e+04    13.0 min elapsed, ~24 min left
  sobol     1424/4001   36%   best Q   1.613e+04    13.0 min elapsed, ~24 min left
  sobol     1427/4001   36%   best Q   1.613e+04    13.1 min elapsed, ~24 min left
  sobol     1437/4001   36%   best Q   1.613e+04    13.1 min elapsed, ~23 min left
  sobol     1442/4001   36%   best Q   1.613e+04    13.2 min elapsed, ~23 min left
  sobol     1445/4001   36%   best Q   1.613e+04    13.2 min elapsed, ~23 min left
  sobol     1452/4001   36%   best Q   1.613e+04    13.3 min elapsed, ~23 min left
  sobol     1457/4001   36%   best Q   1.613e+04    13.3 min elapsed, ~23 min left
  sobol     1462/4001   37%   best Q   1.613e+04    13.3 min elapsed, ~23 min left
  sobol     1467/4001   37%   best Q   1.613e+04    13.4 min elapsed, ~23 min left
  sobol     1469/4001   37%   best Q   1.613e+04    13.4 min elapsed, ~23 min left
  sobol     1475/4001   37%   best Q   1.613e+04    13.4 min elapsed, ~23 min left
  sobol     1478/4001   37%   best Q   1.613e+04    13.5 min elapsed, ~23 min left
  sobol     1483/4001   37%   best Q   1.613e+04    13.5 min elapsed, ~23 min left
  sobol     1489/4001   37%   best Q   1.613e+04    13.6 min elapsed, ~23 min left
  sobol     1492/4001   37%   best Q   1.613e+04    13.6 min elapsed, ~23 min left
  sobol     1496/4001   37%   best Q   1.613e+04    13.6 min elapsed, ~23 min left
  sobol     1499/4001   37%   best Q   1.613e+04    13.7 min elapsed, ~23 min left
  sobol     1506/4001   38%   best Q   1.613e+04    13.7 min elapsed, ~23 min left
  sobol     1511/4001   38%   best Q   1.613e+04    13.8 min elapsed, ~23 min left
  sobol     1514/4001   38%   best Q   1.613e+04    13.8 min elapsed, ~23 min left
  sobol     1520/4001   38%   best Q   1.613e+04    13.8 min elapsed, ~23 min left
  sobol     1523/4001   38%   best Q   1.613e+04    13.9 min elapsed, ~23 min left
  sobol     1529/4001   38%   best Q   1.613e+04    13.9 min elapsed, ~23 min left
  sobol     1533/4001   38%   best Q   1.613e+04    14.0 min elapsed, ~22 min left
  sobol     1538/4001   38%   best Q   1.613e+04    14.0 min elapsed, ~22 min left
  sobol     1543/4001   39%   best Q   1.613e+04    14.1 min elapsed, ~22 min left
  sobol     1550/4001   39%   best Q   1.613e+04    14.1 min elapsed, ~22 min left
  sobol     1552/4001   39%   best Q   1.613e+04    14.1 min elapsed, ~22 min left
  sobol     1558/4001   39%   best Q   1.613e+04    14.2 min elapsed, ~22 min left
  sobol     1562/4001   39%   best Q   1.613e+04    14.2 min elapsed, ~22 min left
  sobol     1565/4001   39%   best Q   1.613e+04    14.3 min elapsed, ~22 min left
  sobol     1571/4001   39%   best Q   1.613e+04    14.3 min elapsed, ~22 min left
  sobol     1574/4001   39%   best Q   1.613e+04    14.3 min elapsed, ~22 min left
  sobol     1578/4001   39%   best Q   1.613e+04    14.4 min elapsed, ~22 min left
  sobol     1582/4001   40%   best Q   1.613e+04    14.4 min elapsed, ~22 min left
  sobol     1585/4001   40%   best Q   1.613e+04    14.4 min elapsed, ~22 min left
  sobol     1592/4001   40%   best Q   1.613e+04    14.5 min elapsed, ~22 min left
  sobol     1598/4001   40%   best Q   1.613e+04    14.5 min elapsed, ~22 min left
  sobol     1600/4001   40%   best Q   1.613e+04    14.6 min elapsed, ~22 min left
  sobol     1603/4001   40%   best Q   1.613e+04    14.6 min elapsed, ~22 min left
  sobol     1608/4001   40%   best Q   1.613e+04    14.6 min elapsed, ~22 min left
  sobol     1614/4001   40%   best Q   1.613e+04    14.7 min elapsed, ~22 min left
  sobol     1619/4001   40%   best Q   1.613e+04    14.7 min elapsed, ~22 min left
  sobol     1621/4001   41%   best Q   1.613e+04    14.8 min elapsed, ~22 min left
  sobol     1625/4001   41%   best Q   1.613e+04    14.8 min elapsed, ~22 min left
  sobol     1631/4001   41%   best Q   1.613e+04    14.8 min elapsed, ~22 min left
  sobol     1638/4001   41%   best Q   1.613e+04    14.9 min elapsed, ~21 min left
  sobol     1640/4001   41%   best Q   1.613e+04    14.9 min elapsed, ~21 min left
  sobol     1644/4001   41%   best Q   1.613e+04    15.0 min elapsed, ~21 min left
  sobol     1648/4001   41%   best Q   1.613e+04    15.0 min elapsed, ~21 min left
  sobol     1652/4001   41%   best Q   1.613e+04    15.0 min elapsed, ~21 min left
  sobol     1658/4001   41%   best Q   1.613e+04    15.1 min elapsed, ~21 min left
  sobol     1660/4001   41%   best Q   1.613e+04    15.1 min elapsed, ~21 min left
  sobol     1667/4001   42%   best Q   1.613e+04    15.2 min elapsed, ~21 min left
  sobol     1674/4001   42%   best Q   1.613e+04    15.2 min elapsed, ~21 min left
  sobol     1679/4001   42%   best Q   1.613e+04    15.2 min elapsed, ~21 min left
  sobol     1682/4001   42%   best Q   1.613e+04    15.3 min elapsed, ~21 min left
  sobol     1686/4001   42%   best Q   1.613e+04    15.3 min elapsed, ~21 min left
  sobol     1693/4001   42%   best Q   1.613e+04    15.4 min elapsed, ~21 min left
  sobol     1694/4001   42%   best Q   1.613e+04    15.4 min elapsed, ~21 min left
  sobol     1701/4001   43%   best Q   1.613e+04    15.4 min elapsed, ~21 min left
  sobol     1705/4001   43%   best Q   1.613e+04    15.5 min elapsed, ~21 min left
  sobol     1708/4001   43%   best Q   1.613e+04    15.5 min elapsed, ~21 min left
  sobol     1711/4001   43%   best Q   1.613e+04    15.6 min elapsed, ~21 min left
  sobol     1715/4001   43%   best Q   1.613e+04    15.6 min elapsed, ~21 min left
  sobol     1722/4001   43%   best Q   1.613e+04    15.6 min elapsed, ~21 min left
  sobol     1726/4001   43%   best Q   1.613e+04    15.7 min elapsed, ~21 min left
  sobol     1732/4001   43%   best Q   1.613e+04    15.8 min elapsed, ~21 min left
  sobol     1737/4001   43%   best Q   1.613e+04    15.8 min elapsed, ~21 min left
  sobol     1744/4001   44%   best Q   1.613e+04    15.8 min elapsed, ~20 min left
  sobol     1747/4001   44%   best Q   1.613e+04    15.9 min elapsed, ~20 min left
  sobol     1750/4001   44%   best Q   1.613e+04    15.9 min elapsed, ~20 min left
  sobol     1756/4001   44%   best Q   1.613e+04    15.9 min elapsed, ~20 min left
  sobol     1759/4001   44%   best Q   1.613e+04    16.0 min elapsed, ~20 min left
  sobol     1766/4001   44%   best Q   1.613e+04    16.0 min elapsed, ~20 min left
  sobol     1769/4001   44%   best Q   1.613e+04    16.1 min elapsed, ~20 min left
  sobol     1771/4001   44%   best Q   1.613e+04    16.1 min elapsed, ~20 min left
  sobol     1775/4001   44%   best Q   1.613e+04    16.1 min elapsed, ~20 min left
  sobol     1783/4001   45%   best Q   1.613e+04    16.2 min elapsed, ~20 min left
  sobol     1787/4001   45%   best Q   1.613e+04    16.2 min elapsed, ~20 min left
  sobol     1791/4001   45%   best Q   1.613e+04    16.3 min elapsed, ~20 min left
  sobol     1794/4001   45%   best Q   1.613e+04    16.3 min elapsed, ~20 min left
  sobol     1801/4001   45%   best Q   1.613e+04    16.4 min elapsed, ~20 min left
  sobol     1808/4001   45%   best Q   1.613e+04    16.4 min elapsed, ~20 min left
  sobol     1811/4001   45%   best Q   1.613e+04    16.4 min elapsed, ~20 min left
  sobol     1817/4001   45%   best Q   1.613e+04    16.5 min elapsed, ~20 min left
  sobol     1822/4001   46%   best Q   1.613e+04    16.5 min elapsed, ~20 min left
  sobol     1827/4001   46%   best Q   1.613e+04    16.6 min elapsed, ~20 min left
  sobol     1830/4001   46%   best Q   1.613e+04    16.6 min elapsed, ~20 min left
  sobol     1837/4001   46%   best Q   1.613e+04    16.7 min elapsed, ~20 min left
  sobol     1845/4001   46%   best Q   1.613e+04    16.7 min elapsed, ~20 min left
  sobol     1846/4001   46%   best Q   1.613e+04    16.7 min elapsed, ~20 min left
  sobol     1849/4001   46%   best Q   1.613e+04    16.8 min elapsed, ~20 min left
  sobol     1852/4001   46%   best Q   1.613e+04    16.8 min elapsed, ~20 min left
  sobol     1859/4001   46%   best Q   1.613e+04    16.9 min elapsed, ~19 min left
  sobol     1864/4001   47%   best Q   1.613e+04    16.9 min elapsed, ~19 min left
  sobol     1868/4001   47%   best Q   1.613e+04    17.0 min elapsed, ~19 min left
  sobol     1873/4001   47%   best Q   1.613e+04    17.0 min elapsed, ~19 min left
  sobol     1880/4001   47%   best Q   1.613e+04    17.1 min elapsed, ~19 min left
  sobol     1886/4001   47%   best Q   1.613e+04    17.1 min elapsed, ~19 min left
  sobol     1892/4001   47%   best Q   1.613e+04    17.2 min elapsed, ~19 min left
  sobol     1898/4001   47%   best Q   1.613e+04    17.2 min elapsed, ~19 min left
  sobol     1904/4001   48%   best Q   1.613e+04    17.3 min elapsed, ~19 min left
  sobol     1907/4001   48%   best Q   1.613e+04    17.3 min elapsed, ~19 min left
  sobol     1911/4001   48%   best Q   1.613e+04    17.3 min elapsed, ~19 min left
  sobol     1915/4001   48%   best Q   1.613e+04    17.4 min elapsed, ~19 min left
  sobol     1921/4001   48%   best Q   1.444e+04    17.4 min elapsed, ~19 min left
  sobol     1924/4001   48%   best Q   1.444e+04    17.5 min elapsed, ~19 min left
  sobol     1928/4001   48%   best Q   1.444e+04    17.5 min elapsed, ~19 min left
  sobol     1935/4001   48%   best Q   1.444e+04    17.6 min elapsed, ~19 min left
  sobol     1939/4001   48%   best Q   1.444e+04    17.6 min elapsed, ~19 min left
  sobol     1946/4001   49%   best Q   1.444e+04    17.6 min elapsed, ~19 min left
  sobol     1950/4001   49%   best Q   1.444e+04    17.7 min elapsed, ~19 min left
  sobol     1955/4001   49%   best Q   1.444e+04    17.7 min elapsed, ~19 min left
  sobol     1959/4001   49%   best Q   1.444e+04    17.7 min elapsed, ~19 min left
  sobol     1964/4001   49%   best Q   1.444e+04    17.8 min elapsed, ~18 min left
  sobol     1970/4001   49%   best Q   1.444e+04    17.8 min elapsed, ~18 min left
  sobol     1974/4001   49%   best Q   1.444e+04    17.9 min elapsed, ~18 min left
  sobol     1978/4001   49%   best Q   1.444e+04    17.9 min elapsed, ~18 min left
  sobol     1981/4001   50%   best Q   1.444e+04    17.9 min elapsed, ~18 min left
  sobol     1989/4001   50%   best Q   1.444e+04    18.0 min elapsed, ~18 min left
  sobol     1993/4001   50%   best Q   1.444e+04    18.0 min elapsed, ~18 min left
  sobol     1996/4001   50%   best Q   1.444e+04    18.1 min elapsed, ~18 min left
  sobol     2000/4001   50%   best Q   1.444e+04    18.1 min elapsed, ~18 min left
  sobol     2004/4001   50%   best Q   1.444e+04    18.2 min elapsed, ~18 min left
  sobol     2010/4001   50%   best Q   1.444e+04    18.2 min elapsed, ~18 min left
  sobol     2014/4001   50%   best Q   1.444e+04    18.2 min elapsed, ~18 min left
  sobol     2019/4001   50%   best Q   1.444e+04    18.3 min elapsed, ~18 min left
  sobol     2023/4001   51%   best Q   1.444e+04    18.3 min elapsed, ~18 min left
  sobol     2028/4001   51%   best Q   1.444e+04    18.3 min elapsed, ~18 min left
  sobol     2033/4001   51%   best Q   1.444e+04    18.4 min elapsed, ~18 min left
  sobol     2038/4001   51%   best Q   1.444e+04    18.4 min elapsed, ~18 min left
  sobol     2043/4001   51%   best Q   1.444e+04    18.5 min elapsed, ~18 min left
  sobol     2047/4001   51%   best Q   1.345e+04    18.5 min elapsed, ~18 min left
  sobol     2055/4001   51%   best Q   1.345e+04    18.6 min elapsed, ~18 min left
  sobol     2058/4001   51%   best Q   1.345e+04    18.6 min elapsed, ~18 min left
  sobol     2062/4001   52%   best Q   1.345e+04    18.6 min elapsed, ~18 min left
  sobol     2067/4001   52%   best Q   1.345e+04    18.7 min elapsed, ~17 min left
  sobol     2072/4001   52%   best Q   1.345e+04    18.7 min elapsed, ~17 min left
  sobol     2075/4001   52%   best Q   1.345e+04    18.8 min elapsed, ~17 min left
  sobol     2081/4001   52%   best Q   1.345e+04    18.8 min elapsed, ~17 min left
  sobol     2086/4001   52%   best Q   1.345e+04    18.9 min elapsed, ~17 min left
  sobol     2091/4001   52%   best Q   1.345e+04    18.9 min elapsed, ~17 min left
  sobol     2093/4001   52%   best Q   1.345e+04    18.9 min elapsed, ~17 min left
  sobol     2097/4001   52%   best Q   1.345e+04    19.0 min elapsed, ~17 min left
  sobol     2104/4001   53%   best Q   1.345e+04    19.0 min elapsed, ~17 min left
  sobol     2109/4001   53%   best Q   1.345e+04    19.1 min elapsed, ~17 min left
  sobol     2115/4001   53%   best Q   1.345e+04    19.1 min elapsed, ~17 min left
  sobol     2118/4001   53%   best Q   1.345e+04    19.1 min elapsed, ~17 min left
  sobol     2122/4001   53%   best Q   1.345e+04    19.2 min elapsed, ~17 min left
  sobol     2126/4001   53%   best Q   1.345e+04    19.2 min elapsed, ~17 min left
  sobol     2131/4001   53%   best Q   1.345e+04    19.2 min elapsed, ~17 min left
  sobol     2136/4001   53%   best Q   1.345e+04    19.3 min elapsed, ~17 min left
  sobol     2142/4001   54%   best Q   1.345e+04    19.4 min elapsed, ~17 min left
  sobol     2149/4001   54%   best Q   1.345e+04    19.4 min elapsed, ~17 min left
  sobol     2152/4001   54%   best Q   1.345e+04    19.4 min elapsed, ~17 min left
  sobol     2156/4001   54%   best Q   1.345e+04    19.5 min elapsed, ~17 min left
  sobol     2162/4001   54%   best Q   1.345e+04    19.5 min elapsed, ~17 min left
  sobol     2165/4001   54%   best Q   1.345e+04    19.6 min elapsed, ~17 min left
  sobol     2170/4001   54%   best Q   1.345e+04    19.6 min elapsed, ~17 min left
  sobol     2176/4001   54%   best Q   1.345e+04    19.6 min elapsed, ~16 min left
  sobol     2181/4001   55%   best Q   1.345e+04    19.7 min elapsed, ~16 min left
  sobol     2187/4001   55%   best Q   1.345e+04    19.7 min elapsed, ~16 min left
  sobol     2193/4001   55%   best Q   1.345e+04    19.8 min elapsed, ~16 min left
  sobol     2198/4001   55%   best Q   1.345e+04    19.8 min elapsed, ~16 min left
  sobol     2203/4001   55%   best Q   1.345e+04    19.9 min elapsed, ~16 min left
  sobol     2208/4001   55%   best Q   1.345e+04    19.9 min elapsed, ~16 min left
  sobol     2212/4001   55%   best Q   1.345e+04    20.0 min elapsed, ~16 min left
  sobol     2216/4001   55%   best Q   1.345e+04    20.0 min elapsed, ~16 min left
  sobol     2222/4001   56%   best Q   1.345e+04    20.1 min elapsed, ~16 min left
  sobol     2227/4001   56%   best Q   1.345e+04    20.1 min elapsed, ~16 min left
  sobol     2231/4001   56%   best Q   1.345e+04    20.1 min elapsed, ~16 min left
  sobol     2238/4001   56%   best Q   1.345e+04    20.2 min elapsed, ~16 min left
  sobol     2239/4001   56%   best Q   1.345e+04    20.2 min elapsed, ~16 min left
  sobol     2244/4001   56%   best Q   1.345e+04    20.3 min elapsed, ~16 min left
  sobol     2250/4001   56%   best Q   1.345e+04    20.3 min elapsed, ~16 min left
  sobol     2256/4001   56%   best Q   1.345e+04    20.3 min elapsed, ~16 min left
  sobol     2259/4001   56%   best Q   1.345e+04    20.4 min elapsed, ~16 min left
  sobol     2261/4001   57%   best Q   1.345e+04    20.4 min elapsed, ~16 min left
  sobol     2266/4001   57%   best Q   1.345e+04    20.4 min elapsed, ~16 min left
  sobol     2271/4001   57%   best Q   1.345e+04    20.5 min elapsed, ~16 min left
  sobol     2278/4001   57%   best Q   1.345e+04    20.5 min elapsed, ~16 min left
  sobol     2280/4001   57%   best Q   1.345e+04    20.6 min elapsed, ~16 min left
  sobol     2284/4001   57%   best Q   1.345e+04    20.6 min elapsed, ~15 min left
  sobol     2289/4001   57%   best Q   1.345e+04    20.6 min elapsed, ~15 min left
  sobol     2295/4001   57%   best Q   1.345e+04    20.7 min elapsed, ~15 min left
  sobol     2297/4001   57%   best Q   1.345e+04    20.7 min elapsed, ~15 min left
  sobol     2301/4001   58%   best Q   1.345e+04    20.7 min elapsed, ~15 min left
  sobol     2305/4001   58%   best Q   1.345e+04    20.8 min elapsed, ~15 min left
  sobol     2310/4001   58%   best Q   1.345e+04    20.8 min elapsed, ~15 min left
  sobol     2319/4001   58%   best Q   1.345e+04    20.9 min elapsed, ~15 min left
  sobol     2321/4001   58%   best Q   1.345e+04    20.9 min elapsed, ~15 min left
  sobol     2326/4001   58%   best Q   1.345e+04    21.0 min elapsed, ~15 min left
  sobol     2330/4001   58%   best Q   1.345e+04    21.0 min elapsed, ~15 min left
  sobol     2337/4001   58%   best Q   1.345e+04    21.1 min elapsed, ~15 min left
  sobol     2342/4001   59%   best Q   1.345e+04    21.1 min elapsed, ~15 min left
  sobol     2344/4001   59%   best Q   1.345e+04    21.1 min elapsed, ~15 min left
  sobol     2348/4001   59%   best Q   1.345e+04    21.2 min elapsed, ~15 min left
  sobol     2355/4001   59%   best Q   1.345e+04    21.2 min elapsed, ~15 min left
  sobol     2360/4001   59%   best Q   1.345e+04    21.3 min elapsed, ~15 min left
  sobol     2363/4001   59%   best Q   1.345e+04    21.3 min elapsed, ~15 min left
  sobol     2367/4001   59%   best Q   1.345e+04    21.3 min elapsed, ~15 min left
  sobol     2371/4001   59%   best Q   1.345e+04    21.4 min elapsed, ~15 min left
  sobol     2375/4001   59%   best Q   1.345e+04    21.4 min elapsed, ~15 min left
  sobol     2381/4001   60%   best Q   1.345e+04    21.4 min elapsed, ~15 min left
  sobol     2384/4001   60%   best Q   1.345e+04    21.5 min elapsed, ~15 min left
  sobol     2389/4001   60%   best Q   1.345e+04    21.5 min elapsed, ~15 min left
  sobol     2392/4001   60%   best Q   1.345e+04    21.6 min elapsed, ~15 min left
  sobol     2399/4001   60%   best Q   1.345e+04    21.6 min elapsed, ~14 min left
  sobol     2403/4001   60%   best Q   1.345e+04    21.7 min elapsed, ~14 min left
  sobol     2407/4001   60%   best Q   1.345e+04    21.7 min elapsed, ~14 min left
  sobol     2414/4001   60%   best Q   1.345e+04    21.8 min elapsed, ~14 min left
  sobol     2418/4001   60%   best Q   1.345e+04    21.8 min elapsed, ~14 min left
  sobol     2421/4001   61%   best Q   1.345e+04    21.8 min elapsed, ~14 min left
  sobol     2426/4001   61%   best Q   1.345e+04    21.9 min elapsed, ~14 min left
  sobol     2431/4001   61%   best Q   1.345e+04    21.9 min elapsed, ~14 min left
  sobol     2434/4001   61%   best Q   1.345e+04    22.0 min elapsed, ~14 min left
  sobol     2438/4001   61%   best Q   1.345e+04    22.0 min elapsed, ~14 min left
  sobol     2442/4001   61%   best Q   1.345e+04    22.0 min elapsed, ~14 min left
  sobol     2446/4001   61%   best Q   1.345e+04    22.1 min elapsed, ~14 min left
  sobol     2453/4001   61%   best Q   1.345e+04    22.1 min elapsed, ~14 min left
  sobol     2457/4001   61%   best Q   1.345e+04    22.2 min elapsed, ~14 min left
  sobol     2463/4001   62%   best Q   1.345e+04    22.2 min elapsed, ~14 min left
  sobol     2466/4001   62%   best Q   1.345e+04    22.2 min elapsed, ~14 min left
  sobol     2470/4001   62%   best Q   1.345e+04    22.3 min elapsed, ~14 min left
  sobol     2475/4001   62%   best Q   1.345e+04    22.3 min elapsed, ~14 min left
  sobol     2479/4001   62%   best Q   1.345e+04    22.4 min elapsed, ~14 min left
  sobol     2485/4001   62%   best Q   1.345e+04    22.4 min elapsed, ~14 min left
  sobol     2488/4001   62%   best Q   1.345e+04    22.4 min elapsed, ~14 min left
  sobol     2495/4001   62%   best Q   1.345e+04    22.5 min elapsed, ~14 min left
  sobol     2498/4001   62%   best Q   1.345e+04    22.5 min elapsed, ~14 min left
  sobol     2499/4001   62%   best Q   1.345e+04    22.6 min elapsed, ~14 min left
  sobol     2503/4001   63%   best Q   1.345e+04    22.6 min elapsed, ~14 min left
  sobol     2509/4001   63%   best Q   1.345e+04    22.6 min elapsed, ~13 min left
  sobol     2516/4001   63%   best Q   1.345e+04    22.7 min elapsed, ~13 min left
  sobol     2518/4001   63%   best Q   1.345e+04    22.7 min elapsed, ~13 min left
  sobol     2522/4001   63%   best Q   1.345e+04    22.8 min elapsed, ~13 min left
  sobol     2529/4001   63%   best Q   1.345e+04    22.8 min elapsed, ~13 min left
  sobol     2536/4001   63%   best Q   1.345e+04    22.8 min elapsed, ~13 min left
  sobol     2539/4001   63%   best Q   1.345e+04    22.9 min elapsed, ~13 min left
  sobol     2542/4001   64%   best Q   1.345e+04    22.9 min elapsed, ~13 min left
  sobol     2547/4001   64%   best Q   1.345e+04    23.0 min elapsed, ~13 min left
  sobol     2552/4001   64%   best Q   1.345e+04    23.0 min elapsed, ~13 min left
  sobol     2558/4001   64%   best Q   1.345e+04    23.0 min elapsed, ~13 min left
  sobol     2560/4001   64%   best Q   1.345e+04    23.1 min elapsed, ~13 min left
  sobol     2563/4001   64%   best Q   1.139e+04    23.1 min elapsed, ~13 min left
  sobol     2567/4001   64%   best Q   1.139e+04    23.2 min elapsed, ~13 min left
  sobol     2574/4001   64%   best Q   1.139e+04    23.2 min elapsed, ~13 min left
  sobol     2579/4001   64%   best Q   1.139e+04    23.2 min elapsed, ~13 min left
  sobol     2582/4001   65%   best Q   1.139e+04    23.3 min elapsed, ~13 min left
  sobol     2584/4001   65%   best Q   1.139e+04    23.3 min elapsed, ~13 min left
  sobol     2589/4001   65%   best Q   1.139e+04    23.4 min elapsed, ~13 min left
  sobol     2596/4001   65%   best Q   1.139e+04    23.4 min elapsed, ~13 min left
  sobol     2599/4001   65%   best Q   1.139e+04    23.4 min elapsed, ~13 min left
  sobol     2602/4001   65%   best Q   1.139e+04    23.5 min elapsed, ~13 min left
  sobol     2605/4001   65%   best Q   1.139e+04    23.5 min elapsed, ~13 min left
  sobol     2613/4001   65%   best Q   1.139e+04    23.6 min elapsed, ~13 min left
  sobol     2616/4001   65%   best Q   1.139e+04    23.6 min elapsed, ~12 min left
  sobol     2619/4001   65%   best Q   1.139e+04    23.6 min elapsed, ~12 min left
  sobol     2624/4001   66%   best Q   1.139e+04    23.7 min elapsed, ~12 min left
  sobol     2628/4001   66%   best Q   1.139e+04    23.7 min elapsed, ~12 min left
  sobol     2636/4001   66%   best Q   1.139e+04    23.8 min elapsed, ~12 min left
  sobol     2640/4001   66%   best Q   1.139e+04    23.8 min elapsed, ~12 min left
  sobol     2645/4001   66%   best Q   1.139e+04    23.9 min elapsed, ~12 min left
  sobol     2650/4001   66%   best Q   1.139e+04    23.9 min elapsed, ~12 min left
  sobol     2655/4001   66%   best Q   1.139e+04    23.9 min elapsed, ~12 min left
  sobol     2659/4001   66%   best Q   1.139e+04    24.0 min elapsed, ~12 min left
  sobol     2662/4001   67%   best Q   1.139e+04    24.0 min elapsed, ~12 min left
  sobol     2668/4001   67%   best Q   1.139e+04    24.1 min elapsed, ~12 min left
  sobol     2673/4001   67%   best Q   1.139e+04    24.1 min elapsed, ~12 min left
  sobol     2677/4001   67%   best Q   1.139e+04    24.1 min elapsed, ~12 min left
  sobol     2681/4001   67%   best Q   1.139e+04    24.2 min elapsed, ~12 min left
  sobol     2686/4001   67%   best Q   1.139e+04    24.2 min elapsed, ~12 min left
  sobol     2690/4001   67%   best Q   1.139e+04    24.3 min elapsed, ~12 min left
  sobol     2696/4001   67%   best Q   1.139e+04    24.3 min elapsed, ~12 min left
  sobol     2699/4001   67%   best Q   1.139e+04    24.3 min elapsed, ~12 min left
  sobol     2704/4001   68%   best Q   1.139e+04    24.4 min elapsed, ~12 min left
  sobol     2709/4001   68%   best Q   1.139e+04    24.4 min elapsed, ~12 min left
  sobol     2714/4001   68%   best Q   1.139e+04    24.5 min elapsed, ~12 min left
  sobol     2719/4001   68%   best Q   1.139e+04    24.5 min elapsed, ~12 min left
  sobol     2726/4001   68%   best Q   1.139e+04    24.6 min elapsed, ~11 min left
  sobol     2728/4001   68%   best Q   1.139e+04    24.6 min elapsed, ~11 min left
  sobol     2734/4001   68%   best Q   1.139e+04    24.7 min elapsed, ~11 min left
  sobol     2737/4001   68%   best Q   1.139e+04    24.7 min elapsed, ~11 min left
  sobol     2744/4001   69%   best Q   1.139e+04    24.7 min elapsed, ~11 min left
  sobol     2748/4001   69%   best Q   1.139e+04    24.8 min elapsed, ~11 min left
  sobol     2753/4001   69%   best Q   1.139e+04    24.8 min elapsed, ~11 min left
  sobol     2759/4001   69%   best Q   1.139e+04    24.9 min elapsed, ~11 min left
  sobol     2765/4001   69%   best Q   1.139e+04    24.9 min elapsed, ~11 min left
  sobol     2768/4001   69%   best Q   1.139e+04    24.9 min elapsed, ~11 min left
  sobol     2775/4001   69%   best Q   1.139e+04    25.0 min elapsed, ~11 min left
  sobol     2779/4001   69%   best Q   1.139e+04    25.0 min elapsed, ~11 min left
  sobol     2783/4001   70%   best Q   1.139e+04    25.1 min elapsed, ~11 min left
  sobol     2788/4001   70%   best Q   1.139e+04    25.1 min elapsed, ~11 min left
  sobol     2795/4001   70%   best Q   1.139e+04    25.2 min elapsed, ~11 min left
  sobol     2799/4001   70%   best Q   1.139e+04    25.3 min elapsed, ~11 min left
  sobol     2808/4001   70%   best Q   1.139e+04    25.3 min elapsed, ~11 min left
  sobol     2815/4001   70%   best Q   1.139e+04    25.4 min elapsed, ~11 min left
  sobol     2819/4001   70%   best Q   1.139e+04    25.4 min elapsed, ~11 min left
  sobol     2823/4001   71%   best Q   1.139e+04    25.4 min elapsed, ~11 min left
  sobol     2827/4001   71%   best Q   1.139e+04    25.5 min elapsed, ~11 min left
  sobol     2832/4001   71%   best Q   1.139e+04    25.5 min elapsed, ~11 min left
  sobol     2837/4001   71%   best Q   1.139e+04    25.6 min elapsed, ~10 min left
  sobol     2840/4001   71%   best Q   1.139e+04    25.6 min elapsed, ~10 min left
  sobol     2843/4001   71%   best Q   1.139e+04    25.6 min elapsed, ~10 min left
  sobol     2847/4001   71%   best Q   1.139e+04    25.7 min elapsed, ~10 min left
  sobol     2853/4001   71%   best Q   1.139e+04    25.7 min elapsed, ~10 min left
  sobol     2861/4001   72%   best Q   1.139e+04    25.8 min elapsed, ~10 min left
  sobol     2863/4001   72%   best Q   1.139e+04    25.8 min elapsed, ~10 min left
  sobol     2867/4001   72%   best Q   1.139e+04    25.8 min elapsed, ~10 min left
  sobol     2873/4001   72%   best Q   1.139e+04    25.9 min elapsed, ~10 min left
  sobol     2877/4001   72%   best Q   1.139e+04    25.9 min elapsed, ~10 min left
  sobol     2880/4001   72%   best Q   1.139e+04    25.9 min elapsed, ~10 min left
  sobol     2884/4001   72%   best Q   1.139e+04    26.0 min elapsed, ~10 min left
  sobol     2888/4001   72%   best Q   1.139e+04    26.0 min elapsed, ~10 min left
  sobol     2892/4001   72%   best Q   1.139e+04    26.1 min elapsed, ~10 min left
  sobol     2898/4001   72%   best Q   1.139e+04    26.1 min elapsed, ~10 min left
  sobol     2902/4001   73%   best Q   1.139e+04    26.1 min elapsed, ~10 min left
  sobol     2907/4001   73%   best Q   1.139e+04    26.2 min elapsed, ~10 min left
  sobol     2913/4001   73%   best Q   1.139e+04    26.2 min elapsed, ~10 min left
  sobol     2917/4001   73%   best Q   1.139e+04    26.3 min elapsed, ~10 min left
  sobol     2921/4001   73%   best Q   1.139e+04    26.3 min elapsed, ~10 min left
  sobol     2925/4001   73%   best Q   1.139e+04    26.4 min elapsed, ~10 min left
  sobol     2932/4001   73%   best Q   1.139e+04    26.4 min elapsed, ~10 min left
  sobol     2937/4001   73%   best Q   1.139e+04    26.5 min elapsed, ~10 min left
  sobol     2942/4001   74%   best Q   1.139e+04    26.5 min elapsed, ~10 min left
  sobol     2945/4001   74%   best Q   1.139e+04    26.5 min elapsed, ~10 min left
  sobol     2954/4001   74%   best Q   1.139e+04    26.6 min elapsed, ~9 min left
  sobol     2956/4001   74%   best Q   1.139e+04    26.6 min elapsed, ~9 min left
  sobol     2958/4001   74%   best Q   1.139e+04    26.7 min elapsed, ~9 min left
  sobol     2964/4001   74%   best Q   1.139e+04    26.7 min elapsed, ~9 min left
  sobol     2967/4001   74%   best Q   1.139e+04    26.7 min elapsed, ~9 min left
  sobol     2975/4001   74%   best Q   1.139e+04    26.8 min elapsed, ~9 min left
  sobol     2979/4001   74%   best Q   1.139e+04    26.8 min elapsed, ~9 min left
  sobol     2983/4001   75%   best Q   1.139e+04    26.9 min elapsed, ~9 min left
  sobol     2989/4001   75%   best Q   1.139e+04    26.9 min elapsed, ~9 min left
  sobol     2994/4001   75%   best Q   1.139e+04    27.0 min elapsed, ~9 min left
  sobol     2999/4001   75%   best Q   1.139e+04    27.0 min elapsed, ~9 min left
  sobol     3002/4001   75%   best Q   1.139e+04    27.0 min elapsed, ~9 min left
  sobol     3007/4001   75%   best Q   1.139e+04    27.1 min elapsed, ~9 min left
  sobol     3012/4001   75%   best Q   1.139e+04    27.1 min elapsed, ~9 min left
  sobol     3016/4001   75%   best Q   1.139e+04    27.2 min elapsed, ~9 min left
  sobol     3022/4001   76%   best Q   1.139e+04    27.2 min elapsed, ~9 min left
  sobol     3027/4001   76%   best Q   1.139e+04    27.3 min elapsed, ~9 min left
  sobol     3031/4001   76%   best Q   1.139e+04    27.3 min elapsed, ~9 min left
  sobol     3037/4001   76%   best Q   1.139e+04    27.4 min elapsed, ~9 min left
  sobol     3043/4001   76%   best Q   1.139e+04    27.4 min elapsed, ~9 min left
  sobol     3049/4001   76%   best Q   1.139e+04    27.4 min elapsed, ~9 min left
  sobol     3051/4001   76%   best Q   1.139e+04    27.5 min elapsed, ~9 min left
  sobol     3056/4001   76%   best Q   1.139e+04    27.5 min elapsed, ~9 min left
  sobol     3061/4001   77%   best Q   1.139e+04    27.6 min elapsed, ~8 min left
  sobol     3064/4001   77%   best Q   1.139e+04    27.6 min elapsed, ~8 min left
  sobol     3070/4001   77%   best Q   1.139e+04    27.6 min elapsed, ~8 min left
  sobol     3072/4001   77%   best Q   1.139e+04    27.7 min elapsed, ~8 min left
  sobol     3078/4001   77%   best Q   1.139e+04    27.7 min elapsed, ~8 min left
  sobol     3081/4001   77%   best Q   1.139e+04    27.8 min elapsed, ~8 min left
  sobol     3087/4001   77%   best Q   1.139e+04    27.8 min elapsed, ~8 min left
  sobol     3092/4001   77%   best Q   1.139e+04    27.8 min elapsed, ~8 min left
  sobol     3095/4001   77%   best Q   1.139e+04    27.9 min elapsed, ~8 min left
  sobol     3099/4001   77%   best Q   1.139e+04    27.9 min elapsed, ~8 min left
  sobol     3105/4001   78%   best Q   1.139e+04    28.0 min elapsed, ~8 min left
  sobol     3111/4001   78%   best Q   1.139e+04    28.0 min elapsed, ~8 min left
  sobol     3117/4001   78%   best Q   1.139e+04    28.1 min elapsed, ~8 min left
  sobol     3121/4001   78%   best Q   1.139e+04    28.1 min elapsed, ~8 min left
  sobol     3125/4001   78%   best Q   1.139e+04    28.2 min elapsed, ~8 min left
  sobol     3129/4001   78%   best Q   1.139e+04    28.2 min elapsed, ~8 min left
  sobol     3136/4001   78%   best Q   1.139e+04    28.3 min elapsed, ~8 min left
  sobol     3141/4001   79%   best Q   1.139e+04    28.3 min elapsed, ~8 min left
  sobol     3146/4001   79%   best Q   1.139e+04    28.3 min elapsed, ~8 min left
  sobol     3149/4001   79%   best Q   1.139e+04    28.4 min elapsed, ~8 min left
  sobol     3154/4001   79%   best Q   1.139e+04    28.4 min elapsed, ~8 min left
  sobol     3159/4001   79%   best Q   1.139e+04    28.5 min elapsed, ~8 min left
  sobol     3162/4001   79%   best Q   1.139e+04    28.5 min elapsed, ~8 min left
  sobol     3168/4001   79%   best Q   1.139e+04    28.5 min elapsed, ~8 min left
  sobol     3172/4001   79%   best Q   1.139e+04    28.6 min elapsed, ~7 min left
  sobol     3178/4001   79%   best Q   1.139e+04    28.6 min elapsed, ~7 min left
  sobol     3181/4001   80%   best Q   1.139e+04    28.7 min elapsed, ~7 min left
  sobol     3184/4001   80%   best Q   1.139e+04    28.7 min elapsed, ~7 min left
  sobol     3188/4001   80%   best Q   1.139e+04    28.7 min elapsed, ~7 min left
  sobol     3192/4001   80%   best Q   1.139e+04    28.8 min elapsed, ~7 min left
  sobol     3195/4001   80%   best Q   1.139e+04    28.8 min elapsed, ~7 min left
  sobol     3202/4001   80%   best Q   1.139e+04    28.9 min elapsed, ~7 min left
  sobol     3206/4001   80%   best Q   1.139e+04    28.9 min elapsed, ~7 min left
  sobol     3214/4001   80%   best Q   1.139e+04    29.0 min elapsed, ~7 min left
  sobol     3220/4001   80%   best Q   1.139e+04    29.0 min elapsed, ~7 min left
  sobol     3226/4001   81%   best Q   1.139e+04    29.1 min elapsed, ~7 min left
  sobol     3229/4001   81%   best Q   1.139e+04    29.1 min elapsed, ~7 min left
  sobol     3234/4001   81%   best Q   1.139e+04    29.2 min elapsed, ~7 min left
  sobol     3241/4001   81%   best Q   1.139e+04    29.2 min elapsed, ~7 min left
  sobol     3248/4001   81%   best Q   1.139e+04    29.3 min elapsed, ~7 min left
  sobol     3252/4001   81%   best Q   1.139e+04    29.3 min elapsed, ~7 min left
  sobol     3255/4001   81%   best Q   1.139e+04    29.3 min elapsed, ~7 min left
  sobol     3259/4001   81%   best Q   1.139e+04    29.4 min elapsed, ~7 min left
  sobol     3266/4001   82%   best Q   1.139e+04    29.4 min elapsed, ~7 min left
  sobol     3273/4001   82%   best Q   1.139e+04    29.5 min elapsed, ~7 min left
  sobol     3279/4001   82%   best Q   1.139e+04    29.6 min elapsed, ~7 min left
  sobol     3284/4001   82%   best Q   1.139e+04    29.6 min elapsed, ~6 min left
  sobol     3289/4001   82%   best Q   1.139e+04    29.6 min elapsed, ~6 min left
  sobol     3294/4001   82%   best Q   1.139e+04    29.7 min elapsed, ~6 min left
  sobol     3302/4001   83%   best Q   1.139e+04    29.8 min elapsed, ~6 min left
  sobol     3306/4001   83%   best Q   1.139e+04    29.8 min elapsed, ~6 min left
  sobol     3312/4001   83%   best Q   1.139e+04    29.9 min elapsed, ~6 min left
  sobol     3316/4001   83%   best Q   1.139e+04    29.9 min elapsed, ~6 min left
  sobol     3321/4001   83%   best Q   1.139e+04    29.9 min elapsed, ~6 min left
  sobol     3324/4001   83%   best Q   1.139e+04    30.0 min elapsed, ~6 min left
  sobol     3330/4001   83%   best Q   1.139e+04    30.0 min elapsed, ~6 min left
  sobol     3334/4001   83%   best Q   1.139e+04    30.1 min elapsed, ~6 min left
  sobol     3343/4001   84%   best Q   1.139e+04    30.1 min elapsed, ~6 min left
  sobol     3347/4001   84%   best Q   1.139e+04    30.2 min elapsed, ~6 min left
  sobol     3353/4001   84%   best Q   1.139e+04    30.2 min elapsed, ~6 min left
  sobol     3360/4001   84%   best Q   1.139e+04    30.3 min elapsed, ~6 min left
  sobol     3365/4001   84%   best Q   1.139e+04    30.3 min elapsed, ~6 min left
  sobol     3371/4001   84%   best Q   1.139e+04    30.3 min elapsed, ~6 min left
  sobol     3375/4001   84%   best Q   1.139e+04    30.4 min elapsed, ~6 min left
  sobol     3379/4001   84%   best Q   1.139e+04    30.4 min elapsed, ~6 min left
  sobol     3384/4001   85%   best Q   1.139e+04    30.5 min elapsed, ~6 min left
  sobol     3391/4001   85%   best Q   1.139e+04    30.5 min elapsed, ~5 min left
  sobol     3397/4001   85%   best Q   1.139e+04    30.6 min elapsed, ~5 min left
  sobol     3400/4001   85%   best Q   1.139e+04    30.6 min elapsed, ~5 min left
  sobol     3403/4001   85%   best Q   1.139e+04    30.7 min elapsed, ~5 min left
  sobol     3405/4001   85%   best Q   1.139e+04    30.7 min elapsed, ~5 min left
  sobol     3412/4001   85%   best Q   1.139e+04    30.7 min elapsed, ~5 min left
  sobol     3417/4001   85%   best Q   1.139e+04    30.8 min elapsed, ~5 min left
  sobol     3420/4001   85%   best Q   1.139e+04    30.8 min elapsed, ~5 min left
  sobol     3423/4001   86%   best Q   1.139e+04    30.8 min elapsed, ~5 min left
  sobol     3428/4001   86%   best Q   1.139e+04    30.9 min elapsed, ~5 min left
  sobol     3432/4001   86%   best Q   1.139e+04    30.9 min elapsed, ~5 min left
  sobol     3439/4001   86%   best Q   1.139e+04    31.0 min elapsed, ~5 min left
  sobol     3441/4001   86%   best Q   1.139e+04    31.0 min elapsed, ~5 min left
  sobol     3446/4001   86%   best Q   1.139e+04    31.0 min elapsed, ~5 min left
  sobol     3450/4001   86%   best Q   1.139e+04    31.1 min elapsed, ~5 min left
  sobol     3457/4001   86%   best Q   1.139e+04    31.1 min elapsed, ~5 min left
  sobol     3460/4001   86%   best Q   1.139e+04    31.1 min elapsed, ~5 min left
  sobol     3463/4001   87%   best Q   1.139e+04    31.2 min elapsed, ~5 min left
  sobol     3470/4001   87%   best Q   1.139e+04    31.2 min elapsed, ~5 min left
  sobol     3475/4001   87%   best Q   1.139e+04    31.3 min elapsed, ~5 min left
  sobol     3479/4001   87%   best Q   1.139e+04    31.3 min elapsed, ~5 min left
  sobol     3483/4001   87%   best Q   1.139e+04    31.4 min elapsed, ~5 min left
  sobol     3492/4001   87%   best Q   1.139e+04    31.4 min elapsed, ~5 min left
  sobol     3497/4001   87%   best Q   1.139e+04    31.5 min elapsed, ~5 min left
  sobol     3501/4001   88%   best Q   1.139e+04    31.5 min elapsed, ~5 min left
  sobol     3506/4001   88%   best Q   1.139e+04    31.6 min elapsed, ~4 min left
  sobol     3516/4001   88%   best Q   1.139e+04    31.7 min elapsed, ~4 min left
  sobol     3518/4001   88%   best Q   1.139e+04    31.7 min elapsed, ~4 min left
  sobol     3524/4001   88%   best Q   1.139e+04    31.8 min elapsed, ~4 min left
  sobol     3530/4001   88%   best Q   1.139e+04    31.8 min elapsed, ~4 min left
  sobol     3539/4001   88%   best Q   1.139e+04    31.8 min elapsed, ~4 min left
  sobol     3543/4001   89%   best Q   1.139e+04    31.9 min elapsed, ~4 min left
  sobol     3545/4001   89%   best Q   1.139e+04    31.9 min elapsed, ~4 min left
  sobol     3549/4001   89%   best Q   1.139e+04    32.0 min elapsed, ~4 min left
  sobol     3552/4001   89%   best Q   1.139e+04    32.0 min elapsed, ~4 min left
  sobol     3557/4001   89%   best Q   1.139e+04    32.0 min elapsed, ~4 min left
  sobol     3564/4001   89%   best Q   1.139e+04    32.1 min elapsed, ~4 min left
  sobol     3566/4001   89%   best Q   1.139e+04    32.1 min elapsed, ~4 min left
  sobol     3570/4001   89%   best Q   1.139e+04    32.2 min elapsed, ~4 min left
  sobol     3575/4001   89%   best Q   1.139e+04    32.2 min elapsed, ~4 min left
  sobol     3584/4001   90%   best Q   1.139e+04    32.3 min elapsed, ~4 min left
  sobol     3588/4001   90%   best Q   1.139e+04    32.3 min elapsed, ~4 min left
  sobol     3591/4001   90%   best Q   1.139e+04    32.4 min elapsed, ~4 min left
  sobol     3597/4001   90%   best Q   1.139e+04    32.4 min elapsed, ~4 min left
  sobol     3604/4001   90%   best Q   1.139e+04    32.4 min elapsed, ~4 min left
  sobol     3606/4001   90%   best Q   1.139e+04    32.5 min elapsed, ~4 min left
  sobol     3610/4001   90%   best Q   1.139e+04    32.5 min elapsed, ~4 min left
  sobol     3613/4001   90%   best Q   1.139e+04    32.6 min elapsed, ~3 min left
  sobol     3619/4001   90%   best Q   1.139e+04    32.6 min elapsed, ~3 min left
  sobol     3626/4001   91%   best Q   1.139e+04    32.6 min elapsed, ~3 min left
  sobol     3628/4001   91%   best Q   1.139e+04    32.7 min elapsed, ~3 min left
  sobol     3631/4001   91%   best Q   1.139e+04    32.7 min elapsed, ~3 min left
  sobol     3636/4001   91%   best Q   1.139e+04    32.8 min elapsed, ~3 min left
  sobol     3642/4001   91%   best Q   1.139e+04    32.8 min elapsed, ~3 min left
  sobol     3647/4001   91%   best Q   1.139e+04    32.8 min elapsed, ~3 min left
  sobol     3652/4001   91%   best Q   1.139e+04    32.9 min elapsed, ~3 min left
  sobol     3655/4001   91%   best Q   1.139e+04    32.9 min elapsed, ~3 min left
  sobol     3660/4001   91%   best Q   1.139e+04    33.0 min elapsed, ~3 min left
  sobol     3665/4001   92%   best Q   1.139e+04    33.0 min elapsed, ~3 min left
  sobol     3672/4001   92%   best Q   1.139e+04    33.1 min elapsed, ~3 min left
  sobol     3679/4001   92%   best Q   1.139e+04    33.1 min elapsed, ~3 min left
  sobol     3682/4001   92%   best Q   1.139e+04    33.2 min elapsed, ~3 min left
  sobol     3687/4001   92%   best Q   1.139e+04    33.2 min elapsed, ~3 min left
  sobol     3692/4001   92%   best Q   1.139e+04    33.3 min elapsed, ~3 min left
  sobol     3696/4001   92%   best Q   1.139e+04    33.3 min elapsed, ~3 min left
  sobol     3701/4001   93%   best Q   1.139e+04    33.4 min elapsed, ~3 min left
  sobol     3704/4001   93%   best Q   1.139e+04    33.4 min elapsed, ~3 min left
  sobol     3711/4001   93%   best Q   1.139e+04    33.4 min elapsed, ~3 min left
  sobol     3713/4001   93%   best Q   1.139e+04    33.5 min elapsed, ~3 min left
  sobol     3719/4001   93%   best Q   1.139e+04    33.5 min elapsed, ~3 min left
  sobol     3723/4001   93%   best Q   1.139e+04    33.5 min elapsed, ~3 min left
  sobol     3727/4001   93%   best Q   1.139e+04    33.6 min elapsed, ~2 min left
  sobol     3733/4001   93%   best Q   1.139e+04    33.6 min elapsed, ~2 min left
  sobol     3737/4001   93%   best Q   1.139e+04    33.7 min elapsed, ~2 min left
  sobol     3741/4001   94%   best Q   1.139e+04    33.7 min elapsed, ~2 min left
  sobol     3745/4001   94%   best Q   1.139e+04    33.7 min elapsed, ~2 min left
  sobol     3750/4001   94%   best Q   1.139e+04    33.8 min elapsed, ~2 min left
  sobol     3751/4001   94%   best Q   1.139e+04    33.8 min elapsed, ~2 min left
  sobol     3757/4001   94%   best Q   1.139e+04    33.9 min elapsed, ~2 min left
  sobol     3762/4001   94%   best Q   1.139e+04    33.9 min elapsed, ~2 min left
  sobol     3768/4001   94%   best Q   1.139e+04    33.9 min elapsed, ~2 min left
  sobol     3771/4001   94%   best Q   1.139e+04    34.0 min elapsed, ~2 min left
  sobol     3773/4001   94%   best Q   1.139e+04    34.0 min elapsed, ~2 min left
  sobol     3777/4001   94%   best Q   1.139e+04    34.0 min elapsed, ~2 min left
  sobol     3783/4001   95%   best Q   1.139e+04    34.1 min elapsed, ~2 min left
  sobol     3788/4001   95%   best Q   1.139e+04    34.2 min elapsed, ~2 min left
  sobol     3792/4001   95%   best Q   1.139e+04    34.2 min elapsed, ~2 min left
  sobol     3799/4001   95%   best Q   1.139e+04    34.2 min elapsed, ~2 min left
  sobol     3803/4001   95%   best Q   1.139e+04    34.3 min elapsed, ~2 min left
  sobol     3808/4001   95%   best Q   1.139e+04    34.3 min elapsed, ~2 min left
  sobol     3809/4001   95%   best Q   1.139e+04    34.4 min elapsed, ~2 min left
  sobol     3817/4001   95%   best Q   1.139e+04    34.4 min elapsed, ~2 min left
  sobol     3823/4001   96%   best Q   1.139e+04    34.4 min elapsed, ~2 min left
  sobol     3826/4001   96%   best Q   1.139e+04    34.5 min elapsed, ~2 min left
  sobol     3831/4001   96%   best Q   1.139e+04    34.5 min elapsed, ~2 min left
  sobol     3832/4001   96%   best Q   1.139e+04    34.6 min elapsed, ~2 min left
  sobol     3838/4001   96%   best Q   1.139e+04    34.6 min elapsed, ~1 min left
  sobol     3843/4001   96%   best Q   1.139e+04    34.6 min elapsed, ~1 min left
  sobol     3849/4001   96%   best Q   1.139e+04    34.7 min elapsed, ~1 min left
  sobol     3850/4001   96%   best Q   1.139e+04    34.7 min elapsed, ~1 min left
  sobol     3854/4001   96%   best Q   1.139e+04    34.8 min elapsed, ~1 min left
  sobol     3861/4001   97%   best Q   1.139e+04    34.8 min elapsed, ~1 min left
  sobol     3865/4001   97%   best Q   1.139e+04    34.8 min elapsed, ~1 min left
  sobol     3871/4001   97%   best Q   1.139e+04    34.9 min elapsed, ~1 min left
  sobol     3876/4001   97%   best Q   1.139e+04    34.9 min elapsed, ~1 min left
  sobol     3881/4001   97%   best Q   1.139e+04    35.0 min elapsed, ~1 min left
  sobol     3887/4001   97%   best Q   1.139e+04    35.0 min elapsed, ~1 min left
  sobol     3890/4001   97%   best Q   1.139e+04    35.1 min elapsed, ~1 min left
  sobol     3896/4001   97%   best Q   1.139e+04    35.1 min elapsed, ~1 min left
  sobol     3901/4001   98%   best Q   1.139e+04    35.2 min elapsed, ~1 min left
  sobol     3906/4001   98%   best Q   1.139e+04    35.2 min elapsed, ~1 min left
  sobol     3911/4001   98%   best Q   1.139e+04    35.2 min elapsed, ~1 min left
  sobol     3916/4001   98%   best Q   1.139e+04    35.3 min elapsed, ~1 min left
  sobol     3920/4001   98%   best Q   1.139e+04    35.3 min elapsed, ~1 min left
  sobol     3925/4001   98%   best Q   1.139e+04    35.4 min elapsed, ~1 min left
  sobol     3928/4001   98%   best Q   1.139e+04    35.4 min elapsed, ~1 min left
  sobol     3931/4001   98%   best Q   1.139e+04    35.4 min elapsed, ~1 min left
  sobol     3938/4001   98%   best Q   1.139e+04    35.5 min elapsed, ~1 min left
  sobol     3943/4001   99%   best Q   1.139e+04    35.5 min elapsed, ~1 min left
  sobol     3946/4001   99%   best Q   1.139e+04    35.6 min elapsed, ~0 min left
  sobol     3949/4001   99%   best Q   1.139e+04    35.6 min elapsed, ~0 min left
  sobol     3953/4001   99%   best Q   1.139e+04    35.6 min elapsed, ~0 min left
  sobol     3958/4001   99%   best Q   1.139e+04    35.7 min elapsed, ~0 min left
  sobol     3962/4001   99%   best Q   1.139e+04    35.7 min elapsed, ~0 min left
  sobol     3966/4001   99%   best Q   1.139e+04    35.8 min elapsed, ~0 min left
  sobol     3971/4001   99%   best Q   1.139e+04    35.8 min elapsed, ~0 min left
  sobol     3975/4001   99%   best Q   1.139e+04    35.8 min elapsed, ~0 min left
  sobol     3979/4001   99%   best Q   1.139e+04    35.9 min elapsed, ~0 min left
  sobol     3987/4001  100%   best Q   1.139e+04    35.9 min elapsed, ~0 min left
  sobol     3990/4001  100%   best Q   1.139e+04    36.0 min elapsed, ~0 min left
  sobol     3996/4001  100%   best Q   1.139e+04    36.0 min elapsed, ~0 min left
  sobol     3999/4001  100%   best Q   1.139e+04    36.1 min elapsed, ~0 min left
  sobol     4001/4001  100%   best Q        2405    36.1 min elapsed, ~0 min left
  sobol    complete: 4001 evaluations, best Q 2405, 36.1 min
  restart   1/5    eval     1   this Q        2405   best Q        2405    36.3 min
  restart   1/5    eval     2   this Q        2405   best Q        2405    36.5 min
  restart   1/5    eval     3   this Q   2.143e+04   best Q        2405    36.6 min
  restart   1/5    eval     4   this Q   1.199e+04   best Q        2405    36.8 min
  restart   1/5    eval     5   this Q   2.342e+04   best Q        2405    37.0 min
  restart   1/5    eval     6   this Q    4.47e+05   best Q        2405    37.2 min
  restart   1/5    eval     7   this Q        8867   best Q        2405    37.4 min
  restart   1/5    eval     8   this Q   1.459e+04   best Q        2405    37.6 min
  restart   1/5    eval     9   this Q        7669   best Q        2405    37.7 min
  restart   1/5    eval    10   this Q        4735   best Q        2405    37.9 min
  restart   1/5    eval    11   this Q   4.083e+04   best Q        2405    38.1 min
  restart   1/5    eval    12   this Q        2443   best Q        2405    38.3 min
  restart   1/5    eval    13   this Q        2405   best Q        2405    38.5 min
  restart   1/5    eval    14   this Q        2405   best Q        2405    38.6 min
  restart   1/5    eval    15   this Q        2405   best Q        2405    38.8 min
  restart   1/5    eval    16   this Q        3128   best Q        2405    39.0 min
  restart   1/5    eval    17   this Q   4.689e+05   best Q        2405    39.2 min
  restart   1/5    eval    18   this Q   1.123e+05   best Q        2405    39.4 min
  restart   1/5    eval    19   this Q   1.217e+05   best Q        2405    39.6 min
  restart   1/5    eval    20   this Q   2.905e+04   best Q        2405    39.8 min
  restart   1/5    eval    21   this Q        8177   best Q        2405    40.0 min
  restart   1/5    eval    22   this Q   2.647e+04   best Q        2405    40.2 min
  restart   1/5    eval    23   this Q        8380   best Q        2405    40.4 min
  restart   1/5    eval    24   this Q   5.236e+04   best Q        2405    40.5 min
  restart   1/5    eval    25   this Q        9566   best Q        2405    40.7 min
  restart   1/5    eval    26   this Q        6440   best Q        2405    40.9 min
  restart   1/5    eval    27   this Q   1.039e+04   best Q        2405    41.1 min
  restart   1/5    eval    28   this Q   1.563e+04   best Q        2405    41.3 min
  restart   1/5    eval    29   this Q        5975   best Q        2405    41.5 min
  restart   1/5    eval    30   this Q    1.49e+04   best Q        2405    41.7 min
  restart   1/5    eval    31   this Q        5028   best Q        2405    41.9 min
  restart   1/5    eval    32   this Q   1.102e+04   best Q        2405    42.1 min
  restart   1/5    eval    33   this Q        4940   best Q        2405    42.3 min
  restart   1/5    eval    34   this Q   1.015e+04   best Q        2405    42.5 min
  restart   1/5    eval    35   this Q        3696   best Q        2405    42.7 min
  restart   1/5    eval    36   this Q   1.287e+04   best Q        2405    42.9 min
  restart   1/5    eval    37   this Q        3608   best Q        2405    43.1 min
  restart   1/5    eval    38   this Q    3.61e+04   best Q        2405    43.3 min
  restart   1/5    eval    39   this Q        4839   best Q        2405    43.4 min
  restart   1/5    eval    40   this Q        3970   best Q        2405    43.6 min
  restart   1/5    eval    41   this Q   1.451e+04   best Q        2405    43.8 min
  restart   1/5    eval    42   this Q        4054   best Q        2405    44.0 min
  restart   1/5    eval    43   this Q        5107   best Q        2405    44.2 min
  restart   1/5    eval    44   this Q        2945   best Q        2405    44.4 min
  restart   1/5    eval    45   this Q        4920   best Q        2405    44.6 min
  restart   1/5    eval    46   this Q        5551   best Q        2405    44.8 min
  restart   1/5    eval    47   this Q        3115   best Q        2405    45.0 min
  restart   1/5    eval    48   this Q        4732   best Q        2405    45.2 min
  restart   1/5    eval    49   this Q        6843   best Q        2405    45.4 min
  restart   1/5    eval    50   this Q        3245   best Q        2405    45.6 min
  restart   1/5    eval    51   this Q        3029   best Q        2405    45.8 min
  restart   1/5    eval    52   this Q        5055   best Q        2405    46.0 min
  restart   1/5    eval    53   this Q        3017   best Q        2405    46.2 min
  restart   1/5    eval    54   this Q        5194   best Q        2405    46.3 min
  restart   1/5    eval    55   this Q        2898   best Q        2405    46.5 min
  restart   1/5    eval    56   this Q        4769   best Q        2405    46.7 min
  restart   1/5    eval    57   this Q        2895   best Q        2405    46.9 min
  restart   1/5    eval    58   this Q        3418   best Q        2405    47.1 min
  restart   1/5    eval    59   this Q        4553   best Q        2405    47.3 min
  restart   1/5    eval    60   this Q        2621   best Q        2405    47.5 min
  restart   1/5    eval    61   this Q        3517   best Q        2405    47.7 min
  restart   1/5    eval    62   this Q        2695   best Q        2405    47.9 min
  restart   1/5    eval    63   this Q        3001   best Q        2405    48.1 min
  restart   1/5    eval    64   this Q        2982   best Q        2405    48.3 min
  restart   1/5    eval    65   this Q        2805   best Q        2405    48.4 min
  restart   1/5    eval    66   this Q        3666   best Q        2405    48.6 min
  restart   1/5    eval    67   this Q        2620   best Q        2405    48.8 min
  restart   1/5    eval    68   this Q        3064   best Q        2405    49.0 min
  restart   1/5    eval    69   this Q        2560   best Q        2405    49.2 min
  restart   1/5    eval    70   this Q        3128   best Q        2405    49.4 min
  restart   1/5    eval    71   this Q        2496   best Q        2405    49.6 min
  restart   1/5    eval    72   this Q        3420   best Q        2405    49.8 min
  restart   1/5    eval    73   this Q        2621   best Q        2405    50.0 min
  restart   1/5    eval    74   this Q        3246   best Q        2405    50.2 min
  restart   1/5    eval    75   this Q        2483   best Q        2405    50.4 min
  restart   1/5    eval    76   this Q        2884   best Q        2405    50.5 min
  restart   1/5    eval    77   this Q        2855   best Q        2405    50.7 min
  restart   1/5    eval    78   this Q        2808   best Q        2405    50.9 min
  restart   1/5    eval    79   this Q        3010   best Q        2405    51.1 min
  restart   1/5    eval    80   this Q        2483   best Q        2405    51.3 min
  restart   1/5    eval    81   this Q        2842   best Q        2405    51.5 min
  restart   1/5    eval    82   this Q        2500   best Q        2405    51.7 min
  restart   1/5    eval    83   this Q        2924   best Q        2405    51.9 min
  restart   1/5    eval    84   this Q        2499   best Q        2405    52.1 min
  restart   1/5    eval    85   this Q        2923   best Q        2405    52.3 min
  restart   1/5    eval    86   this Q        2456   best Q        2405    52.4 min
  restart   1/5    eval    87   this Q        2614   best Q        2405    52.6 min
  restart   1/5    eval    88   this Q        2608   best Q        2405    52.8 min
  restart   1/5    eval    89   this Q        2764   best Q        2405    53.0 min
  restart   1/5    eval    90   this Q        2446   best Q        2405    53.2 min
  restart   1/5    eval    91   this Q        2624   best Q        2405    53.4 min
  restart   1/5    eval    92   this Q        2431   best Q        2405    53.6 min
  restart   1/5    eval    93   this Q        2619   best Q        2405    53.8 min
  restart   1/5    eval    94   this Q        2444   best Q        2405    54.0 min
  restart   1/5    eval    95   this Q        2713   best Q        2405    54.2 min
  restart   1/5    eval    96   this Q        2421   best Q        2405    54.3 min
  restart   1/5    eval    97   this Q        2560   best Q        2405    54.5 min
  restart   1/5    eval    98   this Q        2414   best Q        2405    54.7 min
  restart   1/5    eval    99   this Q        2432   best Q        2405    54.9 min
  restart   1/5    eval   100   this Q        2477   best Q        2405    55.1 min
  restart   1/5    eval   101   this Q        2485   best Q        2405    55.3 min
  restart   1/5    eval   102   this Q        2409   best Q        2405    55.5 min
  restart   1/5    eval   103   this Q        2514   best Q        2405    55.7 min
  restart   1/5    eval   104   this Q        2407   best Q        2405    55.9 min
  restart   1/5    eval   105   this Q        2492   best Q        2405    56.1 min
  restart   1/5    eval   106   this Q        2408   best Q        2405    56.2 min
  restart   1/5    eval   107   this Q        2501   best Q        2405    56.4 min
  restart   1/5    eval   108   this Q        2401   best Q        2401    56.6 min
  restart   1/5    eval   109   this Q        2482   best Q        2401    56.8 min
  restart   1/5    eval   110   this Q        2400   best Q        2400    57.0 min
  restart   1/5    eval   111   this Q        2464   best Q        2400    57.2 min
  restart   1/5    eval   112   this Q        2399   best Q        2399    57.4 min
  restart   1/5    eval   113   this Q        2426   best Q        2399    57.5 min
  restart   1/5    eval   114   this Q        2452   best Q        2399    57.7 min
  restart   1/5    eval   115   this Q        2394   best Q        2394    57.9 min
  restart   1/5    eval   116   this Q        2491   best Q        2394    58.1 min
  restart   1/5    eval   117   this Q        2390   best Q        2390    58.3 min
  restart   1/5    eval   118   this Q        2443   best Q        2390    58.5 min
  restart   1/5    eval   119   this Q        2396   best Q        2390    58.7 min
  restart   1/5    eval   120   this Q        2428   best Q        2390    58.8 min
  restart   1/5    eval   121   this Q        2395   best Q        2390    59.0 min
  restart   1/5    eval   122   this Q        2414   best Q        2390    59.2 min
  restart   1/5    eval   123   this Q        2394   best Q        2390    59.4 min
  restart   1/5    eval   124   this Q        2410   best Q        2390    59.6 min
  restart   1/5    eval   125   this Q        2392   best Q        2390    59.7 min
  restart   1/5    eval   126   this Q        2406   best Q        2390    59.9 min
  restart   1/5    eval   127   this Q        2421   best Q        2390    60.1 min
  restart   1/5    eval   128   this Q        2390   best Q        2390    60.3 min
  restart   1/5    eval   129   this Q        2407   best Q        2390    60.5 min
  restart   1/5    eval   130   this Q        2391   best Q        2390    60.6 min
  restart   1/5    eval   131   this Q        2394   best Q        2390    60.8 min
  restart   1/5    eval   132   this Q        2401   best Q        2390    61.0 min
  restart   1/5    eval   133   this Q        2412   best Q        2390    61.2 min
  restart   1/5    eval   134   this Q        2390   best Q        2390    61.4 min
  restart   1/5    eval   135   this Q        2415   best Q        2390    61.5 min
  restart   1/5    eval   136   this Q        2389   best Q        2389    61.7 min
  restart   1/5    eval   137   this Q        2399   best Q        2389    61.9 min
  restart   1/5    eval   138   this Q        2400   best Q        2389    62.1 min
  restart   1/5    eval   139   this Q        2389   best Q        2389    62.3 min
  restart   1/5    eval   140   this Q        2402   best Q        2389    62.4 min
  restart   1/5    eval   141   this Q        2389   best Q        2389    62.6 min
  restart   1/5    eval   142   this Q        2396   best Q        2389    62.8 min
  restart   1/5    eval   143   this Q        2392   best Q        2389    63.0 min
  restart   1/5    eval   144   this Q        2394   best Q        2389    63.1 min
  restart   1/5    eval   145   this Q        2408   best Q        2389    63.3 min
  restart   1/5    eval   146   this Q        2386   best Q        2386    63.5 min
  restart   1/5    eval   147   this Q        2397   best Q        2386    63.7 min
  restart   1/5    eval   148   this Q        2387   best Q        2386    63.8 min
  restart   1/5    eval   149   this Q        2366   best Q        2366    64.0 min
  restart   1/5    eval   150   this Q        9157   best Q        2366    64.2 min
  restart   1/5    eval   151   this Q        2390   best Q        2366    64.4 min
  restart   1/5    eval   152   this Q        2409   best Q        2366    64.6 min
  restart   1/5    eval   153   this Q        2386   best Q        2366    64.7 min
  restart   1/5    eval   154   this Q        2392   best Q        2366    64.9 min
  restart   1/5    eval   155   this Q        2384   best Q        2366    65.1 min
  restart   1/5    eval   156   this Q        2394   best Q        2366    65.3 min
  restart   1/5    eval   157   this Q        2386   best Q        2366    65.5 min
  restart   1/5    eval   158   this Q        2395   best Q        2366    65.6 min
  restart   1/5    eval   159   this Q        2386   best Q        2366    65.8 min
  restart   1/5    eval   160   this Q        2388   best Q        2366    66.0 min
  restart   1/5    eval   161   this Q        2388   best Q        2366    66.2 min
  restart   1/5    eval   162   this Q        2393   best Q        2366    66.3 min
  restart   1/5    eval   163   this Q        2386   best Q        2366    66.5 min
  restart   1/5    eval   164   this Q        2406   best Q        2366    66.7 min
  restart   1/5    eval   165   this Q        2384   best Q        2366    66.9 min
  restart   1/5    eval   166   this Q        2382   best Q        2366    67.1 min
  restart   1/5    eval   167   this Q        2390   best Q        2366    67.2 min
  restart   1/5    eval   168   this Q        2386   best Q        2366    67.4 min
  restart   1/5    eval   169   this Q        2382   best Q        2366    67.6 min
  restart   1/5    eval   170   this Q        2383   best Q        2366    67.8 min
  restart   1/5    eval   171   this Q        2386   best Q        2366    68.0 min
  restart   1/5    eval   172   this Q        2388   best Q        2366    68.1 min
  restart   1/5    eval   173   this Q        2385   best Q        2366    68.3 min
  restart   1/5    eval   174   this Q        2386   best Q        2366    68.5 min
  restart   1/5    eval   175   this Q        2385   best Q        2366    68.7 min
  restart   1/5    eval   176   this Q        2393   best Q        2366    68.8 min
  restart   1/5    eval   177   this Q        2383   best Q        2366    69.0 min
  restart   1/5    eval   178   this Q        2382   best Q        2366    69.2 min
  restart   1/5    eval   179   this Q        2387   best Q        2366    69.4 min
  restart   1/5    eval   180   this Q        2384   best Q        2366    69.6 min
  restart   1/5    eval   181   this Q        2386   best Q        2366    69.8 min
  restart   1/5    eval   182   this Q        2384   best Q        2366    69.9 min
  restart   1/5    eval   183   this Q        2387   best Q        2366    70.1 min
  restart   1/5    eval   184   this Q        2384   best Q        2366    70.3 min
  restart   1/5    eval   185   this Q        2382   best Q        2366    70.5 min
  restart   1/5    eval   186   this Q        2383   best Q        2366    70.7 min
  restart   1/5    eval   187   this Q        2382   best Q        2366    70.9 min
  restart   1/5    eval   188   this Q        2386   best Q        2366    71.0 min
  restart   1/5    eval   189   this Q        2383   best Q        2366    71.2 min
  restart   1/5    eval   190   this Q        2386   best Q        2366    71.4 min
  restart   1/5    eval   191   this Q        2383   best Q        2366    71.6 min
  restart   1/5    eval   192   this Q        2386   best Q        2366    71.8 min
  restart   1/5    eval   193   this Q        2383   best Q        2366    72.0 min
  restart   1/5    eval   194   this Q        2383   best Q        2366    72.1 min
  restart   1/5    eval   195   this Q        2383   best Q        2366    72.3 min
  restart   1/5    eval   196   this Q        2382   best Q        2366    72.5 min
  restart   1/5    eval   197   this Q        2385   best Q        2366    72.7 min
  restart   1/5    eval   198   this Q        2382   best Q        2366    72.9 min
  restart   1/5    eval   199   this Q        2389   best Q        2366    73.1 min
  restart   1/5    eval   200   this Q        2382   best Q        2366    73.2 min
  restart   1/5    eval   201   this Q        2383   best Q        2366    73.4 min
  restart   1/5    eval   202   this Q        2382   best Q        2366    73.6 min
  restart   1/5    eval   203   this Q        2383   best Q        2366    73.8 min
  restart   1/5    eval   204   this Q        2382   best Q        2366    74.0 min
  restart   1/5    eval   205   this Q        2384   best Q        2366    74.1 min
  restart   1/5    eval   206   this Q        2382   best Q        2366    74.3 min
  restart   1/5    eval   207   this Q        2386   best Q        2366    74.5 min
  restart   1/5    eval   208   this Q        2382   best Q        2366    74.7 min
  restart   1/5    eval   209   this Q        2384   best Q        2366    74.9 min
  restart   1/5    eval   210   this Q        2382   best Q        2366    75.0 min
  restart   1/5    eval   211   this Q        2383   best Q        2366    75.2 min
  restart   1/5    eval   212   this Q        2382   best Q        2366    75.4 min
  restart   1/5    eval   213   this Q        2383   best Q        2366    75.6 min
  restart   1/5    eval   214   this Q        2382   best Q        2366    75.8 min
  restart   1/5    eval   215   this Q        2383   best Q        2366    76.0 min
  restart   1/5    eval   216   this Q        2382   best Q        2366    76.1 min
  restart   1/5    eval   217   this Q        2391   best Q        2366    76.3 min
  restart   1/5    eval   218   this Q        2391   best Q        2366    76.5 min
  restart   1/5    eval   219   this Q        2391   best Q        2366    76.7 min
  restart   1/5    eval   220   this Q        2390   best Q        2366    76.9 min
  restart   1/5    eval   221   this Q        2390   best Q        2366    77.0 min
  restart   1/5    eval   222   this Q        2390   best Q        2366    77.2 min
  restart   1/5    eval   223   this Q        2391   best Q        2366    77.4 min
  restart   1/5    eval   224   this Q        2392   best Q        2366    77.6 min
  restart   1/5    eval   225   this Q        2391   best Q        2366    77.8 min
  restart   1/5    eval   226   this Q        2392   best Q        2366    77.9 min
  restart   1/5    eval   227   this Q        2389   best Q        2366    78.1 min
  restart   1/5    eval   228   this Q        2390   best Q        2366    78.3 min
  restart   1/5    eval   229   this Q        2390   best Q        2366    78.5 min
  restart   1/5    eval   230   this Q        2392   best Q        2366    78.6 min
  restart   1/5    eval   231   this Q        2391   best Q        2366    78.8 min
  restart   1/5    eval   232   this Q        2391   best Q        2366    79.0 min
  restart   1/5    eval   233   this Q        2391   best Q        2366    79.2 min
  restart   1/5    eval   234   this Q        2392   best Q        2366    79.4 min
  restart   1/5    eval   235   this Q        2391   best Q        2366    79.6 min
  restart   1/5    eval   236   this Q        2392   best Q        2366    79.7 min
  restart   1/5    eval   237   this Q        2391   best Q        2366    79.9 min
  restart   1/5    eval   238   this Q        2399   best Q        2366    80.1 min
  restart   1/5    eval   239   this Q        2399   best Q        2366    80.3 min
  restart   1/5    eval   240   this Q        2399   best Q        2366    80.4 min
  restart   1/5    eval   241   this Q        2398   best Q        2366    80.6 min
  restart   1/5    eval   242   this Q        2398   best Q        2366    80.8 min
  restart   1/5    eval   243   this Q        2398   best Q        2366    81.0 min
  restart   1/5    eval   244   this Q        2399   best Q        2366    81.2 min
  restart   1/5    eval   245   this Q        2399   best Q        2366    81.3 min
  restart   1/5    eval   246   this Q        2399   best Q        2366    81.5 min
  restart   1/5    eval   247   this Q        2399   best Q        2366    81.7 min
  restart   1/5    eval   248   this Q        2397   best Q        2366    81.9 min
  restart   1/5    eval   249   this Q        2398   best Q        2366    82.1 min
  restart   1/5    eval   250   this Q        2398   best Q        2366    82.2 min
  restart   1/5    eval   251   this Q        2399   best Q        2366    82.4 min
  restart   1/5    eval   252   this Q        2399   best Q        2366    82.6 min
  restart   1/5    eval   253   this Q        2399   best Q        2366    82.8 min
  restart   1/5    eval   254   this Q        2399   best Q        2366    82.9 min
  restart   1/5    eval   255   this Q        2399   best Q        2366    83.1 min
  restart   1/5    eval   256   this Q        2403   best Q        2366    83.3 min
  restart   1/5    eval   257   this Q        2403   best Q        2366    83.5 min
  restart   1/5    eval   258   this Q        2404   best Q        2366    83.7 min
  restart   1/5    eval   259   this Q        2403   best Q        2366    83.8 min
  restart   1/5    eval   260   this Q        2403   best Q        2366    84.0 min
  restart   1/5    eval   261   this Q        2403   best Q        2366    84.2 min
  restart   1/5    eval   262   this Q        2403   best Q        2366    84.4 min
  restart   1/5    eval   263   this Q        2403   best Q        2366    84.6 min
  restart   1/5    eval   264   this Q        2404   best Q        2366    84.7 min
  restart   1/5    eval   265   this Q        2403   best Q        2366    84.9 min
  restart   1/5    eval   266   this Q        2403   best Q        2366    85.1 min
  restart   1/5    eval   267   this Q        2403   best Q        2366    85.3 min
  restart   1/5    eval   268   this Q        2403   best Q        2366    85.4 min
  restart   1/5    eval   269   this Q        2403   best Q        2366    85.6 min
  restart   1/5    eval   270   this Q        2404   best Q        2366    85.8 min
  restart   1/5    eval   271   this Q        2404   best Q        2366    86.0 min
  restart   1/5    eval   272   this Q        2406   best Q        2366    86.2 min
  restart   1/5    eval   273   this Q        2406   best Q        2366    86.3 min
  restart   1/5    eval   274   this Q        2406   best Q        2366    86.5 min
  restart   1/5    eval   275   this Q        2406   best Q        2366    86.7 min
  restart   1/5    eval   276   this Q        2406   best Q        2366    86.9 min
  restart   1/5    eval   277   this Q        2406   best Q        2366    87.1 min
  restart   1/5    eval   278   this Q        2406   best Q        2366    87.2 min
  restart   1/5    eval   279   this Q        2406   best Q        2366    87.4 min
  restart   1/5    eval   280   this Q        2406   best Q        2366    87.6 min
  restart   1/5    eval   281   this Q        2406   best Q        2366    87.8 min
  restart   1/5    eval   282   this Q        2406   best Q        2366    88.0 min
  restart   1/5    eval   283   this Q        2406   best Q        2366    88.1 min
  restart   1/5    eval   284   this Q        2406   best Q        2366    88.3 min
  restart   1/5    eval   285   this Q        2406   best Q        2366    88.5 min
  restart   1/5    eval   286   this Q        2406   best Q        2366    88.7 min
  restart   1/5    eval   287   this Q        2406   best Q        2366    88.9 min
  restart   1/5    eval   288   this Q        2406   best Q        2366    89.0 min
  restart   1/5    eval   289   this Q        2406   best Q        2366    89.2 min
  restart   1/5    eval   290   this Q        2407   best Q        2366    89.4 min
  restart   1/5    eval   291   this Q        2399   best Q        2366    89.6 min
  restart   1/5    eval   292   this Q        2407   best Q        2366    89.8 min
  restart   1/5    eval   293   this Q        2407   best Q        2366    90.0 min
  restart   1/5    eval   294   this Q        2407   best Q        2366    90.1 min
  restart   1/5    eval   295   this Q        2399   best Q        2366    90.3 min
  restart   1/5    eval   296   this Q        2407   best Q        2366    90.5 min
  restart   1/5    eval   297   this Q        2407   best Q        2366    90.7 min
  restart   1/5    eval   298   this Q        2407   best Q        2366    90.9 min
  restart   1/5    eval   299   this Q        2407   best Q        2366    91.0 min
  restart   1/5    eval   300   this Q        2407   best Q        2366    91.2 min
  restart   1/5    eval   301   this Q        2407   best Q        2366    91.4 min
  restart   1/5    eval   302   this Q        2407   best Q        2366    91.6 min
  restart   1/5    eval   303   this Q        2407   best Q        2366    91.7 min
  restart   1/5    eval   304   this Q        2407   best Q        2366    91.9 min
  restart   1/5    eval   305   this Q        2407   best Q        2366    92.1 min
  restart   1/5    eval   306   this Q        2407   best Q        2366    92.3 min
  restart   1/5    eval   307   this Q        2407   best Q        2366    92.5 min
  restart   1/5    eval   308   this Q        2407   best Q        2366    92.6 min
  restart   1/5    eval   309   this Q        2407   best Q        2366    92.8 min
  restart   1/5    eval   310   this Q        2382   best Q        2366    93.0 min
  restart   1/5    eval   311   this Q        2382   best Q        2366    93.2 min
  restart   1/5    eval   312   this Q        2382   best Q        2366    93.4 min
  restart   1/5    eval   313   this Q        2382   best Q        2366    93.5 min
  restart   1/5    eval   314   this Q        2391   best Q        2366    93.7 min
  restart   1/5    eval   315   this Q        2382   best Q        2366    93.9 min
  restart   1/5    eval   316   this Q        2391   best Q        2366    94.1 min
  restart   1/5    eval   317   this Q        2391   best Q        2366    94.3 min
  restart   1/5    eval   318   this Q        2382   best Q        2366    94.4 min
  restart   1/5    eval   319   this Q        2391   best Q        2366    94.6 min
  restart   1/5    eval   320   this Q        2399   best Q        2366    94.8 min
  restart   1/5    eval   321   this Q        2399   best Q        2366    95.0 min
  restart   1/5    eval   322   this Q        2399   best Q        2366    95.2 min
  restart   1/5    eval   323   this Q        2382   best Q        2366    95.4 min
  restart   1/5    eval   324   this Q        2374   best Q        2366    95.5 min
  restart   1/5    eval   325   this Q        2365   best Q        2365    95.7 min
  restart   1/5    eval   326   this Q        2365   best Q        2365    95.9 min
  restart   1/5    eval   327   this Q        2365   best Q        2365    96.1 min
  restart   1/5    eval   328   this Q        2374   best Q        2365    96.2 min
  restart   1/5    eval   329   this Q        2365   best Q        2365    96.4 min
  restart   1/5    eval   330   this Q        2365   best Q        2365    96.6 min
  restart   1/5    eval   331   this Q        2365   best Q        2365    96.8 min
  restart   1/5    eval   332   this Q        2365   best Q        2365    97.0 min
  restart   1/5    eval   333   this Q        2365   best Q        2365    97.2 min
  restart   1/5    eval   334   this Q        2365   best Q        2365    97.3 min
  restart   1/5    eval   335   this Q        2365   best Q        2365    97.5 min
  restart   1/5    eval   336   this Q        2366   best Q        2365    97.7 min
  restart   1/5    eval   337   this Q        2357   best Q        2357    97.9 min
  restart   1/5    eval   338   this Q        2340   best Q        2340    98.1 min
  restart   1/5    eval   339   this Q        2357   best Q        2340    98.2 min
  restart   1/5    eval   340   this Q        2357   best Q        2340    98.4 min
  restart   1/5    eval   341   this Q        2349   best Q        2340    98.6 min
  restart   1/5    eval   342   this Q        2365   best Q        2340    98.8 min
  restart   1/5    eval   343   this Q        2365   best Q        2340    98.9 min
  restart   1/5    eval   344   this Q        2365   best Q        2340    99.1 min
  restart   1/5    eval   345   this Q        2365   best Q        2340    99.3 min
  restart   1/5    eval   346   this Q        2349   best Q        2340    99.5 min
  restart   1/5    eval   347   this Q        2349   best Q        2340    99.6 min
  restart   1/5    eval   348   this Q        2357   best Q        2340    99.8 min
  restart   1/5    eval   349   this Q        2357   best Q        2340   100.0 min
  restart   1/5    eval   350   this Q        2357   best Q        2340   100.2 min
  restart   1/5    eval   351   this Q        2349   best Q        2340   100.4 min
  restart   1/5    eval   352   this Q        2349   best Q        2340   100.5 min
  restart   1/5    eval   353   this Q        2357   best Q        2340   100.7 min
  restart   1/5    eval   354   this Q        2357   best Q        2340   100.9 min
  restart   1/5    eval   355   this Q        2357   best Q        2340   101.1 min
  restart   1/5    eval   356   this Q        2357   best Q        2340   101.2 min
  restart   1/5    eval   357   this Q        2357   best Q        2340   101.4 min
  restart   1/5    eval   358   this Q        2349   best Q        2340   101.6 min
  restart   1/5    eval   359   this Q        2357   best Q        2340   101.8 min
  restart   1/5    eval   360   this Q        2349   best Q        2340   101.9 min
  restart   1/5    eval   361   this Q        2349   best Q        2340   102.1 min
  restart   1/5    eval   362   this Q        2349   best Q        2340   102.3 min
  restart   1/5    eval   363   this Q        2349   best Q        2340   102.5 min
  restart   1/5    eval   364   this Q        2349   best Q        2340   102.7 min
  restart   1/5    eval   365   this Q        2349   best Q        2340   102.8 min
  restart   1/5    eval   366   this Q        2340   best Q        2340   103.0 min
  restart   1/5    eval   367   this Q        2341   best Q        2340   103.2 min
  restart   1/5    eval   368   this Q        2340   best Q        2340   103.4 min
  restart   1/5    eval   369   this Q        2341   best Q        2340   103.6 min
  restart   1/5    eval   370   this Q        2349   best Q        2340   103.7 min
  restart   1/5    eval   371   this Q        2349   best Q        2340   103.9 min
  restart   1/5    eval   372   this Q        2349   best Q        2340   104.1 min
  restart   1/5    eval   373   this Q        2349   best Q        2340   104.3 min
  restart   1/5    eval   374   this Q        2349   best Q        2340   104.4 min
  restart   1/5    eval   375   this Q        2340   best Q        2340   104.6 min
  restart   1/5    eval   376   this Q        2340   best Q        2340   104.8 min
  restart   1/5    eval   377   this Q        2349   best Q        2340   105.0 min
  restart   1/5    eval   378   this Q        2349   best Q        2340   105.2 min
  restart   1/5    eval   379   this Q        2349   best Q        2340   105.3 min
  restart   1/5    eval   380   this Q        2349   best Q        2340   105.5 min
  restart   1/5    eval   381   this Q        2349   best Q        2340   105.7 min
  restart   1/5    eval   382   this Q        2349   best Q        2340   105.9 min
  restart   1/5    eval   383   this Q        2340   best Q        2340   106.0 min
  restart   1/5    eval   384   this Q        2349   best Q        2340   106.2 min
  restart   1/5    eval   385   this Q        2349   best Q        2340   106.4 min
  restart   1/5    eval   386   this Q        2349   best Q        2340   106.6 min
  restart   1/5    eval   387   this Q        2340   best Q        2340   106.8 min
  restart   1/5    eval   388   this Q        2340   best Q        2340   106.9 min
  restart   1/5    eval   389   this Q        2349   best Q        2340   107.1 min
  restart   1/5    eval   390   this Q        2340   best Q        2340   107.3 min
  restart   1/5    eval   391   this Q        2349   best Q        2340   107.5 min
  restart   1/5    eval   392   this Q        2349   best Q        2340   107.6 min
  restart   1/5    eval   393   this Q        2349   best Q        2340   107.8 min
  restart   1/5    eval   394   this Q        2349   best Q        2340   108.0 min
  restart   1/5    eval   395   this Q        2349   best Q        2340   108.2 min
  restart   1/5    eval   396   this Q        2349   best Q        2340   108.3 min
  restart   1/5    eval   397   this Q        2349   best Q        2340   108.5 min
  restart   1/5    eval   398   this Q        2349   best Q        2340   108.7 min
  restart   1/5    eval   399   this Q        2340   best Q        2340   108.9 min
  restart   1/5    eval   400   this Q        2349   best Q        2340   109.1 min
  restart   1/5    eval   401   this Q        2349   best Q        2340   109.2 min
  restart   1/5    eval   402   this Q        2340   best Q        2340   109.4 min
  restart   1/5    eval   403   this Q        2340   best Q        2340   109.6 min
  restart   1/5    eval   404   this Q        2340   best Q        2340   109.8 min
  restart   1/5    eval   405   this Q        2349   best Q        2340   110.0 min
  restart   1/5    eval   406   this Q        2340   best Q        2340   110.1 min
  restart   1/5    eval   407   this Q        2349   best Q        2340   110.3 min
  restart   1/5    eval   408   this Q        2349   best Q        2340   110.5 min
  restart   1/5    eval   409   this Q        2349   best Q        2340   110.7 min
  restart   1/5    eval   410   this Q        2349   best Q        2340   110.9 min
  restart   1/5    eval   411   this Q        2349   best Q        2340   111.1 min
  restart   1/5    eval   412   this Q        2349   best Q        2340   111.2 min
  restart   1/5    eval   413   this Q        2349   best Q        2340   111.4 min
  restart   1/5    eval   414   this Q        2340   best Q        2340   111.6 min
  restart   1/5    eval   415   this Q        2340   best Q        2340   111.8 min
  restart   1/5    eval   416   this Q        2349   best Q        2340   112.0 min
  restart   1/5    eval   417   this Q        2340   best Q        2340   112.1 min
  restart   1/5    eval   418   this Q        2340   best Q        2340   112.3 min
  restart   1/5    eval   419   this Q        2340   best Q        2340   112.5 min
  restart   1/5    eval   420   this Q        2340   best Q        2340   112.7 min
  restart   1/5    eval   421   this Q        2349   best Q        2340   112.8 min
  restart   1/5    eval   422   this Q        2340   best Q        2340   113.0 min
  restart   1/5    eval   423   this Q        2349   best Q        2340   113.2 min
  restart   1/5    eval   424   this Q        2349   best Q        2340   113.4 min
  restart   1/5    eval   425   this Q        2340   best Q        2340   113.6 min
  restart   1/5    eval   426   this Q        2340   best Q        2340   113.7 min
  restart   1/5    eval   427   this Q        2340   best Q        2340   113.9 min
  restart   1/5    eval   428   this Q        2340   best Q        2340   114.1 min
  restart   1/5    eval   429   this Q        2340   best Q        2340   114.3 min
  restart   1/5    eval   430   this Q        2340   best Q        2340   114.5 min
  restart   1/5    eval   431   this Q        2340   best Q        2340   114.6 min
  restart   1/5    eval   432   this Q        2340   best Q        2340   114.8 min
  restart   1/5    eval   433   this Q        2340   best Q        2340   115.0 min
  restart   1/5   DONE   this        2340   best Q        2340   115.0 min, ~460 min left
  restart   2/5    eval     1   this Q        3644   best Q        2340   115.2 min
  restart   2/5    eval     2   this Q        3644   best Q        2340   115.3 min
  restart   2/5    eval     3   this Q   4.227e+04   best Q        2340   115.5 min
  restart   2/5    eval     4   this Q        4902   best Q        2340   115.6 min
  restart   2/5    eval     5   this Q   2.604e+04   best Q        2340   115.8 min
  restart   2/5    eval     6   this Q    4.08e+05   best Q        2340   115.9 min
  restart   2/5    eval     7   this Q   5.269e+04   best Q        2340   116.1 min
  restart   2/5    eval     8   this Q   1.878e+04   best Q        2340   116.2 min
  restart   2/5    eval     9   this Q        7662   best Q        2340   116.4 min
  restart   2/5    eval    10   this Q        6258   best Q        2340   116.5 min
  restart   2/5    eval    11   this Q   6.465e+04   best Q        2340   116.7 min
  restart   2/5    eval    12   this Q        3796   best Q        2340   116.8 min
  restart   2/5    eval    13   this Q        5494   best Q        2340   117.0 min
  restart   2/5    eval    14   this Q        3720   best Q        2340   117.2 min
  restart   2/5    eval    15   this Q        4993   best Q        2340   117.3 min
  restart   2/5    eval    16   this Q        7722   best Q        2340   117.5 min
  restart   2/5    eval    17   this Q   4.662e+05   best Q        2340   117.6 min
  restart   2/5    eval    18   this Q   1.026e+05   best Q        2340   117.8 min
  restart   2/5    eval    19   this Q   1.287e+05   best Q        2340   118.0 min
  restart   2/5    eval    20   this Q   2.373e+04   best Q        2340   118.1 min
  restart   2/5    eval    21   this Q   1.031e+04   best Q        2340   118.3 min
  restart   2/5    eval    22   this Q   2.774e+04   best Q        2340   118.5 min
  restart   2/5    eval    23   this Q   2.041e+04   best Q        2340   118.6 min
  restart   2/5    eval    24   this Q   3.315e+04   best Q        2340   118.8 min
  restart   2/5    eval    25   this Q   1.279e+04   best Q        2340   119.0 min
  restart   2/5    eval    26   this Q   4.126e+04   best Q        2340   119.1 min
  restart   2/5    eval    27   this Q   1.403e+04   best Q        2340   119.3 min
  restart   2/5    eval    28   this Q   1.615e+04   best Q        2340   119.5 min
  restart   2/5    eval    29   this Q   6.184e+04   best Q        2340   119.6 min
  restart   2/5    eval    30   this Q        8757   best Q        2340   119.8 min
  restart   2/5    eval    31   this Q    1.72e+04   best Q        2340   120.0 min
  restart   2/5    eval    32   this Q        8783   best Q        2340   120.2 min
  restart   2/5    eval    33   this Q    2.85e+04   best Q        2340   120.3 min
  restart   2/5    eval    34   this Q        6064   best Q        2340   120.5 min
  restart   2/5    eval    35   this Q     1.3e+04   best Q        2340   120.7 min
  restart   2/5    eval    36   this Q        5956   best Q        2340   120.8 min
  restart   2/5    eval    37   this Q   1.502e+04   best Q        2340   121.0 min
  restart   2/5    eval    38   this Q        6617   best Q        2340   121.2 min
  restart   2/5    eval    39   this Q   4.671e+04   best Q        2340   121.3 min
  restart   2/5    eval    40   this Q        6527   best Q        2340   121.5 min
  restart   2/5    eval    41   this Q        9783   best Q        2340   121.7 min
  restart   2/5    eval    42   this Q        5704   best Q        2340   121.9 min
  restart   2/5    eval    43   this Q   1.577e+04   best Q        2340   122.0 min
  restart   2/5    eval    44   this Q        5331   best Q        2340   122.2 min
  restart   2/5    eval    45   this Q        4777   best Q        2340   122.4 min
  restart   2/5    eval    46   this Q        4209   best Q        2340   122.5 min
  restart   2/5    eval    47   this Q        5987   best Q        2340   122.7 min
  restart   2/5    eval    48   this Q   1.067e+04   best Q        2340   122.9 min
  restart   2/5    eval    49   this Q        4735   best Q        2340   123.0 min
  restart   2/5    eval    50   this Q        3451   best Q        2340   123.2 min
  restart   2/5    eval    51   this Q        3868   best Q        2340   123.4 min
  restart   2/5    eval    52   this Q        6121   best Q        2340   123.5 min
  restart   2/5    eval    53   this Q        4397   best Q        2340   123.7 min
  restart   2/5    eval    54   this Q        6907   best Q        2340   123.9 min
  restart   2/5    eval    55   this Q        4253   best Q        2340   124.0 min
  restart   2/5    eval    56   this Q        5455   best Q        2340   124.2 min
  restart   2/5    eval    57   this Q        3936   best Q        2340   124.4 min
  restart   2/5    eval    58   this Q        9995   best Q        2340   124.6 min
  restart   2/5    eval    59   this Q        4440   best Q        2340   124.7 min
  restart   2/5    eval    60   this Q        5943   best Q        2340   124.9 min
  restart   2/5    eval    61   this Q        4215   best Q        2340   125.1 min
  restart   2/5    eval    62   this Q        5585   best Q        2340   125.2 min
  restart   2/5    eval    63   this Q        4075   best Q        2340   125.4 min
  restart   2/5    eval    64   this Q        3128   best Q        2340   125.6 min
  restart   2/5    eval    65   this Q        3890   best Q        2340   125.7 min
  restart   2/5    eval    66   this Q   1.134e+04   best Q        2340   125.9 min
  restart   2/5    eval    67   this Q        3081   best Q        2340   126.1 min
  restart   2/5    eval    68   this Q        6017   best Q        2340   126.3 min
  restart   2/5    eval    69   this Q        3768   best Q        2340   126.4 min
  restart   2/5    eval    70   this Q        4290   best Q        2340   126.6 min
  restart   2/5    eval    71   this Q        4558   best Q        2340   126.8 min
  restart   2/5    eval    72   this Q        3988   best Q        2340   126.9 min
  restart   2/5    eval    73   this Q        4148   best Q        2340   127.1 min
  restart   2/5    eval    74   this Q        4648   best Q        2340   127.3 min
  restart   2/5    eval    75   this Q        3679   best Q        2340   127.5 min
  restart   2/5    eval    76   this Q        4522   best Q        2340   127.6 min
  restart   2/5    eval    77   this Q        3719   best Q        2340   127.8 min
  restart   2/5    eval    78   this Q        3823   best Q        2340   128.0 min
  restart   2/5    eval    79   this Q        3923   best Q        2340   128.1 min
  restart   2/5    eval    80   this Q        4963   best Q        2340   128.3 min
  restart   2/5    eval    81   this Q        3624   best Q        2340   128.5 min
  restart   2/5    eval    82   this Q        4357   best Q        2340   128.6 min
  restart   2/5    eval    83   this Q        3672   best Q        2340   128.8 min
  restart   2/5    eval    84   this Q        1553   best Q        1553   129.0 min
  restart   2/5    eval    85   this Q        6741   best Q        1553   129.1 min
  restart   2/5    eval    86   this Q        2697   best Q        1553   129.3 min
  restart   2/5    eval    87   this Q        4212   best Q        1553   129.5 min
  restart   2/5    eval    88   this Q        3446   best Q        1553   129.6 min
  restart   2/5    eval    89   this Q        3326   best Q        1553   129.8 min
  restart   2/5    eval    90   this Q        3440   best Q        1553   130.0 min
  restart   2/5    eval    91   this Q        2387   best Q        1553   130.1 min
  restart   2/5    eval    92   this Q        3422   best Q        1553   130.3 min
  restart   2/5    eval    93   this Q        2971   best Q        1553   130.5 min
  restart   2/5    eval    94   this Q        2503   best Q        1553   130.6 min
  restart   2/5    eval    95   this Q        2715   best Q        1553   130.8 min
  restart   2/5    eval    96   this Q        4830   best Q        1553   131.0 min
  restart   2/5    eval    97   this Q        2935   best Q        1553   131.1 min
  restart   2/5    eval    98   this Q        2127   best Q        1553   131.3 min
  restart   2/5    eval    99   this Q        2557   best Q        1553   131.5 min
  restart   2/5    eval   100   this Q        3567   best Q        1553   131.7 min
  restart   2/5    eval   101   this Q        2710   best Q        1553   131.8 min
  restart   2/5    eval   102   this Q        2309   best Q        1553   132.0 min
  restart   2/5    eval   103   this Q        3887   best Q        1553   132.2 min
  restart   2/5    eval   104   this Q        3161   best Q        1553   132.3 min
  restart   2/5    eval   105   this Q        1425   best Q        1425   132.5 min
  restart   2/5    eval   106   this Q        1523   best Q        1425   132.7 min
  restart   2/5    eval   107   this Q        2030   best Q        1425   132.8 min
  restart   2/5    eval   108   this Q        8431   best Q        1425   133.0 min
  restart   2/5    eval   109   this Q        3079   best Q        1425   133.1 min
  restart   2/5    eval   110   this Q        2823   best Q        1425   133.3 min
  restart   2/5    eval   111   this Q        2302   best Q        1425   133.5 min
  restart   2/5    eval   112   this Q        2408   best Q        1425   133.6 min
  restart   2/5    eval   113   this Q        1676   best Q        1425   133.8 min
  restart   2/5    eval   114   this Q        1504   best Q        1425   134.0 min
  restart   2/5    eval   115   this Q        2504   best Q        1425   134.1 min
  restart   2/5    eval   116   this Q        1951   best Q        1425   134.3 min
  restart   2/5    eval   117   this Q        1347   best Q        1347   134.5 min
  restart   2/5    eval   118   this Q        1912   best Q        1347   134.6 min
  restart   2/5    eval   119   this Q        1859   best Q        1347   134.8 min
  restart   2/5    eval   120   this Q        2206   best Q        1347   135.0 min
  restart   2/5    eval   121   this Q        2275   best Q        1347   135.1 min
  restart   2/5    eval   122   this Q        1625   best Q        1347   135.3 min
  restart   2/5    eval   123   this Q        1515   best Q        1347   135.5 min
  restart   2/5    eval   124   this Q        1261   best Q        1261   135.6 min
  restart   2/5    eval   125   this Q        2648   best Q        1261   135.8 min
  restart   2/5    eval   126   this Q        1868   best Q        1261   136.0 min
  restart   2/5    eval   127   this Q        3147   best Q        1261   136.1 min
  restart   2/5    eval   128   this Q        1611   best Q        1261   136.3 min
  restart   2/5    eval   129   this Q        1455   best Q        1261   136.5 min
  restart   2/5    eval   130   this Q        1744   best Q        1261   136.6 min
  restart   2/5    eval   131   this Q        1438   best Q        1261   136.8 min
  restart   2/5    eval   132   this Q        2432   best Q        1261   137.0 min
  restart   2/5    eval   133   this Q        1473   best Q        1261   137.1 min
  restart   2/5    eval   134   this Q        2818   best Q        1261   137.3 min
  restart   2/5    eval   135   this Q        1132   best Q        1132   137.5 min
  restart   2/5    eval   136   this Q        2226   best Q        1132   137.6 min
  restart   2/5    eval   137   this Q        1277   best Q        1132   137.8 min
  restart   2/5    eval   138   this Q        2110   best Q        1132   138.0 min
  restart   2/5    eval   139   this Q        1402   best Q        1132   138.1 min
  restart   2/5    eval   140   this Q        1213   best Q        1132   138.3 min
  restart   2/5    eval   141   this Q        1298   best Q        1132   138.5 min
  restart   2/5    eval   142   this Q        1176   best Q        1132   138.6 min
  restart   2/5    eval   143   this Q        1912   best Q        1132   138.8 min
  restart   2/5    eval   144   this Q        1261   best Q        1132   139.0 min
  restart   2/5    eval   145   this Q        1632   best Q        1132   139.1 min
  restart   2/5    eval   146   this Q        1368   best Q        1132   139.3 min
  restart   2/5    eval   147   this Q        1308   best Q        1132   139.5 min
  restart   2/5    eval   148   this Q        1098   best Q        1098   139.6 min
  restart   2/5    eval   149   this Q        2194   best Q        1098   139.8 min
  restart   2/5    eval   150   this Q        1820   best Q        1098   140.0 min
  restart   2/5    eval   151   this Q        1312   best Q        1098   140.1 min
  restart   2/5    eval   152   this Q        1574   best Q        1098   140.3 min
  restart   2/5    eval   153   this Q        1222   best Q        1098   140.5 min
  restart   2/5    eval   154   this Q        1773   best Q        1098   140.6 min
  restart   2/5    eval   155   this Q        1102   best Q        1098   140.8 min
  restart   2/5    eval   156   this Q       944.9   best Q       944.9   141.0 min
  restart   2/5    eval   157   this Q        1846   best Q       944.9   141.1 min
  restart   2/5    eval   158   this Q        1092   best Q       944.9   141.3 min
  restart   2/5    eval   159   this Q        1503   best Q       944.9   141.5 min
  restart   2/5    eval   160   this Q        1255   best Q       944.9   141.7 min
  restart   2/5    eval   161   this Q        1278   best Q       944.9   141.8 min
  restart   2/5    eval   162   this Q        2458   best Q       944.9   142.0 min
  restart   2/5    eval   163   this Q        1259   best Q       944.9   142.2 min
  restart   2/5    eval   164   this Q        2591   best Q       944.9   142.3 min
  restart   2/5    eval   165   this Q        1219   best Q       944.9   142.5 min
  restart   2/5    eval   166   this Q        1301   best Q       944.9   142.7 min
  restart   2/5    eval   167   this Q        1060   best Q       944.9   142.8 min
  restart   2/5    eval   168   this Q        1261   best Q       944.9   143.0 min
  restart   2/5    eval   169   this Q        1276   best Q       944.9   143.2 min
  restart   2/5    eval   170   this Q        1099   best Q       944.9   143.3 min
  restart   2/5    eval   171   this Q        1288   best Q       944.9   143.5 min
  restart   2/5    eval   172   this Q        1101   best Q       944.9   143.7 min
  restart   2/5    eval   173   this Q        1291   best Q       944.9   143.8 min
  restart   2/5    eval   174   this Q        1099   best Q       944.9   144.0 min
  restart   2/5    eval   175   this Q        1482   best Q       944.9   144.2 min
  restart   2/5    eval   176   this Q        1123   best Q       944.9   144.3 min
  restart   2/5    eval   177   this Q        1367   best Q       944.9   144.5 min
  restart   2/5    eval   178   this Q        1122   best Q       944.9   144.7 min
  restart   2/5    eval   179   this Q        1003   best Q       944.9   144.9 min
  restart   2/5    eval   180   this Q        1669   best Q       944.9   145.0 min
  restart   2/5    eval   181   this Q        1072   best Q       944.9   145.2 min
  restart   2/5    eval   182   this Q       995.5   best Q       944.9   145.4 min
  restart   2/5    eval   183   this Q        1174   best Q       944.9   145.5 min
  restart   2/5    eval   184   this Q        1061   best Q       944.9   145.7 min
  restart   2/5    eval   185   this Q        1036   best Q       944.9   145.9 min
  restart   2/5    eval   186   this Q        1024   best Q       944.9   146.0 min
  restart   2/5    eval   187   this Q        1082   best Q       944.9   146.2 min
  restart   2/5    eval   188   this Q       972.1   best Q       944.9   146.4 min
  restart   2/5    eval   189   this Q        1049   best Q       944.9   146.5 min
  restart   2/5    eval   190   this Q        1171   best Q       944.9   146.7 min
  restart   2/5    eval   191   this Q        1014   best Q       944.9   146.9 min
  restart   2/5    eval   192   this Q        1037   best Q       944.9   147.0 min
  restart   2/5    eval   193   this Q       984.2   best Q       944.9   147.2 min
  restart   2/5    eval   194   this Q       958.5   best Q       944.9   147.4 min
  restart   2/5    eval   195   this Q        1037   best Q       944.9   147.5 min
  restart   2/5    eval   196   this Q        1076   best Q       944.9   147.7 min
  restart   2/5    eval   197   this Q       998.6   best Q       944.9   147.9 min
  restart   2/5    eval   198   this Q       893.8   best Q       893.8   148.0 min
  restart   2/5    eval   199   this Q       891.2   best Q       891.2   148.2 min
  restart   2/5    eval   200   this Q       935.2   best Q       891.2   148.4 min
  restart   2/5    eval   201   this Q       972.8   best Q       891.2   148.6 min
  restart   2/5    eval   202   this Q       938.9   best Q       891.2   148.7 min
  restart   2/5    eval   203   this Q        1051   best Q       891.2   148.9 min
  restart   2/5    eval   204   this Q       949.7   best Q       891.2   149.1 min
  restart   2/5    eval   205   this Q       969.5   best Q       891.2   149.2 min
  restart   2/5    eval   206   this Q       946.5   best Q       891.2   149.4 min
  restart   2/5    eval   207   this Q       869.8   best Q       869.8   149.6 min
  restart   2/5    eval   208   this Q       895.1   best Q       869.8   149.7 min
  restart   2/5    eval   209   this Q       910.8   best Q       869.8   149.9 min
  restart   2/5    eval   210   this Q       881.4   best Q       869.8   150.1 min
  restart   2/5    eval   211   this Q       921.1   best Q       869.8   150.2 min
  restart   2/5    eval   212   this Q       953.3   best Q       869.8   150.4 min
  restart   2/5    eval   213   this Q        1024   best Q       869.8   150.6 min
  restart   2/5    eval   214   this Q       911.2   best Q       869.8   150.7 min
  restart   2/5    eval   215   this Q        1050   best Q       869.8   150.9 min
  restart   2/5    eval   216   this Q       895.5   best Q       869.8   151.1 min
  restart   2/5    eval   217   this Q       915.8   best Q       869.8   151.2 min
  restart   2/5    eval   218   this Q       831.7   best Q       831.7   151.4 min
  restart   2/5    eval   219   this Q       832.8   best Q       831.7   151.6 min
  restart   2/5    eval   220   this Q       967.2   best Q       831.7   151.8 min
  restart   2/5    eval   221   this Q       886.5   best Q       831.7   151.9 min
  restart   2/5    eval   222   this Q       904.2   best Q       831.7   152.1 min
  restart   2/5    eval   223   this Q        1023   best Q       831.7   152.3 min
  restart   2/5    eval   224   this Q       891.6   best Q       831.7   152.4 min
  restart   2/5    eval   225   this Q       916.9   best Q       831.7   152.6 min
  restart   2/5    eval   226   this Q       942.4   best Q       831.7   152.8 min
  restart   2/5    eval   227   this Q       885.3   best Q       831.7   152.9 min
  restart   2/5    eval   228   this Q       900.3   best Q       831.7   153.1 min
  restart   2/5    eval   229   this Q         975   best Q       831.7   153.3 min
  restart   2/5    eval   230   this Q       865.7   best Q       831.7   153.4 min
  restart   2/5    eval   231   this Q       947.6   best Q       831.7   153.6 min
  restart   2/5    eval   232   this Q       871.2   best Q       831.7   153.8 min
  restart   2/5    eval   233   this Q       961.5   best Q       831.7   153.9 min
  restart   2/5    eval   234   this Q       868.4   best Q       831.7   154.1 min
  restart   2/5    eval   235   this Q         851   best Q       831.7   154.3 min
  restart   2/5    eval   236   this Q       940.4   best Q       831.7   154.4 min
  restart   2/5    eval   237   this Q       868.3   best Q       831.7   154.6 min
  restart   2/5    eval   238   this Q       898.7   best Q       831.7   154.8 min
  restart   2/5    eval   239   this Q       927.8   best Q       831.7   154.9 min
  restart   2/5    eval   240   this Q       864.5   best Q       831.7   155.1 min
  restart   2/5    eval   241   this Q         902   best Q       831.7   155.3 min
  restart   2/5    eval   242   this Q       867.6   best Q       831.7   155.5 min
  restart   2/5    eval   243   this Q       894.7   best Q       831.7   155.6 min
  restart   2/5    eval   244   this Q       862.8   best Q       831.7   155.8 min
  restart   2/5    eval   245   this Q       876.6   best Q       831.7   156.0 min
  restart   2/5    eval   246   this Q       860.3   best Q       831.7   156.1 min
  restart   2/5    eval   247   this Q       840.1   best Q       831.7   156.3 min
  restart   2/5    eval   248   this Q       836.2   best Q       831.7   156.5 min
  restart   2/5    eval   249   this Q       851.4   best Q       831.7   156.6 min
  restart   2/5    eval   250   this Q       872.1   best Q       831.7   156.8 min
  restart   2/5    eval   251   this Q       851.1   best Q       831.7   157.0 min
  restart   2/5    eval   252   this Q       853.7   best Q       831.7   157.2 min
  restart   2/5    eval   253   this Q       831.3   best Q       831.3   157.3 min
  restart   2/5    eval   254   this Q       839.3   best Q       831.3   157.5 min
  restart   2/5    eval   255   this Q       844.8   best Q       831.3   157.7 min
  restart   2/5    eval   256   this Q       879.7   best Q       831.3   157.8 min
  restart   2/5    eval   257   this Q       843.1   best Q       831.3   158.0 min
  restart   2/5    eval   258   this Q       824.6   best Q       824.6   158.2 min
  restart   2/5    eval   259   this Q       829.4   best Q       824.6   158.4 min
  restart   2/5    eval   260   this Q       822.6   best Q       822.6   158.5 min
  restart   2/5    eval   261   this Q       824.6   best Q       822.6   158.7 min
  restart   2/5    eval   262   this Q       835.9   best Q       822.6   158.9 min
  restart   2/5    eval   263   this Q       833.7   best Q       822.6   159.0 min
  restart   2/5    eval   264   this Q       823.2   best Q       822.6   159.2 min
  restart   2/5    eval   265   this Q       835.9   best Q       822.6   159.4 min
  restart   2/5    eval   266   this Q       832.4   best Q       822.6   159.6 min
  restart   2/5    eval   267   this Q       825.3   best Q       822.6   159.7 min
  restart   2/5    eval   268   this Q       803.1   best Q       803.1   159.9 min
  restart   2/5    eval   269   this Q       808.5   best Q       803.1   160.1 min
  restart   2/5    eval   270   this Q       828.2   best Q       803.1   160.3 min
  restart   2/5    eval   271   this Q       808.5   best Q       803.1   160.4 min
  restart   2/5    eval   272   this Q       805.6   best Q       803.1   160.6 min
  restart   2/5    eval   273   this Q         803   best Q         803   160.8 min
  restart   2/5    eval   274   this Q       813.4   best Q         803   161.0 min
  restart   2/5    eval   275   this Q       803.5   best Q         803   161.1 min
  restart   2/5    eval   276   this Q         821   best Q         803   161.3 min
  restart   2/5    eval   277   this Q       818.6   best Q         803   161.5 min
  restart   2/5    eval   278   this Q       827.1   best Q         803   161.7 min
  restart   2/5    eval   279   this Q       806.9   best Q         803   161.8 min
  restart   2/5    eval   280   this Q       797.8   best Q       797.8   162.0 min
  restart   2/5    eval   281   this Q       810.6   best Q       797.8   162.2 min
  restart   2/5    eval   282   this Q       820.1   best Q       797.8   162.4 min
  restart   2/5    eval   283   this Q       839.5   best Q       797.8   162.5 min
  restart   2/5    eval   284   this Q       805.1   best Q       797.8   162.7 min
  restart   2/5    eval   285   this Q         802   best Q       797.8   162.9 min
  restart   2/5    eval   286   this Q       778.7   best Q       778.7   163.0 min
  restart   2/5    eval   287   this Q         772   best Q         772   163.2 min
  restart   2/5    eval   288   this Q       802.5   best Q         772   163.4 min
  restart   2/5    eval   289   this Q       784.8   best Q         772   163.5 min
  restart   2/5    eval   290   this Q       806.2   best Q         772   163.7 min
  restart   2/5    eval   291   this Q       826.3   best Q         772   163.9 min
  restart   2/5    eval   292   this Q       792.2   best Q         772   164.1 min
  restart   2/5    eval   293   this Q         808   best Q         772   164.2 min
  restart   2/5    eval   294   this Q       789.1   best Q         772   164.4 min
  restart   2/5    eval   295   this Q       815.9   best Q         772   164.6 min
  restart   2/5    eval   296   this Q       791.1   best Q         772   164.7 min
  restart   2/5    eval   297   this Q       792.2   best Q         772   164.9 min
  restart   2/5    eval   298   this Q       817.4   best Q         772   165.1 min
  restart   2/5    eval   299   this Q       790.5   best Q         772   165.2 min
  restart   2/5    eval   300   this Q       778.1   best Q         772   165.4 min
  restart   2/5    eval   301   this Q       768.4   best Q       768.4   165.6 min
  restart   2/5    eval   302   this Q       752.2   best Q       752.2   165.7 min
  restart   2/5    eval   303   this Q       779.3   best Q       752.2   165.9 min
  restart   2/5    eval   304   this Q       763.7   best Q       752.2   166.1 min
  restart   2/5    eval   305   this Q       766.2   best Q       752.2   166.2 min
  restart   2/5    eval   306   this Q       779.6   best Q       752.2   166.4 min
  restart   2/5    eval   307   this Q       762.6   best Q       752.2   166.6 min
  restart   2/5    eval   308   this Q         789   best Q       752.2   166.7 min
  restart   2/5    eval   309   this Q       770.6   best Q       752.2   166.9 min
  restart   2/5    eval   310   this Q         759   best Q       752.2   167.1 min
  restart   2/5    eval   311   this Q       747.6   best Q       747.6   167.2 min
  restart   2/5    eval   312   this Q       741.4   best Q       741.4   167.4 min
  restart   2/5    eval   313   this Q       746.4   best Q       741.4   167.6 min
  restart   2/5    eval   314   this Q       770.9   best Q       741.4   167.7 min
  restart   2/5    eval   315   this Q         762   best Q       741.4   167.9 min
  restart   2/5    eval   316   this Q       738.7   best Q       738.7   168.1 min
  restart   2/5    eval   317   this Q       728.7   best Q       728.7   168.2 min
  restart   2/5    eval   318   this Q       748.8   best Q       728.7   168.4 min
  restart   2/5    eval   319   this Q         740   best Q       728.7   168.6 min
  restart   2/5    eval   320   this Q       730.8   best Q       728.7   168.8 min
  restart   2/5    eval   321   this Q       728.5   best Q       728.5   168.9 min
  restart   2/5    eval   322   this Q       722.3   best Q       722.3   169.1 min
  restart   2/5    eval   323   this Q       753.8   best Q       722.3   169.3 min
  restart   2/5    eval   324   this Q       755.9   best Q       722.3   169.5 min
  restart   2/5    eval   325   this Q       732.9   best Q       722.3   169.6 min
  restart   2/5    eval   326   this Q       721.4   best Q       721.4   169.8 min
  restart   2/5    eval   327   this Q       725.3   best Q       721.4   170.0 min
  restart   2/5    eval   328   this Q       726.5   best Q       721.4   170.1 min
  restart   2/5    eval   329   this Q       709.1   best Q       709.1   170.3 min
  restart   2/5    eval   330   this Q       708.4   best Q       708.4   170.5 min
  restart   2/5    eval   331   this Q       711.1   best Q       708.4   170.6 min
  restart   2/5    eval   332   this Q       727.1   best Q       708.4   170.8 min
  restart   2/5    eval   333   this Q       733.8   best Q       708.4   171.0 min
  restart   2/5    eval   334   this Q       703.4   best Q       703.4   171.2 min
  restart   2/5    eval   335   this Q         714   best Q       703.4   171.3 min
  restart   2/5    eval   336   this Q       724.1   best Q       703.4   171.5 min
  restart   2/5    eval   337   this Q         714   best Q       703.4   171.7 min
  restart   2/5    eval   338   this Q       705.5   best Q       703.4   171.8 min
  restart   2/5    eval   339   this Q       693.3   best Q       693.3   172.0 min
  restart   2/5    eval   340   this Q       708.4   best Q       693.3   172.2 min
  restart   2/5    eval   341   this Q       727.2   best Q       693.3   172.3 min
  restart   2/5    eval   342   this Q       700.1   best Q       693.3   172.5 min
  restart   2/5    eval   343   this Q       702.7   best Q       693.3   172.7 min
  restart   2/5    eval   344   this Q       691.5   best Q       691.5   172.9 min
  restart   2/5    eval   345   this Q       704.2   best Q       691.5   173.0 min
  restart   2/5    eval   346   this Q       711.1   best Q       691.5   173.2 min
  restart   2/5    eval   347   this Q       733.3   best Q       691.5   173.4 min
  restart   2/5    eval   348   this Q       700.5   best Q       691.5   173.5 min
  restart   2/5    eval   349   this Q       690.6   best Q       690.6   173.7 min
  restart   2/5    eval   350   this Q       695.9   best Q       690.6   173.9 min
  restart   2/5    eval   351   this Q       704.7   best Q       690.6   174.1 min
  restart   2/5    eval   352   this Q       704.1   best Q       690.6   174.2 min
  restart   2/5    eval   353   this Q       694.2   best Q       690.6   174.4 min
  restart   2/5    eval   354   this Q         698   best Q       690.6   174.6 min
  restart   2/5    eval   355   this Q         697   best Q       690.6   174.7 min
  restart   2/5    eval   356   this Q       704.2   best Q       690.6   174.9 min
  restart   2/5    eval   357   this Q       704.8   best Q       690.6   175.1 min
  restart   2/5    eval   358   this Q       681.4   best Q       681.4   175.2 min
  restart   2/5    eval   359   this Q       683.6   best Q       681.4   175.4 min
  restart   2/5    eval   360   this Q       708.5   best Q       681.4   175.6 min
  restart   2/5    eval   361   this Q       685.8   best Q       681.4   175.7 min
  restart   2/5    eval   362   this Q       703.7   best Q       681.4   175.9 min
  restart   2/5    eval   363   this Q       709.5   best Q       681.4   176.1 min
  restart   2/5    eval   364   this Q       686.9   best Q       681.4   176.2 min
  restart   2/5    eval   365   this Q       690.3   best Q       681.4   176.4 min
  restart   2/5    eval   366   this Q       708.6   best Q       681.4   176.6 min
  restart   2/5    eval   367   this Q       689.5   best Q       681.4   176.7 min
  restart   2/5    eval   368   this Q       686.2   best Q       681.4   176.9 min
  restart   2/5    eval   369   this Q       695.7   best Q       681.4   177.1 min
  restart   2/5    eval   370   this Q       688.8   best Q       681.4   177.2 min
  restart   2/5    eval   371   this Q       692.2   best Q       681.4   177.4 min
  restart   2/5    eval   372   this Q       696.1   best Q       681.4   177.6 min
  restart   2/5    eval   373   this Q       686.2   best Q       681.4   177.7 min
  restart   2/5    eval   374   this Q       697.6   best Q       681.4   177.9 min
  restart   2/5    eval   375   this Q         684   best Q       681.4   178.1 min
  restart   2/5    eval   376   this Q       709.5   best Q       681.4   178.2 min
  restart   2/5    eval   377   this Q       682.3   best Q       681.4   178.4 min
  restart   2/5    eval   378   this Q       681.9   best Q       681.4   178.6 min
  restart   2/5    eval   379   this Q       688.5   best Q       681.4   178.7 min
  restart   2/5    eval   380   this Q       707.5   best Q       681.4   178.9 min
  restart   2/5    eval   381   this Q       685.3   best Q       681.4   179.1 min
  restart   2/5    eval   382   this Q       686.1   best Q       681.4   179.2 min
  restart   2/5    eval   383   this Q       684.6   best Q       681.4   179.4 min
  restart   2/5    eval   384   this Q       695.9   best Q       681.4   179.6 min
  restart   2/5    eval   385   this Q       679.3   best Q       679.3   179.7 min
  restart   2/5    eval   386   this Q       680.4   best Q       679.3   179.9 min
  restart   2/5    eval   387   this Q         683   best Q       679.3   180.1 min
  restart   2/5    eval   388   this Q         693   best Q       679.3   180.3 min
  restart   2/5    eval   389   this Q       678.7   best Q       678.7   180.4 min
  restart   2/5    eval   390   this Q       674.5   best Q       674.5   180.6 min
  restart   2/5    eval   391   this Q       676.3   best Q       674.5   180.8 min
  restart   2/5    eval   392   this Q       685.5   best Q       674.5   180.9 min
  restart   2/5    eval   393   this Q       687.2   best Q       674.5   181.1 min
  restart   2/5    eval   394   this Q       679.8   best Q       674.5   181.3 min
  restart   2/5    eval   395   this Q       690.3   best Q       674.5   181.4 min
  restart   2/5    eval   396   this Q       680.9   best Q       674.5   181.6 min
  restart   2/5    eval   397   this Q       674.5   best Q       674.5   181.8 min
  restart   2/5    eval   398   this Q       673.2   best Q       673.2   181.9 min
  restart   2/5    eval   399   this Q       686.6   best Q       673.2   182.1 min
  restart   2/5    eval   400   this Q       677.7   best Q       673.2   182.3 min
  restart   2/5    eval   401   this Q       682.9   best Q       673.2   182.4 min
  restart   2/5    eval   402   this Q       686.2   best Q       673.2   182.6 min
  restart   2/5    eval   403   this Q       676.5   best Q       673.2   182.8 min
  restart   2/5    eval   404   this Q       677.3   best Q       673.2   183.0 min
  restart   2/5    eval   405   this Q         674   best Q       673.2   183.1 min
  restart   2/5    eval   406   this Q       683.9   best Q       673.2   183.3 min
  restart   2/5    eval   407   this Q       675.2   best Q       673.2   183.4 min
  restart   2/5    eval   408   this Q       676.9   best Q       673.2   183.6 min
  restart   2/5    eval   409   this Q       682.7   best Q       673.2   183.8 min
  restart   2/5    eval   410   this Q       673.8   best Q       673.2   183.9 min
  restart   2/5    eval   411   this Q       686.4   best Q       673.2   184.1 min
  restart   2/5    eval   412   this Q       674.6   best Q       673.2   184.3 min
  restart   2/5    eval   413   this Q       679.2   best Q       673.2   184.5 min
  restart   2/5    eval   414   this Q       678.7   best Q       673.2   184.6 min
  restart   2/5    eval   415   this Q       675.7   best Q       673.2   184.8 min
  restart   2/5    eval   416   this Q       669.3   best Q       669.3   185.0 min
  restart   2/5    eval   417   this Q       671.4   best Q       669.3   185.2 min
  restart   2/5    eval   418   this Q       675.7   best Q       669.3   185.3 min
  restart   2/5    eval   419   this Q       676.2   best Q       669.3   185.5 min
  restart   2/5    eval   420   this Q       667.7   best Q       667.7   185.7 min
  restart   2/5    eval   421   this Q       665.2   best Q       665.2   185.8 min
  restart   2/5    eval   422   this Q       673.7   best Q       665.2   186.0 min
  restart   2/5    eval   423   this Q         675   best Q       665.2   186.2 min
  restart   2/5    eval   424   this Q         679   best Q       665.2   186.3 min
  restart   2/5    eval   425   this Q       669.4   best Q       665.2   186.5 min
  restart   2/5    eval   426   this Q         667   best Q       665.2   186.7 min
  restart   2/5    eval   427   this Q       668.9   best Q       665.2   186.8 min
  restart   2/5    eval   428   this Q       674.8   best Q       665.2   187.0 min
  restart   2/5    eval   429   this Q       669.1   best Q       665.2   187.2 min
  restart   2/5    eval   430   this Q       665.2   best Q       665.2   187.3 min
  restart   2/5    eval   431   this Q       671.6   best Q       665.2   187.5 min
  restart   2/5    eval   432   this Q       670.5   best Q       665.2   187.7 min
  restart   2/5    eval   433   this Q       666.5   best Q       665.2   187.8 min
  restart   2/5    eval   434   this Q       673.3   best Q       665.2   188.0 min
  restart   2/5    eval   435   this Q       669.7   best Q       665.2   188.2 min
  restart   2/5    eval   436   this Q       664.2   best Q       664.2   188.4 min
  restart   2/5    eval   437   this Q       668.3   best Q       664.2   188.5 min
  restart   2/5    eval   438   this Q         670   best Q       664.2   188.7 min
  restart   2/5    eval   439   this Q       666.7   best Q       664.2   188.9 min
  restart   2/5    eval   440   this Q       673.5   best Q       664.2   189.0 min
  restart   2/5    eval   441   this Q       671.4   best Q       664.2   189.2 min
  restart   2/5    eval   442   this Q       669.4   best Q       664.2   189.4 min
  restart   2/5    eval   443   this Q       666.7   best Q       664.2   189.5 min
  restart   2/5    eval   444   this Q       670.8   best Q       664.2   189.7 min
  restart   2/5    eval   445   this Q         666   best Q       664.2   189.9 min
  restart   2/5    eval   446   this Q       666.9   best Q       664.2   190.0 min
  restart   2/5    eval   447   this Q       672.7   best Q       664.2   190.2 min
  restart   2/5    eval   448   this Q       666.2   best Q       664.2   190.4 min
  restart   2/5    eval   449   this Q         664   best Q         664   190.6 min
  restart   2/5    eval   450   this Q         661   best Q         661   190.7 min
  restart   2/5    eval   451   this Q       666.1   best Q         661   190.9 min
  restart   2/5    eval   452   this Q       662.7   best Q         661   191.1 min
  restart   2/5    eval   453   this Q       660.2   best Q       660.2   191.2 min
  restart   2/5    eval   454   this Q       660.8   best Q       660.2   191.4 min
  restart   2/5    eval   455   this Q         668   best Q       660.2   191.6 min
  restart   2/5    eval   456   this Q       660.4   best Q       660.2   191.7 min
  restart   2/5    eval   457   this Q       660.6   best Q       660.2   191.9 min
  restart   2/5    eval   458   this Q         668   best Q       660.2   192.1 min
  restart   2/5    eval   459   this Q       665.8   best Q       660.2   192.2 min
  restart   2/5    eval   460   this Q       667.1   best Q       660.2   192.4 min
  restart   2/5    eval   461   this Q       662.5   best Q       660.2   192.6 min
  restart   2/5    eval   462   this Q       661.5   best Q       660.2   192.8 min
  restart   2/5    eval   463   this Q       667.5   best Q       660.2   192.9 min
  restart   2/5    eval   464   this Q       664.1   best Q       660.2   193.1 min
  restart   2/5    eval   465   this Q       660.6   best Q       660.2   193.3 min
  restart   2/5    eval   466   this Q       666.2   best Q       660.2   193.4 min
  restart   2/5    eval   467   this Q       664.2   best Q       660.2   193.6 min
  restart   2/5    eval   468   this Q         662   best Q       660.2   193.8 min
  restart   2/5    eval   469   this Q       664.2   best Q       660.2   193.9 min
  restart   2/5    eval   470   this Q       664.4   best Q       660.2   194.1 min
  restart   2/5    eval   471   this Q       660.5   best Q       660.2   194.3 min
  restart   2/5    eval   472   this Q       663.5   best Q       660.2   194.4 min
  restart   2/5    eval   473   this Q       663.7   best Q       660.2   194.6 min
  restart   2/5    eval   474   this Q       660.2   best Q       660.2   194.8 min
  restart   2/5    eval   475   this Q       660.4   best Q       660.2   194.9 min
  restart   2/5    eval   476   this Q         659   best Q         659   195.1 min
  restart   2/5    eval   477   this Q       667.4   best Q         659   195.3 min
  restart   2/5    eval   478   this Q       665.2   best Q         659   195.5 min
  restart   2/5    eval   479   this Q       661.7   best Q         659   195.6 min
  restart   2/5    eval   480   this Q       662.8   best Q         659   195.8 min
  restart   2/5    eval   481   this Q       660.6   best Q         659   196.0 min
  restart   2/5    eval   482   this Q       660.2   best Q         659   196.1 min
  restart   2/5    eval   483   this Q       660.4   best Q         659   196.3 min
  restart   2/5    eval   484   this Q       662.7   best Q         659   196.5 min
  restart   2/5    eval   485   this Q         661   best Q         659   196.6 min
  restart   2/5    eval   486   this Q       660.8   best Q         659   196.8 min
  restart   2/5    eval   487   this Q       667.8   best Q         659   197.0 min
  restart   2/5    eval   488   this Q       661.2   best Q         659   197.2 min
  restart   2/5    eval   489   this Q       662.3   best Q         659   197.3 min
  restart   2/5    eval   490   this Q       660.7   best Q         659   197.5 min
  restart   2/5    eval   491   this Q       661.6   best Q         659   197.7 min
  restart   2/5    eval   492   this Q       661.6   best Q         659   197.8 min
  restart   2/5    eval   493   this Q       660.6   best Q         659   198.0 min
  restart   2/5    eval   494   this Q       661.5   best Q         659   198.2 min
  restart   2/5    eval   495   this Q       658.9   best Q       658.9   198.4 min
  restart   2/5    eval   496   this Q       659.1   best Q       658.9   198.5 min
  restart   2/5    eval   497   this Q       658.3   best Q       658.3   198.7 min
  restart   2/5    eval   498   this Q       661.2   best Q       658.3   198.9 min
  restart   2/5    eval   499   this Q       660.2   best Q       658.3   199.0 min
  restart   2/5    eval   500   this Q       658.3   best Q       658.3   199.2 min
  restart   2/5    eval   501   this Q       658.1   best Q       658.1   199.4 min
  restart   2/5   DONE   this       658.1   best Q       658.1   199.4 min, ~299 min left
  restart   3/5    eval     1   this Q        6259   best Q       658.1   199.5 min
  restart   3/5    eval     2   this Q        6259   best Q       658.1   199.7 min
  restart   3/5    eval     3   this Q   1.501e+04   best Q       658.1   199.8 min
  restart   3/5    eval     4   this Q   1.306e+04   best Q       658.1   200.0 min
  restart   3/5    eval     5   this Q   3.268e+04   best Q       658.1   200.2 min
  restart   3/5    eval     6   this Q   5.603e+05   best Q       658.1   200.3 min
  restart   3/5    eval     7   this Q        9121   best Q       658.1   200.5 min
  restart   3/5    eval     8   this Q        3988   best Q       658.1   200.6 min
  restart   3/5    eval     9   this Q        8233   best Q       658.1   200.8 min
  restart   3/5    eval    10   this Q        6072   best Q       658.1   201.0 min
  restart   3/5    eval    11   this Q    1.64e+04   best Q       658.1   201.1 min
  restart   3/5    eval    12   this Q        4125   best Q       658.1   201.3 min
  restart   3/5    eval    13   this Q        3984   best Q       658.1   201.4 min
  restart   3/5    eval    14   this Q        3984   best Q       658.1   201.6 min
  restart   3/5    eval    15   this Q        3984   best Q       658.1   201.8 min
  restart   3/5    eval    16   this Q        6980   best Q       658.1   202.0 min
  restart   3/5    eval    17   this Q   5.683e+05   best Q       658.1   202.1 min
  restart   3/5    eval    18   this Q   1.426e+05   best Q       658.1   202.3 min
  restart   3/5    eval    19   this Q   1.432e+05   best Q       658.1   202.5 min
  restart   3/5    eval    20   this Q   3.841e+04   best Q       658.1   202.6 min
  restart   3/5    eval    21   this Q   3.801e+04   best Q       658.1   202.8 min
  restart   3/5    eval    22   this Q   1.187e+04   best Q       658.1   203.0 min
  restart   3/5    eval    23   this Q   1.224e+05   best Q       658.1   203.1 min
  restart   3/5    eval    24   this Q   1.112e+04   best Q       658.1   203.3 min
  restart   3/5    eval    25   this Q        4225   best Q       658.1   203.5 min
  restart   3/5    eval    26   this Q        6618   best Q       658.1   203.6 min
  restart   3/5    eval    27   this Q   2.195e+04   best Q       658.1   203.8 min
  restart   3/5    eval    28   this Q        5042   best Q       658.1   204.0 min
  restart   3/5    eval    29   this Q   1.043e+04   best Q       658.1   204.2 min
  restart   3/5    eval    30   this Q   2.543e+04   best Q       658.1   204.3 min
  restart   3/5    eval    31   this Q        5410   best Q       658.1   204.5 min
  restart   3/5    eval    32   this Q   1.335e+04   best Q       658.1   204.6 min
  restart   3/5    eval    33   this Q        4838   best Q       658.1   204.8 min
  restart   3/5    eval    34   this Q   1.104e+04   best Q       658.1   205.0 min
  restart   3/5    eval    35   this Q        4194   best Q       658.1   205.2 min
  restart   3/5    eval    36   this Q        4027   best Q       658.1   205.3 min
  restart   3/5    eval    37   this Q        4733   best Q       658.1   205.5 min
  restart   3/5    eval    38   this Q   1.252e+04   best Q       658.1   205.7 min
  restart   3/5    eval    39   this Q        4118   best Q       658.1   205.8 min
  restart   3/5    eval    40   this Q        6437   best Q       658.1   206.0 min
  restart   3/5    eval    41   this Q        4168   best Q       658.1   206.2 min
  restart   3/5    eval    42   this Q        4370   best Q       658.1   206.4 min
  restart   3/5    eval    43   this Q        5293   best Q       658.1   206.5 min
  restart   3/5    eval    44   this Q        3664   best Q       658.1   206.7 min
  restart   3/5    eval    45   this Q        5391   best Q       658.1   206.9 min
  restart   3/5    eval    46   this Q        3599   best Q       658.1   207.0 min
  restart   3/5    eval    47   this Q        4630   best Q       658.1   207.2 min
  restart   3/5    eval    48   this Q        8337   best Q       658.1   207.4 min
  restart   3/5    eval    49   this Q        3421   best Q       658.1   207.5 min
  restart   3/5    eval    50   this Q        4582   best Q       658.1   207.7 min
  restart   3/5    eval    51   this Q        3521   best Q       658.1   207.9 min
  restart   3/5    eval    52   this Q        6255   best Q       658.1   208.0 min
  restart   3/5    eval    53   this Q        3391   best Q       658.1   208.2 min
  restart   3/5    eval    54   this Q    1.09e+04   best Q       658.1   208.4 min
  restart   3/5    eval    55   this Q        3515   best Q       658.1   208.5 min
  restart   3/5    eval    56   this Q        5145   best Q       658.1   208.7 min
  restart   3/5    eval    57   this Q        3286   best Q       658.1   208.9 min
  restart   3/5    eval    58   this Q        4418   best Q       658.1   209.0 min
  restart   3/5    eval    59   this Q        3462   best Q       658.1   209.2 min
  restart   3/5    eval    60   this Q        3624   best Q       658.1   209.4 min
  restart   3/5    eval    61   this Q        5002   best Q       658.1   209.5 min
  restart   3/5    eval    62   this Q        3408   best Q       658.1   209.7 min
  restart   3/5    eval    63   this Q        5575   best Q       658.1   209.9 min
  restart   3/5    eval    64   this Q        3402   best Q       658.1   210.0 min
  restart   3/5    eval    65   this Q        3722   best Q       658.1   210.2 min
  restart   3/5    eval    66   this Q        4064   best Q       658.1   210.4 min
  restart   3/5    eval    67   this Q        3346   best Q       658.1   210.6 min
  restart   3/5    eval    68   this Q        4175   best Q       658.1   210.7 min
  restart   3/5    eval    69   this Q        3332   best Q       658.1   210.9 min
  restart   3/5    eval    70   this Q        4297   best Q       658.1   211.1 min
  restart   3/5    eval    71   this Q        3319   best Q       658.1   211.2 min
  restart   3/5    eval    72   this Q        3640   best Q       658.1   211.4 min
  restart   3/5    eval    73   this Q        3724   best Q       658.1   211.6 min
  restart   3/5    eval    74   this Q        3297   best Q       658.1   211.7 min
  restart   3/5    eval    75   this Q        3778   best Q       658.1   211.9 min
  restart   3/5    eval    76   this Q        3270   best Q       658.1   212.1 min
  restart   3/5    eval    77   this Q        3625   best Q       658.1   212.2 min
  restart   3/5    eval    78   this Q        3319   best Q       658.1   212.4 min
  restart   3/5    eval    79   this Q        3620   best Q       658.1   212.6 min
  restart   3/5    eval    80   this Q        3288   best Q       658.1   212.8 min
  restart   3/5    eval    81   this Q        3272   best Q       658.1   212.9 min
  restart   3/5    eval    82   this Q        3450   best Q       658.1   213.1 min
  restart   3/5    eval    83   this Q        3216   best Q       658.1   213.3 min
  restart   3/5    eval    84   this Q        3733   best Q       658.1   213.4 min
  restart   3/5    eval    85   this Q        3410   best Q       658.1   213.6 min
  restart   3/5    eval    86   this Q        3883   best Q       658.1   213.8 min
  restart   3/5    eval    87   this Q        3189   best Q       658.1   213.9 min
  restart   3/5    eval    88   this Q        3501   best Q       658.1   214.1 min
  restart   3/5    eval    89   this Q        3236   best Q       658.1   214.3 min
  restart   3/5    eval    90   this Q        3546   best Q       658.1   214.4 min
  restart   3/5    eval    91   this Q        3206   best Q       658.1   214.6 min
  restart   3/5    eval    92   this Q        3543   best Q       658.1   214.8 min
  restart   3/5    eval    93   this Q        3211   best Q       658.1   214.9 min
  restart   3/5    eval    94   this Q        3804   best Q       658.1   215.1 min
  restart   3/5    eval    95   this Q        3175   best Q       658.1   215.3 min
  restart   3/5    eval    96   this Q        3093   best Q       658.1   215.5 min
  restart   3/5    eval    97   this Q        3175   best Q       658.1   215.6 min
  restart   3/5    eval    98   this Q        3097   best Q       658.1   215.8 min
  restart   3/5    eval    99   this Q        3107   best Q       658.1   216.0 min
  restart   3/5    eval   100   this Q        3239   best Q       658.1   216.1 min
  restart   3/5    eval   101   this Q        3013   best Q       658.1   216.3 min
  restart   3/5    eval   102   this Q        3043   best Q       658.1   216.5 min
  restart   3/5    eval   103   this Q        3205   best Q       658.1   216.7 min
  restart   3/5    eval   104   this Q        3530   best Q       658.1   216.8 min
  restart   3/5    eval   105   this Q        3091   best Q       658.1   217.0 min
  restart   3/5    eval   106   this Q        3175   best Q       658.1   217.2 min
  restart   3/5    eval   107   this Q        3041   best Q       658.1   217.3 min
  restart   3/5    eval   108   this Q        3355   best Q       658.1   217.5 min
  restart   3/5    eval   109   this Q        3090   best Q       658.1   217.7 min
  restart   3/5    eval   110   this Q        2968   best Q       658.1   217.9 min
  restart   3/5    eval   111   this Q        2993   best Q       658.1   218.0 min
  restart   3/5    eval   112   this Q        3343   best Q       658.1   218.2 min
  restart   3/5    eval   113   this Q        3070   best Q       658.1   218.4 min
  restart   3/5    eval   114   this Q        2970   best Q       658.1   218.6 min
  restart   3/5    eval   115   this Q        3041   best Q       658.1   218.7 min
  restart   3/5    eval   116   this Q        3389   best Q       658.1   218.9 min
  restart   3/5    eval   117   this Q        3047   best Q       658.1   219.1 min
  restart   3/5    eval   118   this Q        2960   best Q       658.1   219.2 min
  restart   3/5    eval   119   this Q        3016   best Q       658.1   219.4 min
  restart   3/5    eval   120   this Q        2937   best Q       658.1   219.6 min
  restart   3/5    eval   121   this Q        3007   best Q       658.1   219.8 min
  restart   3/5    eval   122   this Q        3037   best Q       658.1   219.9 min
  restart   3/5    eval   123   this Q        3037   best Q       658.1   220.1 min
  restart   3/5    eval   124   this Q        3032   best Q       658.1   220.3 min
  restart   3/5    eval   125   this Q        3033   best Q       658.1   220.5 min
  restart   3/5    eval   126   this Q        3011   best Q       658.1   220.6 min
  restart   3/5    eval   127   this Q        2923   best Q       658.1   220.8 min
  restart   3/5    eval   128   this Q        3000   best Q       658.1   221.0 min
  restart   3/5    eval   129   this Q        2883   best Q       658.1   221.2 min
  restart   3/5    eval   130   this Q        2881   best Q       658.1   221.3 min
  restart   3/5    eval   131   this Q        2918   best Q       658.1   221.5 min
  restart   3/5    eval   132   this Q        2963   best Q       658.1   221.7 min
  restart   3/5    eval   133   this Q        3030   best Q       658.1   221.8 min
  restart   3/5    eval   134   this Q        2919   best Q       658.1   222.0 min
  restart   3/5    eval   135   this Q        2925   best Q       658.1   222.2 min
  restart   3/5    eval   136   this Q        2986   best Q       658.1   222.4 min
  restart   3/5    eval   137   this Q        3027   best Q       658.1   222.6 min
  restart   3/5    eval   138   this Q        3253   best Q       658.1   222.7 min
  restart   3/5    eval   139   this Q        2905   best Q       658.1   222.9 min
  restart   3/5    eval   140   this Q        3014   best Q       658.1   223.1 min
  restart   3/5    eval   141   this Q        2926   best Q       658.1   223.2 min
  restart   3/5    eval   142   this Q        2996   best Q       658.1   223.4 min
  restart   3/5    eval   143   this Q        2819   best Q       658.1   223.6 min
  restart   3/5    eval   144   this Q        2801   best Q       658.1   223.8 min
  restart   3/5    eval   145   this Q        2978   best Q       658.1   223.9 min
  restart   3/5    eval   146   this Q        2980   best Q       658.1   224.1 min
  restart   3/5    eval   147   this Q        2902   best Q       658.1   224.3 min
  restart   3/5    eval   148   this Q        3004   best Q       658.1   224.5 min
  restart   3/5    eval   149   this Q        2903   best Q       658.1   224.6 min
  restart   3/5    eval   150   this Q        2883   best Q       658.1   224.8 min
  restart   3/5    eval   151   this Q        2939   best Q       658.1   225.0 min
  restart   3/5    eval   152   this Q        2949   best Q       658.1   225.2 min
  restart   3/5    eval   153   this Q        2875   best Q       658.1   225.3 min
  restart   3/5    eval   154   this Q        2941   best Q       658.1   225.5 min
  restart   3/5    eval   155   this Q        2882   best Q       658.1   225.7 min
  restart   3/5    eval   156   this Q        2918   best Q       658.1   225.8 min
  restart   3/5    eval   157   this Q        2811   best Q       658.1   226.0 min
  restart   3/5    eval   158   this Q        2830   best Q       658.1   226.2 min
  restart   3/5    eval   159   this Q        2858   best Q       658.1   226.4 min
  restart   3/5    eval   160   this Q        2772   best Q       658.1   226.5 min
  restart   3/5    eval   161   this Q       887.4   best Q       658.1   226.7 min
  restart   3/5    eval   162   this Q        2814   best Q       658.1   226.9 min
  restart   3/5    eval   163   this Q        2801   best Q       658.1   227.1 min
  restart   3/5    eval   164   this Q        2886   best Q       658.1   227.2 min
  restart   3/5    eval   165   this Q        2745   best Q       658.1   227.4 min
  restart   3/5    eval   166   this Q        2834   best Q       658.1   227.6 min
  restart   3/5    eval   167   this Q        2648   best Q       658.1   227.8 min
  restart   3/5    eval   168   this Q        2808   best Q       658.1   227.9 min
  restart   3/5    eval   169   this Q        2624   best Q       658.1   228.1 min
  restart   3/5    eval   170   this Q       804.7   best Q       658.1   228.3 min
  restart   3/5    eval   171   this Q        8494   best Q       658.1   228.5 min
  restart   3/5    eval   172   this Q        2766   best Q       658.1   228.6 min
  restart   3/5    eval   173   this Q        2714   best Q       658.1   228.8 min
  restart   3/5    eval   174   this Q       829.2   best Q       658.1   229.0 min
  restart   3/5    eval   175   this Q        2780   best Q       658.1   229.1 min
  restart   3/5    eval   176   this Q        2527   best Q       658.1   229.3 min
  restart   3/5    eval   177   this Q       771.6   best Q       658.1   229.5 min
  restart   3/5    eval   178   this Q        6078   best Q       658.1   229.7 min
  restart   3/5    eval   179   this Q        5261   best Q       658.1   229.8 min
  restart   3/5    eval   180   this Q        2741   best Q       658.1   230.0 min
  restart   3/5    eval   181   this Q        1076   best Q       658.1   230.2 min
  restart   3/5    eval   182   this Q       753.4   best Q       658.1   230.3 min
  restart   3/5    eval   183   this Q        1343   best Q       658.1   230.5 min
  restart   3/5    eval   184   this Q       889.8   best Q       658.1   230.7 min
  restart   3/5    eval   185   this Q        1053   best Q       658.1   230.9 min
  restart   3/5    eval   186   this Q         969   best Q       658.1   231.0 min
  restart   3/5    eval   187   this Q        7588   best Q       658.1   231.2 min
  restart   3/5    eval   188   this Q        2705   best Q       658.1   231.4 min
  restart   3/5    eval   189   this Q        9008   best Q       658.1   231.6 min
  restart   3/5    eval   190   this Q        2699   best Q       658.1   231.7 min
  restart   3/5    eval   191   this Q        3545   best Q       658.1   231.9 min
  restart   3/5    eval   192   this Q        2593   best Q       658.1   232.1 min
  restart   3/5    eval   193   this Q        1253   best Q       658.1   232.2 min
  restart   3/5    eval   194   this Q        4237   best Q       658.1   232.4 min
  restart   3/5    eval   195   this Q        2353   best Q       658.1   232.6 min
  restart   3/5    eval   196   this Q        1229   best Q       658.1   232.8 min
  restart   3/5    eval   197   this Q        1902   best Q       658.1   232.9 min
  restart   3/5    eval   198   this Q        5618   best Q       658.1   233.1 min
  restart   3/5    eval   199   this Q        1447   best Q       658.1   233.3 min
  restart   3/5    eval   200   this Q        4587   best Q       658.1   233.5 min
  restart   3/5    eval   201   this Q       974.5   best Q       658.1   233.6 min
  restart   3/5    eval   202   this Q        4441   best Q       658.1   233.8 min
  restart   3/5    eval   203   this Q         910   best Q       658.1   234.0 min
  restart   3/5    eval   204   this Q        2074   best Q       658.1   234.2 min
  restart   3/5    eval   205   this Q       873.7   best Q       658.1   234.3 min
  restart   3/5    eval   206   this Q        1306   best Q       658.1   234.5 min
  restart   3/5    eval   207   this Q       909.3   best Q       658.1   234.7 min
  restart   3/5    eval   208   this Q        1637   best Q       658.1   234.9 min
  restart   3/5    eval   209   this Q       907.4   best Q       658.1   235.0 min
  restart   3/5    eval   210   this Q        1369   best Q       658.1   235.2 min
  restart   3/5    eval   211   this Q       917.2   best Q       658.1   235.4 min
  restart   3/5    eval   212   this Q       794.2   best Q       658.1   235.6 min
  restart   3/5    eval   213   this Q       829.9   best Q       658.1   235.7 min
  restart   3/5    eval   214   this Q       921.2   best Q       658.1   235.9 min
  restart   3/5    eval   215   this Q        1210   best Q       658.1   236.1 min
  restart   3/5    eval   216   this Q       976.4   best Q       658.1   236.3 min
  restart   3/5    eval   217   this Q         984   best Q       658.1   236.4 min
  restart   3/5    eval   218   this Q       761.2   best Q       658.1   236.6 min
  restart   3/5    eval   219   this Q       765.2   best Q       658.1   236.8 min
  restart   3/5    eval   220   this Q       776.6   best Q       658.1   237.0 min
  restart   3/5    eval   221   this Q       778.3   best Q       658.1   237.2 min
  restart   3/5    eval   222   this Q       935.7   best Q       658.1   237.3 min
  restart   3/5    eval   223   this Q       912.1   best Q       658.1   237.5 min
  restart   3/5    eval   224   this Q       759.5   best Q       658.1   237.7 min
  restart   3/5    eval   225   this Q       755.4   best Q       658.1   237.9 min
  restart   3/5    eval   226   this Q         799   best Q       658.1   238.0 min
  restart   3/5    eval   227   this Q       759.4   best Q       658.1   238.2 min
  restart   3/5    eval   228   this Q       946.9   best Q       658.1   238.4 min
  restart   3/5    eval   229   this Q       912.8   best Q       658.1   238.6 min
  restart   3/5    eval   230   this Q       939.4   best Q       658.1   238.7 min
  restart   3/5    eval   231   this Q       774.7   best Q       658.1   238.9 min
  restart   3/5    eval   232   this Q       857.8   best Q       658.1   239.1 min
  restart   3/5    eval   233   this Q       922.2   best Q       658.1   239.3 min
  restart   3/5    eval   234   this Q        1184   best Q       658.1   239.4 min
  restart   3/5    eval   235   this Q         800   best Q       658.1   239.6 min
  restart   3/5    eval   236   this Q       926.7   best Q       658.1   239.8 min
  restart   3/5    eval   237   this Q       745.3   best Q       658.1   240.0 min
  restart   3/5    eval   238   this Q        1029   best Q       658.1   240.1 min
  restart   3/5    eval   239   this Q       787.2   best Q       658.1   240.3 min
  restart   3/5    eval   240   this Q        1281   best Q       658.1   240.5 min
  restart   3/5    eval   241   this Q         791   best Q       658.1   240.7 min
  restart   3/5    eval   242   this Q       871.1   best Q       658.1   240.8 min
  restart   3/5    eval   243   this Q       747.6   best Q       658.1   241.0 min
  restart   3/5    eval   244   this Q       790.2   best Q       658.1   241.2 min
  restart   3/5    eval   245   this Q         734   best Q       658.1   241.4 min
  restart   3/5    eval   246   this Q       859.4   best Q       658.1   241.5 min
  restart   3/5    eval   247   this Q       928.8   best Q       658.1   241.7 min
  restart   3/5    eval   248   this Q       756.4   best Q       658.1   241.9 min
  restart   3/5    eval   249   this Q       775.3   best Q       658.1   242.1 min
  restart   3/5    eval   250   this Q       837.3   best Q       658.1   242.2 min
  restart   3/5    eval   251   this Q       756.9   best Q       658.1   242.4 min
  restart   3/5    eval   252   this Q       881.2   best Q       658.1   242.6 min
  restart   3/5    eval   253   this Q       750.6   best Q       658.1   242.7 min
  restart   3/5    eval   254   this Q       730.6   best Q       658.1   242.9 min
  restart   3/5    eval   255   this Q       785.3   best Q       658.1   243.1 min
  restart   3/5    eval   256   this Q       883.6   best Q       658.1   243.3 min
  restart   3/5    eval   257   this Q         750   best Q       658.1   243.4 min
  restart   3/5    eval   258   this Q       792.6   best Q       658.1   243.6 min
  restart   3/5    eval   259   this Q       740.9   best Q       658.1   243.8 min
  restart   3/5    eval   260   this Q       759.4   best Q       658.1   243.9 min
  restart   3/5    eval   261   this Q       727.8   best Q       658.1   244.1 min
  restart   3/5    eval   262   this Q       734.2   best Q       658.1   244.3 min
  restart   3/5    eval   263   this Q       732.7   best Q       658.1   244.5 min
  restart   3/5    eval   264   this Q       723.1   best Q       658.1   244.6 min
  restart   3/5    eval   265   this Q       711.1   best Q       658.1   244.8 min
  restart   3/5    eval   266   this Q       747.5   best Q       658.1   245.0 min
  restart   3/5    eval   267   this Q       722.5   best Q       658.1   245.2 min
  restart   3/5    eval   268   this Q         729   best Q       658.1   245.3 min
  restart   3/5    eval   269   this Q         734   best Q       658.1   245.5 min
  restart   3/5    eval   270   this Q       711.4   best Q       658.1   245.7 min
  restart   3/5    eval   271   this Q       766.7   best Q       658.1   245.8 min
  restart   3/5    eval   272   this Q       735.5   best Q       658.1   246.0 min
  restart   3/5    eval   273   this Q       741.9   best Q       658.1   246.2 min
  restart   3/5    eval   274   this Q       702.3   best Q       658.1   246.4 min
  restart   3/5    eval   275   this Q       693.2   best Q       658.1   246.5 min
  restart   3/5    eval   276   this Q       729.1   best Q       658.1   246.7 min
  restart   3/5    eval   277   this Q       685.9   best Q       658.1   246.9 min
  restart   3/5    eval   278   this Q       662.5   best Q       658.1   247.1 min
  restart   3/5    eval   279   this Q         726   best Q       658.1   247.2 min
  restart   3/5    eval   280   this Q       686.5   best Q       658.1   247.4 min
  restart   3/5    eval   281   this Q       685.4   best Q       658.1   247.6 min
  restart   3/5    eval   282   this Q       704.8   best Q       658.1   247.8 min
  restart   3/5    eval   283   this Q         716   best Q       658.1   247.9 min
  restart   3/5    eval   284   this Q       692.2   best Q       658.1   248.1 min
  restart   3/5    eval   285   this Q       680.6   best Q       658.1   248.3 min
  restart   3/5    eval   286   this Q       709.8   best Q       658.1   248.4 min
  restart   3/5    eval   287   this Q       694.1   best Q       658.1   248.6 min
  restart   3/5    eval   288   this Q       660.3   best Q       658.1   248.8 min
  restart   3/5    eval   289   this Q       656.1   best Q       656.1   249.0 min
  restart   3/5    eval   290   this Q       654.7   best Q       654.7   249.1 min
  restart   3/5    eval   291   this Q       656.5   best Q       654.7   249.3 min
  restart   3/5    eval   292   this Q       658.4   best Q       654.7   249.5 min
  restart   3/5    eval   293   this Q       656.9   best Q       654.7   249.7 min
  restart   3/5    eval   294   this Q       671.2   best Q       654.7   249.8 min
  restart   3/5    eval   295   this Q       646.2   best Q       646.2   250.0 min
  restart   3/5    eval   296   this Q       662.2   best Q       646.2   250.2 min
  restart   3/5    eval   297   this Q       647.2   best Q       646.2   250.3 min
  restart   3/5    eval   298   this Q       630.7   best Q       630.7   250.5 min
  restart   3/5    eval   299   this Q       628.4   best Q       628.4   250.7 min
  restart   3/5    eval   300   this Q       654.8   best Q       628.4   250.9 min
  restart   3/5    eval   301   this Q       621.6   best Q       621.6   251.0 min
  restart   3/5    eval   302   this Q       626.9   best Q       621.6   251.2 min
  restart   3/5    eval   303   this Q       628.2   best Q       621.6   251.4 min
  restart   3/5    eval   304   this Q       606.8   best Q       606.8   251.5 min
  restart   3/5    eval   305   this Q       612.3   best Q       606.8   251.7 min
  restart   3/5    eval   306   this Q       614.2   best Q       606.8   251.9 min
  restart   3/5    eval   307   this Q       604.5   best Q       604.5   252.1 min
  restart   3/5    eval   308   this Q       622.3   best Q       604.5   252.2 min
  restart   3/5    eval   309   this Q       640.2   best Q       604.5   252.4 min
  restart   3/5    eval   310   this Q       606.3   best Q       604.5   252.6 min
  restart   3/5    eval   311   this Q       678.1   best Q       604.5   252.8 min
  restart   3/5    eval   312   this Q         629   best Q       604.5   252.9 min
  restart   3/5    eval   313   this Q       641.8   best Q       604.5   253.1 min
  restart   3/5    eval   314   this Q       597.5   best Q       597.5   253.3 min
  restart   3/5    eval   315   this Q       617.2   best Q       597.5   253.5 min
  restart   3/5    eval   316   this Q         607   best Q       597.5   253.6 min
  restart   3/5    eval   317   this Q       583.7   best Q       583.7   253.8 min
  restart   3/5    eval   318   this Q       587.5   best Q       583.7   254.0 min
  restart   3/5    eval   319   this Q         601   best Q       583.7   254.2 min
  restart   3/5    eval   320   this Q       609.6   best Q       583.7   254.3 min
  restart   3/5    eval   321   this Q       604.5   best Q       583.7   254.5 min
  restart   3/5    eval   322   this Q       629.6   best Q       583.7   254.7 min
  restart   3/5    eval   323   this Q       604.9   best Q       583.7   254.9 min
  restart   3/5    eval   324   this Q       577.2   best Q       577.2   255.0 min
  restart   3/5    eval   325   this Q       587.5   best Q       577.2   255.2 min
  restart   3/5    eval   326   this Q       622.7   best Q       577.2   255.4 min
  restart   3/5    eval   327   this Q       602.1   best Q       577.2   255.5 min
  restart   3/5    eval   328   this Q       632.1   best Q       577.2   255.7 min
  restart   3/5    eval   329   this Q       597.2   best Q       577.2   255.9 min
  restart   3/5    eval   330   this Q       594.2   best Q       577.2   256.1 min
  restart   3/5    eval   331   this Q       584.6   best Q       577.2   256.2 min
  restart   3/5    eval   332   this Q       601.7   best Q       577.2   256.4 min
  restart   3/5    eval   333   this Q       594.3   best Q       577.2   256.6 min
  restart   3/5    eval   334   this Q       566.3   best Q       566.3   256.8 min
  restart   3/5    eval   335   this Q       564.2   best Q       564.2   256.9 min
  restart   3/5    eval   336   this Q         563   best Q         563   257.1 min
  restart   3/5    eval   337   this Q       563.1   best Q         563   257.3 min
  restart   3/5    eval   338   this Q         588   best Q         563   257.5 min
  restart   3/5    eval   339   this Q         563   best Q         563   257.6 min
  restart   3/5    eval   340   this Q       579.8   best Q         563   257.8 min
  restart   3/5    eval   341   this Q       620.7   best Q         563   258.0 min
  restart   3/5    eval   342   this Q       578.7   best Q         563   258.2 min
  restart   3/5    eval   343   this Q       587.5   best Q         563   258.3 min
  restart   3/5    eval   344   this Q       570.1   best Q         563   258.5 min
  restart   3/5    eval   345   this Q       559.8   best Q       559.8   258.7 min
  restart   3/5    eval   346   this Q       589.1   best Q       559.8   258.9 min
  restart   3/5    eval   347   this Q         587   best Q       559.8   259.0 min
  restart   3/5    eval   348   this Q       576.9   best Q       559.8   259.2 min
  restart   3/5    eval   349   this Q       562.7   best Q       559.8   259.4 min
  restart   3/5    eval   350   this Q       549.8   best Q       549.8   259.6 min
  restart   3/5    eval   351   this Q       568.3   best Q       549.8   259.7 min
  restart   3/5    eval   352   this Q       570.7   best Q       549.8   259.9 min
  restart   3/5    eval   353   this Q       602.7   best Q       549.8   260.1 min
  restart   3/5    eval   354   this Q       566.7   best Q       549.8   260.3 min
  restart   3/5    eval   355   this Q       576.1   best Q       549.8   260.5 min
  restart   3/5    eval   356   this Q       559.7   best Q       549.8   260.6 min
  restart   3/5    eval   357   this Q       549.8   best Q       549.8   260.8 min
  restart   3/5    eval   358   this Q       554.1   best Q       549.8   261.0 min
  restart   3/5    eval   359   this Q         540   best Q         540   261.2 min
  restart   3/5    eval   360   this Q       542.3   best Q         540   261.3 min
  restart   3/5    eval   361   this Q       574.7   best Q         540   261.5 min
  restart   3/5    eval   362   this Q       575.8   best Q         540   261.7 min
  restart   3/5    eval   363   this Q       555.3   best Q         540   261.9 min
  restart   3/5    eval   364   this Q       576.9   best Q         540   262.1 min
  restart   3/5    eval   365   this Q       555.2   best Q         540   262.2 min
  restart   3/5    eval   366   this Q       559.4   best Q         540   262.4 min
  restart   3/5    eval   367   this Q       555.5   best Q         540   262.6 min
  restart   3/5    eval   368   this Q       540.8   best Q         540   262.8 min
  restart   3/5    eval   369   this Q       559.6   best Q         540   263.0 min
  restart   3/5    eval   370   this Q       538.8   best Q       538.8   263.1 min
  restart   3/5    eval   371   this Q       551.9   best Q       538.8   263.3 min
  restart   3/5    eval   372   this Q       532.2   best Q       532.2   263.5 min
  restart   3/5    eval   373   this Q       529.1   best Q       529.1   263.7 min
  restart   3/5    eval   374   this Q       547.4   best Q       529.1   263.8 min
  restart   3/5    eval   375   this Q       545.7   best Q       529.1   264.0 min
  restart   3/5    eval   376   this Q       543.9   best Q       529.1   264.2 min
  restart   3/5    eval   377   this Q       548.1   best Q       529.1   264.4 min
  restart   3/5    eval   378   this Q         536   best Q       529.1   264.6 min
  restart   3/5    eval   379   this Q         550   best Q       529.1   264.8 min
  restart   3/5    eval   380   this Q       534.6   best Q       529.1   264.9 min
  restart   3/5    eval   381   this Q       550.2   best Q       529.1   265.1 min
  restart   3/5    eval   382   this Q       535.9   best Q       529.1   265.3 min
  restart   3/5    eval   383   this Q       551.8   best Q       529.1   265.5 min
  restart   3/5    eval   384   this Q       534.1   best Q       529.1   265.6 min
  restart   3/5    eval   385   this Q       553.6   best Q       529.1   265.8 min
  restart   3/5    eval   386   this Q       536.9   best Q       529.1   266.0 min
  restart   3/5    eval   387   this Q       522.5   best Q       522.5   266.2 min
  restart   3/5    eval   388   this Q       522.2   best Q       522.2   266.4 min
  restart   3/5    eval   389   this Q         536   best Q       522.2   266.6 min
  restart   3/5    eval   390   this Q       543.6   best Q       522.2   266.7 min
  restart   3/5    eval   391   this Q       529.1   best Q       522.2   266.9 min
  restart   3/5    eval   392   this Q       542.9   best Q       522.2   267.1 min
  restart   3/5    eval   393   this Q       535.4   best Q       522.2   267.3 min
  restart   3/5    eval   394   this Q       544.5   best Q       522.2   267.5 min
  restart   3/5    eval   395   this Q       530.7   best Q       522.2   267.7 min
  restart   3/5    eval   396   this Q       548.8   best Q       522.2   267.8 min
  restart   3/5    eval   397   this Q         528   best Q       522.2   268.0 min
  restart   3/5    eval   398   this Q       533.9   best Q       522.2   268.2 min
  restart   3/5    eval   399   this Q       528.7   best Q       522.2   268.4 min
  restart   3/5    eval   400   this Q       530.1   best Q       522.2   268.6 min
  restart   3/5    eval   401   this Q       526.4   best Q       522.2   268.8 min
  restart   3/5    eval   402   this Q       543.6   best Q       522.2   268.9 min
  restart   3/5    eval   403   this Q       526.1   best Q       522.2   269.1 min
  restart   3/5    eval   404   this Q       534.9   best Q       522.2   269.3 min
  restart   3/5    eval   405   this Q       535.7   best Q       522.2   269.5 min
  restart   3/5    eval   406   this Q       525.6   best Q       522.2   269.7 min
  restart   3/5    eval   407   this Q       531.3   best Q       522.2   269.8 min
  restart   3/5    eval   408   this Q       533.3   best Q       522.2   270.0 min
  restart   3/5    eval   409   this Q       532.4   best Q       522.2   270.2 min
  restart   3/5    eval   410   this Q       529.5   best Q       522.2   270.4 min
  restart   3/5    eval   411   this Q       520.2   best Q       520.2   270.6 min
  restart   3/5    eval   412   this Q       527.7   best Q       520.2   270.7 min
  restart   3/5    eval   413   this Q       521.1   best Q       520.2   270.9 min
  restart   3/5    eval   414   this Q       527.7   best Q       520.2   271.1 min
  restart   3/5    eval   415   this Q       540.5   best Q       520.2   271.3 min
  restart   3/5    eval   416   this Q       521.8   best Q       520.2   271.5 min
  restart   3/5    eval   417   this Q       523.9   best Q       520.2   271.7 min
  restart   3/5    eval   418   this Q       518.8   best Q       518.8   271.8 min
  restart   3/5    eval   419   this Q         531   best Q       518.8   272.0 min
  restart   3/5    eval   420   this Q       537.6   best Q       518.8   272.2 min
  restart   3/5    eval   421   this Q       520.9   best Q       518.8   272.4 min
  restart   3/5    eval   422   this Q       520.2   best Q       518.8   272.5 min
  restart   3/5    eval   423   this Q       544.9   best Q       518.8   272.7 min
  restart   3/5    eval   424   this Q         521   best Q       518.8   272.9 min
  restart   3/5    eval   425   this Q       518.1   best Q       518.1   273.1 min
  restart   3/5    eval   426   this Q       524.2   best Q       518.1   273.2 min
  restart   3/5    eval   427   this Q       517.5   best Q       517.5   273.4 min
  restart   3/5    eval   428   this Q       529.1   best Q       517.5   273.6 min
  restart   3/5    eval   429   this Q       529.8   best Q       517.5   273.8 min
  restart   3/5    eval   430   this Q       518.2   best Q       517.5   274.0 min
  restart   3/5    eval   431   this Q       524.9   best Q       517.5   274.1 min
  restart   3/5    eval   432   this Q       517.6   best Q       517.5   274.3 min
  restart   3/5    eval   433   this Q       510.2   best Q       510.2   274.5 min
  restart   3/5    eval   434   this Q       507.9   best Q       507.9   274.7 min
  restart   3/5    eval   435   this Q       522.8   best Q       507.9   274.9 min
  restart   3/5    eval   436   this Q       520.5   best Q       507.9   275.0 min
  restart   3/5    eval   437   this Q       524.4   best Q       507.9   275.2 min
  restart   3/5    eval   438   this Q       517.7   best Q       507.9   275.4 min
  restart   3/5    eval   439   this Q         515   best Q       507.9   275.6 min
  restart   3/5    eval   440   this Q       512.9   best Q       507.9   275.8 min
  restart   3/5    eval   441   this Q       519.7   best Q       507.9   276.0 min
  restart   3/5    eval   442   this Q       513.1   best Q       507.9   276.1 min
  restart   3/5    eval   443   this Q       511.9   best Q       507.9   276.3 min
  restart   3/5    eval   444   this Q       513.6   best Q       507.9   276.5 min
  restart   3/5    eval   445   this Q       510.7   best Q       507.9   276.7 min
  restart   3/5    eval   446   this Q       512.3   best Q       507.9   276.9 min
  restart   3/5    eval   447   this Q       519.7   best Q       507.9   277.0 min
  restart   3/5    eval   448   this Q       513.9   best Q       507.9   277.2 min
  restart   3/5    eval   449   this Q       509.6   best Q       507.9   277.4 min
  restart   3/5    eval   450   this Q       504.6   best Q       504.6   277.6 min
  restart   3/5    eval   451   this Q         506   best Q       504.6   277.8 min
  restart   3/5    eval   452   this Q       508.6   best Q       504.6   277.9 min
  restart   3/5    eval   453   this Q       504.9   best Q       504.6   278.1 min
  restart   3/5    eval   454   this Q       510.5   best Q       504.6   278.3 min
  restart   3/5    eval   455   this Q       509.5   best Q       504.6   278.5 min
  restart   3/5    eval   456   this Q       506.9   best Q       504.6   278.7 min
  restart   3/5    eval   457   this Q       503.8   best Q       503.8   278.9 min
  restart   3/5    eval   458   this Q       512.9   best Q       503.8   279.0 min
  restart   3/5    eval   459   this Q       508.6   best Q       503.8   279.2 min
  restart   3/5    eval   460   this Q       500.9   best Q       500.9   279.4 min
  restart   3/5    eval   461   this Q       500.8   best Q       500.8   279.6 min
  restart   3/5    eval   462   this Q       503.2   best Q       500.8   279.8 min
  restart   3/5    eval   463   this Q       508.9   best Q       500.8   279.9 min
  restart   3/5    eval   464   this Q       501.5   best Q       500.8   280.1 min
  restart   3/5    eval   465   this Q       500.9   best Q       500.8   280.3 min
  restart   3/5    eval   466   this Q       511.2   best Q       500.8   280.5 min
  restart   3/5    eval   467   this Q       505.2   best Q       500.8   280.7 min
  restart   3/5    eval   468   this Q       505.1   best Q       500.8   280.8 min
  restart   3/5    eval   469   this Q       503.5   best Q       500.8   281.0 min
  restart   3/5    eval   470   this Q       504.3   best Q       500.8   281.2 min
  restart   3/5    eval   471   this Q       499.9   best Q       499.9   281.4 min
  restart   3/5    eval   472   this Q         502   best Q       499.9   281.5 min
  restart   3/5    eval   473   this Q         506   best Q       499.9   281.7 min
  restart   3/5    eval   474   this Q       498.8   best Q       498.8   281.9 min
  restart   3/5    eval   475   this Q       504.8   best Q       498.8   282.1 min
  restart   3/5    eval   476   this Q       499.2   best Q       498.8   282.2 min
  restart   3/5    eval   477   this Q       504.2   best Q       498.8   282.4 min
  restart   3/5    eval   478   this Q       497.8   best Q       497.8   282.6 min
  restart   3/5    eval   479   this Q       500.7   best Q       497.8   282.8 min
  restart   3/5    eval   480   this Q       509.3   best Q       497.8   282.9 min
  restart   3/5    eval   481   this Q       499.8   best Q       497.8   283.1 min
  restart   3/5    eval   482   this Q       497.4   best Q       497.4   283.3 min
  restart   3/5    eval   483   this Q       498.5   best Q       497.4   283.5 min
  restart   3/5    eval   484   this Q       497.3   best Q       497.3   283.7 min
  restart   3/5    eval   485   this Q       503.7   best Q       497.3   283.8 min
  restart   3/5    eval   486   this Q       499.9   best Q       497.3   284.0 min
  restart   3/5    eval   487   this Q       502.5   best Q       497.3   284.2 min
  restart   3/5    eval   488   this Q       496.1   best Q       496.1   284.3 min
  restart   3/5    eval   489   this Q       502.6   best Q       496.1   284.5 min
  restart   3/5    eval   490   this Q       499.6   best Q       496.1   284.7 min
  restart   3/5    eval   491   this Q       501.4   best Q       496.1   284.9 min
  restart   3/5    eval   492   this Q       501.4   best Q       496.1   285.0 min
  restart   3/5    eval   493   this Q       503.4   best Q       496.1   285.2 min
  restart   3/5    eval   494   this Q       497.8   best Q       496.1   285.4 min
  restart   3/5    eval   495   this Q       502.2   best Q       496.1   285.6 min
  restart   3/5    eval   496   this Q       498.6   best Q       496.1   285.8 min
  restart   3/5    eval   497   this Q         502   best Q       496.1   285.9 min
  restart   3/5    eval   498   this Q       497.6   best Q       496.1   286.1 min
  restart   3/5    eval   499   this Q       497.2   best Q       496.1   286.3 min
  restart   3/5    eval   500   this Q         496   best Q         496   286.5 min
  restart   3/5    eval   501   this Q       499.9   best Q         496   286.6 min
  restart   3/5   DONE   this         496   best Q         496   286.6 min, ~191 min left
  restart   4/5    eval     1   this Q        3526   best Q         496   286.8 min
  restart   4/5    eval     2   this Q        3526   best Q         496   287.0 min
  restart   4/5    eval     3   this Q   1.644e+04   best Q         496   287.1 min
  restart   4/5    eval     4   this Q        7545   best Q         496   287.3 min
  restart   4/5    eval     5   this Q   2.059e+04   best Q         496   287.5 min
  restart   4/5    eval     6   this Q   5.345e+05   best Q         496   287.6 min
  restart   4/5    eval     7   this Q   1.728e+04   best Q         496   287.8 min
  restart   4/5    eval     8   this Q        7431   best Q         496   288.0 min
  restart   4/5    eval     9   this Q   1.169e+04   best Q         496   288.1 min
  restart   4/5    eval    10   this Q        7325   best Q         496   288.3 min
  restart   4/5    eval    11   this Q    2.88e+04   best Q         496   288.4 min
  restart   4/5    eval    12   this Q        3800   best Q         496   288.6 min
  restart   4/5    eval    13   this Q        3987   best Q         496   288.8 min
  restart   4/5    eval    14   this Q        3095   best Q         496   289.0 min
  restart   4/5    eval    15   this Q        3986   best Q         496   289.1 min
  restart   4/5    eval    16   this Q        6289   best Q         496   289.3 min
  restart   4/5    eval    17   this Q    5.52e+05   best Q         496   289.5 min
  restart   4/5    eval    18   this Q   1.306e+05   best Q         496   289.7 min
  restart   4/5    eval    19   this Q   1.435e+05   best Q         496   289.9 min
  restart   4/5    eval    20   this Q   3.218e+04   best Q         496   290.0 min
  restart   4/5    eval    21   this Q   3.979e+04   best Q         496   290.2 min
  restart   4/5    eval    22   this Q        9923   best Q         496   290.4 min
  restart   4/5    eval    23   this Q        4573   best Q         496   290.6 min
  restart   4/5    eval    24   this Q   3.009e+04   best Q         496   290.8 min
  restart   4/5    eval    25   this Q        7569   best Q         496   290.9 min
  restart   4/5    eval    26   this Q   1.751e+04   best Q         496   291.1 min
  restart   4/5    eval    27   this Q        5019   best Q         496   291.3 min
  restart   4/5    eval    28   this Q   1.025e+04   best Q         496   291.5 min
  restart   4/5    eval    29   this Q        3534   best Q         496   291.7 min
  restart   4/5    eval    30   this Q   1.545e+04   best Q         496   291.8 min
  restart   4/5    eval    31   this Q        5836   best Q         496   292.0 min
  restart   4/5    eval    32   this Q        8712   best Q         496   292.2 min
  restart   4/5    eval    33   this Q        4230   best Q         496   292.4 min
  restart   4/5    eval    34   this Q   1.087e+04   best Q         496   292.6 min
  restart   4/5    eval    35   this Q        3918   best Q         496   292.7 min
  restart   4/5    eval    36   this Q   1.218e+04   best Q         496   292.9 min
  restart   4/5    eval    37   this Q        3742   best Q         496   293.1 min
  restart   4/5    eval    38   this Q        8081   best Q         496   293.3 min
  restart   4/5    eval    39   this Q        3655   best Q         496   293.5 min
  restart   4/5    eval    40   this Q        2762   best Q         496   293.6 min
  restart   4/5    eval    41   this Q        3397   best Q         496   293.8 min
  restart   4/5    eval    42   this Q        2858   best Q         496   294.0 min
  restart   4/5    eval    43   this Q        5343   best Q         496   294.2 min
  restart   4/5    eval    44   this Q        3118   best Q         496   294.4 min
  restart   4/5    eval    45   this Q        6035   best Q         496   294.5 min
  restart   4/5    eval    46   this Q        2985   best Q         496   294.7 min
  restart   4/5    eval    47   this Q   2.037e+04   best Q         496   294.9 min
  restart   4/5    eval    48   this Q        3234   best Q         496   295.1 min
  restart   4/5    eval    49   this Q        4280   best Q         496   295.3 min
  restart   4/5    eval    50   this Q        3117   best Q         496   295.4 min
  restart   4/5    eval    51   this Q        9112   best Q         496   295.6 min
  restart   4/5    eval    52   this Q        3211   best Q         496   295.8 min
  restart   4/5    eval    53   this Q        2588   best Q         496   296.0 min
  restart   4/5    eval    54   this Q        3730   best Q         496   296.3 min
  restart   4/5    eval    55   this Q        4159   best Q         496   296.5 min
  restart   4/5    eval    56   this Q        2898   best Q         496   296.7 min
  restart   4/5    eval    57   this Q        2879   best Q         496   296.8 min
  restart   4/5    eval    58   this Q        4329   best Q         496   297.0 min
  restart   4/5    eval    59   this Q        2776   best Q         496   297.2 min
  restart   4/5    eval    60   this Q        3609   best Q         496   297.4 min
  restart   4/5    eval    61   this Q        2877   best Q         496   297.5 min
  restart   4/5    eval    62   this Q        4723   best Q         496   297.7 min
  restart   4/5    eval    63   this Q        2816   best Q         496   297.9 min
  restart   4/5    eval    64   this Q        3233   best Q         496   298.1 min
  restart   4/5    eval    65   this Q        3122   best Q         496   298.2 min
  restart   4/5    eval    66   this Q        3960   best Q         496   298.4 min
  restart   4/5    eval    67   this Q        2602   best Q         496   298.6 min
  restart   4/5    eval    68   this Q        1736   best Q         496   298.8 min
  restart   4/5    eval    69   this Q        2668   best Q         496   298.9 min
  restart   4/5    eval    70   this Q        3137   best Q         496   299.1 min
  restart   4/5    eval    71   this Q        2543   best Q         496   299.3 min
  restart   4/5    eval    72   this Q        3169   best Q         496   299.5 min
  restart   4/5    eval    73   this Q        2602   best Q         496   299.6 min
  restart   4/5    eval    74   this Q        3506   best Q         496   299.8 min
  restart   4/5    eval    75   this Q        2595   best Q         496   300.0 min
  restart   4/5    eval    76   this Q        4280   best Q         496   300.2 min
  restart   4/5    eval    77   this Q        2830   best Q         496   300.3 min
  restart   4/5    eval    78   this Q        3602   best Q         496   300.5 min
  restart   4/5    eval    79   this Q        2504   best Q         496   300.7 min
  restart   4/5    eval    80   this Q        2909   best Q         496   300.9 min
  restart   4/5    eval    81   this Q        2581   best Q         496   301.0 min
  restart   4/5    eval    82   this Q        2802   best Q         496   301.2 min
  restart   4/5    eval    83   this Q        2611   best Q         496   301.4 min
  restart   4/5    eval    84   this Q        2786   best Q         496   301.6 min
  restart   4/5    eval    85   this Q        2669   best Q         496   301.7 min
  restart   4/5    eval    86   this Q        2717   best Q         496   301.9 min
  restart   4/5    eval    87   this Q        2888   best Q         496   302.1 min
  restart   4/5    eval    88   this Q        2554   best Q         496   302.3 min
  restart   4/5    eval    89   this Q        2948   best Q         496   302.4 min
  restart   4/5    eval    90   this Q        2572   best Q         496   302.6 min
  restart   4/5    eval    91   this Q        2870   best Q         496   302.8 min
  restart   4/5    eval    92   this Q        2516   best Q         496   303.0 min
  restart   4/5    eval    93   this Q        2806   best Q         496   303.1 min
  restart   4/5    eval    94   this Q        2552   best Q         496   303.3 min
  restart   4/5    eval    95   this Q        2754   best Q         496   303.5 min
  restart   4/5    eval    96   this Q        2506   best Q         496   303.7 min
  restart   4/5    eval    97   this Q        2709   best Q         496   303.8 min
  restart   4/5    eval    98   this Q        2501   best Q         496   304.0 min
  restart   4/5    eval    99   this Q        2606   best Q         496   304.2 min
  restart   4/5    eval   100   this Q        2493   best Q         496   304.4 min
  restart   4/5    eval   101   this Q        2539   best Q         496   304.5 min
  restart   4/5    eval   102   this Q        1601   best Q         496   304.7 min
  restart   4/5    eval   103   this Q        1469   best Q         496   304.9 min
  restart   4/5    eval   104   this Q        2491   best Q         496   305.1 min
  restart   4/5    eval   105   this Q        2631   best Q         496   305.3 min
  restart   4/5    eval   106   this Q        2472   best Q         496   305.6 min
  restart   4/5    eval   107   this Q        2603   best Q         496   305.7 min
  restart   4/5    eval   108   this Q        2464   best Q         496   305.9 min
  restart   4/5    eval   109   this Q        2591   best Q         496   306.1 min
  restart   4/5    eval   110   this Q        2483   best Q         496   306.3 min
  restart   4/5    eval   111   this Q        2561   best Q         496   306.4 min
  restart   4/5    eval   112   this Q        2471   best Q         496   306.6 min
  restart   4/5    eval   113   this Q        2007   best Q         496   306.8 min
  restart   4/5    eval   114   this Q       796.4   best Q         496   307.0 min
  restart   4/5    eval   115   this Q        1060   best Q         496   307.1 min
  restart   4/5    eval   116   this Q        2414   best Q         496   307.3 min
  restart   4/5    eval   117   this Q        1601   best Q         496   307.5 min
  restart   4/5    eval   118   this Q        1515   best Q         496   307.7 min
  restart   4/5    eval   119   this Q       669.1   best Q         496   307.8 min
  restart   4/5    eval   120   this Q        1260   best Q         496   308.0 min
  restart   4/5    eval   121   this Q       758.6   best Q         496   308.2 min
  restart   4/5    eval   122   this Q         816   best Q         496   308.3 min
  restart   4/5    eval   123   this Q       611.2   best Q         496   308.5 min
  restart   4/5    eval   124   this Q        1249   best Q         496   308.7 min
  restart   4/5    eval   125   this Q       805.1   best Q         496   308.9 min
  restart   4/5    eval   126   this Q       851.7   best Q         496   309.0 min
  restart   4/5    eval   127   this Q       818.1   best Q         496   309.2 min
  restart   4/5    eval   128   this Q       826.1   best Q         496   309.4 min
  restart   4/5    eval   129   this Q       867.2   best Q         496   309.5 min
  restart   4/5    eval   130   this Q       893.5   best Q         496   309.7 min
  restart   4/5    eval   131   this Q        1338   best Q         496   309.9 min
  restart   4/5    eval   132   this Q       882.2   best Q         496   310.0 min
  restart   4/5    eval   133   this Q       772.5   best Q         496   310.2 min
  restart   4/5    eval   134   this Q        1226   best Q         496   310.4 min
  restart   4/5    eval   135   this Q        1323   best Q         496   310.6 min
  restart   4/5    eval   136   this Q       969.4   best Q         496   310.7 min
  restart   4/5    eval   137   this Q        1245   best Q         496   310.9 min
  restart   4/5    eval   138   this Q         920   best Q         496   311.1 min
  restart   4/5    eval   139   this Q       944.9   best Q         496   311.2 min
  restart   4/5    eval   140   this Q       834.9   best Q         496   311.4 min
  restart   4/5    eval   141   this Q       965.4   best Q         496   311.6 min
  restart   4/5    eval   142   this Q       832.2   best Q         496   311.7 min
  restart   4/5    eval   143   this Q       844.7   best Q         496   311.9 min
  restart   4/5    eval   144   this Q        1112   best Q         496   312.2 min
  restart   4/5    eval   145   this Q       842.5   best Q         496   312.4 min
  restart   4/5    eval   146   this Q         748   best Q         496   312.6 min
  restart   4/5    eval   147   this Q       821.6   best Q         496   312.7 min
  restart   4/5    eval   148   this Q       911.3   best Q         496   312.9 min
  restart   4/5    eval   149   this Q       810.4   best Q         496   313.1 min
  restart   4/5    eval   150   this Q       551.4   best Q         496   313.2 min
  restart   4/5    eval   151   this Q        2042   best Q         496   313.4 min
  restart   4/5    eval   152   this Q       618.6   best Q         496   313.6 min
  restart   4/5    eval   153   this Q       592.8   best Q         496   313.8 min
  restart   4/5    eval   154   this Q        2378   best Q         496   313.9 min
  restart   4/5    eval   155   this Q       819.9   best Q         496   314.2 min
  restart   4/5    eval   156   this Q       820.1   best Q         496   314.4 min
  restart   4/5    eval   157   this Q       791.1   best Q         496   314.6 min
  restart   4/5    eval   158   this Q       732.7   best Q         496   314.7 min
  restart   4/5    eval   159   this Q        1506   best Q         496   314.9 min
  restart   4/5    eval   160   this Q       794.8   best Q         496   315.1 min
  restart   4/5    eval   161   this Q       595.2   best Q         496   315.2 min
  restart   4/5    eval   162   this Q       582.2   best Q         496   315.4 min
  restart   4/5    eval   163   this Q       623.6   best Q         496   315.6 min
  restart   4/5    eval   164   this Q        1003   best Q         496   315.8 min
  restart   4/5    eval   165   this Q       540.1   best Q         496   315.9 min
  restart   4/5    eval   166   this Q       810.5   best Q         496   316.1 min
  restart   4/5    eval   167   this Q       789.4   best Q         496   316.3 min
  restart   4/5    eval   168   this Q       543.1   best Q         496   316.4 min
  restart   4/5    eval   169   this Q       545.7   best Q         496   316.6 min
  restart   4/5    eval   170   this Q        2553   best Q         496   316.8 min
  restart   4/5    eval   171   this Q       839.1   best Q         496   317.0 min
  restart   4/5    eval   172   this Q       536.8   best Q         496   317.1 min
  restart   4/5    eval   173   this Q       587.3   best Q         496   317.3 min
  restart   4/5    eval   174   this Q       534.3   best Q         496   317.5 min
  restart   4/5    eval   175   this Q       531.9   best Q         496   317.6 min
  restart   4/5    eval   176   this Q       537.1   best Q         496   317.8 min
  restart   4/5    eval   177   this Q       576.3   best Q         496   318.0 min
  restart   4/5    eval   178   this Q       553.9   best Q         496   318.2 min
  restart   4/5    eval   179   this Q       819.2   best Q         496   318.3 min
  restart   4/5    eval   180   this Q       553.1   best Q         496   318.5 min
  restart   4/5    eval   181   this Q       530.1   best Q         496   318.7 min
  restart   4/5    eval   182   this Q       565.3   best Q         496   318.8 min
  restart   4/5    eval   183   this Q       604.4   best Q         496   319.0 min
  restart   4/5    eval   184   this Q         539   best Q         496   319.2 min
  restart   4/5    eval   185   this Q       553.4   best Q         496   319.4 min
  restart   4/5    eval   186   this Q        2407   best Q         496   319.5 min
  restart   4/5    eval   187   this Q       798.6   best Q         496   319.7 min
  restart   4/5    eval   188   this Q        1476   best Q         496   319.9 min
  restart   4/5    eval   189   this Q       717.9   best Q         496   320.0 min
  restart   4/5    eval   190   this Q       710.8   best Q         496   320.2 min
  restart   4/5    eval   191   this Q       532.2   best Q         496   320.4 min
  restart   4/5    eval   192   this Q       567.5   best Q         496   320.6 min
  restart   4/5    eval   193   this Q       555.3   best Q         496   320.7 min
  restart   4/5    eval   194   this Q       577.3   best Q         496   320.9 min
  restart   4/5    eval   195   this Q       539.6   best Q         496   321.1 min
  restart   4/5    eval   196   this Q       581.7   best Q         496   321.2 min
  restart   4/5    eval   197   this Q       531.5   best Q         496   321.4 min
  restart   4/5    eval   198   this Q       553.1   best Q         496   321.6 min
  restart   4/5    eval   199   this Q       591.5   best Q         496   321.8 min
  restart   4/5    eval   200   this Q       526.7   best Q         496   321.9 min
  restart   4/5    eval   201   this Q       520.1   best Q         496   322.1 min
  restart   4/5    eval   202   this Q       554.6   best Q         496   322.3 min
  restart   4/5    eval   203   this Q       534.9   best Q         496   322.4 min
  restart   4/5    eval   204   this Q       521.9   best Q         496   322.6 min
  restart   4/5    eval   205   this Q       544.4   best Q         496   322.8 min
  restart   4/5    eval   206   this Q       524.9   best Q         496   323.0 min
  restart   4/5    eval   207   this Q       521.8   best Q         496   323.1 min
  restart   4/5    eval   208   this Q       527.2   best Q         496   323.3 min
  restart   4/5    eval   209   this Q       530.8   best Q         496   323.5 min
  restart   4/5    eval   210   this Q       562.8   best Q         496   323.7 min
  restart   4/5    eval   211   this Q         520   best Q         496   323.8 min
  restart   4/5    eval   212   this Q       675.3   best Q         496   324.0 min
  restart   4/5    eval   213   this Q       518.2   best Q         496   324.2 min
  restart   4/5    eval   214   this Q         532   best Q         496   324.3 min
  restart   4/5    eval   215   this Q       559.6   best Q         496   324.5 min
  restart   4/5    eval   216   this Q         520   best Q         496   324.7 min
  restart   4/5    eval   217   this Q       511.3   best Q         496   324.9 min
  restart   4/5    eval   218   this Q       516.9   best Q         496   325.0 min
  restart   4/5    eval   219   this Q       527.5   best Q         496   325.2 min
  restart   4/5    eval   220   this Q       519.9   best Q         496   325.4 min
  restart   4/5    eval   221   this Q       502.1   best Q         496   325.6 min
  restart   4/5    eval   222   this Q       495.2   best Q       495.2   325.7 min
  restart   4/5    eval   223   this Q         529   best Q       495.2   325.9 min
  restart   4/5    eval   224   this Q       503.7   best Q       495.2   326.1 min
  restart   4/5    eval   225   this Q       532.1   best Q       495.2   326.2 min
  restart   4/5    eval   226   this Q       516.2   best Q       495.2   326.4 min
  restart   4/5    eval   227   this Q       531.4   best Q       495.2   326.6 min
  restart   4/5    eval   228   this Q       513.9   best Q       495.2   326.7 min
  restart   4/5    eval   229   this Q       523.9   best Q       495.2   326.9 min
  restart   4/5    eval   230   this Q       509.7   best Q       495.2   327.1 min
  restart   4/5    eval   231   this Q       512.1   best Q       495.2   327.3 min
  restart   4/5    eval   232   this Q       530.5   best Q       495.2   327.4 min
  restart   4/5    eval   233   this Q       511.4   best Q       495.2   327.6 min
  restart   4/5    eval   234   this Q       528.6   best Q       495.2   327.8 min
  restart   4/5    eval   235   this Q       508.7   best Q       495.2   328.0 min
  restart   4/5    eval   236   this Q       513.4   best Q       495.2   328.1 min
  restart   4/5    eval   237   this Q       517.3   best Q       495.2   328.3 min
  restart   4/5    eval   238   this Q       501.1   best Q       495.2   328.5 min
  restart   4/5    eval   239   this Q       498.9   best Q       495.2   328.6 min
  restart   4/5    eval   240   this Q         497   best Q       495.2   328.8 min
  restart   4/5    eval   241   this Q       494.4   best Q       494.4   329.0 min
  restart   4/5    eval   242   this Q       494.7   best Q       494.4   329.2 min
  restart   4/5    eval   243   this Q       511.9   best Q       494.4   329.3 min
  restart   4/5    eval   244   this Q       496.5   best Q       494.4   329.5 min
  restart   4/5    eval   245   this Q       503.2   best Q       494.4   329.7 min
  restart   4/5    eval   246   this Q       518.1   best Q       494.4   329.9 min
  restart   4/5    eval   247   this Q       503.4   best Q       494.4   330.0 min
  restart   4/5    eval   248   this Q       499.7   best Q       494.4   330.2 min
  restart   4/5    eval   249   this Q       510.1   best Q       494.4   330.4 min
  restart   4/5    eval   250   this Q       490.6   best Q       490.6   330.5 min
  restart   4/5    eval   251   this Q       500.9   best Q       490.6   330.7 min
  restart   4/5    eval   252   this Q       482.2   best Q       482.2   330.9 min
  restart   4/5    eval   253   this Q       475.8   best Q       475.8   331.1 min
  restart   4/5    eval   254   this Q       504.9   best Q       475.8   331.2 min
  restart   4/5    eval   255   this Q       491.2   best Q       475.8   331.4 min
  restart   4/5    eval   256   this Q       488.7   best Q       475.8   331.6 min
  restart   4/5    eval   257   this Q       502.6   best Q       475.8   331.7 min
  restart   4/5    eval   258   this Q       493.8   best Q       475.8   331.9 min
  restart   4/5    eval   259   this Q       480.4   best Q       475.8   332.1 min
  restart   4/5    eval   260   this Q       483.3   best Q       475.8   332.3 min
  restart   4/5    eval   261   this Q       500.5   best Q       475.8   332.4 min
  restart   4/5    eval   262   this Q       474.8   best Q       474.8   332.6 min
  restart   4/5    eval   263   this Q       474.1   best Q       474.1   332.8 min
  restart   4/5    eval   264   this Q       497.7   best Q       474.1   332.9 min
  restart   4/5    eval   265   this Q       478.3   best Q       474.1   333.1 min
  restart   4/5    eval   266   this Q       500.9   best Q       474.1   333.3 min
  restart   4/5    eval   267   this Q       490.6   best Q       474.1   333.5 min
  restart   4/5    eval   268   this Q       507.9   best Q       474.1   333.6 min
  restart   4/5    eval   269   this Q         486   best Q       474.1   333.8 min
  restart   4/5    eval   270   this Q       478.4   best Q       474.1   334.0 min
  restart   4/5    eval   271   this Q       482.6   best Q       474.1   334.1 min
  restart   4/5    eval   272   this Q       475.6   best Q       474.1   334.3 min
  restart   4/5    eval   273   this Q       479.4   best Q       474.1   334.5 min
  restart   4/5    eval   274   this Q       474.6   best Q       474.1   334.7 min
  restart   4/5    eval   275   this Q       488.6   best Q       474.1   334.8 min
  restart   4/5    eval   276   this Q       474.6   best Q       474.1   335.0 min
  restart   4/5    eval   277   this Q       479.9   best Q       474.1   335.2 min
  restart   4/5    eval   278   this Q         472   best Q         472   335.3 min
  restart   4/5    eval   279   this Q       476.9   best Q         472   335.5 min
  restart   4/5    eval   280   this Q         489   best Q         472   335.7 min
  restart   4/5    eval   281   this Q       479.3   best Q         472   335.9 min
  restart   4/5    eval   282   this Q       474.2   best Q         472   336.0 min
  restart   4/5    eval   283   this Q         483   best Q         472   336.2 min
  restart   4/5    eval   284   this Q       475.2   best Q         472   336.4 min
  restart   4/5    eval   285   this Q       474.8   best Q         472   336.5 min
  restart   4/5    eval   286   this Q       471.8   best Q       471.8   336.7 min
  restart   4/5    eval   287   this Q       476.1   best Q       471.8   336.9 min
  restart   4/5    eval   288   this Q       476.5   best Q       471.8   337.1 min
  restart   4/5    eval   289   this Q       471.6   best Q       471.6   337.2 min
  restart   4/5    eval   290   this Q       489.9   best Q       471.6   337.4 min
  restart   4/5    eval   291   this Q       470.7   best Q       470.7   337.6 min
  restart   4/5    eval   292   this Q         487   best Q       470.7   337.7 min
  restart   4/5    eval   293   this Q       469.1   best Q       469.1   337.9 min
  restart   4/5    eval   294   this Q       474.1   best Q       469.1   338.1 min
  restart   4/5    eval   295   this Q       481.1   best Q       469.1   338.3 min
  restart   4/5    eval   296   this Q       471.8   best Q       469.1   338.4 min
  restart   4/5    eval   297   this Q       478.9   best Q       469.1   338.6 min
  restart   4/5    eval   298   this Q       471.7   best Q       469.1   338.8 min
  restart   4/5    eval   299   this Q       472.1   best Q       469.1   338.9 min
  restart   4/5    eval   300   this Q       468.1   best Q       468.1   339.1 min
  restart   4/5    eval   301   this Q       613.4   best Q       468.1   339.3 min
  restart   4/5    eval   302   this Q       471.2   best Q       468.1   339.5 min
  restart   4/5    eval   303   this Q         469   best Q       468.1   339.6 min
  restart   4/5    eval   304   this Q       475.5   best Q       468.1   339.8 min
  restart   4/5    eval   305   this Q       470.9   best Q       468.1   340.0 min
  restart   4/5    eval   306   this Q       471.8   best Q       468.1   340.1 min
  restart   4/5    eval   307   this Q       467.5   best Q       467.5   340.3 min
  restart   4/5    eval   308   this Q       513.5   best Q       467.5   340.5 min
  restart   4/5    eval   309   this Q       471.7   best Q       467.5   340.7 min
  restart   4/5    eval   310   this Q       472.1   best Q       467.5   340.8 min
  restart   4/5    eval   311   this Q         469   best Q       467.5   341.0 min
  restart   4/5    eval   312   this Q       470.2   best Q       467.5   341.2 min
  restart   4/5    eval   313   this Q       469.7   best Q       467.5   341.3 min
  restart   4/5    eval   314   this Q       473.2   best Q       467.5   341.5 min
  restart   4/5    eval   315   this Q       468.6   best Q       467.5   341.7 min
  restart   4/5    eval   316   this Q       575.5   best Q       467.5   341.9 min
  restart   4/5    eval   317   this Q         469   best Q       467.5   342.0 min
  restart   4/5    eval   318   this Q       470.4   best Q       467.5   342.2 min
  restart   4/5    eval   319   this Q       474.5   best Q       467.5   342.4 min
  restart   4/5    eval   320   this Q       468.6   best Q       467.5   342.5 min
  restart   4/5    eval   321   this Q       467.4   best Q       467.4   342.7 min
  restart   4/5    eval   322   this Q       470.1   best Q       467.4   342.9 min
  restart   4/5    eval   323   this Q       468.4   best Q       467.4   343.1 min
  restart   4/5    eval   324   this Q       468.2   best Q       467.4   343.2 min
  restart   4/5    eval   325   this Q       465.6   best Q       465.6   343.4 min
  restart   4/5    eval   326   this Q       467.4   best Q       465.6   343.6 min
  restart   4/5    eval   327   this Q       468.8   best Q       465.6   343.7 min
  restart   4/5    eval   328   this Q       470.9   best Q       465.6   343.9 min
  restart   4/5    eval   329   this Q       467.3   best Q       465.6   344.1 min
  restart   4/5    eval   330   this Q       469.2   best Q       465.6   344.3 min
  restart   4/5    eval   331   this Q       467.1   best Q       465.6   344.4 min
  restart   4/5    eval   332   this Q       465.8   best Q       465.6   344.6 min
  restart   4/5    eval   333   this Q       469.3   best Q       465.6   344.8 min
  restart   4/5    eval   334   this Q       466.7   best Q       465.6   344.9 min
  restart   4/5    eval   335   this Q       466.1   best Q       465.6   345.1 min
  restart   4/5    eval   336   this Q       465.4   best Q       465.4   345.3 min
  restart   4/5    eval   337   this Q       551.3   best Q       465.4   345.5 min
  restart   4/5    eval   338   this Q       468.1   best Q       465.4   345.6 min
  restart   4/5    eval   339   this Q       465.5   best Q       465.4   345.8 min
  restart   4/5    eval   340   this Q         464   best Q         464   346.0 min
  restart   4/5    eval   341   this Q       464.1   best Q         464   346.1 min
  restart   4/5    eval   342   this Q       467.3   best Q         464   346.3 min
  restart   4/5    eval   343   this Q       466.7   best Q         464   346.5 min
  restart   4/5    eval   344   this Q       464.7   best Q         464   346.7 min
  restart   4/5    eval   345   this Q       466.8   best Q         464   346.8 min
  restart   4/5    eval   346   this Q         467   best Q         464   347.0 min
  restart   4/5    eval   347   this Q       465.5   best Q         464   347.2 min
  restart   4/5    eval   348   this Q         470   best Q         464   347.3 min
  restart   4/5    eval   349   this Q       465.4   best Q         464   347.5 min
  restart   4/5    eval   350   this Q       465.2   best Q         464   347.7 min
  restart   4/5    eval   351   this Q       463.4   best Q       463.4   347.9 min
  restart   4/5    eval   352   this Q       463.4   best Q       463.4   348.0 min
  restart   4/5    eval   353   this Q       466.4   best Q       463.4   348.2 min
  restart   4/5    eval   354   this Q       465.7   best Q       463.4   348.4 min
  restart   4/5    eval   355   this Q       464.3   best Q       463.4   348.5 min
  restart   4/5    eval   356   this Q       462.5   best Q       462.5   348.7 min
  restart   4/5    eval   357   this Q       461.3   best Q       461.3   348.9 min
  restart   4/5    eval   358   this Q       466.2   best Q       461.3   349.1 min
  restart   4/5    eval   359   this Q       464.2   best Q       461.3   349.2 min
  restart   4/5    eval   360   this Q       464.5   best Q       461.3   349.4 min
  restart   4/5    eval   361   this Q       464.8   best Q       461.3   349.6 min
  restart   4/5    eval   362   this Q       463.4   best Q       461.3   349.7 min
  restart   4/5    eval   363   this Q       507.8   best Q       461.3   349.9 min
  restart   4/5    eval   364   this Q       464.8   best Q       461.3   350.1 min
  restart   4/5    eval   365   this Q       465.9   best Q       461.3   350.3 min
  restart   4/5    eval   366   this Q         464   best Q       461.3   350.4 min
  restart   4/5    eval   367   this Q       464.4   best Q       461.3   350.6 min
  restart   4/5    eval   368   this Q       462.4   best Q       461.3   350.8 min
  restart   4/5    eval   369   this Q       463.5   best Q       461.3   350.9 min
  restart   4/5    eval   370   this Q       463.9   best Q       461.3   351.1 min
  restart   4/5    eval   371   this Q       463.5   best Q       461.3   351.3 min
  restart   4/5    eval   372   this Q       461.6   best Q       461.3   351.5 min
  restart   4/5    eval   373   this Q       462.4   best Q       461.3   351.6 min
  restart   4/5    eval   374   this Q       462.4   best Q       461.3   351.8 min
  restart   4/5    eval   375   this Q       463.3   best Q       461.3   352.0 min
  restart   4/5    eval   376   this Q       461.7   best Q       461.3   352.1 min
  restart   4/5    eval   377   this Q       462.4   best Q       461.3   352.3 min
  restart   4/5    eval   378   this Q       460.6   best Q       460.6   352.5 min
  restart   4/5    eval   379   this Q       460.4   best Q       460.4   352.7 min
  restart   4/5    eval   380   this Q       459.8   best Q       459.8   352.8 min
  restart   4/5    eval   381   this Q         459   best Q         459   353.0 min
  restart   4/5    eval   382   this Q       461.2   best Q         459   353.2 min
  restart   4/5    eval   383   this Q       461.1   best Q         459   353.3 min
  restart   4/5    eval   384   this Q       461.3   best Q         459   353.5 min
  restart   4/5    eval   385   this Q       461.7   best Q         459   353.7 min
  restart   4/5    eval   386   this Q       459.1   best Q         459   353.9 min
  restart   4/5    eval   387   this Q       460.5   best Q         459   354.0 min
  restart   4/5    eval   388   this Q       461.3   best Q         459   354.2 min
  restart   4/5    eval   389   this Q       501.2   best Q         459   354.4 min
  restart   4/5    eval   390   this Q       461.1   best Q         459   354.5 min
  restart   4/5    eval   391   this Q       458.8   best Q       458.8   354.7 min
  restart   4/5    eval   392   this Q       458.9   best Q       458.8   354.9 min
  restart   4/5    eval   393   this Q       460.4   best Q       458.8   355.1 min
  restart   4/5    eval   394   this Q       460.4   best Q       458.8   355.2 min
  restart   4/5    eval   395   this Q       459.9   best Q       458.8   355.4 min
  restart   4/5    eval   396   this Q       460.5   best Q       458.8   355.6 min
  restart   4/5    eval   397   this Q       458.4   best Q       458.4   355.7 min
  restart   4/5    eval   398   this Q       458.8   best Q       458.4   355.9 min
  restart   4/5    eval   399   this Q       459.7   best Q       458.4   356.1 min
  restart   4/5    eval   400   this Q         460   best Q       458.4   356.3 min
  restart   4/5    eval   401   this Q       463.7   best Q       458.4   356.4 min
  restart   4/5    eval   402   this Q       459.6   best Q       458.4   356.6 min
  restart   4/5    eval   403   this Q       458.1   best Q       458.1   356.8 min
  restart   4/5    eval   404   this Q       500.3   best Q       458.1   356.9 min
  restart   4/5    eval   405   this Q       458.6   best Q       458.1   357.1 min
  restart   4/5    eval   406   this Q         460   best Q       458.1   357.3 min
  restart   4/5    eval   407   this Q       458.3   best Q       458.1   357.5 min
  restart   4/5    eval   408   this Q         460   best Q       458.1   357.6 min
  restart   4/5    eval   409   this Q       458.2   best Q       458.1   357.8 min
  restart   4/5    eval   410   this Q       458.7   best Q       458.1   358.0 min
  restart   4/5    eval   411   this Q       460.6   best Q       458.1   358.1 min
  restart   4/5    eval   412   this Q       458.7   best Q       458.1   358.3 min
  restart   4/5    eval   413   this Q         459   best Q       458.1   358.5 min
  restart   4/5    eval   414   this Q       459.7   best Q       458.1   358.7 min
  restart   4/5    eval   415   this Q       460.4   best Q       458.1   358.8 min
  restart   4/5    eval   416   this Q       458.2   best Q       458.1   359.0 min
  restart   4/5    eval   417   this Q       459.7   best Q       458.1   359.2 min
  restart   4/5    eval   418   this Q       458.6   best Q       458.1   359.3 min
  restart   4/5    eval   419   this Q       458.6   best Q       458.1   359.5 min
  restart   4/5    eval   420   this Q       457.1   best Q       457.1   359.7 min
  restart   4/5    eval   421   this Q       457.1   best Q       457.1   359.9 min
  restart   4/5    eval   422   this Q       458.5   best Q       457.1   360.0 min
  restart   4/5    eval   423   this Q       459.2   best Q       457.1   360.2 min
  restart   4/5    eval   424   this Q         458   best Q       457.1   360.4 min
  restart   4/5    eval   425   this Q       456.5   best Q       456.5   360.5 min
  restart   4/5    eval   426   this Q       455.7   best Q       455.7   360.7 min
  restart   4/5    eval   427   this Q       456.9   best Q       455.7   360.9 min
  restart   4/5    eval   428   this Q       459.6   best Q       455.7   361.1 min
  restart   4/5    eval   429   this Q       457.9   best Q       455.7   361.2 min
  restart   4/5    eval   430   this Q       457.6   best Q       455.7   361.4 min
  restart   4/5    eval   431   this Q       457.3   best Q       455.7   361.6 min
  restart   4/5    eval   432   this Q       458.4   best Q       455.7   361.7 min
  restart   4/5    eval   433   this Q       457.3   best Q       455.7   361.9 min
  restart   4/5    eval   434   this Q       524.1   best Q       455.7   362.1 min
  restart   4/5    eval   435   this Q       457.8   best Q       455.7   362.3 min
  restart   4/5    eval   436   this Q       458.6   best Q       455.7   362.4 min
  restart   4/5    eval   437   this Q       457.4   best Q       455.7   362.6 min
  restart   4/5    eval   438   this Q       456.5   best Q       455.7   362.8 min
  restart   4/5    eval   439   this Q       458.5   best Q       455.7   362.9 min
  restart   4/5    eval   440   this Q       457.1   best Q       455.7   363.1 min
  restart   4/5    eval   441   this Q       456.5   best Q       455.7   363.3 min
  restart   4/5    eval   442   this Q       457.1   best Q       455.7   363.5 min
  restart   4/5    eval   443   this Q       456.1   best Q       455.7   363.6 min
  restart   4/5    eval   444   this Q       456.6   best Q       455.7   363.8 min
  restart   4/5    eval   445   this Q       456.3   best Q       455.7   364.0 min
  restart   4/5    eval   446   this Q       455.6   best Q       455.6   364.1 min
  restart   4/5    eval   447   this Q       503.5   best Q       455.6   364.3 min
  restart   4/5    eval   448   this Q       457.3   best Q       455.6   364.5 min
  restart   4/5    eval   449   this Q       455.6   best Q       455.6   364.7 min
  restart   4/5    eval   450   this Q       457.3   best Q       455.6   364.8 min
  restart   4/5    eval   451   this Q       455.9   best Q       455.6   365.0 min
  restart   4/5    eval   452   this Q       455.5   best Q       455.5   365.2 min
  restart   4/5    eval   453   this Q         456   best Q       455.5   365.3 min
  restart   4/5    eval   454   this Q       456.7   best Q       455.5   365.5 min
  restart   4/5    eval   455   this Q       455.1   best Q       455.1   365.7 min
  restart   4/5    eval   456   this Q         455   best Q         455   365.9 min
  restart   4/5    eval   457   this Q       455.9   best Q         455   366.0 min
  restart   4/5    eval   458   this Q       454.9   best Q       454.9   366.2 min
  restart   4/5    eval   459   this Q       483.6   best Q       454.9   366.4 min
  restart   4/5    eval   460   this Q       454.6   best Q       454.6   366.5 min
  restart   4/5    eval   461   this Q       454.7   best Q       454.6   366.7 min
  restart   4/5    eval   462   this Q       455.6   best Q       454.6   366.9 min
  restart   4/5    eval   463   this Q       507.6   best Q       454.6   367.1 min
  restart   4/5    eval   464   this Q       455.6   best Q       454.6   367.2 min
  restart   4/5    eval   465   this Q       454.4   best Q       454.4   367.4 min
  restart   4/5    eval   466   this Q       454.9   best Q       454.4   367.6 min
  restart   4/5    eval   467   this Q         455   best Q       454.4   367.7 min
  restart   4/5    eval   468   this Q       454.1   best Q       454.1   367.9 min
  restart   4/5    eval   469   this Q       454.4   best Q       454.1   368.1 min
  restart   4/5    eval   470   this Q       507.2   best Q       454.1   368.3 min
  restart   4/5    eval   471   this Q       455.2   best Q       454.1   368.4 min
  restart   4/5    eval   472   this Q       455.9   best Q       454.1   368.6 min
  restart   4/5    eval   473   this Q       455.4   best Q       454.1   368.8 min
  restart   4/5    eval   474   this Q       455.8   best Q       454.1   368.9 min
  restart   4/5    eval   475   this Q       455.1   best Q       454.1   369.1 min
  restart   4/5    eval   476   this Q       453.7   best Q       453.7   369.3 min
  restart   4/5    eval   477   this Q       453.1   best Q       453.1   369.5 min
  restart   4/5    eval   478   this Q       453.9   best Q       453.1   369.6 min
  restart   4/5    eval   479   this Q       453.2   best Q       453.1   369.8 min
  restart   4/5    eval   480   this Q       454.4   best Q       453.1   370.0 min
  restart   4/5    eval   481   this Q       453.8   best Q       453.1   370.1 min
  restart   4/5    eval   482   this Q       453.5   best Q       453.1   370.3 min
  restart   4/5    eval   483   this Q         454   best Q       453.1   370.5 min
  restart   4/5    eval   484   this Q       493.6   best Q       453.1   370.7 min
  restart   4/5    eval   485   this Q       454.3   best Q       453.1   370.8 min
  restart   4/5    eval   486   this Q       453.1   best Q       453.1   371.0 min
  restart   4/5    eval   487   this Q       453.7   best Q       453.1   371.2 min
  restart   4/5    eval   488   this Q       453.3   best Q       453.1   371.3 min
  restart   4/5    eval   489   this Q       452.4   best Q       452.4   371.5 min
  restart   4/5    eval   490   this Q         452   best Q         452   371.7 min
  restart   4/5    eval   491   this Q       452.5   best Q         452   371.9 min
  restart   4/5    eval   492   this Q       453.1   best Q         452   372.0 min
  restart   4/5    eval   493   this Q         452   best Q         452   372.2 min
  restart   4/5    eval   494   this Q       451.5   best Q       451.5   372.4 min
  restart   4/5    eval   495   this Q       450.8   best Q       450.8   372.5 min
  restart   4/5    eval   496   this Q       451.7   best Q       450.8   372.7 min
  restart   4/5    eval   497   this Q       452.5   best Q       450.8   372.9 min
  restart   4/5    eval   498   this Q       450.9   best Q       450.8   373.1 min
  restart   4/5    eval   499   this Q         451   best Q       450.8   373.2 min
  restart   4/5    eval   500   this Q       452.4   best Q       450.8   373.4 min
  restart   4/5    eval   501   this Q       451.4   best Q       450.8   373.6 min
  restart   4/5   DONE   this       450.8   best Q       450.8   373.6 min, ~93 min left
  restart   5/5    eval     1   this Q       451.2   best Q       450.8   373.7 min
  restart   5/5    eval     2   this Q       451.2   best Q       450.8   373.9 min
  restart   5/5    eval     3   this Q   1.601e+04   best Q       450.8   374.0 min
  restart   5/5    eval     4   this Q        8119   best Q       450.8   374.2 min
  restart   5/5    eval     5   this Q   1.057e+04   best Q       450.8   374.4 min
  restart   5/5    eval     6   this Q   5.198e+05   best Q       450.8   374.5 min
  restart   5/5    eval     7   this Q   1.008e+04   best Q       450.8   374.7 min
  restart   5/5    eval     8   this Q        9591   best Q       450.8   374.9 min
  restart   5/5    eval     9   this Q        6218   best Q       450.8   375.0 min
  restart   5/5    eval    10   this Q        2992   best Q       450.8   375.2 min
  restart   5/5    eval    11   this Q   2.681e+04   best Q       450.8   375.3 min
  restart   5/5    eval    12   this Q       473.1   best Q       450.8   375.5 min
  restart   5/5    eval    13   this Q        2379   best Q       450.8   375.7 min
  restart   5/5    eval    14   this Q       540.1   best Q       450.8   375.8 min
  restart   5/5    eval    15   this Q        2380   best Q       450.8   376.0 min
  restart   5/5    eval    16   this Q        2132   best Q       450.8   376.2 min
  restart   5/5    eval    17   this Q    5.38e+05   best Q       450.8   376.3 min
  restart   5/5    eval    18   this Q   1.271e+05   best Q       450.8   376.5 min
  restart   5/5    eval    19   this Q   1.392e+05   best Q       450.8   376.7 min
  restart   5/5    eval    20   this Q   3.152e+04   best Q       450.8   376.9 min
  restart   5/5    eval    21   this Q   3.804e+04   best Q       450.8   377.0 min
  restart   5/5    eval    22   this Q        7793   best Q       450.8   377.2 min
  restart   5/5    eval    23   this Q        5338   best Q       450.8   377.4 min
  restart   5/5    eval    24   this Q        7244   best Q       450.8   377.5 min
  restart   5/5    eval    25   this Q   1.729e+04   best Q       450.8   377.7 min
  restart   5/5    eval    26   this Q        5544   best Q       450.8   377.9 min
  restart   5/5    eval    27   this Q   1.213e+04   best Q       450.8   378.1 min
  restart   5/5    eval    28   this Q        3810   best Q       450.8   378.2 min
  restart   5/5    eval    29   this Q   1.145e+04   best Q       450.8   378.4 min
  restart   5/5    eval    30   this Q        3486   best Q       450.8   378.6 min
  restart   5/5    eval    31   this Q   1.065e+04   best Q       450.8   378.8 min
  restart   5/5    eval    32   this Q        4928   best Q       450.8   379.0 min
  restart   5/5    eval    33   this Q        7336   best Q       450.8   379.1 min
  restart   5/5    eval    34   this Q        3523   best Q       450.8   379.3 min
  restart   5/5    eval    35   this Q   1.665e+04   best Q       450.8   379.5 min
  restart   5/5    eval    36   this Q        4282   best Q       450.8   379.7 min
  restart   5/5    eval    37   this Q        3743   best Q       450.8   379.8 min
  restart   5/5    eval    38   this Q        6438   best Q       450.8   380.0 min
  restart   5/5    eval    39   this Q        3632   best Q       450.8   380.2 min
  restart   5/5    eval    40   this Q   2.302e+04   best Q       450.8   380.4 min
  restart   5/5    eval    41   this Q        3655   best Q       450.8   380.6 min
  restart   5/5    eval    42   this Q        4722   best Q       450.8   380.7 min
  restart   5/5    eval    43   this Q        2932   best Q       450.8   380.9 min
  restart   5/5    eval    44   this Q        5640   best Q       450.8   381.1 min
  restart   5/5    eval    45   this Q        2941   best Q       450.8   381.3 min
  restart   5/5    eval    46   this Q        3333   best Q       450.8   381.5 min
  restart   5/5    eval    47   this Q        6208   best Q       450.8   381.6 min
  restart   5/5    eval    48   this Q        2785   best Q       450.8   381.8 min
  restart   5/5    eval    49   this Q        5159   best Q       450.8   382.0 min
  restart   5/5    eval    50   this Q        2832   best Q       450.8   382.2 min
  restart   5/5    eval    51   this Q        3953   best Q       450.8   382.3 min
  restart   5/5    eval    52   this Q        2698   best Q       450.8   382.5 min
  restart   5/5    eval    53   this Q        3393   best Q       450.8   382.7 min
  restart   5/5    eval    54   this Q        3852   best Q       450.8   382.9 min
  restart   5/5    eval    55   this Q        2587   best Q       450.8   383.0 min
  restart   5/5    eval    56   this Q        3402   best Q       450.8   383.2 min
  restart   5/5    eval    57   this Q        2673   best Q       450.8   383.4 min
  restart   5/5    eval    58   this Q        3274   best Q       450.8   383.6 min
  restart   5/5    eval    59   this Q        2540   best Q       450.8   383.8 min
  restart   5/5    eval    60   this Q        2839   best Q       450.8   383.9 min
  restart   5/5    eval    61   this Q        2967   best Q       450.8   384.1 min
  restart   5/5    eval    62   this Q        2547   best Q       450.8   384.3 min
  restart   5/5    eval    63   this Q        3056   best Q       450.8   384.5 min
  restart   5/5    eval    64   this Q        2514   best Q       450.8   384.7 min
  restart   5/5    eval    65   this Q        2718   best Q       450.8   384.8 min
  restart   5/5    eval    66   this Q        2849   best Q       450.8   385.0 min
  restart   5/5    eval    67   this Q        2539   best Q       450.8   385.2 min
  restart   5/5    eval    68   this Q        2921   best Q       450.8   385.4 min
  restart   5/5    eval    69   this Q        2490   best Q       450.8   385.5 min
  restart   5/5    eval    70   this Q        2774   best Q       450.8   385.7 min
  restart   5/5    eval    71   this Q        2399   best Q       450.8   385.9 min
  restart   5/5    eval    72   this Q        2672   best Q       450.8   386.1 min
  restart   5/5    eval    73   this Q        2897   best Q       450.8   386.2 min
  restart   5/5    eval    74   this Q        2428   best Q       450.8   386.4 min
  restart   5/5    eval    75   this Q        2677   best Q       450.8   386.6 min
  restart   5/5    eval    76   this Q        2444   best Q       450.8   386.8 min
  restart   5/5    eval    77   this Q        2506   best Q       450.8   386.9 min
  restart   5/5    eval    78   this Q        2552   best Q       450.8   387.1 min
  restart   5/5    eval    79   this Q        2423   best Q       450.8   387.3 min
  restart   5/5    eval    80   this Q        2656   best Q       450.8   387.5 min
  restart   5/5    eval    81   this Q        2408   best Q       450.8   387.6 min
  restart   5/5    eval    82   this Q        2594   best Q       450.8   387.8 min
  restart   5/5    eval    83   this Q        2421   best Q       450.8   388.0 min
  restart   5/5    eval    84   this Q        2432   best Q       450.8   388.1 min
  restart   5/5    eval    85   this Q        2507   best Q       450.8   388.3 min
  restart   5/5    eval    86   this Q        2402   best Q       450.8   388.5 min
  restart   5/5    eval    87   this Q        2540   best Q       450.8   388.7 min
  restart   5/5    eval    88   this Q        2395   best Q       450.8   388.8 min
  restart   5/5    eval    89   this Q        2436   best Q       450.8   389.0 min
  restart   5/5    eval    90   this Q        2387   best Q       450.8   389.2 min
  restart   5/5    eval    91   this Q        2501   best Q       450.8   389.4 min
  restart   5/5    eval    92   this Q        2381   best Q       450.8   389.5 min
  restart   5/5    eval    93   this Q        2446   best Q       450.8   389.7 min
  restart   5/5    eval    94   this Q        2388   best Q       450.8   389.9 min
  restart   5/5    eval    95   this Q        2403   best Q       450.8   390.1 min
  restart   5/5    eval    96   this Q        2442   best Q       450.8   390.2 min
  restart   5/5    eval    97   this Q        2384   best Q       450.8   390.4 min
  restart   5/5    eval    98   this Q        2470   best Q       450.8   390.6 min
  restart   5/5    eval    99   this Q        2372   best Q       450.8   390.7 min
  restart   5/5    eval   100   this Q        2418   best Q       450.8   390.9 min
  restart   5/5    eval   101   this Q        2378   best Q       450.8   391.1 min
  restart   5/5    eval   102   this Q        2388   best Q       450.8   391.3 min
  restart   5/5    eval   103   this Q        2469   best Q       450.8   391.4 min
  restart   5/5    eval   104   this Q        2372   best Q       450.8   391.6 min
  restart   5/5    eval   105   this Q        2432   best Q       450.8   391.8 min
  restart   5/5    eval   106   this Q        2373   best Q       450.8   392.0 min
  restart   5/5    eval   107   this Q        2411   best Q       450.8   392.1 min
  restart   5/5    eval   108   this Q        2374   best Q       450.8   392.3 min
  restart   5/5    eval   109   this Q        2401   best Q       450.8   392.5 min
  restart   5/5    eval   110   this Q        2372   best Q       450.8   392.6 min
  restart   5/5    eval   111   this Q        2422   best Q       450.8   392.8 min
  restart   5/5    eval   112   this Q        2375   best Q       450.8   393.0 min
  restart   5/5    eval   113   this Q        2401   best Q       450.8   393.2 min
  restart   5/5    eval   114   this Q        2373   best Q       450.8   393.3 min
  restart   5/5    eval   115   this Q        2417   best Q       450.8   393.5 min
  restart   5/5    eval   116   this Q        2374   best Q       450.8   393.7 min
  restart   5/5    eval   117   this Q       486.5   best Q       450.8   393.8 min
  restart   5/5    eval   118   this Q        9027   best Q       450.8   394.0 min
  restart   5/5    eval   119   this Q        2374   best Q       450.8   394.2 min
  restart   5/5    eval   120   this Q        1870   best Q       450.8   394.4 min
  restart   5/5    eval   121   this Q        1599   best Q       450.8   394.5 min
  restart   5/5    eval   122   this Q         788   best Q       450.8   394.7 min
  restart   5/5    eval   123   this Q         606   best Q       450.8   394.9 min
  restart   5/5    eval   124   this Q       765.6   best Q       450.8   395.0 min
  restart   5/5    eval   125   this Q       800.2   best Q       450.8   395.2 min
  restart   5/5    eval   126   this Q       860.1   best Q       450.8   395.4 min
  restart   5/5    eval   127   this Q       837.4   best Q       450.8   395.6 min
  restart   5/5    eval   128   this Q       881.9   best Q       450.8   395.7 min
  restart   5/5    eval   129   this Q       930.5   best Q       450.8   395.9 min
  restart   5/5    eval   130   this Q       885.8   best Q       450.8   396.1 min
  restart   5/5    eval   131   this Q       835.9   best Q       450.8   396.2 min
  restart   5/5    eval   132   this Q       789.3   best Q       450.8   396.4 min
  restart   5/5    eval   133   this Q       566.9   best Q       450.8   396.6 min
  restart   5/5    eval   134   this Q        1375   best Q       450.8   396.7 min
  restart   5/5    eval   135   this Q       802.1   best Q       450.8   396.9 min
  restart   5/5    eval   136   this Q       542.5   best Q       450.8   397.1 min
  restart   5/5    eval   137   this Q         663   best Q       450.8   397.3 min
  restart   5/5    eval   138   this Q       507.1   best Q       450.8   397.4 min
  restart   5/5    eval   139   this Q        2354   best Q       450.8   397.6 min
  restart   5/5    eval   140   this Q         793   best Q       450.8   397.8 min
  restart   5/5    eval   141   this Q       510.4   best Q       450.8   397.9 min
  restart   5/5    eval   142   this Q       513.8   best Q       450.8   398.1 min
  restart   5/5    eval   143   this Q        1607   best Q       450.8   398.3 min
  restart   5/5    eval   144   this Q       765.1   best Q       450.8   398.5 min
  restart   5/5    eval   145   this Q        2393   best Q       450.8   398.6 min
  restart   5/5    eval   146   this Q       778.4   best Q       450.8   398.8 min
  restart   5/5    eval   147   this Q        2400   best Q       450.8   399.0 min
  restart   5/5    eval   148   this Q       774.9   best Q       450.8   399.2 min
  restart   5/5    eval   149   this Q        2288   best Q       450.8   399.3 min
  restart   5/5    eval   150   this Q       761.1   best Q       450.8   399.5 min
  restart   5/5    eval   151   this Q        1879   best Q       450.8   399.7 min
  restart   5/5    eval   152   this Q       750.1   best Q       450.8   399.9 min
  restart   5/5    eval   153   this Q       526.7   best Q       450.8   400.1 min
  restart   5/5    eval   154   this Q        1701   best Q       450.8   400.2 min
  restart   5/5    eval   155   this Q       720.1   best Q       450.8   400.4 min
  restart   5/5    eval   156   this Q        1621   best Q       450.8   400.6 min
  restart   5/5    eval   157   this Q       700.5   best Q       450.8   400.8 min
  restart   5/5    eval   158   this Q        1312   best Q       450.8   401.0 min
  restart   5/5    eval   159   this Q       652.9   best Q       450.8   401.1 min
  restart   5/5    eval   160   this Q        1025   best Q       450.8   401.3 min
  restart   5/5    eval   161   this Q       589.2   best Q       450.8   401.5 min
  restart   5/5    eval   162   this Q       944.4   best Q       450.8   401.7 min
  restart   5/5    eval   163   this Q       567.9   best Q       450.8   401.9 min
  restart   5/5    eval   164   this Q       729.3   best Q       450.8   402.0 min
  restart   5/5    eval   165   this Q       539.1   best Q       450.8   402.2 min
  restart   5/5    eval   166   this Q       740.5   best Q       450.8   402.4 min
  restart   5/5    eval   167   this Q       525.4   best Q       450.8   402.6 min
  restart   5/5    eval   168   this Q       653.9   best Q       450.8   402.8 min
  restart   5/5    eval   169   this Q       508.5   best Q       450.8   402.9 min
  restart   5/5    eval   170   this Q       644.9   best Q       450.8   403.1 min
  restart   5/5    eval   171   this Q       503.9   best Q       450.8   403.3 min
  restart   5/5    eval   172   this Q       623.5   best Q       450.8   403.5 min
  restart   5/5    eval   173   this Q       499.9   best Q       450.8   403.7 min
  restart   5/5    eval   174   this Q         502   best Q       450.8   403.9 min
  restart   5/5    eval   175   this Q         543   best Q       450.8   404.0 min
  restart   5/5    eval   176   this Q       474.3   best Q       450.8   404.2 min
  restart   5/5    eval   177   this Q       483.7   best Q       450.8   404.4 min
  restart   5/5    eval   178   this Q         537   best Q       450.8   404.6 min
  restart   5/5    eval   179   this Q       461.5   best Q       450.8   404.8 min
  restart   5/5    eval   180   this Q       547.9   best Q       450.8   405.0 min
  restart   5/5    eval   181   this Q       488.1   best Q       450.8   405.1 min
  restart   5/5    eval   182   this Q       562.3   best Q       450.8   405.3 min
  restart   5/5    eval   183   this Q         483   best Q       450.8   405.5 min
  restart   5/5    eval   184   this Q         502   best Q       450.8   405.7 min
  restart   5/5    eval   185   this Q       519.4   best Q       450.8   405.9 min
  restart   5/5    eval   186   this Q       465.8   best Q       450.8   406.1 min
  restart   5/5    eval   187   this Q       628.5   best Q       450.8   406.2 min
  restart   5/5    eval   188   this Q       475.5   best Q       450.8   406.4 min
  restart   5/5    eval   189   this Q       504.6   best Q       450.8   406.6 min
  restart   5/5    eval   190   this Q       467.4   best Q       450.8   406.8 min
  restart   5/5    eval   191   this Q       547.7   best Q       450.8   407.0 min
  restart   5/5    eval   192   this Q       472.4   best Q       450.8   407.2 min
  restart   5/5    eval   193   this Q       504.1   best Q       450.8   407.3 min
  restart   5/5    eval   194   this Q       463.1   best Q       450.8   407.5 min
  restart   5/5    eval   195   this Q       528.5   best Q       450.8   407.7 min
  restart   5/5    eval   196   this Q       472.9   best Q       450.8   407.9 min
  restart   5/5    eval   197   this Q       514.5   best Q       450.8   408.1 min
  restart   5/5    eval   198   this Q       472.5   best Q       450.8   408.3 min
  restart   5/5    eval   199   this Q         485   best Q       450.8   408.4 min
  restart   5/5    eval   200   this Q       478.7   best Q       450.8   408.6 min
  restart   5/5    eval   201   this Q       474.7   best Q       450.8   408.8 min
  restart   5/5    eval   202   this Q       496.8   best Q       450.8   409.0 min
  restart   5/5    eval   203   this Q       460.7   best Q       450.8   409.2 min
  restart   5/5    eval   204   this Q       480.2   best Q       450.8   409.4 min
  restart   5/5    eval   205   this Q       458.5   best Q       450.8   409.5 min
  restart   5/5    eval   206   this Q       475.2   best Q       450.8   409.7 min
  restart   5/5    eval   207   this Q       479.4   best Q       450.8   409.9 min
  restart   5/5    eval   208   this Q       463.4   best Q       450.8   410.1 min
  restart   5/5    eval   209   this Q       480.5   best Q       450.8   410.3 min
  restart   5/5    eval   210   this Q       465.3   best Q       450.8   410.5 min
  restart   5/5    eval   211   this Q       491.2   best Q       450.8   410.6 min
  restart   5/5    eval   212   this Q       468.6   best Q       450.8   410.8 min
  restart   5/5    eval   213   this Q         465   best Q       450.8   411.0 min
  restart   5/5    eval   214   this Q       483.8   best Q       450.8   411.2 min
  restart   5/5    eval   215   this Q       464.6   best Q       450.8   411.4 min
  restart   5/5    eval   216   this Q       466.5   best Q       450.8   411.6 min
  restart   5/5    eval   217   this Q       477.1   best Q       450.8   411.7 min
  restart   5/5    eval   218   this Q       460.8   best Q       450.8   411.9 min
  restart   5/5    eval   219   this Q       484.8   best Q       450.8   412.1 min
  restart   5/5    eval   220   this Q       461.5   best Q       450.8   412.3 min
  restart   5/5    eval   221   this Q         469   best Q       450.8   412.5 min
  restart   5/5    eval   222   this Q       457.4   best Q       450.8   412.7 min
  restart   5/5    eval   223   this Q       501.9   best Q       450.8   412.8 min
  restart   5/5    eval   224   this Q       459.5   best Q       450.8   413.0 min
  restart   5/5    eval   225   this Q       468.2   best Q       450.8   413.2 min
  restart   5/5    eval   226   this Q       459.4   best Q       450.8   413.4 min
  restart   5/5    eval   227   this Q       460.2   best Q       450.8   413.6 min
  restart   5/5    eval   228   this Q       461.6   best Q       450.8   413.8 min
  restart   5/5    eval   229   this Q       487.7   best Q       450.8   413.9 min
  restart   5/5    eval   230   this Q         457   best Q       450.8   414.1 min
  restart   5/5    eval   231   this Q       456.5   best Q       450.8   414.3 min
  restart   5/5    eval   232   this Q       447.1   best Q       447.1   414.5 min
  restart   5/5    eval   233   this Q       444.3   best Q       444.3   414.7 min
  restart   5/5    eval   234   this Q       463.8   best Q       444.3   414.9 min
  restart   5/5    eval   235   this Q       457.2   best Q       444.3   415.1 min
  restart   5/5    eval   236   this Q       462.7   best Q       444.3   415.2 min
  restart   5/5    eval   237   this Q       453.8   best Q       444.3   415.4 min
  restart   5/5    eval   238   this Q       445.8   best Q       444.3   415.6 min
  restart   5/5    eval   239   this Q       457.8   best Q       444.3   415.8 min
  restart   5/5    eval   240   this Q       446.1   best Q       444.3   416.0 min
  restart   5/5    eval   241   this Q       462.4   best Q       444.3   416.2 min
  restart   5/5    eval   242   this Q         453   best Q       444.3   416.3 min
  restart   5/5    eval   243   this Q         455   best Q       444.3   416.5 min
  restart   5/5    eval   244   this Q       449.8   best Q       444.3   416.7 min
  restart   5/5    eval   245   this Q       448.3   best Q       444.3   416.9 min
  restart   5/5    eval   246   this Q       453.5   best Q       444.3   417.1 min
  restart   5/5    eval   247   this Q       468.3   best Q       444.3   417.2 min
  restart   5/5    eval   248   this Q       451.8   best Q       444.3   417.4 min
  restart   5/5    eval   249   this Q       448.8   best Q       444.3   417.6 min
  restart   5/5    eval   250   this Q       452.6   best Q       444.3   417.8 min
  restart   5/5    eval   251   this Q       451.1   best Q       444.3   417.9 min
  restart   5/5    eval   252   this Q       451.5   best Q       444.3   418.1 min
  restart   5/5    eval   253   this Q       457.8   best Q       444.3   418.3 min
  restart   5/5    eval   254   this Q       450.2   best Q       444.3   418.5 min
  restart   5/5    eval   255   this Q       443.9   best Q       443.9   418.6 min
  restart   5/5    eval   256   this Q       442.7   best Q       442.7   418.8 min
  restart   5/5    eval   257   this Q         445   best Q       442.7   419.0 min
  restart   5/5    eval   258   this Q       446.1   best Q       442.7   419.2 min
  restart   5/5    eval   259   this Q       443.9   best Q       442.7   419.4 min
  restart   5/5    eval   260   this Q       446.5   best Q       442.7   419.5 min
  restart   5/5    eval   261   this Q       451.9   best Q       442.7   419.7 min
  restart   5/5    eval   262   this Q       445.9   best Q       442.7   419.9 min
  restart   5/5    eval   263   this Q       442.3   best Q       442.3   420.1 min
  restart   5/5    eval   264   this Q       466.5   best Q       442.3   420.3 min
  restart   5/5    eval   265   this Q       485.2   best Q       442.3   420.4 min
  restart   5/5    eval   266   this Q       446.1   best Q       442.3   420.6 min
  restart   5/5    eval   267   this Q         463   best Q       442.3   420.8 min
  restart   5/5    eval   268   this Q       443.9   best Q       442.3   421.0 min
  restart   5/5    eval   269   this Q       440.3   best Q       440.3   421.1 min
  restart   5/5    eval   270   this Q       441.4   best Q       440.3   421.3 min
  restart   5/5    eval   271   this Q       448.7   best Q       440.3   421.5 min
  restart   5/5    eval   272   this Q       443.4   best Q       440.3   421.7 min
  restart   5/5    eval   273   this Q       447.4   best Q       440.3   421.8 min
  restart   5/5    eval   274   this Q       443.3   best Q       440.3   422.0 min
  restart   5/5    eval   275   this Q       445.5   best Q       440.3   422.2 min
  restart   5/5    eval   276   this Q       442.8   best Q       440.3   422.4 min
  restart   5/5    eval   277   this Q       455.2   best Q       440.3   422.6 min
  restart   5/5    eval   278   this Q       443.7   best Q       440.3   422.7 min
  restart   5/5    eval   279   this Q       442.2   best Q       440.3   422.9 min
  restart   5/5    eval   280   this Q       439.4   best Q       439.4   423.1 min
  restart   5/5    eval   281   this Q       501.1   best Q       439.4   423.3 min
  restart   5/5    eval   282   this Q       443.4   best Q       439.4   423.5 min
  restart   5/5    eval   283   this Q       456.3   best Q       439.4   423.6 min
  restart   5/5    eval   284   this Q       442.9   best Q       439.4   423.8 min
  restart   5/5    eval   285   this Q       439.3   best Q       439.3   424.0 min
  restart   5/5    eval   286   this Q       439.3   best Q       439.3   424.2 min
  restart   5/5    eval   287   this Q       439.7   best Q       439.3   424.3 min
  restart   5/5    eval   288   this Q       442.5   best Q       439.3   424.5 min
  restart   5/5    eval   289   this Q       488.8   best Q       439.3   424.7 min
  restart   5/5    eval   290   this Q       441.6   best Q       439.3   424.9 min
  restart   5/5    eval   291   this Q       437.9   best Q       437.9   425.1 min
  restart   5/5    eval   292   this Q       436.4   best Q       436.4   425.2 min
  restart   5/5    eval   293   this Q       440.8   best Q       436.4   425.4 min
  restart   5/5    eval   294   this Q       439.1   best Q       436.4   425.6 min
  restart   5/5    eval   295   this Q       438.9   best Q       436.4   425.8 min
  restart   5/5    eval   296   this Q       437.8   best Q       436.4   425.9 min
  restart   5/5    eval   297   this Q       438.3   best Q       436.4   426.1 min
  restart   5/5    eval   298   this Q       442.1   best Q       436.4   426.3 min
  restart   5/5    eval   299   this Q       493.3   best Q       436.4   426.5 min
  restart   5/5    eval   300   this Q       439.3   best Q       436.4   426.7 min
  restart   5/5    eval   301   this Q       437.9   best Q       436.4   426.8 min
  restart   5/5    eval   302   this Q       438.7   best Q       436.4   427.0 min
  restart   5/5    eval   303   this Q       441.3   best Q       436.4   427.2 min
  restart   5/5    eval   304   this Q       436.2   best Q       436.2   427.4 min
  restart   5/5    eval   305   this Q       435.9   best Q       435.9   427.6 min
  restart   5/5    eval   306   this Q       440.6   best Q       435.9   427.7 min
  restart   5/5    eval   307   this Q       437.6   best Q       435.9   427.9 min
  restart   5/5    eval   308   this Q         441   best Q       435.9   428.1 min
  restart   5/5    eval   309   this Q       438.1   best Q       435.9   428.3 min
  restart   5/5    eval   310   this Q       435.6   best Q       435.6   428.5 min
  restart   5/5    eval   311   this Q       435.1   best Q       435.1   428.7 min
  restart   5/5    eval   312   this Q       437.1   best Q       435.1   428.8 min
  restart   5/5    eval   313   this Q       437.2   best Q       435.1   429.0 min
  restart   5/5    eval   314   this Q       435.4   best Q       435.1   429.2 min
  restart   5/5    eval   315   this Q       434.9   best Q       434.9   429.4 min
  restart   5/5    eval   316   this Q       436.4   best Q       434.9   429.6 min
  restart   5/5    eval   317   this Q       434.4   best Q       434.4   429.7 min
  restart   5/5    eval   318   this Q       434.7   best Q       434.4   429.9 min
  restart   5/5    eval   319   this Q       435.5   best Q       434.4   430.1 min
  restart   5/5    eval   320   this Q       509.4   best Q       434.4   430.3 min
  restart   5/5    eval   321   this Q       436.4   best Q       434.4   430.5 min
  restart   5/5    eval   322   this Q       489.5   best Q       434.4   430.7 min
  restart   5/5    eval   323   this Q       436.5   best Q       434.4   430.8 min
  restart   5/5    eval   324   this Q       435.9   best Q       434.4   431.0 min
  restart   5/5    eval   325   this Q       465.5   best Q       434.4   431.2 min
  restart   5/5    eval   326   this Q       436.1   best Q       434.4   431.4 min
  restart   5/5    eval   327   this Q       436.8   best Q       434.4   431.6 min
  restart   5/5    eval   328   this Q       435.3   best Q       434.4   431.7 min
  restart   5/5    eval   329   this Q       433.9   best Q       433.9   431.9 min
  restart   5/5    eval   330   this Q       565.6   best Q       433.9   432.1 min
  restart   5/5    eval   331   this Q       436.2   best Q       433.9   432.3 min
  restart   5/5    eval   332   this Q       436.9   best Q       433.9   432.5 min
  restart   5/5    eval   333   this Q       434.9   best Q       433.9   432.7 min
  restart   5/5    eval   334   this Q       484.3   best Q       433.9   432.8 min
  restart   5/5    eval   335   this Q       435.2   best Q       433.9   433.0 min
  restart   5/5    eval   336   this Q       438.7   best Q       433.9   433.2 min
  restart   5/5    eval   337   this Q       434.9   best Q       433.9   433.4 min
  restart   5/5    eval   338   this Q       435.3   best Q       433.9   433.6 min
  restart   5/5    eval   339   this Q       435.8   best Q       433.9   433.7 min
  restart   5/5    eval   340   this Q       434.3   best Q       433.9   433.9 min
  restart   5/5    eval   341   this Q       434.7   best Q       433.9   434.1 min
  restart   5/5    eval   342   this Q       434.1   best Q       433.9   434.3 min
  restart   5/5    eval   343   this Q       435.3   best Q       433.9   434.5 min
  restart   5/5    eval   344   this Q       433.3   best Q       433.3   434.6 min
  restart   5/5    eval   345   this Q       434.3   best Q       433.3   434.8 min
  restart   5/5    eval   346   this Q       433.9   best Q       433.3   435.0 min
  restart   5/5    eval   347   this Q       435.3   best Q       433.3   435.2 min
  restart   5/5    eval   348   this Q       434.7   best Q       433.3   435.4 min
  restart   5/5    eval   349   this Q       436.1   best Q       433.3   435.5 min
  restart   5/5    eval   350   this Q       434.2   best Q       433.3   435.7 min
  restart   5/5    eval   351   this Q       435.9   best Q       433.3   435.9 min
  restart   5/5    eval   352   this Q         434   best Q       433.3   436.1 min
  restart   5/5    eval   353   this Q       433.4   best Q       433.3   436.3 min
  restart   5/5    eval   354   this Q       433.5   best Q       433.3   436.5 min
  restart   5/5    eval   355   this Q       433.7   best Q       433.3   436.6 min
  restart   5/5    eval   356   this Q       433.5   best Q       433.3   436.8 min
  restart   5/5    eval   357   this Q       433.4   best Q       433.3   437.0 min
  restart   5/5    eval   358   this Q       433.4   best Q       433.3   437.2 min
  restart   5/5    eval   359   this Q         440   best Q       433.3   437.4 min
  restart   5/5    eval   360   this Q       433.6   best Q       433.3   437.5 min
  restart   5/5    eval   361   this Q         457   best Q       433.3   437.7 min
  restart   5/5    eval   362   this Q       433.6   best Q       433.3   437.9 min
  restart   5/5    eval   363   this Q       434.1   best Q       433.3   438.1 min
  restart   5/5    eval   364   this Q       433.9   best Q       433.3   438.3 min
  restart   5/5    eval   365   this Q       433.2   best Q       433.2   438.4 min
  restart   5/5    eval   366   this Q       435.1   best Q       433.2   438.6 min
  restart   5/5    eval   367   this Q       434.1   best Q       433.2   438.8 min
  restart   5/5    eval   368   this Q       433.3   best Q       433.2   439.0 min
  restart   5/5    eval   369   this Q         433   best Q         433   439.2 min
  restart   5/5    eval   370   this Q       433.2   best Q         433   439.3 min
  restart   5/5    eval   371   this Q       433.8   best Q         433   439.5 min
  restart   5/5    eval   372   this Q       432.8   best Q       432.8   439.7 min
  restart   5/5    eval   373   this Q       433.4   best Q       432.8   439.9 min
  restart   5/5    eval   374   this Q       433.2   best Q       432.8   440.1 min
  restart   5/5    eval   375   this Q       484.9   best Q       432.8   440.2 min
  restart   5/5    eval   376   this Q       433.2   best Q       432.8   440.4 min
  restart   5/5    eval   377   this Q       433.5   best Q       432.8   440.6 min
  restart   5/5    eval   378   this Q       432.5   best Q       432.5   440.8 min
  restart   5/5    eval   379   this Q       432.3   best Q       432.3   440.9 min
  restart   5/5    eval   380   this Q       432.9   best Q       432.3   441.1 min
  restart   5/5    eval   381   this Q       448.3   best Q       432.3   441.3 min
  restart   5/5    eval   382   this Q       432.9   best Q       432.3   441.5 min
  restart   5/5    eval   383   this Q       433.6   best Q       432.3   441.7 min
  restart   5/5    eval   384   this Q       433.1   best Q       432.3   441.8 min
  restart   5/5    eval   385   this Q       439.8   best Q       432.3   442.0 min
  restart   5/5    eval   386   this Q       432.9   best Q       432.3   442.2 min
  restart   5/5    eval   387   this Q       432.8   best Q       432.3   442.4 min
  restart   5/5    eval   388   this Q       433.9   best Q       432.3   442.6 min
  restart   5/5    eval   389   this Q       432.8   best Q       432.3   442.8 min
  restart   5/5    eval   390   this Q       432.7   best Q       432.3   442.9 min
  restart   5/5    eval   391   this Q         439   best Q       432.3   443.1 min
  restart   5/5    eval   392   this Q       433.1   best Q       432.3   443.3 min
  restart   5/5    eval   393   this Q       432.3   best Q       432.3   443.5 min
  restart   5/5    eval   394   this Q       433.6   best Q       432.3   443.7 min
  restart   5/5    eval   395   this Q       433.2   best Q       432.3   443.8 min
  restart   5/5    eval   396   this Q         433   best Q       432.3   444.0 min
  restart   5/5    eval   397   this Q       432.6   best Q       432.3   444.2 min
  restart   5/5    eval   398   this Q       433.2   best Q       432.3   444.4 min
  restart   5/5    eval   399   this Q       432.8   best Q       432.3   444.6 min
  restart   5/5    eval   400   this Q         433   best Q       432.3   444.7 min
  restart   5/5    eval   401   this Q       445.7   best Q       432.3   444.9 min
  restart   5/5    eval   402   this Q       432.8   best Q       432.3   445.1 min
  restart   5/5    eval   403   this Q         433   best Q       432.3   445.3 min
  restart   5/5    eval   404   this Q       433.1   best Q       432.3   445.5 min
  restart   5/5    eval   405   this Q       432.6   best Q       432.3   445.6 min
  restart   5/5    eval   406   this Q       432.8   best Q       432.3   445.8 min
  restart   5/5    eval   407   this Q       432.4   best Q       432.3   446.0 min
  restart   5/5    eval   408   this Q         432   best Q         432   446.2 min
  restart   5/5    eval   409   this Q       432.1   best Q         432   446.4 min
  restart   5/5    eval   410   this Q       438.2   best Q         432   446.6 min
  restart   5/5    eval   411   this Q       432.6   best Q         432   446.7 min
  restart   5/5    eval   412   this Q       432.8   best Q         432   446.9 min
  restart   5/5    eval   413   this Q       432.9   best Q         432   447.1 min
  restart   5/5    eval   414   this Q       432.5   best Q         432   447.3 min
  restart   5/5    eval   415   this Q       432.1   best Q         432   447.5 min
  restart   5/5    eval   416   this Q       432.5   best Q         432   447.7 min
  restart   5/5    eval   417   this Q       438.2   best Q         432   447.8 min
  restart   5/5    eval   418   this Q       432.6   best Q         432   448.0 min
  restart   5/5    eval   419   this Q       432.1   best Q         432   448.2 min
  restart   5/5    eval   420   this Q       433.2   best Q         432   448.4 min
  restart   5/5    eval   421   this Q       432.4   best Q         432   448.6 min
  restart   5/5    eval   422   this Q       452.7   best Q         432   448.7 min
  restart   5/5    eval   423   this Q       432.5   best Q         432   448.9 min
  restart   5/5    eval   424   this Q       433.9   best Q         432   449.1 min
  restart   5/5    eval   425   this Q       432.3   best Q         432   449.3 min
  restart   5/5    eval   426   this Q       432.1   best Q         432   449.5 min
  restart   5/5    eval   427   this Q       432.7   best Q         432   449.6 min
  restart   5/5    eval   428   this Q       432.3   best Q         432   449.8 min
  restart   5/5    eval   429   this Q       431.9   best Q       431.9   450.0 min
  restart   5/5    eval   430   this Q       431.7   best Q       431.7   450.2 min
  restart   5/5    eval   431   this Q       431.8   best Q       431.7   450.3 min
  restart   5/5    eval   432   this Q         443   best Q       431.7   450.5 min
  restart   5/5    eval   433   this Q       432.3   best Q       431.7   450.7 min
  restart   5/5    eval   434   this Q       437.3   best Q       431.7   450.9 min
  restart   5/5    eval   435   this Q       432.3   best Q       431.7   451.1 min
  restart   5/5    eval   436   this Q         432   best Q       431.7   451.2 min
  restart   5/5    eval   437   this Q       432.2   best Q       431.7   451.4 min
  restart   5/5    eval   438   this Q       432.1   best Q       431.7   451.6 min
  restart   5/5    eval   439   this Q       432.2   best Q       431.7   451.8 min
  restart   5/5    eval   440   this Q       431.9   best Q       431.7   452.0 min
  restart   5/5    eval   441   this Q       431.9   best Q       431.7   452.1 min
  restart   5/5    eval   442   this Q       431.8   best Q       431.7   452.3 min
  restart   5/5    eval   443   this Q       433.1   best Q       431.7   452.5 min
  restart   5/5    eval   444   this Q       432.6   best Q       431.7   452.7 min
  restart   5/5    eval   445   this Q       431.8   best Q       431.7   452.8 min
  restart   5/5    eval   446   this Q       431.8   best Q       431.7   453.0 min
  restart   5/5    eval   447   this Q       431.9   best Q       431.7   453.2 min
  restart   5/5    eval   448   this Q       431.8   best Q       431.7   453.4 min
  restart   5/5    eval   449   this Q       431.8   best Q       431.7   453.6 min
  restart   5/5    eval   450   this Q       431.8   best Q       431.7   453.7 min
  restart   5/5    eval   451   this Q       431.8   best Q       431.7   453.9 min
  restart   5/5    eval   452   this Q       454.5   best Q       431.7   454.1 min
  restart   5/5    eval   453   this Q       431.9   best Q       431.7   454.3 min
  restart   5/5    eval   454   this Q       431.9   best Q       431.7   454.5 min
  restart   5/5    eval   455   this Q       431.8   best Q       431.7   454.6 min
  restart   5/5    eval   456   this Q       431.8   best Q       431.7   454.8 min
  restart   5/5    eval   457   this Q       431.9   best Q       431.7   455.0 min
  restart   5/5    eval   458   this Q       431.9   best Q       431.7   455.2 min
  restart   5/5    eval   459   this Q         432   best Q       431.7   455.4 min
  restart   5/5    eval   460   this Q       431.8   best Q       431.7   455.5 min
  restart   5/5   DONE   this       431.7   best Q       431.7   455.5 min, ~0 min left
  restart   5/5    eval     1   this Q       431.7   best Q       431.7   455.7 min
  restart   5/5    eval     2   this Q   1.622e+04   best Q       431.7   455.9 min
  restart   5/5    eval     3   this Q        8335   best Q       431.7   456.1 min
  restart   5/5    eval     4   this Q   1.014e+04   best Q       431.7   456.2 min
  restart   5/5    eval     5   this Q   5.154e+05   best Q       431.7   456.4 min
  restart   5/5    eval     6   this Q        9906   best Q       431.7   456.6 min
  restart   5/5    eval     7   this Q        9753   best Q       431.7   456.7 min
  restart   5/5    eval     8   this Q        5728   best Q       431.7   456.9 min
  restart   5/5    eval     9   this Q        2885   best Q       431.7   457.1 min
  restart   5/5    eval    10   this Q   2.742e+04   best Q       431.7   457.2 min
  restart   5/5    eval    11   this Q       485.7   best Q       431.7   457.4 min
  restart   5/5    eval    12   this Q        2366   best Q       431.7   457.6 min
  restart   5/5    eval    13   this Q       499.6   best Q       431.7   457.8 min
  restart   5/5    eval    14   this Q        2365   best Q       431.7   458.0 min
  restart   5/5    eval    15   this Q        3327   best Q       431.7   458.1 min
  restart   5/5    eval    16   this Q        4376   best Q       431.7   458.3 min
  restart   5/5    eval    17   this Q        9894   best Q       431.7   458.5 min
  restart   5/5    eval    18   this Q   1.776e+04   best Q       431.7   458.7 min
  restart   5/5    eval    19   this Q   5.155e+05   best Q       431.7   458.8 min
  restart   5/5    eval    20   this Q        6155   best Q       431.7   459.0 min
  restart   5/5    eval    21   this Q        4895   best Q       431.7   459.2 min
  restart   5/5    eval    22   this Q        1142   best Q       431.7   459.3 min
  restart   5/5    eval    23   this Q       789.6   best Q       431.7   459.5 min
  restart   5/5    eval    24   this Q        1798   best Q       431.7   459.7 min
  restart   5/5    eval    25   this Q       452.3   best Q       431.7   459.8 min
  restart   5/5    eval    26   this Q        9055   best Q       431.7   460.0 min
  restart   5/5    eval    27   this Q       475.6   best Q       431.7   460.2 min
  restart   5/5    eval    28   this Q       793.4   best Q       431.7   460.4 min
  restart   5/5    eval    29   this Q       691.3   best Q       431.7   460.5 min
  restart   5/5    eval    30   this Q        3881   best Q       431.7   460.7 min
  restart   5/5    eval    31   this Q        3772   best Q       431.7   460.9 min
  restart   5/5    eval    32   this Q        1752   best Q       431.7   461.1 min
  restart   5/5    eval    33   this Q       571.4   best Q       431.7   461.3 min
  restart   5/5    eval    34   this Q       548.7   best Q       431.7   461.5 min
  restart   5/5    eval    35   this Q       430.4   best Q       430.4   461.6 min
  restart   5/5    eval    36   this Q       438.2   best Q       430.4   461.8 min
  restart   5/5    eval    37   this Q       433.5   best Q       430.4   462.0 min
  restart   5/5    eval    38   this Q       430.6   best Q       430.4   462.2 min
  restart   5/5    eval    39   this Q       431.3   best Q       430.4   462.3 min
  restart   5/5    eval    40   this Q       431.3   best Q       430.4   462.5 min
  restart   5/5    eval    41   this Q       489.7   best Q       430.4   462.7 min
  restart   5/5    eval    42   this Q       430.3   best Q       430.3   462.9 min
  restart   5/5    eval    43   this Q       429.9   best Q       429.9   463.1 min
  restart   5/5    eval    44   this Q       436.2   best Q       429.9   463.2 min
  restart   5/5    eval    45   this Q       429.7   best Q       429.7   463.4 min
  restart   5/5    eval    46   this Q       429.4   best Q       429.4   463.6 min
  restart   5/5    eval    47   this Q       432.2   best Q       429.4   463.8 min
  restart   5/5    eval    48   this Q       430.9   best Q       429.4   464.0 min
  restart   5/5    eval    49   this Q       468.6   best Q       429.4   464.1 min
  restart   5/5    eval    50   this Q       429.6   best Q       429.4   464.3 min
  restart   5/5    eval    51   this Q       428.7   best Q       428.7   464.5 min
  restart   5/5    eval    52   this Q       430.1   best Q       428.7   464.7 min
  restart   5/5    eval    53   this Q       428.7   best Q       428.7   464.8 min
  restart   5/5    eval    54   this Q       429.9   best Q       428.7   465.0 min
  restart   5/5    eval    55   this Q       428.7   best Q       428.7   465.2 min
  restart   5/5    eval    56   this Q       430.5   best Q       428.7   465.4 min
  restart   5/5    eval    57   this Q       432.5   best Q       428.7   465.6 min
  restart   5/5    eval    58   this Q       430.3   best Q       428.7   465.7 min
  restart   5/5    eval    59   this Q       428.7   best Q       428.7   465.9 min
  restart   5/5    eval    60   this Q       429.9   best Q       428.7   466.1 min
  restart   5/5    eval    61   this Q       528.8   best Q       428.7   466.3 min
  restart   5/5    eval    62   this Q       443.3   best Q       428.7   466.5 min
  restart   5/5    eval    63   this Q       430.8   best Q       428.7   466.6 min
  restart   5/5    eval    64   this Q       434.7   best Q       428.7   466.8 min
  restart   5/5    eval    65   this Q       429.5   best Q       428.7   467.0 min
  restart   5/5    eval    66   this Q         434   best Q       428.7   467.2 min
  restart   5/5    eval    67   this Q         429   best Q       428.7   467.4 min
  restart   5/5    eval    68   this Q       436.2   best Q       428.7   467.5 min
  restart   5/5    eval    69   this Q       428.7   best Q       428.7   467.7 min
  restart   5/5    eval    70   this Q       429.4   best Q       428.7   467.9 min
  restart   5/5    eval    71   this Q       428.5   best Q       428.5   468.1 min
  restart   5/5    eval    72   this Q       430.6   best Q       428.5   468.3 min
  restart   5/5    eval    73   this Q       429.7   best Q       428.5   468.4 min
  restart   5/5    eval    74   this Q       431.8   best Q       428.5   468.6 min
  restart   5/5    eval    75   this Q       429.7   best Q       428.5   468.8 min
  restart   5/5    eval    76   this Q       428.5   best Q       428.5   469.0 min
  restart   5/5    eval    77   this Q       431.2   best Q       428.5   469.2 min
  restart   5/5    eval    78   this Q       428.7   best Q       428.5   469.3 min
  restart   5/5    eval    79   this Q       428.8   best Q       428.5   469.5 min
  restart   5/5    eval    80   this Q       428.9   best Q       428.5   469.7 min
  restart   5/5    eval    81   this Q       428.5   best Q       428.5   469.9 min
  restart   5/5    eval    82   this Q       428.4   best Q       428.4   470.1 min
  restart   5/5    eval    83   this Q       428.3   best Q       428.3   470.3 min
  restart   5/5    eval    84   this Q       428.2   best Q       428.2   470.4 min
  restart   5/5    eval    85   this Q       428.1   best Q       428.1   470.6 min
  restart   5/5    eval    86   this Q       428.1   best Q       428.1   470.8 min
  restart   5/5    eval    87   this Q       428.1   best Q       428.1   471.0 min
  restart   5/5    eval    88   this Q       428.1   best Q       428.1   471.2 min
  restart   5/5    eval    89   this Q       428.1   best Q       428.1   471.3 min
  restart   5/5    eval    90   this Q         428   best Q         428   471.5 min
  restart   5/5    eval    91   this Q       428.1   best Q         428   471.7 min
  restart   5/5    eval    92   this Q       428.1   best Q         428   471.9 min
  restart   5/5    eval    93   this Q       428.2   best Q         428   472.1 min
  restart   5/5    eval    94   this Q         428   best Q         428   472.2 min
  restart   5/5    eval    95   this Q       428.1   best Q         428   472.4 min
  restart   5/5    eval    96   this Q         428   best Q         428   472.6 min
  restart   5/5    eval    97   this Q         428   best Q         428   472.8 min
  restart   5/5    eval    98   this Q         428   best Q         428   472.9 min
  restart   5/5    eval    99   this Q         428   best Q         428   473.1 min
  restart   5/5    eval   100   this Q         428   best Q         428   473.3 min
  restart   5/5    eval   101   this Q         428   best Q         428   473.5 min
  restart   5/5    eval   102   this Q         428   best Q         428   473.7 min
  restart   5/5    eval   103   this Q       427.9   best Q       427.9   473.8 min
  restart   5/5    eval   104   this Q       427.9   best Q       427.9   474.0 min
  restart   5/5    eval   105   this Q       427.9   best Q       427.9   474.2 min
  restart   5/5    eval   106   this Q         428   best Q       427.9   474.4 min
  restart   5/5    eval   107   this Q       427.9   best Q       427.9   474.6 min
  restart   5/5    eval   108   this Q       427.8   best Q       427.8   474.7 min
  restart   5/5    eval   109   this Q       427.9   best Q       427.8   474.9 min
  restart   5/5    eval   110   this Q       427.8   best Q       427.8   475.1 min
  restart   5/5    eval   111   this Q       427.8   best Q       427.8   475.3 min
  restart   5/5    eval   112   this Q       427.8   best Q       427.8   475.5 min
  restart   5/5    eval   113   this Q       427.8   best Q       427.8   475.6 min
  restart   5/5    eval   114   this Q       427.8   best Q       427.8   475.8 min
  restart   5/5    eval   115   this Q       427.8   best Q       427.8   476.0 min
  restart   5/5    eval   116   this Q       427.8   best Q       427.8   476.2 min
  restart   5/5    eval   117   this Q       427.8   best Q       427.8   476.3 min
  restart   5/5    eval   118   this Q       427.8   best Q       427.8   476.5 min
  restart   5/5    eval   119   this Q       427.8   best Q       427.8   476.7 min
  restart   5/5    eval   120   this Q       427.7   best Q       427.7   476.9 min
  restart   5/5    eval   121   this Q       427.7   best Q       427.7   477.1 min
  restart   5/5    eval   122   this Q       427.7   best Q       427.7   477.2 min
  restart   5/5    eval   123   this Q       427.6   best Q       427.6   477.4 min
  restart   5/5    eval   124   this Q       427.6   best Q       427.6   477.6 min
  restart   5/5    eval   125   this Q       427.5   best Q       427.5   477.8 min
  restart   5/5    eval   126   this Q       427.7   best Q       427.5   478.0 min
  restart   5/5    eval   127   this Q       427.5   best Q       427.5   478.1 min
  restart   5/5    eval   128   this Q       427.5   best Q       427.5   478.3 min
  restart   5/5    eval   129   this Q       427.5   best Q       427.5   478.5 min
  restart   5/5    eval   130   this Q       427.5   best Q       427.5   478.7 min
  restart   5/5    eval   131   this Q       427.5   best Q       427.5   478.8 min
  restart   5/5    eval   132   this Q       427.5   best Q       427.5   479.0 min
  restart   5/5    eval   133   this Q       427.4   best Q       427.4   479.2 min
  restart   5/5    eval   134   this Q       427.4   best Q       427.4   479.4 min
  restart   5/5    eval   135   this Q       427.4   best Q       427.4   479.6 min
  restart   5/5    eval   136   this Q       427.5   best Q       427.4   479.7 min
  restart   5/5    eval   137   this Q       427.5   best Q       427.4   479.9 min
  restart   5/5    eval   138   this Q       427.4   best Q       427.4   480.1 min
  restart   5/5    eval   139   this Q       428.5   best Q       427.4   480.3 min
  restart   5/5    eval   140   this Q       427.4   best Q       427.4   480.5 min
  restart   5/5    eval   141   this Q       427.3   best Q       427.3   480.6 min
  restart   5/5    eval   142   this Q       427.4   best Q       427.3   480.8 min
  restart   5/5    eval   143   this Q       427.4   best Q       427.3   481.0 min
  restart   5/5    eval   144   this Q       427.4   best Q       427.3   481.2 min
  restart   5/5    eval   145   this Q       427.3   best Q       427.3   481.3 min
  restart   5/5    eval   146   this Q       427.3   best Q       427.3   481.5 min
  restart   5/5    eval   147   this Q       427.3   best Q       427.3   481.7 min
  restart   5/5    eval   148   this Q       427.3   best Q       427.3   481.9 min
  restart   5/5    eval   149   this Q       427.3   best Q       427.3   482.1 min
  restart   5/5    eval   150   this Q       427.4   best Q       427.3   482.3 min
  restart   5/5    eval   151   this Q       427.3   best Q       427.3   482.4 min
  restart   5/5    eval   152   this Q       427.3   best Q       427.3   482.6 min
  restart   5/5    eval   153   this Q       427.5   best Q       427.3   482.8 min
  restart   5/5    eval   154   this Q       427.2   best Q       427.2   483.0 min
  restart   5/5    eval   155   this Q       427.2   best Q       427.2   483.2 min
  restart   5/5    eval   156   this Q       427.2   best Q       427.2   483.3 min
  restart   5/5    eval   157   this Q       427.4   best Q       427.2   483.5 min
  restart   5/5    eval   158   this Q       427.2   best Q       427.2   483.7 min
  restart   5/5    eval   159   this Q       427.2   best Q       427.2   483.9 min
  restart   5/5    eval   160   this Q       427.2   best Q       427.2   484.1 min
  restart   5/5    eval   161   this Q       427.2   best Q       427.2   484.3 min
  restart   5/5    eval   162   this Q       427.2   best Q       427.2   484.4 min
  restart   5/5    eval   163   this Q       427.2   best Q       427.2   484.6 min
  restart   5/5    eval   164   this Q       427.2   best Q       427.2   484.8 min
  restart   5/5    eval   165   this Q       427.2   best Q       427.2   485.0 min
  restart   5/5    eval   166   this Q       427.2   best Q       427.2   485.2 min
  restart   5/5    eval   167   this Q       427.2   best Q       427.2   485.3 min
  restart   5/5    eval   168   this Q       427.2   best Q       427.2   485.5 min
  restart   5/5    eval   169   this Q       427.2   best Q       427.2   485.7 min
  restart   5/5    eval   170   this Q       427.2   best Q       427.2   485.9 min
  restart   5/5    eval   171   this Q       427.2   best Q       427.2   486.1 min
  restart   5/5    eval   172   this Q       427.2   best Q       427.2   486.2 min
  restart   5/5    eval   173   this Q       427.2   best Q       427.2   486.4 min
  restart   5/5    eval   174   this Q       427.2   best Q       427.2   486.6 min
  restart   5/5    eval   175   this Q       427.2   best Q       427.2   486.8 min
  restart   5/5    eval   176   this Q       427.2   best Q       427.2   487.0 min
  restart   5/5    eval   177   this Q       427.2   best Q       427.2   487.1 min
  restart   5/5    eval   178   this Q       427.2   best Q       427.2   487.3 min
  restart   5/5    eval   179   this Q       427.2   best Q       427.2   487.5 min
  restart   5/5    eval   180   this Q       427.2   best Q       427.2   487.7 min
  restart   5/5    eval   181   this Q       427.2   best Q       427.2   487.9 min
  restart   5/5    eval   182   this Q       427.1   best Q       427.1   488.1 min
  restart   5/5    eval   183   this Q       427.1   best Q       427.1   488.2 min
  restart   5/5    eval   184   this Q       427.1   best Q       427.1   488.4 min
  restart   5/5    eval   185   this Q       427.1   best Q       427.1   488.6 min
  restart   5/5    eval   186   this Q       427.2   best Q       427.1   488.8 min
  restart   5/5    eval   187   this Q       427.1   best Q       427.1   488.9 min
  restart   5/5    eval   188   this Q       427.1   best Q       427.1   489.1 min
  restart   5/5    eval   189   this Q       427.1   best Q       427.1   489.3 min
  restart   5/5    eval   190   this Q       427.1   best Q       427.1   489.5 min
  restart   5/5    eval   191   this Q       427.1   best Q       427.1   489.7 min
  restart   5/5    eval   192   this Q       427.1   best Q       427.1   489.8 min
  restart   5/5    eval   193   this Q       427.1   best Q       427.1   490.0 min
  restart   5/5    eval   194   this Q       427.1   best Q       427.1   490.2 min
  restart   5/5    eval   195   this Q       427.1   best Q       427.1   490.4 min
  restart   5/5    eval   196   this Q       427.1   best Q       427.1   490.6 min
  restart   5/5    eval   197   this Q       427.1   best Q       427.1   490.7 min
  restart   5/5    eval   198   this Q       427.1   best Q       427.1   490.9 min
  restart   5/5    eval   199   this Q       427.1   best Q       427.1   491.1 min
  restart   5/5    eval   200   this Q       427.1   best Q       427.1   491.3 min
  restart   5/5    eval   201   this Q       427.1   best Q       427.1   491.4 min
  restart   5/5    eval   202   this Q       427.1   best Q       427.1   491.6 min
  restart   5/5    eval   203   this Q       427.1   best Q       427.1   491.8 min
  restart   5/5    eval   204   this Q       427.1   best Q       427.1   492.0 min
  restart   5/5    eval   205   this Q       427.1   best Q       427.1   492.2 min
  restart   5/5    eval   206   this Q       427.1   best Q       427.1   492.3 min
  restart   5/5    eval   207   this Q       427.1   best Q       427.1   492.5 min
  restart   5/5    eval   208   this Q       427.1   best Q       427.1   492.7 min
  restart   5/5    eval   209   this Q       427.1   best Q       427.1   492.9 min
  restart   5/5    eval   210   this Q       427.1   best Q       427.1   493.1 min
  restart   5/5    eval   211   this Q       427.1   best Q       427.1   493.2 min
  restart   5/5    eval   212   this Q       427.1   best Q       427.1   493.4 min
  restart   5/5    eval   213   this Q       427.1   best Q       427.1   493.6 min
  restart   5/5    eval   214   this Q       427.1   best Q       427.1   493.8 min
  restart   5/5    eval   215   this Q       427.1   best Q       427.1   493.9 min
  restart   5/5    eval   216   this Q       427.1   best Q       427.1   494.1 min
  restart   5/5    eval   217   this Q       427.1   best Q       427.1   494.3 min
  restart   5/5    eval   218   this Q       427.1   best Q       427.1   494.5 min
  restart   5/5    eval   219   this Q       427.1   best Q       427.1   494.6 min
  restart   5/5    eval   220   this Q       427.1   best Q       427.1   494.8 min
  restart   5/5    eval   221   this Q       427.1   best Q       427.1   495.0 min
  restart   5/5    eval   222   this Q       427.1   best Q       427.1   495.2 min
  restart   5/5    eval   223   this Q       427.1   best Q       427.1   495.4 min
  restart   5/5    eval   224   this Q       427.1   best Q       427.1   495.5 min
  restart   5/5    eval   225   this Q       427.1   best Q       427.1   495.7 min
  restart   5/5    eval   226   this Q       427.1   best Q       427.1   495.9 min
  restart   5/5    eval   227   this Q       427.1   best Q       427.1   496.1 min
  restart   5/5    eval   228   this Q       427.1   best Q       427.1   496.2 min
  restart   5/5    eval   229   this Q       427.1   best Q       427.1   496.4 min
  restart   5/5    eval   230   this Q       427.1   best Q       427.1   496.6 min
  restart   5/5    eval   231   this Q       427.1   best Q       427.1   496.8 min
  restart   5/5    eval   232   this Q       427.1   best Q       427.1   497.0 min
  restart   5/5    eval   233   this Q       427.1   best Q       427.1   497.1 min
  restart   5/5    eval   234   this Q       427.1   best Q       427.1   497.3 min
  restart   5/5    eval   235   this Q       427.1   best Q       427.1   497.5 min
  restart   5/5    eval   236   this Q       427.1   best Q       427.1   497.7 min
  restart   5/5    eval   237   this Q       427.1   best Q       427.1   497.8 min
  restart   5/5    eval   238   this Q       427.1   best Q       427.1   498.0 min
  restart   5/5    eval   239   this Q       427.1   best Q       427.1   498.2 min
  restart   5/5    eval   240   this Q       427.1   best Q       427.1   498.4 min
  restart   5/5    eval   241   this Q       427.1   best Q       427.1   498.6 min
  restart   5/5    eval   242   this Q       427.1   best Q       427.1   498.7 min
  restart   5/5    eval   243   this Q         427   best Q         427   498.9 min
  restart   5/5    eval   244   this Q       427.1   best Q         427   499.1 min
  restart   5/5    eval   245   this Q         427   best Q         427   499.3 min
  restart   5/5    eval   246   this Q         427   best Q         427   499.5 min
  restart   5/5    eval   247   this Q         427   best Q         427   499.6 min
  restart   5/5    eval   248   this Q         427   best Q         427   499.8 min
  restart   5/5    eval   249   this Q         427   best Q         427   500.0 min
  restart   5/5    eval   250   this Q         427   best Q         427   500.2 min
  restart   5/5    eval   251   this Q         427   best Q         427   500.3 min
  restart   5/5    eval   252   this Q         427   best Q         427   500.5 min
  restart   5/5    eval   253   this Q         427   best Q         427   500.7 min
  restart   5/5    eval   254   this Q         427   best Q         427   500.9 min
  restart   5/5    eval   255   this Q         427   best Q         427   501.0 min
  restart   5/5    eval   256   this Q         427   best Q         427   501.2 min
  restart   5/5    eval   257   this Q         427   best Q         427   501.4 min
  restart   5/5    eval   258   this Q         427   best Q         427   501.6 min
  restart   5/5    eval   259   this Q         427   best Q         427   501.8 min
  restart   5/5    eval   260   this Q         427   best Q         427   501.9 min
  restart   5/5    eval   261   this Q         427   best Q         427   502.1 min
  restart   5/5    eval   262   this Q         427   best Q         427   502.3 min
  restart   5/5    eval   263   this Q         427   best Q         427   502.5 min
  restart   5/5    eval   264   this Q         427   best Q         427   502.7 min
  restart   5/5    eval   265   this Q         427   best Q         427   502.8 min
  restart   5/5    eval   266   this Q         427   best Q         427   503.0 min
  restart   5/5    eval   267   this Q         427   best Q         427   503.2 min
  restart   5/5    eval   268   this Q         427   best Q         427   503.4 min
  restart   5/5    eval   269   this Q         427   best Q         427   503.5 min
  restart   5/5    eval   270   this Q         427   best Q         427   503.7 min
  restart   5/5    eval   271   this Q         427   best Q         427   503.9 min
  restart   5/5    eval   272   this Q         427   best Q         427   504.1 min
  restart   5/5    eval   273   this Q         427   best Q         427   504.3 min
  restart   5/5    eval   274   this Q         427   best Q         427   504.4 min
  restart   5/5    eval   275   this Q         427   best Q         427   504.6 min
  restart   5/5    eval   276   this Q         427   best Q         427   504.8 min
  restart   5/5    eval   277   this Q         427   best Q         427   505.0 min
  restart   5/5    eval   278   this Q         427   best Q         427   505.2 min
  restart   5/5    eval   279   this Q         427   best Q         427   505.3 min
  restart   5/5    eval   280   this Q         427   best Q         427   505.5 min
  restart   5/5    eval   281   this Q         427   best Q         427   505.7 min
  restart   5/5    eval   282   this Q         427   best Q         427   505.9 min
  restart   5/5    eval   283   this Q         427   best Q         427   506.1 min
  restart   5/5    eval   284   this Q         427   best Q         427   506.2 min
  restart   5/5    eval   285   this Q         427   best Q         427   506.4 min
  restart   5/5    eval   286   this Q         427   best Q         427   506.6 min
  restart   5/5    eval   287   this Q         427   best Q         427   506.8 min
  restart   5/5    eval   288   this Q         427   best Q         427   506.9 min
  restart   5/5    eval   289   this Q         427   best Q         427   507.1 min
  restart   5/5    eval   290   this Q         427   best Q         427   507.3 min
  restart   5/5    eval   291   this Q         427   best Q         427   507.5 min
  restart   5/5    eval   292   this Q         427   best Q         427   507.7 min
  restart   5/5    eval   293   this Q         427   best Q         427   507.8 min
  restart   5/5    eval   294   this Q         427   best Q         427   508.0 min
  restart   5/5    eval   295   this Q         427   best Q         427   508.2 min
  restart   5/5    eval   296   this Q         427   best Q         427   508.4 min
  restart   5/5    eval   297   this Q         427   best Q         427   508.5 min
  restart   5/5    eval   298   this Q         427   best Q         427   508.7 min
  restart   5/5    eval   299   this Q         427   best Q         427   508.9 min
  restart   5/5    eval   300   this Q         427   best Q         427   509.1 min
  restart   5/5    eval   301   this Q         427   best Q         427   509.3 min
  restart   5/5    eval   302   this Q         427   best Q         427   509.4 min
  restart   5/5    eval   303   this Q         427   best Q         427   509.6 min
  restart   5/5    eval   304   this Q         427   best Q         427   509.8 min
  restart   5/5    eval   305   this Q         427   best Q         427   510.0 min
  restart   5/5    eval   306   this Q         427   best Q         427   510.1 min
  restart   5/5    eval   307   this Q         427   best Q         427   510.3 min
  restart   5/5    eval   308   this Q         427   best Q         427   510.5 min
  restart   5/5    eval   309   this Q         427   best Q         427   510.7 min
  restart   5/5    eval   310   this Q         427   best Q         427   510.9 min
  restart   5/5    eval   311   this Q         427   best Q         427   511.0 min
  restart   5/5    eval   312   this Q         427   best Q         427   511.2 min
  restart   5/5    eval   313   this Q         427   best Q         427   511.4 min
  restart   5/5    eval   314   this Q         427   best Q         427   511.6 min
  restart   5/5    eval   315   this Q         427   best Q         427   511.7 min
  restart   5/5    eval   316   this Q         427   best Q         427   511.9 min
  restart   5/5    eval   317   this Q         427   best Q         427   512.1 min
  restart   5/5    eval   318   this Q         427   best Q         427   512.3 min
  restart   5/5    eval   319   this Q         427   best Q         427   512.5 min
  restart   5/5    eval   320   this Q         427   best Q         427   512.6 min
  restart   5/5    eval   321   this Q         427   best Q         427   512.8 min
  restart   5/5    eval   322   this Q         427   best Q         427   513.0 min
  restart   5/5    eval   323   this Q         427   best Q         427   513.2 min
  restart   5/5    eval   324   this Q         427   best Q         427   513.4 min
  restart   5/5    eval   325   this Q         427   best Q         427   513.5 min
  restart   5/5    eval   326   this Q         427   best Q         427   513.7 min
  restart   5/5    eval   327   this Q         427   best Q         427   513.9 min
  restart   5/5    eval   328   this Q         427   best Q         427   514.1 min
  restart   5/5    eval   329   this Q         427   best Q         427   514.2 min
  restart   5/5    eval   330   this Q         427   best Q         427   514.4 min
  restart   5/5    eval   331   this Q         427   best Q         427   514.6 min
  restart   5/5    eval   332   this Q         427   best Q         427   514.8 min
  restart   5/5    eval   333   this Q         427   best Q         427   515.0 min
  restart   5/5    eval   334   this Q         427   best Q         427   515.1 min
  restart   5/5    eval   335   this Q         427   best Q         427   515.3 min
  restart   5/5    eval   336   this Q         427   best Q         427   515.5 min
  restart   5/5    eval   337   this Q         427   best Q         427   515.7 min
  restart   5/5    eval   338   this Q         427   best Q         427   515.8 min
  restart   5/5    eval   339   this Q         427   best Q         427   516.0 min
  restart   5/5    eval   340   this Q         427   best Q         427   516.2 min
  restart   5/5    eval   341   this Q         427   best Q         427   516.4 min
  restart   5/5    eval   342   this Q         427   best Q         427   516.6 min
  restart   5/5    eval   343   this Q         427   best Q         427   516.7 min
  restart   5/5    eval   344   this Q         427   best Q         427   516.9 min
  restart   5/5    eval   345   this Q         427   best Q         427   517.1 min
  restart   5/5    eval   346   this Q         427   best Q         427   517.3 min
  restart   5/5    eval   347   this Q         427   best Q         427   517.4 min
  restart   5/5    eval   348   this Q         427   best Q         427   517.6 min
  restart   5/5    eval   349   this Q         427   best Q         427   517.8 min
  restart   5/5    eval   350   this Q         427   best Q         427   518.0 min
  restart   5/5    eval   351   this Q         427   best Q         427   518.2 min
  restart   5/5    eval   352   this Q         427   best Q         427   518.3 min
  restart   5/5    eval   353   this Q         427   best Q         427   518.5 min
  restart   5/5    eval   354   this Q         427   best Q         427   518.7 min
  restart   5/5    eval   355   this Q         427   best Q         427   518.9 min
  restart   5/5    eval   356   this Q         427   best Q         427   519.0 min
  restart   5/5    eval   357   this Q         427   best Q         427   519.2 min
  restart   5/5    eval   358   this Q         427   best Q         427   519.4 min
  restart   5/5    eval   359   this Q         427   best Q         427   519.6 min
  restart   5/5    eval   360   this Q         427   best Q         427   519.8 min
  restart   5/5    eval   361   this Q         427   best Q         427   519.9 min
  restart   5/5    eval   362   this Q         427   best Q         427   520.1 min
  restart   5/5    eval   363   this Q         427   best Q         427   520.3 min
  restart   5/5    eval   364   this Q         427   best Q         427   520.5 min
  restart   5/5    eval   365   this Q         427   best Q         427   520.6 min
  restart   5/5    eval   366   this Q         427   best Q         427   520.8 min
  restart   5/5    eval   367   this Q         427   best Q         427   521.0 min
  restart   5/5    eval   368   this Q         427   best Q         427   521.2 min
  restart   5/5    eval   369   this Q         427   best Q         427   521.4 min
  restart   5/5    eval   370   this Q         427   best Q         427   521.5 min
  restart   5/5    eval   371   this Q         427   best Q         427   521.7 min
  restart   5/5    eval   372   this Q         427   best Q         427   521.9 min
  restart   5/5    eval   373   this Q         427   best Q         427   522.1 min
  restart   5/5    eval   374   this Q         427   best Q         427   522.2 min
  restart   5/5    eval   375   this Q         427   best Q         427   522.4 min
  restart   5/5    eval   376   this Q         427   best Q         427   522.6 min
  restart   5/5    eval   377   this Q         427   best Q         427   522.8 min
  restart   5/5    eval   378   this Q         427   best Q         427   523.0 min
  restart   5/5    eval   379   this Q         427   best Q         427   523.1 min
  restart   5/5    eval   380   this Q         427   best Q         427   523.3 min
  restart   5/5    eval   381   this Q         427   best Q         427   523.5 min
  restart   5/5    eval   382   this Q         427   best Q         427   523.7 min
  restart   5/5    eval   383   this Q         427   best Q         427   523.8 min
  restart   5/5    eval   384   this Q         427   best Q         427   524.0 min
  restart   5/5    eval   385   this Q         427   best Q         427   524.2 min
  restart   5/5    eval   386   this Q         427   best Q         427   524.4 min
  restart   5/5    eval   387   this Q         427   best Q         427   524.6 min
  restart   5/5    eval   388   this Q         427   best Q         427   524.7 min
  restart   5/5    eval   389   this Q         427   best Q         427   524.9 min
  restart   5/5    eval   390   this Q         427   best Q         427   525.1 min
  restart   5/5    eval   391   this Q         427   best Q         427   525.3 min
  restart   5/5    eval   392   this Q         427   best Q         427   525.4 min
  restart   5/5    eval   393   this Q         427   best Q         427   525.6 min
  restart   5/5    eval   394   this Q         427   best Q         427   525.8 min
  restart   5/5    eval   395   this Q         427   best Q         427   526.0 min
  restart   5/5    eval   396   this Q         427   best Q         427   526.2 min
  restart   5/5    eval   397   this Q         427   best Q         427   526.3 min
  restart   5/5    eval   398   this Q         427   best Q         427   526.5 min
  restart   5/5    eval   399   this Q         427   best Q         427   526.7 min
  restart   5/5    eval   400   this Q         427   best Q         427   526.9 min
  restart   5/5    eval   401   this Q         427   best Q         427   527.0 min
  restart   5/5    eval   402   this Q         427   best Q         427   527.2 min
  restart   5/5    eval   403   this Q         427   best Q         427   527.4 min
  restart   5/5    eval   404   this Q         427   best Q         427   527.6 min
  restart   5/5    eval   405   this Q         427   best Q         427   527.8 min
  restart   5/5    eval   406   this Q         427   best Q         427   527.9 min
  restart   5/5    eval   407   this Q         427   best Q         427   528.1 min
  restart   5/5    eval   408   this Q         427   best Q         427   528.3 min
  restart   5/5    eval   409   this Q         427   best Q         427   528.5 min
  restart   5/5    eval   410   this Q         427   best Q         427   528.7 min
  restart   5/5    eval   411   this Q         427   best Q         427   528.8 min
  restart   5/5    eval   412   this Q         427   best Q         427   529.0 min
  restart   5/5    eval   413   this Q         427   best Q         427   529.2 min
  restart   5/5    eval   414   this Q         427   best Q         427   529.4 min
  restart   5/5    eval   415   this Q         427   best Q         427   529.5 min
  restart   5/5    eval   416   this Q         427   best Q         427   529.7 min
  restart   5/5    eval   417   this Q         427   best Q         427   529.9 min
  restart   5/5    eval   418   this Q         427   best Q         427   530.1 min
  restart   5/5    eval   419   this Q         427   best Q         427   530.3 min
  restart   5/5    eval   420   this Q         427   best Q         427   530.4 min
  restart   5/5    eval   421   this Q         427   best Q         427   530.6 min
  restart   5/5    eval   422   this Q         427   best Q         427   530.8 min
  restart   5/5    eval   423   this Q         427   best Q         427   531.0 min
  restart   5/5    eval   424   this Q         427   best Q         427   531.1 min
  restart   5/5    eval   425   this Q         427   best Q         427   531.3 min
  restart   5/5    eval   426   this Q         427   best Q         427   531.5 min
  restart   5/5    eval   427   this Q         427   best Q         427   531.7 min
  restart   5/5    eval   428   this Q         427   best Q         427   531.9 min
  restart   5/5    eval   429   this Q         427   best Q         427   532.0 min
  restart   5/5    eval   430   this Q         427   best Q         427   532.2 min
  restart   5/5    eval   431   this Q         427   best Q         427   532.4 min
  restart   5/5    eval   432   this Q         427   best Q         427   532.6 min
  restart   5/5    eval   433   this Q         427   best Q         427   532.7 min
  restart   5/5    eval   434   this Q         427   best Q         427   532.9 min
  restart   5/5    eval   435   this Q         427   best Q         427   533.1 min
  restart   5/5    eval   436   this Q         427   best Q         427   533.3 min
  restart   5/5    eval   437   this Q         427   best Q         427   533.5 min
  restart   5/5    eval   438   this Q         427   best Q         427   533.6 min
  restart   5/5    eval   439   this Q         427   best Q         427   533.8 min
  restart   5/5    eval   440   this Q         427   best Q         427   534.0 min
  restart   5/5    eval   441   this Q         427   best Q         427   534.2 min
  restart   5/5    eval   442   this Q         427   best Q         427   534.3 min
  restart   5/5    eval   443   this Q         427   best Q         427   534.5 min
  restart   5/5    eval   444   this Q         427   best Q         427   534.7 min
  restart   5/5    eval   445   this Q         427   best Q         427   534.9 min
  restart   5/5    eval   446   this Q         427   best Q         427   535.1 min
  restart   5/5    eval   447   this Q         427   best Q         427   535.2 min
  restart   5/5    eval   448   this Q         427   best Q         427   535.4 min
  restart   5/5    eval   449   this Q         427   best Q         427   535.6 min
  restart   5/5    eval   450   this Q         427   best Q         427   535.8 min
  restart   5/5    eval   451   this Q         427   best Q         427   535.9 min
  restart   5/5    eval   452   this Q         427   best Q         427   536.1 min
  restart   5/5    eval   453   this Q         427   best Q         427   536.3 min
  restart   5/5    eval   454   this Q         427   best Q         427   536.5 min
  restart   5/5    eval   455   this Q         427   best Q         427   536.7 min
  restart   5/5    eval   456   this Q         427   best Q         427   536.8 min
  restart   5/5    eval   457   this Q         427   best Q         427   537.0 min
  restart   5/5    eval   458   this Q         427   best Q         427   537.2 min

============================================================================
Finished in 537.2 min -- 6855 evaluations
============================================================================
Q: sobol-best 2405.18  ->  pre-polish 431.73  ->  final 427.01
incumbent Q was 2405.18  (improvement 82.2%)

how the local searches ended
  MAXEVAL_REACHED            3   (limit)
  FTOL_REACHED               2   (converged)
                             2 converged / 3 hit a budget / 0 other
polish: ret FTOL_REACHED (converged), 458 evaluations, improved the incumbent

!! 3 of 5 restarts stopped on a BUDGET, not a convergence test.
   Raise --local-evals, or read the trace before quoting this as a minimum.

search ran at the full grid -- no refinement stage needed

penalised evaluations: 382 of 6855 (5.6%)
  AssertionError              245
  infeasible_sigma_2           66
  ErrorException               66
  invalid_sim_assets_below_min      5
(a penalised draw is a parameter vector the model cannot be solved at --
 scored 1e6 rather than crashed on. A high rate means the SEARCH BOX is
 too wide, not that the model is wrong.)

============================================================================
Estimated calibration
============================================================================

Parameters
--------------------------------------------------------------
  phi_2            0.1963   (was 0.1897)
  phi_3            1.4889   (was 1.2478)
  lambda_2        15.0001   (was 10.6722)
  R_0             48.1202   (was 50.4519)
  sigma_1_0       -0.9264   (was -0.7374)
  sigma_1_1       -0.0906   (was -0.0851)
  sigma_2_0       -3.7668   (was -3.6233)
  sigma_2_1       -0.0933   (was -0.0830)
  sigma_4_0       -6.0324   (was -5.7707)
  sigma_4_1        0.1282   (was 0.1327)
  kappa_0          0.6740   (was 0.0587)
  kappa_theta     -2.0215   (was -0.0342)
  kappa_ParEd     -1.1681   (was -0.0070)
  kappa_terminal     8.3287   (was 5.0000)

Targeted moments -- 17 moments, 14 parameters (over-identified)
--------------------------------------------------------------------------------------------------------
  moment                     model        data     gap %         t  Q share   source
  mean_c_p                  3.0982      3.1155     -0.6%      -0.5     0.1%   cons_exhous_real_w99
  mean_h_p                  0.3077      0.3073      0.1%       0.2     0.0%   (wh_mom + wh_dad)/2 / 112
  mean_t_p_early            0.4447      0.4544     -2.1%      -1.3     0.4%   par_time_tot / 112, child ages 1-9
  mean_t_p_late             0.3392      0.3333      1.8%       0.9     0.2%   par_time_tot / 112, child ages 10-17
  mean_e_p_early            0.3403      0.3429     -0.8%      -0.2     0.0%   m_method2_final_w99, child ages 1-9
  mean_e_p_late             0.3900      0.3911     -0.3%      -0.1     0.0%   m_method2_final_w99, child ages 10-17
  mean_i_c_early            0.0392      0.0393     -0.3%      -0.0     0.0%   study_hrs / 112 (own study only), child ages 6-9
  mean_i_c_late             0.0497      0.0496      0.2%       0.0     0.0%   study_hrs / 112 (own study only), child ages 10-17
  mean_hc_early             6.0756      6.0737      0.2%       0.5     0.1%   x_gach (log PCA composite), child ages 3-9
  mean_hc_late              6.2586      6.2589     -0.0%      -0.2     0.0%   x_gach (log PCA composite), child ages 12-17
  ---------------------------------------- TAS block ----------------------------------------
  k0_complete               0.2150      0.3226    -33.4%      -9.4    20.6%   y_complete | hf_complete
  kth_ga17_t1_c             0.0465      0.1132    -58.9%      -2.2     1.1%   y_complete | hf_complete, ach_age==17, tert_ga==1
  kth_ga17_t2_c             0.1334      0.2453    -45.6%      -2.7     1.7%   y_complete | hf_complete, ach_age==17, tert_ga==2
  kth_ga17_t3_c             0.4655      0.6286    -25.9%      -3.4     2.7%   y_complete | hf_complete, ach_age==17, tert_ga==3
  kpe_g0_c                  0.0000      0.2108   -100.0%     -16.5    63.6%   y_complete | hf_complete, pared_col==0
  kpe_g1_c                  0.7061      0.6013     17.4%       5.7     7.6%   y_complete | hf_complete, pared_col==1
  kterm_x_strict_w99       23.7492     33.1977    -28.5%      -2.9     2.0%   pwx_strict winsorised at p99 (cut = 4,448,695 USD) | ever_strict
  Q                                                                  427.0099

  Q concentration: top 3 moments carry 91.8% of Q  (kpe_g0_c 64%, k0_complete 21%, kpe_g1_c 8%)
  WARNING: kpe_g0_c alone carries 64% of Q. The other 16 moments are
           barely influencing the estimate. Treat this as a scaling decision
           to be taken deliberately, NOT as a converged seventeen-moment fit.

TAS block -- college completion and terminal wealth
----------------------------------------------------------------------------
  college completion      0.2150  vs data 0.3226   (430 of 2000 simulated children)
  ability gradient      T1 0.046  T2 0.133  T3 0.465   (model)
                        T1 0.113  T2 0.245  T3 0.629   (data)
                        T3-T1 model +0.419  vs data +0.515
  parental education    g0 0.000  g1 0.706   (model; 609 of 2000 are BothCollege)
                        g0 0.211  g1 0.601   (data -- EITHER-parent, see ERRORS.md P7c)
  mean transfer          18.5048  (185048 USD)
  retained assets        23.7492  (237492 USD)  vs data 331977 USD
  pre-transfer assets    42.2540  (422540 USD)  -- NOT the target; the target is post-transfer
  LIMITATION: the data is measured at a median child age of ~29, a median 4 years
  after independence; the model's object is assets at the transfer, child age 18.

  c_p           30982 USD/yr  vs data 31155
  h_p            34.5 hrs/wk  vs data 34.4
  t_p  1-9       49.8 hrs/wk  vs data 50.9
  t_p 10-17      38.0 hrs/wk  vs data 37.3
  e_p  1-9       3403 USD/yr  vs data 3429
  e_p 10-17      3900 USD/yr  vs data 3911

  t_p late/early  model 0.76x  vs data 0.73x
  e_p late/early  model 1.15x  vs data 1.14x
  l_p (residual)  model 33.3 hrs/wk  vs 33.1 implied by the h_p/t_p targets
                  (measured leisure is 59.2 hrs/wk -- par_time_tot overlaps it)

Untargeted -- does the fit stay believable?
--------------------------------------------------------------
  after-tax income        4.6856  (46856 USD/yr)
  implied saving rate       34.5%
  terminal assets        42.2540  (422540 USD)
  leisure l_p             0.2972  (33.3 hrs/wk)
  invalid sim cells            0
  assets above a_max=100  max 99.5  (households: 0 ever (0.00%), 0 at t=1, 0 at handoff)
  HC in [50, 1500]      range 297.7 - 546.5  (households: 0 ever above, 0 ever below, 0 above at handoff)
  every simulated state is inside both grids

all parameters interior to their boxes

acceptance -- about the RETAINED WINNER, not about the other restarts
  winner came from        polish
  its own return code     FTOL_REACHED  (converged)  yes
  refinement              skipped (ret NOT_RUN, 0 evals)  yes
  no objective exceptions yes  (0)
  final sim in domain     yes  (0 invalid cells)
  no parameter on a bound yes  (all interior)
  objective finite        yes  (Q = 427.01)
  (for context: 2 of 5 restarts converged, 3 hit a budget, 0 other)
  ACCEPTED -- this point may be quoted, with the caveats in docs/SMM.md

wrote output/smm_runs/2026-09-10_183649/run_record.toml
wrote output/smm_runs/2026-09-10_183649/restarts.csv
wrote output/smm_runs/2026-09-10_183649/estimates.toml
wrote output/smm_runs/2026-09-10_183649/run.log
