
============================================================================
SMM: parent-block moments
============================================================================
started    2026-09-06 18:31:19
host       haflinger.ceu.edu
machine    112 cores, 503 GB RAM, load average 11.9
workers    20 of 112 cores (18%) -- capped by shared-server budget
budget     2000 Sobol points, 5 restarts (<= 400 evals each, polish 400)
grids      Na=Nhc=30 for both the search and the report
writing to output/smm_runs/2026-09-06_183119
7.7s
running on 21 process(es): 1 master + 20 worker(s), 1 BLAS thread each
10.7s
30.0s (all processes at once)

============================================================================
Targets  (Input/smm_targets_baseline.toml)
============================================================================
10 moments, 9 parameters -- OVER-identified, Q cannot reach 0 and weights matter
parameters: phi_2, phi_3, lambda_2, R_0, sigma_1_0, sigma_1_1, sigma_2_0, sigma_2_1, sigma_4_0
moment           mean         sd        N   source
mean_c_p       3.1155     1.6993     6742   cons_exhous_real_w99
mean_h_p       0.3073     0.0999    15665   (wh_mom + wh_dad)/2 / 112
mean_t_p_early     0.4544     0.1656      475   par_time_tot / 112, child ages 1-9
mean_t_p_late     0.3333     0.1669      590   par_time_tot / 112, child ages 10-17
mean_e_p_early     0.3429     0.4794     8178   m_method2_final_w99, child ages 1-9
mean_e_p_late     0.3911     0.6638     7182   m_method2_final_w99, child ages 10-17
mean_i_c_early     0.0393     0.0358      171   study_hrs / 112, child ages 6-9
mean_i_c_late     0.0496     0.0595      584   study_hrs / 112, child ages 10-17
mean_hc_early     6.0737     0.1081      252   x_gach (log PCA composite), child ages 3-9
mean_hc_late     6.2508     0.0323      549   x_gach (log PCA composite), child ages 10-17

SDs are shown but NOT targeted: the model's cross-sectional dispersion comes
from a 5-node wage shock plus initial draws and cannot reach the data's
(leisure SD is 7.4x too small). Targeting them would distort the means.
16.1s

projected runtime
  sobol stage     2001 evals / 20 workers  =   26.9 min   (parallel)
  local stage      825 evals, sequential    =  221.7 min   (cannot be parallelised)
  total                                     248.6 min

The local stage dominates because TikTak's restarts are sequential by
construction. More workers shorten the first line only -- to use a wide
machine well, raise --sobol (better seeds), not --restarts.

============================================================================
Incumbent calibration
============================================================================
Q = 2.944401

Parameters
--------------------------------------------------------------
  phi_2            0.1418   (was 0.1418)
  phi_3            1.0000   (was 1.0000)
  lambda_2         1.0000   (was 1.0000)
  R_0             81.5500   (was 81.5500)
  sigma_1_0       -0.4575   (was -0.4575)
  sigma_1_1       -0.0634   (was -0.0634)
  sigma_2_0       -3.3955   (was -3.3955)
  sigma_2_1       -0.0287   (was -0.0287)
  sigma_4_0       -4.5000   (was -4.5000)

Targeted moments
----------------------------------------------------------------------------
  moment          model       data     gap %   source
  mean_c_p       3.7021     3.1155     18.8%   cons_exhous_real_w99
  mean_h_p       0.3504     0.3073     14.0%   (wh_mom + wh_dad)/2 / 112
  mean_t_p_early     0.4469     0.4544     -1.7%   par_time_tot / 112, child ages 1-9
  mean_t_p_late     0.2591     0.3333    -22.3%   par_time_tot / 112, child ages 10-17
  mean_e_p_early     0.3326     0.3429     -3.0%   m_method2_final_w99, child ages 1-9
  mean_e_p_late     0.3363     0.3911    -14.0%   m_method2_final_w99, child ages 10-17
  mean_i_c_early     0.1159     0.0393    194.9%   study_hrs / 112, child ages 6-9
  mean_i_c_late     0.0525     0.0496      5.9%   study_hrs / 112, child ages 10-17
  mean_hc_early     6.6597     6.0737     79.7%   x_gach (log PCA composite), child ages 3-9
  mean_hc_late     6.6059     6.2508     42.6%   x_gach (log PCA composite), child ages 10-17
  Q                                  2.9444    (gap % is in LEVELS for log moments)

  c_p           37021 USD/yr  vs data 31155
  h_p            39.2 hrs/wk  vs data 34.4
  t_p  1-9       50.1 hrs/wk  vs data 50.9
  t_p 10-17      29.0 hrs/wk  vs data 37.3
  e_p  1-9       3326 USD/yr  vs data 3429
  e_p 10-17      3363 USD/yr  vs data 3911

  t_p late/early  model 0.58x  vs data 0.73x
  e_p late/early  model 1.01x  vs data 1.14x
  l_p (residual)  model 32.6 hrs/wk  vs 33.1 implied by the h_p/t_p targets
                  (measured leisure is 59.2 hrs/wk -- par_time_tot overlaps it)

Untargeted -- does the fit stay believable?
--------------------------------------------------------------
  after-tax income        5.2430  (52430 USD/yr)
  implied saving rate       30.9%
  terminal assets        40.6229  (406229 USD)
  leisure l_p             0.2910  (32.6 hrs/wk)
  invalid sim cells            0
  assets above a_max=100  max 259.0  (households: 7 ever (0.35%), 2 at t=1, 7 at handoff)
     5 households CROSS the ceiling during t = 1..17 -- not just the initial draw
  HC in [50, 1500]      range 297.7 - 1103.8  (households: 0 ever above, 0 ever below, 0 above at handoff)

  off-grid states by period (n = 2000 households)
    t      a>a_max      max a    hc>hi    hc<lo     max hc
    1            2      214.4        0        0      464.2
    2            2      215.8        0        0      737.4
    3            2      217.3        0        0      921.5
    4            2      218.7        0        0     1031.1
    5            2      220.1        0        0     1084.7
    6            2      221.6        0        0     1103.8
    7            2      223.4        0        0     1074.6
    8            2      225.5        0        0     1044.4
    9            2      227.9        0        0     1016.2
    10           2      230.7        0        0      991.0
    11           2      233.4        0        0      978.5
    12           2      236.5        0        0      963.9
    13           2      239.4        0        0      961.3
    14           2      242.6        0        0      952.8
    15           2      246.1        0        0      943.6
    16           2      249.9        0        0      936.4
    17           2      254.4        0        0      925.8
    T+1          7      259.0        0        0     1022.1
    (rows with no off-grid state are omitted; T+1 is the age-18 handoff)

============================================================================
TikTak search
============================================================================
  sobol        1/2001    0%   best Q       1e+06     0.3 min elapsed, ~545 min left
  sobol        3/2001    0%   best Q       82.15     0.3 min elapsed, ~204 min left
  sobol       14/2001    1%   best Q       9.235     0.3 min elapsed, ~49 min left
  sobol       20/2001    1%   best Q       9.235     0.4 min elapsed, ~38 min left
  sobol       21/2001    1%   best Q       9.235     0.4 min elapsed, ~41 min left
  sobol       22/2001    1%   best Q       9.235     0.5 min elapsed, ~42 min left
  sobol       33/2001    2%   best Q       9.235     0.5 min elapsed, ~30 min left
  sobol       39/2001    2%   best Q        7.57     0.5 min elapsed, ~27 min left
  sobol       42/2001    2%   best Q        7.57     0.6 min elapsed, ~27 min left
  sobol       48/2001    2%   best Q        7.57     0.6 min elapsed, ~26 min left
  sobol       56/2001    3%   best Q        7.57     0.7 min elapsed, ~23 min left
  sobol       63/2001    3%   best Q        7.57     0.7 min elapsed, ~22 min left
  sobol       64/2001    3%   best Q        7.57     0.7 min elapsed, ~23 min left
  sobol       71/2001    4%   best Q        7.57     0.8 min elapsed, ~21 min left
  sobol       74/2001    4%   best Q        7.57     0.8 min elapsed, ~21 min left
  sobol       80/2001    4%   best Q        7.57     0.9 min elapsed, ~21 min left
  sobol       85/2001    4%   best Q        7.57     0.9 min elapsed, ~20 min left
  sobol       90/2001    4%   best Q        7.57     0.9 min elapsed, ~20 min left
  sobol       95/2001    5%   best Q        7.57     1.0 min elapsed, ~20 min left
  sobol      100/2001    5%   best Q        7.57     1.0 min elapsed, ~19 min left
  sobol      106/2001    5%   best Q       5.524     1.0 min elapsed, ~19 min left
  sobol      110/2001    5%   best Q       5.524     1.1 min elapsed, ~19 min left
  sobol      117/2001    6%   best Q       5.524     1.1 min elapsed, ~18 min left
  sobol      121/2001    6%   best Q       5.524     1.2 min elapsed, ~18 min left
  sobol      126/2001    6%   best Q       5.524     1.2 min elapsed, ~18 min left
  sobol      132/2001    7%   best Q       5.524     1.3 min elapsed, ~18 min left
  sobol      138/2001    7%   best Q       5.524     1.3 min elapsed, ~17 min left
  sobol      142/2001    7%   best Q       5.524     1.3 min elapsed, ~18 min left
  sobol      147/2001    7%   best Q       5.524     1.4 min elapsed, ~17 min left
  sobol      152/2001    8%   best Q       5.524     1.4 min elapsed, ~17 min left
  sobol      160/2001    8%   best Q       5.524     1.5 min elapsed, ~17 min left
  sobol      167/2001    8%   best Q       5.524     1.5 min elapsed, ~17 min left
  sobol      172/2001    9%   best Q       5.524     1.5 min elapsed, ~16 min left
  sobol      178/2001    9%   best Q       5.524     1.6 min elapsed, ~16 min left
  sobol      181/2001    9%   best Q       5.524     1.6 min elapsed, ~16 min left
  sobol      184/2001    9%   best Q       5.524     1.6 min elapsed, ~16 min left
  sobol      192/2001   10%   best Q       5.524     1.7 min elapsed, ~16 min left
  sobol      198/2001   10%   best Q       5.524     1.7 min elapsed, ~16 min left
  sobol      202/2001   10%   best Q       5.524     1.8 min elapsed, ~16 min left
  sobol      208/2001   10%   best Q       5.524     1.8 min elapsed, ~16 min left
  sobol      215/2001   11%   best Q       5.524     1.9 min elapsed, ~15 min left
  sobol      220/2001   11%   best Q       5.524     1.9 min elapsed, ~15 min left
  sobol      224/2001   11%   best Q       5.524     1.9 min elapsed, ~15 min left
  sobol      229/2001   11%   best Q       5.524     2.0 min elapsed, ~15 min left
  sobol      234/2001   12%   best Q       5.524     2.0 min elapsed, ~15 min left
  sobol      238/2001   12%   best Q       5.524     2.0 min elapsed, ~15 min left
  sobol      244/2001   12%   best Q       5.524     2.1 min elapsed, ~15 min left
  sobol      249/2001   12%   best Q       5.524     2.1 min elapsed, ~15 min left
  sobol      255/2001   13%   best Q       5.524     2.2 min elapsed, ~15 min left
  sobol      261/2001   13%   best Q       5.524     2.2 min elapsed, ~15 min left
  sobol      265/2001   13%   best Q       5.524     2.2 min elapsed, ~15 min left
  sobol      271/2001   14%   best Q       5.524     2.3 min elapsed, ~14 min left
  sobol      277/2001   14%   best Q       5.524     2.3 min elapsed, ~14 min left
  sobol      280/2001   14%   best Q       5.524     2.3 min elapsed, ~14 min left
  sobol      285/2001   14%   best Q       5.524     2.4 min elapsed, ~14 min left
  sobol      289/2001   14%   best Q       5.524     2.4 min elapsed, ~14 min left
  sobol      295/2001   15%   best Q       5.524     2.4 min elapsed, ~14 min left
  sobol      303/2001   15%   best Q       1.377     2.5 min elapsed, ~14 min left
  sobol      308/2001   15%   best Q       1.377     2.5 min elapsed, ~14 min left
  sobol      314/2001   16%   best Q       1.377     2.6 min elapsed, ~14 min left
  sobol      319/2001   16%   best Q       1.377     2.6 min elapsed, ~14 min left
  sobol      324/2001   16%   best Q       1.377     2.7 min elapsed, ~14 min left
  sobol      328/2001   16%   best Q       1.377     2.7 min elapsed, ~14 min left
  sobol      336/2001   17%   best Q       1.377     2.8 min elapsed, ~14 min left
  sobol      341/2001   17%   best Q       1.377     2.8 min elapsed, ~14 min left
  sobol      344/2001   17%   best Q       1.377     2.8 min elapsed, ~14 min left
  sobol      349/2001   17%   best Q       1.377     2.9 min elapsed, ~14 min left
  sobol      357/2001   18%   best Q       1.377     2.9 min elapsed, ~13 min left
  sobol      361/2001   18%   best Q       1.377     3.0 min elapsed, ~13 min left
  sobol      369/2001   18%   best Q       1.377     3.0 min elapsed, ~13 min left
  sobol      376/2001   19%   best Q       1.377     3.1 min elapsed, ~13 min left
  sobol      381/2001   19%   best Q       1.377     3.1 min elapsed, ~13 min left
  sobol      385/2001   19%   best Q       1.377     3.1 min elapsed, ~13 min left
  sobol      391/2001   20%   best Q       1.377     3.2 min elapsed, ~13 min left
  sobol      397/2001   20%   best Q       1.377     3.2 min elapsed, ~13 min left
  sobol      405/2001   20%   best Q       1.377     3.3 min elapsed, ~13 min left
  sobol      408/2001   20%   best Q       1.377     3.3 min elapsed, ~13 min left
  sobol      413/2001   21%   best Q       1.377     3.3 min elapsed, ~13 min left
  sobol      422/2001   21%   best Q       1.377     3.4 min elapsed, ~13 min left
  sobol      426/2001   21%   best Q       1.377     3.4 min elapsed, ~13 min left
  sobol      430/2001   21%   best Q       1.377     3.5 min elapsed, ~13 min left
  sobol      435/2001   22%   best Q       1.377     3.5 min elapsed, ~13 min left
  sobol      442/2001   22%   best Q       1.377     3.5 min elapsed, ~12 min left
  sobol      445/2001   22%   best Q       1.377     3.6 min elapsed, ~13 min left
  sobol      452/2001   23%   best Q       1.377     3.6 min elapsed, ~12 min left
  sobol      460/2001   23%   best Q       1.377     3.7 min elapsed, ~12 min left
  sobol      465/2001   23%   best Q       1.377     3.7 min elapsed, ~12 min left
  sobol      471/2001   24%   best Q       1.377     3.8 min elapsed, ~12 min left
  sobol      475/2001   24%   best Q       1.377     3.8 min elapsed, ~12 min left
  sobol      480/2001   24%   best Q       1.377     3.8 min elapsed, ~12 min left
  sobol      486/2001   24%   best Q       1.377     3.9 min elapsed, ~12 min left
  sobol      491/2001   25%   best Q       1.377     3.9 min elapsed, ~12 min left
  sobol      494/2001   25%   best Q       1.377     3.9 min elapsed, ~12 min left
  sobol      500/2001   25%   best Q       1.377     4.0 min elapsed, ~12 min left
  sobol      506/2001   25%   best Q       1.377     4.0 min elapsed, ~12 min left
  sobol      512/2001   26%   best Q       1.377     4.1 min elapsed, ~12 min left
  sobol      515/2001   26%   best Q       1.377     4.1 min elapsed, ~12 min left
  sobol      520/2001   26%   best Q       1.377     4.1 min elapsed, ~12 min left
  sobol      526/2001   26%   best Q       1.377     4.2 min elapsed, ~12 min left
  sobol      533/2001   27%   best Q       1.377     4.2 min elapsed, ~12 min left
  sobol      536/2001   27%   best Q       1.377     4.3 min elapsed, ~12 min left
  sobol      544/2001   27%   best Q       1.377     4.3 min elapsed, ~12 min left
  sobol      549/2001   27%   best Q       1.377     4.3 min elapsed, ~11 min left
  sobol      555/2001   28%   best Q       1.377     4.4 min elapsed, ~11 min left
  sobol      559/2001   28%   best Q       1.377     4.4 min elapsed, ~11 min left
  sobol      566/2001   28%   best Q       1.377     4.5 min elapsed, ~11 min left
  sobol      573/2001   29%   best Q       1.377     4.5 min elapsed, ~11 min left
  sobol      577/2001   29%   best Q       1.377     4.6 min elapsed, ~11 min left
  sobol      584/2001   29%   best Q       1.377     4.6 min elapsed, ~11 min left
  sobol      588/2001   29%   best Q       1.377     4.6 min elapsed, ~11 min left
  sobol      594/2001   30%   best Q       1.377     4.7 min elapsed, ~11 min left
  sobol      598/2001   30%   best Q       1.377     4.7 min elapsed, ~11 min left
  sobol      606/2001   30%   best Q       1.377     4.8 min elapsed, ~11 min left
  sobol      609/2001   30%   best Q       1.377     4.8 min elapsed, ~11 min left
  sobol      615/2001   31%   best Q       1.377     4.8 min elapsed, ~11 min left
  sobol      620/2001   31%   best Q       1.377     4.9 min elapsed, ~11 min left
  sobol      625/2001   31%   best Q       1.377     4.9 min elapsed, ~11 min left
  sobol      631/2001   32%   best Q       1.377     4.9 min elapsed, ~11 min left
  sobol      634/2001   32%   best Q       1.377     5.0 min elapsed, ~11 min left
  sobol      640/2001   32%   best Q       1.377     5.0 min elapsed, ~11 min left
  sobol      647/2001   32%   best Q       1.377     5.1 min elapsed, ~11 min left
  sobol      650/2001   32%   best Q       1.377     5.1 min elapsed, ~11 min left
  sobol      655/2001   33%   best Q       1.377     5.1 min elapsed, ~11 min left
  sobol      660/2001   33%   best Q       1.377     5.2 min elapsed, ~11 min left
  sobol      666/2001   33%   best Q       1.377     5.2 min elapsed, ~10 min left
  sobol      672/2001   34%   best Q       1.377     5.3 min elapsed, ~10 min left
  sobol      678/2001   34%   best Q       1.377     5.3 min elapsed, ~10 min left
  sobol      682/2001   34%   best Q       1.377     5.3 min elapsed, ~10 min left
  sobol      688/2001   34%   best Q       1.377     5.4 min elapsed, ~10 min left
  sobol      694/2001   35%   best Q       1.377     5.4 min elapsed, ~10 min left
  sobol      703/2001   35%   best Q       1.377     5.5 min elapsed, ~10 min left
  sobol      705/2001   35%   best Q       1.377     5.5 min elapsed, ~10 min left
  sobol      710/2001   35%   best Q       1.377     5.5 min elapsed, ~10 min left
  sobol      715/2001   36%   best Q       1.377     5.6 min elapsed, ~10 min left
  sobol      720/2001   36%   best Q       1.377     5.6 min elapsed, ~10 min left
  sobol      725/2001   36%   best Q       1.377     5.7 min elapsed, ~10 min left
  sobol      733/2001   37%   best Q       1.377     5.7 min elapsed, ~10 min left
  sobol      736/2001   37%   best Q       1.377     5.7 min elapsed, ~10 min left
  sobol      740/2001   37%   best Q       1.377     5.8 min elapsed, ~10 min left
  sobol      749/2001   37%   best Q       1.377     5.8 min elapsed, ~10 min left
  sobol      752/2001   38%   best Q       1.377     5.9 min elapsed, ~10 min left
  sobol      757/2001   38%   best Q       1.377     5.9 min elapsed, ~10 min left
  sobol      763/2001   38%   best Q       1.377     5.9 min elapsed, ~10 min left
  sobol      767/2001   38%   best Q       1.377     6.0 min elapsed, ~10 min left
  sobol      773/2001   39%   best Q       1.377     6.0 min elapsed, ~10 min left
  sobol      781/2001   39%   best Q       1.377     6.1 min elapsed, ~9 min left
  sobol      785/2001   39%   best Q       1.377     6.1 min elapsed, ~9 min left
  sobol      791/2001   40%   best Q       1.377     6.2 min elapsed, ~9 min left
  sobol      794/2001   40%   best Q       1.377     6.2 min elapsed, ~9 min left
  sobol      799/2001   40%   best Q       1.377     6.2 min elapsed, ~9 min left
  sobol      808/2001   40%   best Q       1.377     6.3 min elapsed, ~9 min left
  sobol      812/2001   41%   best Q       1.377     6.3 min elapsed, ~9 min left
  sobol      816/2001   41%   best Q       1.377     6.4 min elapsed, ~9 min left
  sobol      823/2001   41%   best Q       1.377     6.4 min elapsed, ~9 min left
  sobol      829/2001   41%   best Q       1.377     6.4 min elapsed, ~9 min left
  sobol      832/2001   42%   best Q       1.377     6.5 min elapsed, ~9 min left
  sobol      839/2001   42%   best Q       1.377     6.5 min elapsed, ~9 min left
  sobol      841/2001   42%   best Q       1.377     6.5 min elapsed, ~9 min left
  sobol      849/2001   42%   best Q       1.377     6.6 min elapsed, ~9 min left
  sobol      853/2001   43%   best Q       1.377     6.6 min elapsed, ~9 min left
  sobol      860/2001   43%   best Q       1.377     6.7 min elapsed, ~9 min left
  sobol      865/2001   43%   best Q       1.377     6.7 min elapsed, ~9 min left
  sobol      872/2001   44%   best Q       1.377     6.8 min elapsed, ~9 min left
  sobol      878/2001   44%   best Q       1.377     6.8 min elapsed, ~9 min left
  sobol      884/2001   44%   best Q       1.377     6.8 min elapsed, ~9 min left
  sobol      889/2001   44%   best Q       1.377     6.9 min elapsed, ~9 min left
  sobol      895/2001   45%   best Q       1.377     6.9 min elapsed, ~9 min left
  sobol      900/2001   45%   best Q       1.377     7.0 min elapsed, ~9 min left
  sobol      901/2001   45%   best Q       1.377     7.0 min elapsed, ~9 min left
  sobol      910/2001   45%   best Q       1.377     7.0 min elapsed, ~8 min left
  sobol      915/2001   46%   best Q       1.377     7.1 min elapsed, ~8 min left
  sobol      919/2001   46%   best Q       1.377     7.1 min elapsed, ~8 min left
  sobol      924/2001   46%   best Q       1.377     7.2 min elapsed, ~8 min left
  sobol      930/2001   46%   best Q       1.377     7.2 min elapsed, ~8 min left
  sobol      937/2001   47%   best Q       1.377     7.2 min elapsed, ~8 min left
  sobol      941/2001   47%   best Q       1.377     7.3 min elapsed, ~8 min left
  sobol      947/2001   47%   best Q       1.377     7.3 min elapsed, ~8 min left
  sobol      951/2001   48%   best Q       1.377     7.4 min elapsed, ~8 min left
  sobol      958/2001   48%   best Q       1.377     7.4 min elapsed, ~8 min left
  sobol      963/2001   48%   best Q       1.377     7.4 min elapsed, ~8 min left
  sobol      968/2001   48%   best Q       1.377     7.5 min elapsed, ~8 min left
  sobol      974/2001   49%   best Q       1.377     7.5 min elapsed, ~8 min left
  sobol      982/2001   49%   best Q       1.377     7.6 min elapsed, ~8 min left
  sobol      985/2001   49%   best Q       1.377     7.6 min elapsed, ~8 min left
  sobol      992/2001   50%   best Q       1.377     7.7 min elapsed, ~8 min left
  sobol     1000/2001   50%   best Q       1.377     7.7 min elapsed, ~8 min left
  sobol     1003/2001   50%   best Q       1.377     7.7 min elapsed, ~8 min left
  sobol     1009/2001   50%   best Q       1.377     7.8 min elapsed, ~8 min left
  sobol     1016/2001   51%   best Q       1.377     7.8 min elapsed, ~8 min left
  sobol     1022/2001   51%   best Q       1.377     7.9 min elapsed, ~8 min left
  sobol     1027/2001   51%   best Q       1.377     7.9 min elapsed, ~7 min left
  sobol     1031/2001   52%   best Q       1.377     7.9 min elapsed, ~7 min left
  sobol     1034/2001   52%   best Q       1.377     8.0 min elapsed, ~7 min left
  sobol     1041/2001   52%   best Q       1.377     8.0 min elapsed, ~7 min left
  sobol     1046/2001   52%   best Q       1.377     8.1 min elapsed, ~7 min left
  sobol     1055/2001   53%   best Q       1.377     8.1 min elapsed, ~7 min left
  sobol     1059/2001   53%   best Q       1.377     8.1 min elapsed, ~7 min left
  sobol     1064/2001   53%   best Q       1.377     8.2 min elapsed, ~7 min left
  sobol     1070/2001   53%   best Q       1.377     8.2 min elapsed, ~7 min left
  sobol     1073/2001   54%   best Q       1.377     8.2 min elapsed, ~7 min left
  sobol     1078/2001   54%   best Q       1.377     8.3 min elapsed, ~7 min left
  sobol     1082/2001   54%   best Q       1.377     8.3 min elapsed, ~7 min left
  sobol     1089/2001   54%   best Q       1.377     8.4 min elapsed, ~7 min left
  sobol     1094/2001   55%   best Q       1.377     8.4 min elapsed, ~7 min left
  sobol     1098/2001   55%   best Q       1.377     8.4 min elapsed, ~7 min left
  sobol     1103/2001   55%   best Q       1.377     8.5 min elapsed, ~7 min left
  sobol     1109/2001   55%   best Q       1.377     8.5 min elapsed, ~7 min left
  sobol     1114/2001   56%   best Q       1.377     8.6 min elapsed, ~7 min left
  sobol     1121/2001   56%   best Q       1.377     8.6 min elapsed, ~7 min left
  sobol     1128/2001   56%   best Q       1.377     8.7 min elapsed, ~7 min left
  sobol     1134/2001   57%   best Q       1.377     8.7 min elapsed, ~7 min left
  sobol     1137/2001   57%   best Q       1.377     8.7 min elapsed, ~7 min left
  sobol     1144/2001   57%   best Q       1.377     8.8 min elapsed, ~7 min left
  sobol     1151/2001   58%   best Q       1.377     8.8 min elapsed, ~7 min left
  sobol     1153/2001   58%   best Q       1.377     8.9 min elapsed, ~7 min left
  sobol     1160/2001   58%   best Q       1.377     8.9 min elapsed, ~6 min left
  sobol     1165/2001   58%   best Q       1.377     8.9 min elapsed, ~6 min left
  sobol     1173/2001   59%   best Q       1.377     9.0 min elapsed, ~6 min left
  sobol     1176/2001   59%   best Q       1.377     9.0 min elapsed, ~6 min left
  sobol     1181/2001   59%   best Q       1.377     9.1 min elapsed, ~6 min left
  sobol     1187/2001   59%   best Q       1.377     9.1 min elapsed, ~6 min left
  sobol     1192/2001   60%   best Q       1.377     9.1 min elapsed, ~6 min left
  sobol     1197/2001   60%   best Q       1.377     9.2 min elapsed, ~6 min left
  sobol     1201/2001   60%   best Q       1.377     9.2 min elapsed, ~6 min left
  sobol     1207/2001   60%   best Q       1.377     9.2 min elapsed, ~6 min left
  sobol     1212/2001   61%   best Q       1.377     9.3 min elapsed, ~6 min left
  sobol     1214/2001   61%   best Q       1.377     9.3 min elapsed, ~6 min left
  sobol     1220/2001   61%   best Q       1.377     9.4 min elapsed, ~6 min left
  sobol     1224/2001   61%   best Q       1.377     9.4 min elapsed, ~6 min left
  sobol     1230/2001   61%   best Q       1.377     9.4 min elapsed, ~6 min left
  sobol     1236/2001   62%   best Q       1.377     9.5 min elapsed, ~6 min left
  sobol     1241/2001   62%   best Q       1.377     9.5 min elapsed, ~6 min left
  sobol     1247/2001   62%   best Q       1.377     9.5 min elapsed, ~6 min left
  sobol     1251/2001   63%   best Q       1.377     9.6 min elapsed, ~6 min left
  sobol     1257/2001   63%   best Q       1.377     9.6 min elapsed, ~6 min left
  sobol     1261/2001   63%   best Q       1.377     9.7 min elapsed, ~6 min left
  sobol     1270/2001   63%   best Q       1.377     9.7 min elapsed, ~6 min left
  sobol     1272/2001   64%   best Q       1.377     9.7 min elapsed, ~6 min left
  sobol     1280/2001   64%   best Q       1.377     9.8 min elapsed, ~6 min left
  sobol     1284/2001   64%   best Q       1.377     9.8 min elapsed, ~5 min left
  sobol     1290/2001   64%   best Q       1.377     9.9 min elapsed, ~5 min left
  sobol     1293/2001   65%   best Q       1.377     9.9 min elapsed, ~5 min left
  sobol     1299/2001   65%   best Q       1.377     9.9 min elapsed, ~5 min left
  sobol     1303/2001   65%   best Q       1.377    10.0 min elapsed, ~5 min left
  sobol     1310/2001   65%   best Q       1.377    10.0 min elapsed, ~5 min left
  sobol     1316/2001   66%   best Q       1.377    10.1 min elapsed, ~5 min left
  sobol     1321/2001   66%   best Q       1.377    10.1 min elapsed, ~5 min left
  sobol     1329/2001   66%   best Q       1.377    10.2 min elapsed, ~5 min left
  sobol     1333/2001   67%   best Q       1.377    10.2 min elapsed, ~5 min left
  sobol     1338/2001   67%   best Q       1.377    10.2 min elapsed, ~5 min left
  sobol     1345/2001   67%   best Q       1.377    10.3 min elapsed, ~5 min left
  sobol     1351/2001   68%   best Q       1.377    10.3 min elapsed, ~5 min left
  sobol     1354/2001   68%   best Q       1.377    10.3 min elapsed, ~5 min left
  sobol     1361/2001   68%   best Q       1.377    10.4 min elapsed, ~5 min left
  sobol     1367/2001   68%   best Q       1.377    10.4 min elapsed, ~5 min left
  sobol     1372/2001   69%   best Q       1.377    10.5 min elapsed, ~5 min left
  sobol     1375/2001   69%   best Q       1.377    10.5 min elapsed, ~5 min left
  sobol     1382/2001   69%   best Q       1.377    10.5 min elapsed, ~5 min left
  sobol     1388/2001   69%   best Q       1.377    10.6 min elapsed, ~5 min left
  sobol     1393/2001   70%   best Q       1.377    10.6 min elapsed, ~5 min left
  sobol     1397/2001   70%   best Q       1.377    10.7 min elapsed, ~5 min left
  sobol     1401/2001   70%   best Q       1.377    10.7 min elapsed, ~5 min left
  sobol     1408/2001   70%   best Q       1.377    10.7 min elapsed, ~5 min left
  sobol     1413/2001   71%   best Q       1.377    10.8 min elapsed, ~4 min left
  sobol     1417/2001   71%   best Q       1.377    10.8 min elapsed, ~4 min left
  sobol     1420/2001   71%   best Q       1.377    10.8 min elapsed, ~4 min left
  sobol     1428/2001   71%   best Q       1.377    10.9 min elapsed, ~4 min left
  sobol     1435/2001   72%   best Q       1.377    10.9 min elapsed, ~4 min left
  sobol     1439/2001   72%   best Q       1.377    11.0 min elapsed, ~4 min left
  sobol     1444/2001   72%   best Q       1.377    11.0 min elapsed, ~4 min left
  sobol     1446/2001   72%   best Q       1.377    11.0 min elapsed, ~4 min left
  sobol     1453/2001   73%   best Q       1.377    11.1 min elapsed, ~4 min left
  sobol     1457/2001   73%   best Q       1.377    11.1 min elapsed, ~4 min left
  sobol     1463/2001   73%   best Q       1.377    11.2 min elapsed, ~4 min left
  sobol     1467/2001   73%   best Q       1.377    11.2 min elapsed, ~4 min left
  sobol     1474/2001   74%   best Q       1.377    11.2 min elapsed, ~4 min left
  sobol     1478/2001   74%   best Q       1.377    11.3 min elapsed, ~4 min left
  sobol     1482/2001   74%   best Q       1.377    11.3 min elapsed, ~4 min left
  sobol     1487/2001   74%   best Q       1.377    11.3 min elapsed, ~4 min left
  sobol     1492/2001   75%   best Q       1.377    11.4 min elapsed, ~4 min left
  sobol     1499/2001   75%   best Q       1.377    11.4 min elapsed, ~4 min left
  sobol     1504/2001   75%   best Q       1.377    11.5 min elapsed, ~4 min left
  sobol     1510/2001   75%   best Q       1.377    11.5 min elapsed, ~4 min left
  sobol     1513/2001   76%   best Q       1.377    11.5 min elapsed, ~4 min left
  sobol     1520/2001   76%   best Q       1.377    11.6 min elapsed, ~4 min left
  sobol     1525/2001   76%   best Q       1.377    11.6 min elapsed, ~4 min left
  sobol     1530/2001   76%   best Q       1.377    11.7 min elapsed, ~4 min left
  sobol     1536/2001   77%   best Q       1.377    11.7 min elapsed, ~4 min left
  sobol     1542/2001   77%   best Q       1.377    11.7 min elapsed, ~3 min left
  sobol     1550/2001   77%   best Q       1.377    11.8 min elapsed, ~3 min left
  sobol     1553/2001   78%   best Q       1.377    11.8 min elapsed, ~3 min left
  sobol     1561/2001   78%   best Q       1.377    11.9 min elapsed, ~3 min left
  sobol     1565/2001   78%   best Q       1.377    11.9 min elapsed, ~3 min left
  sobol     1570/2001   78%   best Q       1.377    11.9 min elapsed, ~3 min left
  sobol     1574/2001   79%   best Q       1.377    12.0 min elapsed, ~3 min left
  sobol     1579/2001   79%   best Q       1.377    12.0 min elapsed, ~3 min left
  sobol     1583/2001   79%   best Q       1.377    12.0 min elapsed, ~3 min left
  sobol     1589/2001   79%   best Q       1.377    12.1 min elapsed, ~3 min left
  sobol     1594/2001   80%   best Q       1.377    12.1 min elapsed, ~3 min left
  sobol     1599/2001   80%   best Q       1.377    12.2 min elapsed, ~3 min left
  sobol     1605/2001   80%   best Q       1.377    12.2 min elapsed, ~3 min left
  sobol     1610/2001   80%   best Q       1.377    12.3 min elapsed, ~3 min left
  sobol     1616/2001   81%   best Q       1.377    12.3 min elapsed, ~3 min left
  sobol     1622/2001   81%   best Q       1.377    12.3 min elapsed, ~3 min left
  sobol     1628/2001   81%   best Q       1.377    12.4 min elapsed, ~3 min left
  sobol     1634/2001   82%   best Q       1.377    12.4 min elapsed, ~3 min left
  sobol     1639/2001   82%   best Q       1.377    12.4 min elapsed, ~3 min left
  sobol     1643/2001   82%   best Q       1.377    12.5 min elapsed, ~3 min left
  sobol     1648/2001   82%   best Q       1.377    12.5 min elapsed, ~3 min left
  sobol     1657/2001   83%   best Q       1.377    12.6 min elapsed, ~3 min left
  sobol     1660/2001   83%   best Q       1.377    12.6 min elapsed, ~3 min left
  sobol     1668/2001   83%   best Q       1.377    12.7 min elapsed, ~3 min left
  sobol     1674/2001   84%   best Q       1.377    12.7 min elapsed, ~2 min left
  sobol     1679/2001   84%   best Q       1.377    12.7 min elapsed, ~2 min left
  sobol     1684/2001   84%   best Q       1.377    12.8 min elapsed, ~2 min left
  sobol     1690/2001   84%   best Q       1.377    12.8 min elapsed, ~2 min left
  sobol     1695/2001   85%   best Q       1.377    12.9 min elapsed, ~2 min left
  sobol     1699/2001   85%   best Q       1.377    12.9 min elapsed, ~2 min left
  sobol     1705/2001   85%   best Q       1.377    12.9 min elapsed, ~2 min left
  sobol     1708/2001   85%   best Q       1.377    13.0 min elapsed, ~2 min left
  sobol     1714/2001   86%   best Q       1.377    13.0 min elapsed, ~2 min left
  sobol     1718/2001   86%   best Q       1.377    13.1 min elapsed, ~2 min left
  sobol     1725/2001   86%   best Q       1.377    13.1 min elapsed, ~2 min left
  sobol     1729/2001   86%   best Q       1.377    13.1 min elapsed, ~2 min left
  sobol     1735/2001   87%   best Q       1.377    13.2 min elapsed, ~2 min left
  sobol     1738/2001   87%   best Q       1.377    13.2 min elapsed, ~2 min left
  sobol     1747/2001   87%   best Q       1.377    13.3 min elapsed, ~2 min left
  sobol     1751/2001   88%   best Q       1.377    13.3 min elapsed, ~2 min left
  sobol     1754/2001   88%   best Q       1.377    13.3 min elapsed, ~2 min left
  sobol     1759/2001   88%   best Q       1.377    13.4 min elapsed, ~2 min left
  sobol     1769/2001   88%   best Q       1.377    13.4 min elapsed, ~2 min left
  sobol     1772/2001   89%   best Q       1.377    13.5 min elapsed, ~2 min left
  sobol     1776/2001   89%   best Q       1.377    13.5 min elapsed, ~2 min left
  sobol     1779/2001   89%   best Q       1.377    13.5 min elapsed, ~2 min left
  sobol     1784/2001   89%   best Q       1.377    13.6 min elapsed, ~2 min left
  sobol     1791/2001   90%   best Q       1.377    13.6 min elapsed, ~2 min left
  sobol     1795/2001   90%   best Q       1.377    13.6 min elapsed, ~2 min left
  sobol     1800/2001   90%   best Q       1.377    13.7 min elapsed, ~2 min left
  sobol     1805/2001   90%   best Q       1.377    13.7 min elapsed, ~1 min left
  sobol     1810/2001   90%   best Q       1.377    13.7 min elapsed, ~1 min left
  sobol     1816/2001   91%   best Q       1.377    13.8 min elapsed, ~1 min left
  sobol     1821/2001   91%   best Q       1.377    13.8 min elapsed, ~1 min left
  sobol     1826/2001   91%   best Q       1.377    13.9 min elapsed, ~1 min left
  sobol     1832/2001   92%   best Q       1.377    13.9 min elapsed, ~1 min left
  sobol     1838/2001   92%   best Q       1.377    13.9 min elapsed, ~1 min left
  sobol     1842/2001   92%   best Q       1.377    14.0 min elapsed, ~1 min left
  sobol     1846/2001   92%   best Q       1.377    14.0 min elapsed, ~1 min left
  sobol     1852/2001   93%   best Q       1.377    14.1 min elapsed, ~1 min left
  sobol     1861/2001   93%   best Q       1.377    14.1 min elapsed, ~1 min left
  sobol     1865/2001   93%   best Q       1.377    14.1 min elapsed, ~1 min left
  sobol     1868/2001   93%   best Q       1.377    14.2 min elapsed, ~1 min left
  sobol     1873/2001   94%   best Q       1.377    14.2 min elapsed, ~1 min left
  sobol     1879/2001   94%   best Q       1.377    14.3 min elapsed, ~1 min left
  sobol     1885/2001   94%   best Q       1.377    14.3 min elapsed, ~1 min left
  sobol     1888/2001   94%   best Q       1.377    14.3 min elapsed, ~1 min left
  sobol     1894/2001   95%   best Q       1.377    14.4 min elapsed, ~1 min left
  sobol     1903/2001   95%   best Q       1.377    14.4 min elapsed, ~1 min left
  sobol     1907/2001   95%   best Q       1.377    14.5 min elapsed, ~1 min left
  sobol     1912/2001   96%   best Q       1.377    14.5 min elapsed, ~1 min left
  sobol     1919/2001   96%   best Q       1.377    14.6 min elapsed, ~1 min left
  sobol     1923/2001   96%   best Q       1.377    14.6 min elapsed, ~1 min left
  sobol     1927/2001   96%   best Q       1.377    14.6 min elapsed, ~1 min left
  sobol     1934/2001   97%   best Q       1.377    14.7 min elapsed, ~1 min left
  sobol     1937/2001   97%   best Q       1.377    14.7 min elapsed, ~0 min left
  sobol     1943/2001   97%   best Q       1.377    14.7 min elapsed, ~0 min left
  sobol     1949/2001   97%   best Q       1.377    14.8 min elapsed, ~0 min left
  sobol     1953/2001   98%   best Q       1.377    14.8 min elapsed, ~0 min left
  sobol     1962/2001   98%   best Q       1.377    14.9 min elapsed, ~0 min left
  sobol     1964/2001   98%   best Q       1.377    14.9 min elapsed, ~0 min left
  sobol     1971/2001   99%   best Q       1.377    14.9 min elapsed, ~0 min left
  sobol     1977/2001   99%   best Q       1.377    15.0 min elapsed, ~0 min left
  sobol     1982/2001   99%   best Q       1.377    15.0 min elapsed, ~0 min left
  sobol     1986/2001   99%   best Q       1.377    15.1 min elapsed, ~0 min left
  sobol     1994/2001  100%   best Q       1.377    15.1 min elapsed, ~0 min left
  sobol     1997/2001  100%   best Q       1.377    15.1 min elapsed, ~0 min left
  sobol     2000/2001  100%   best Q       1.377    15.2 min elapsed, ~0 min left
  sobol     2001/2001  100%   best Q       1.377    15.2 min elapsed, ~0 min left
  sobol    complete: 2001 evaluations, best Q 1.377, 15.2 min
  restart   1/5    eval     1   this Q       1.377   best Q       1.377    15.3 min
  restart   1/5    eval     2   this Q       1.377   best Q       1.377    15.5 min
  restart   1/5    eval     3   this Q       1.317   best Q       1.317    15.7 min
  restart   1/5    eval     4   this Q       3.981   best Q       1.317    15.8 min
  restart   1/5    eval     5   this Q       1.166   best Q       1.166    16.0 min
  restart   1/5    eval     6   this Q        2.83   best Q       1.166    16.1 min
  restart   1/5    eval     7   this Q       1.013   best Q       1.013    16.3 min
  restart   1/5    eval     8   this Q         2.4   best Q       1.013    16.4 min
  restart   1/5    eval     9   this Q       1.104   best Q       1.013    16.6 min
  restart   1/5    eval    10   this Q      0.8978   best Q      0.8978    16.7 min
  restart   1/5    eval    11   this Q        1.15   best Q      0.8978    16.9 min
  restart   1/5    eval    12   this Q       1.743   best Q      0.8978    17.0 min
  restart   1/5    eval    13   this Q       1.521   best Q      0.8978    17.2 min
  restart   1/5    eval    14   this Q       1.255   best Q      0.8978    17.3 min
  restart   1/5    eval    15   this Q       3.553   best Q      0.8978    17.5 min
  restart   1/5    eval    16   this Q      0.6589   best Q      0.6589    17.6 min
  restart   1/5    eval    17   this Q       3.395   best Q      0.6589    17.8 min
  restart   1/5    eval    18   this Q      0.6709   best Q      0.6589    17.9 min
  restart   1/5    eval    19   this Q       1.729   best Q      0.6589    18.1 min
  restart   1/5    eval    20   this Q      0.9225   best Q      0.6589    18.2 min
  restart   1/5    eval    21   this Q       2.387   best Q      0.6589    18.4 min
  restart   1/5    eval    22   this Q      0.8908   best Q      0.6589    18.5 min
  restart   1/5    eval    23   this Q       2.503   best Q      0.6589    18.7 min
  restart   1/5    eval    24   this Q      0.7673   best Q      0.6589    18.8 min
  restart   1/5    eval    25   this Q      0.6011   best Q      0.6011    19.0 min
  restart   1/5    eval    26   this Q      0.5157   best Q      0.5157    19.1 min
  restart   1/5    eval    27   this Q      0.6262   best Q      0.5157    19.3 min
  restart   1/5    eval    28   this Q       1.205   best Q      0.5157    19.4 min
  restart   1/5    eval    29   this Q      0.6197   best Q      0.5157    19.6 min
  restart   1/5    eval    30   this Q      0.7647   best Q      0.5157    19.7 min
  restart   1/5    eval    31   this Q      0.5195   best Q      0.5157    19.9 min
  restart   1/5    eval    32   this Q      0.9126   best Q      0.5157    20.0 min
  restart   1/5    eval    33   this Q      0.5823   best Q      0.5157    20.2 min
  restart   1/5    eval    34   this Q      0.7143   best Q      0.5157    20.3 min
  restart   1/5    eval    35   this Q      0.8571   best Q      0.5157    20.5 min
  restart   1/5    eval    36   this Q      0.5195   best Q      0.5157    20.6 min
  restart   1/5    eval    37   this Q       1.015   best Q      0.5157    20.8 min
  restart   1/5    eval    38   this Q      0.5135   best Q      0.5135    20.9 min
  restart   1/5    eval    39   this Q      0.7759   best Q      0.5135    21.1 min
  restart   1/5    eval    40   this Q      0.4709   best Q      0.4709    21.2 min
  restart   1/5    eval    41   this Q      0.6682   best Q      0.4709    21.4 min
  restart   1/5    eval    42   this Q       0.485   best Q      0.4709    21.5 min
  restart   1/5    eval    43   this Q      0.7095   best Q      0.4709    21.7 min
  restart   1/5    eval    44   this Q      0.4931   best Q      0.4709    21.8 min
  restart   1/5    eval    45   this Q      0.9002   best Q      0.4709    22.0 min
  restart   1/5    eval    46   this Q      0.4815   best Q      0.4709    22.1 min
  restart   1/5    eval    47   this Q      0.5696   best Q      0.4709    22.3 min
  restart   1/5    eval    48   this Q      0.5776   best Q      0.4709    22.4 min
  restart   1/5    eval    49   this Q      0.4694   best Q      0.4694    22.6 min
  restart   1/5    eval    50   this Q      0.5382   best Q      0.4694    22.7 min
  restart   1/5    eval    51   this Q      0.4551   best Q      0.4551    22.9 min
  restart   1/5    eval    52   this Q      0.5346   best Q      0.4551    23.0 min
  restart   1/5    eval    53   this Q      0.4544   best Q      0.4544    23.2 min
  restart   1/5    eval    54   this Q      0.6383   best Q      0.4544    23.3 min
  restart   1/5    eval    55   this Q      0.4379   best Q      0.4379    23.5 min
  restart   1/5    eval    56   this Q      0.4684   best Q      0.4379    23.6 min
  restart   1/5    eval    57   this Q      0.5083   best Q      0.4379    23.8 min
  restart   1/5    eval    58   this Q      0.4431   best Q      0.4379    23.9 min
  restart   1/5    eval    59   this Q      0.4565   best Q      0.4379    24.1 min
  restart   1/5    eval    60   this Q      0.4311   best Q      0.4311    24.2 min
  restart   1/5    eval    61   this Q      0.5094   best Q      0.4311    24.4 min
  restart   1/5    eval    62   this Q      0.5241   best Q      0.4311    24.5 min
  restart   1/5    eval    63   this Q      0.4363   best Q      0.4311    24.7 min
  restart   1/5    eval    64   this Q      0.4586   best Q      0.4311    24.8 min
  restart   1/5    eval    65   this Q      0.4671   best Q      0.4311    25.0 min
  restart   1/5    eval    66   this Q      0.4932   best Q      0.4311    25.1 min
  restart   1/5    eval    67   this Q       0.428   best Q       0.428    25.3 min
  restart   1/5    eval    68   this Q      0.4722   best Q       0.428    25.4 min
  restart   1/5    eval    69   this Q      0.4309   best Q       0.428    25.6 min
  restart   1/5    eval    70   this Q      0.4787   best Q       0.428    25.7 min
  restart   1/5    eval    71   this Q      0.4271   best Q      0.4271    25.9 min
  restart   1/5    eval    72   this Q      0.4907   best Q      0.4271    26.0 min
  restart   1/5    eval    73   this Q      0.4234   best Q      0.4234    26.2 min
  restart   1/5    eval    74   this Q      0.4145   best Q      0.4145    26.3 min
  restart   1/5    eval    75   this Q      0.4428   best Q      0.4145    26.4 min
  restart   1/5    eval    76   this Q       0.409   best Q       0.409    26.6 min
  restart   1/5    eval    77   this Q      0.4486   best Q       0.409    26.7 min
  restart   1/5    eval    78   this Q      0.4291   best Q       0.409    26.9 min
  restart   1/5    eval    79   this Q      0.4513   best Q       0.409    27.0 min
  restart   1/5    eval    80   this Q      0.4145   best Q       0.409    27.2 min
  restart   1/5    eval    81   this Q       0.396   best Q       0.396    27.3 min
  restart   1/5    eval    82   this Q      0.4092   best Q       0.396    27.5 min
  restart   1/5    eval    83   this Q      0.4449   best Q       0.396    27.6 min
  restart   1/5    eval    84   this Q      0.4104   best Q       0.396    27.8 min
  restart   1/5    eval    85   this Q      0.4258   best Q       0.396    27.9 min
  restart   1/5    eval    86   this Q      0.4299   best Q       0.396    28.1 min
  restart   1/5    eval    87   this Q      0.4115   best Q       0.396    28.2 min
  restart   1/5    eval    88   this Q      0.4293   best Q       0.396    28.4 min
  restart   1/5    eval    89   this Q      0.4101   best Q       0.396    28.5 min
  restart   1/5    eval    90   this Q      0.4207   best Q       0.396    28.7 min
  restart   1/5    eval    91   this Q       0.419   best Q       0.396    28.8 min
  restart   1/5    eval    92   this Q      0.4115   best Q       0.396    29.0 min
  restart   1/5    eval    93   this Q      0.4233   best Q       0.396    29.1 min
  restart   1/5    eval    94   this Q      0.4058   best Q       0.396    29.3 min
  restart   1/5    eval    95   this Q      0.4226   best Q       0.396    29.4 min
  restart   1/5    eval    96   this Q      0.4055   best Q       0.396    29.6 min
  restart   1/5    eval    97   this Q       0.415   best Q       0.396    29.7 min
  restart   1/5    eval    98   this Q      0.4049   best Q       0.396    29.9 min
  restart   1/5    eval    99   this Q      0.3908   best Q      0.3908    30.0 min
  restart   1/5    eval   100   this Q      0.3852   best Q      0.3852    30.1 min
  restart   1/5    eval   101   this Q      0.4151   best Q      0.3852    30.3 min
  restart   1/5    eval   102   this Q      0.4015   best Q      0.3852    30.4 min
  restart   1/5    eval   103   this Q      0.4124   best Q      0.3852    30.6 min
  restart   1/5    eval   104   this Q      0.4012   best Q      0.3852    30.7 min
  restart   1/5    eval   105   this Q      0.3974   best Q      0.3852    30.9 min
  restart   1/5    eval   106   this Q      0.3982   best Q      0.3852    31.0 min
  restart   1/5    eval   107   this Q      0.3983   best Q      0.3852    31.2 min
  restart   1/5    eval   108   this Q      0.3886   best Q      0.3852    31.3 min
  restart   1/5    eval   109   this Q       0.391   best Q      0.3852    31.5 min
  restart   1/5    eval   110   this Q      0.3812   best Q      0.3812    31.6 min
  restart   1/5    eval   111   this Q        0.38   best Q        0.38    31.8 min
  restart   1/5    eval   112   this Q      0.3863   best Q        0.38    31.9 min
  restart   1/5    eval   113   this Q      0.3772   best Q      0.3772    32.1 min
  restart   1/5    eval   114   this Q      0.3788   best Q      0.3772    32.2 min
  restart   1/5    eval   115   this Q      0.3894   best Q      0.3772    32.4 min
  restart   1/5    eval   116   this Q      0.3886   best Q      0.3772    32.5 min
  restart   1/5    eval   117   this Q      0.3735   best Q      0.3735    32.7 min
  restart   1/5    eval   118   this Q      0.3772   best Q      0.3735    32.8 min
  restart   1/5    eval   119   this Q      0.3754   best Q      0.3735    32.9 min
  restart   1/5    eval   120   this Q      0.3774   best Q      0.3735    33.1 min
  restart   1/5    eval   121   this Q      0.3872   best Q      0.3735    33.2 min
  restart   1/5    eval   122   this Q      0.3764   best Q      0.3735    33.4 min
  restart   1/5    eval   123   this Q      0.3814   best Q      0.3735    33.5 min
  restart   1/5    eval   124   this Q      0.3948   best Q      0.3735    33.7 min
  restart   1/5    eval   125   this Q      0.3765   best Q      0.3735    33.8 min
  restart   1/5    eval   126   this Q      0.3695   best Q      0.3695    34.0 min
  restart   1/5    eval   127   this Q       0.377   best Q      0.3695    34.1 min
  restart   1/5    eval   128   this Q      0.3804   best Q      0.3695    34.3 min
  restart   1/5    eval   129   this Q      0.3764   best Q      0.3695    34.4 min
  restart   1/5    eval   130   this Q      0.3901   best Q      0.3695    34.6 min
  restart   1/5    eval   131   this Q      0.3718   best Q      0.3695    34.7 min
  restart   1/5    eval   132   this Q      0.3716   best Q      0.3695    34.9 min
  restart   1/5    eval   133   this Q      0.3869   best Q      0.3695    35.0 min
  restart   1/5    eval   134   this Q      0.3711   best Q      0.3695    35.2 min
  restart   1/5    eval   135   this Q      0.3683   best Q      0.3683    35.3 min
  restart   1/5    eval   136   this Q      0.3717   best Q      0.3683    35.5 min
  restart   1/5    eval   137   this Q      0.3645   best Q      0.3645    35.6 min
  restart   1/5    eval   138   this Q      0.3626   best Q      0.3626    35.8 min
  restart   1/5    eval   139   this Q      0.3732   best Q      0.3626    35.9 min
  restart   1/5    eval   140   this Q       0.372   best Q      0.3626    36.1 min
  restart   1/5    eval   141   this Q      0.3667   best Q      0.3626    36.2 min
  restart   1/5    eval   142   this Q      0.3647   best Q      0.3626    36.3 min
  restart   1/5    eval   143   this Q      0.3729   best Q      0.3626    36.5 min
  restart   1/5    eval   144   this Q      0.3671   best Q      0.3626    36.6 min
  restart   1/5    eval   145   this Q      0.3701   best Q      0.3626    36.8 min
  restart   1/5    eval   146   this Q      0.3663   best Q      0.3626    36.9 min
  restart   1/5    eval   147   this Q      0.3668   best Q      0.3626    37.1 min
  restart   1/5    eval   148   this Q      0.3644   best Q      0.3626    37.2 min
  restart   1/5    eval   149   this Q      0.3702   best Q      0.3626    37.4 min
  restart   1/5    eval   150   this Q      0.3652   best Q      0.3626    37.5 min
  restart   1/5    eval   151   this Q      0.3609   best Q      0.3609    37.7 min
  restart   1/5    eval   152   this Q      0.3643   best Q      0.3609    37.8 min
  restart   1/5    eval   153   this Q      0.3607   best Q      0.3607    38.0 min
  restart   1/5    eval   154   this Q      0.3655   best Q      0.3607    38.1 min
  restart   1/5    eval   155   this Q      0.3641   best Q      0.3607    38.3 min
  restart   1/5    eval   156   this Q      0.3605   best Q      0.3605    38.4 min
  restart   1/5    eval   157   this Q       0.366   best Q      0.3605    38.6 min
  restart   1/5    eval   158   this Q      0.3607   best Q      0.3605    38.7 min
  restart   1/5    eval   159   this Q      0.3646   best Q      0.3605    38.9 min
  restart   1/5    eval   160   this Q      0.3658   best Q      0.3605    39.0 min
  restart   1/5    eval   161   this Q      0.3619   best Q      0.3605    39.2 min
  restart   1/5    eval   162   this Q      0.3658   best Q      0.3605    39.3 min
  restart   1/5    eval   163   this Q      0.3609   best Q      0.3605    39.5 min
  restart   1/5    eval   164   this Q      0.3654   best Q      0.3605    39.6 min
  restart   1/5    eval   165   this Q      0.3608   best Q      0.3605    39.7 min
  restart   1/5    eval   166   this Q      0.3615   best Q      0.3605    39.9 min
  restart   1/5    eval   167   this Q      0.3605   best Q      0.3605    40.0 min
  restart   1/5    eval   168   this Q      0.3677   best Q      0.3605    40.2 min
  restart   1/5    eval   169   this Q      0.3596   best Q      0.3596    40.3 min
  restart   1/5    eval   170   this Q      0.3645   best Q      0.3596    40.5 min
  restart   1/5    eval   171   this Q      0.3561   best Q      0.3561    40.6 min
  restart   1/5    eval   172   this Q      0.3584   best Q      0.3561    40.8 min
  restart   1/5    eval   173   this Q      0.3625   best Q      0.3561    40.9 min
  restart   1/5    eval   174   this Q      0.3589   best Q      0.3561    41.1 min
  restart   1/5    eval   175   this Q      0.3583   best Q      0.3561    41.2 min
  restart   1/5    eval   176   this Q      0.3556   best Q      0.3556    41.4 min
  restart   1/5    eval   177   this Q      0.3545   best Q      0.3545    41.5 min
  restart   1/5    eval   178   this Q      0.3585   best Q      0.3545    41.7 min
  restart   1/5    eval   179   this Q      0.3595   best Q      0.3545    41.8 min
  restart   1/5    eval   180   this Q      0.3583   best Q      0.3545    42.0 min
  restart   1/5    eval   181   this Q      0.3585   best Q      0.3545    42.1 min
  restart   1/5    eval   182   this Q      0.3538   best Q      0.3538    42.3 min
  restart   1/5    eval   183   this Q      0.3554   best Q      0.3538    42.4 min
  restart   1/5    eval   184   this Q      0.3554   best Q      0.3538    42.6 min
  restart   1/5    eval   185   this Q      0.3585   best Q      0.3538    42.7 min
  restart   1/5    eval   186   this Q      0.3551   best Q      0.3538    42.9 min
  restart   1/5    eval   187   this Q      0.3543   best Q      0.3538    43.0 min
  restart   1/5    eval   188   this Q      0.3555   best Q      0.3538    43.1 min
  restart   1/5    eval   189   this Q      0.3566   best Q      0.3538    43.3 min
  restart   1/5    eval   190   this Q      0.3558   best Q      0.3538    43.4 min
  restart   1/5    eval   191   this Q      0.3502   best Q      0.3502    43.6 min
  restart   1/5    eval   192   this Q      0.3488   best Q      0.3488    43.7 min
  restart   1/5    eval   193   this Q      0.3573   best Q      0.3488    43.9 min
  restart   1/5    eval   194   this Q      0.3534   best Q      0.3488    44.0 min
  restart   1/5    eval   195   this Q      0.3513   best Q      0.3488    44.2 min
  restart   1/5    eval   196   this Q      0.3543   best Q      0.3488    44.3 min
  restart   1/5    eval   197   this Q      0.3541   best Q      0.3488    44.5 min
  restart   1/5    eval   198   this Q      0.3524   best Q      0.3488    44.6 min
  restart   1/5    eval   199   this Q      0.3519   best Q      0.3488    44.8 min
  restart   1/5    eval   200   this Q      0.3484   best Q      0.3484    44.9 min
  restart   1/5    eval   201   this Q      0.3507   best Q      0.3484    45.1 min
  restart   1/5    eval   202   this Q      0.3526   best Q      0.3484    45.2 min
  restart   1/5    eval   203   this Q      0.3529   best Q      0.3484    45.4 min
  restart   1/5    eval   204   this Q      0.3515   best Q      0.3484    45.5 min
  restart   1/5    eval   205   this Q      0.3479   best Q      0.3479    45.7 min
  restart   1/5    eval   206   this Q      0.3483   best Q      0.3479    45.8 min
  restart   1/5    eval   207   this Q        0.35   best Q      0.3479    46.0 min
  restart   1/5    eval   208   this Q      0.3497   best Q      0.3479    46.1 min
  restart   1/5    eval   209   this Q      0.3484   best Q      0.3479    46.3 min
  restart   1/5    eval   210   this Q      0.3464   best Q      0.3464    46.4 min
  restart   1/5    eval   211   this Q      0.3477   best Q      0.3464    46.6 min
  restart   1/5    eval   212   this Q      0.3473   best Q      0.3464    46.7 min
  restart   1/5    eval   213   this Q       0.348   best Q      0.3464    46.9 min
  restart   1/5    eval   214   this Q      0.3469   best Q      0.3464    47.0 min
  restart   1/5    eval   215   this Q      0.3479   best Q      0.3464    47.1 min
  restart   1/5    eval   216   this Q      0.3461   best Q      0.3461    47.3 min
  restart   1/5    eval   217   this Q      0.3534   best Q      0.3461    47.4 min
  restart   1/5    eval   218   this Q      0.3427   best Q      0.3427    47.6 min
  restart   1/5    eval   219   this Q      0.3402   best Q      0.3402    47.7 min
  restart   1/5    eval   220   this Q      0.3449   best Q      0.3402    47.9 min
  restart   1/5    eval   221   this Q      0.3444   best Q      0.3402    48.0 min
  restart   1/5    eval   222   this Q      0.3433   best Q      0.3402    48.2 min
  restart   1/5    eval   223   this Q      0.3425   best Q      0.3402    48.3 min
  restart   1/5    eval   224   this Q      0.3436   best Q      0.3402    48.5 min
  restart   1/5    eval   225   this Q      0.3419   best Q      0.3402    48.6 min
  restart   1/5    eval   226   this Q      0.3428   best Q      0.3402    48.8 min
  restart   1/5    eval   227   this Q      0.3375   best Q      0.3375    48.9 min
  restart   1/5    eval   228   this Q      0.3371   best Q      0.3371    49.1 min
  restart   1/5    eval   229   this Q      0.3381   best Q      0.3371    49.2 min
  restart   1/5    eval   230   this Q      0.3405   best Q      0.3371    49.4 min
  restart   1/5    eval   231   this Q       0.341   best Q      0.3371    49.5 min
  restart   1/5    eval   232   this Q      0.3421   best Q      0.3371    49.7 min
  restart   1/5    eval   233   this Q      0.3361   best Q      0.3361    49.8 min
  restart   1/5    eval   234   this Q      0.3361   best Q      0.3361    50.0 min
  restart   1/5    eval   235   this Q      0.3401   best Q      0.3361    50.1 min
  restart   1/5    eval   236   this Q      0.3338   best Q      0.3338    50.3 min
  restart   1/5    eval   237   this Q      0.3328   best Q      0.3328    50.4 min
  restart   1/5    eval   238   this Q      0.3372   best Q      0.3328    50.6 min
  restart   1/5    eval   239   this Q      0.3373   best Q      0.3328    50.7 min
  restart   1/5    eval   240   this Q      0.3329   best Q      0.3328    50.9 min
  restart   1/5    eval   241   this Q      0.3352   best Q      0.3328    51.0 min
  restart   1/5    eval   242   this Q       0.331   best Q       0.331    51.2 min
  restart   1/5    eval   243   this Q       0.335   best Q       0.331    51.3 min
  restart   1/5    eval   244   this Q      0.3318   best Q       0.331    51.5 min
  restart   1/5    eval   245   this Q      0.3504   best Q       0.331    51.6 min
  restart   1/5    eval   246   this Q      0.3347   best Q       0.331    51.7 min
  restart   1/5    eval   247   this Q      0.3354   best Q       0.331    51.9 min
  restart   1/5    eval   248   this Q      0.3336   best Q       0.331    52.0 min
  restart   1/5    eval   249   this Q      0.3273   best Q      0.3273    52.2 min
  restart   1/5    eval   250   this Q      0.3243   best Q      0.3243    52.3 min
  restart   1/5    eval   251   this Q      0.3278   best Q      0.3243    52.5 min
  restart   1/5    eval   252   this Q      0.3323   best Q      0.3243    52.6 min
  restart   1/5    eval   253   this Q      0.3274   best Q      0.3243    52.8 min
  restart   1/5    eval   254   this Q       0.323   best Q       0.323    52.9 min
  restart   1/5    eval   255   this Q      0.3191   best Q      0.3191    53.1 min
  restart   1/5    eval   256   this Q      0.3257   best Q      0.3191    53.2 min
  restart   1/5    eval   257   this Q      0.3233   best Q      0.3191    53.4 min
  restart   1/5    eval   258   this Q      0.3219   best Q      0.3191    53.5 min
  restart   1/5    eval   259   this Q      0.3225   best Q      0.3191    53.7 min
  restart   1/5    eval   260   this Q      0.3166   best Q      0.3166    53.8 min
  restart   1/5    eval   261   this Q      0.3147   best Q      0.3147    54.0 min
  restart   1/5    eval   262   this Q       0.318   best Q      0.3147    54.1 min
  restart   1/5    eval   263   this Q      0.3147   best Q      0.3147    54.3 min
  restart   1/5    eval   264   this Q      0.3155   best Q      0.3147    54.4 min
  restart   1/5    eval   265   this Q      0.3113   best Q      0.3113    54.6 min
  restart   1/5    eval   266   this Q      0.3087   best Q      0.3087    54.7 min
  restart   1/5    eval   267   this Q      0.3111   best Q      0.3087    54.9 min
  restart   1/5    eval   268   this Q       0.309   best Q      0.3087    55.0 min
  restart   1/5    eval   269   this Q      0.3075   best Q      0.3075    55.2 min
  restart   1/5    eval   270   this Q      0.3092   best Q      0.3075    55.3 min
  restart   1/5    eval   271   this Q      0.3105   best Q      0.3075    55.4 min
  restart   1/5    eval   272   this Q      0.3172   best Q      0.3075    55.6 min
  restart   1/5    eval   273   this Q      0.3059   best Q      0.3059    55.7 min
  restart   1/5    eval   274   this Q      0.3106   best Q      0.3059    55.9 min
  restart   1/5    eval   275   this Q      0.3084   best Q      0.3059    56.0 min
  restart   1/5    eval   276   this Q      0.3102   best Q      0.3059    56.2 min
  restart   1/5    eval   277   this Q      0.3015   best Q      0.3015    56.3 min
  restart   1/5    eval   278   this Q      0.3019   best Q      0.3015    56.5 min
  restart   1/5    eval   279   this Q      0.3022   best Q      0.3015    56.6 min
  restart   1/5    eval   280   this Q       0.302   best Q      0.3015    56.8 min
  restart   1/5    eval   281   this Q      0.3016   best Q      0.3015    56.9 min
  restart   1/5    eval   282   this Q      0.3124   best Q      0.3015    57.1 min
  restart   1/5    eval   283   this Q      0.3041   best Q      0.3015    57.2 min
  restart   1/5    eval   284   this Q      0.3046   best Q      0.3015    57.4 min
  restart   1/5    eval   285   this Q      0.2977   best Q      0.2977    57.5 min
  restart   1/5    eval   286   this Q      0.2981   best Q      0.2977    57.7 min
  restart   1/5    eval   287   this Q      0.3064   best Q      0.2977    57.8 min
  restart   1/5    eval   288   this Q      0.2974   best Q      0.2974    58.0 min
  restart   1/5    eval   289   this Q      0.2994   best Q      0.2974    58.1 min
  restart   1/5    eval   290   this Q      0.3076   best Q      0.2974    58.3 min
  restart   1/5    eval   291   this Q      0.3013   best Q      0.2974    58.4 min
  restart   1/5    eval   292   this Q      0.2951   best Q      0.2951    58.6 min
  restart   1/5    eval   293   this Q      0.2945   best Q      0.2945    58.7 min
  restart   1/5    eval   294   this Q      0.3008   best Q      0.2945    58.9 min
  restart   1/5    eval   295   this Q      0.2939   best Q      0.2939    59.0 min
  restart   1/5    eval   296   this Q      0.2949   best Q      0.2939    59.2 min
  restart   1/5    eval   297   this Q      0.2957   best Q      0.2939    59.3 min
  restart   1/5    eval   298   this Q      0.2955   best Q      0.2939    59.4 min
  restart   1/5    eval   299   this Q      0.2963   best Q      0.2939    59.6 min
  restart   1/5    eval   300   this Q      0.2904   best Q      0.2904    59.7 min
  restart   1/5    eval   301   this Q      0.2904   best Q      0.2904    59.9 min
  restart   1/5    eval   302   this Q      0.2896   best Q      0.2896    60.0 min
  restart   1/5    eval   303   this Q      0.2978   best Q      0.2896    60.2 min
  restart   1/5    eval   304   this Q      0.2908   best Q      0.2896    60.3 min
  restart   1/5    eval   305   this Q      0.2885   best Q      0.2885    60.5 min
  restart   1/5    eval   306   this Q      0.2937   best Q      0.2885    60.6 min
  restart   1/5    eval   307   this Q      0.2901   best Q      0.2885    60.8 min
  restart   1/5    eval   308   this Q      0.2893   best Q      0.2885    60.9 min
  restart   1/5    eval   309   this Q      0.2881   best Q      0.2881    61.1 min
  restart   1/5    eval   310   this Q      0.2929   best Q      0.2881    61.2 min
  restart   1/5    eval   311   this Q      0.2885   best Q      0.2881    61.4 min
  restart   1/5    eval   312   this Q      0.2861   best Q      0.2861    61.5 min
  restart   1/5    eval   313   this Q      0.2921   best Q      0.2861    61.7 min
  restart   1/5    eval   314   this Q      0.2857   best Q      0.2857    61.8 min
  restart   1/5    eval   315   this Q      0.2918   best Q      0.2857    62.0 min
  restart   1/5    eval   316   this Q       0.296   best Q      0.2857    62.1 min
  restart   1/5    eval   317   this Q      0.2873   best Q      0.2857    62.3 min
  restart   1/5    eval   318   this Q      0.2848   best Q      0.2848    62.4 min
  restart   1/5    eval   319   this Q       0.293   best Q      0.2848    62.6 min
  restart   1/5    eval   320   this Q      0.2879   best Q      0.2848    62.7 min
  restart   1/5    eval   321   this Q      0.2839   best Q      0.2839    62.9 min
  restart   1/5    eval   322   this Q      0.2865   best Q      0.2839    63.0 min
  restart   1/5    eval   323   this Q      0.2904   best Q      0.2839    63.2 min
  restart   1/5    eval   324   this Q      0.2855   best Q      0.2839    63.3 min
  restart   1/5    eval   325   this Q      0.2874   best Q      0.2839    63.5 min
  restart   1/5    eval   326   this Q      0.2841   best Q      0.2839    63.6 min
  restart   1/5    eval   327   this Q      0.2832   best Q      0.2832    63.8 min
  restart   1/5    eval   328   this Q      0.2862   best Q      0.2832    63.9 min
  restart   1/5    eval   329   this Q       0.286   best Q      0.2832    64.1 min
  restart   1/5    eval   330   this Q      0.2872   best Q      0.2832    64.2 min
  restart   1/5    eval   331   this Q        0.28   best Q        0.28    64.4 min
  restart   1/5    eval   332   this Q      0.2798   best Q      0.2798    64.5 min
  restart   1/5    eval   333   this Q       0.284   best Q      0.2798    64.7 min
  restart   1/5    eval   334   this Q      0.2867   best Q      0.2798    64.8 min
  restart   1/5    eval   335   this Q      0.2829   best Q      0.2798    64.9 min
  restart   1/5    eval   336   this Q      0.2837   best Q      0.2798    65.1 min
  restart   1/5    eval   337   this Q      0.2832   best Q      0.2798    65.2 min
  restart   1/5    eval   338   this Q      0.2794   best Q      0.2794    65.4 min
  restart   1/5    eval   339   this Q      0.2833   best Q      0.2794    65.5 min
  restart   1/5    eval   340   this Q      0.2835   best Q      0.2794    65.7 min
  restart   1/5    eval   341   this Q      0.2817   best Q      0.2794    65.8 min
  restart   1/5    eval   342   this Q      0.2807   best Q      0.2794    66.0 min
  restart   1/5    eval   343   this Q      0.2825   best Q      0.2794    66.1 min
  restart   1/5    eval   344   this Q      0.2809   best Q      0.2794    66.3 min
  restart   1/5    eval   345   this Q      0.2828   best Q      0.2794    66.4 min
  restart   1/5    eval   346   this Q      0.2822   best Q      0.2794    66.6 min
  restart   1/5    eval   347   this Q      0.2776   best Q      0.2776    66.7 min
  restart   1/5    eval   348   this Q      0.2816   best Q      0.2776    66.9 min
  restart   1/5    eval   349   this Q      0.2778   best Q      0.2776    67.0 min
  restart   1/5    eval   350   this Q      0.2776   best Q      0.2776    67.2 min
  restart   1/5    eval   351   this Q      0.2766   best Q      0.2766    67.3 min
  restart   1/5    eval   352   this Q      0.2793   best Q      0.2766    67.5 min
  restart   1/5    eval   353   this Q      0.2768   best Q      0.2766    67.6 min
  restart   1/5    eval   354   this Q      0.2792   best Q      0.2766    67.8 min
  restart   1/5    eval   355   this Q      0.2799   best Q      0.2766    67.9 min
  restart   1/5    eval   356   this Q       0.278   best Q      0.2766    68.1 min
  restart   1/5    eval   357   this Q      0.2775   best Q      0.2766    68.2 min
  restart   1/5    eval   358   this Q      0.2819   best Q      0.2766    68.4 min
  restart   1/5    eval   359   this Q      0.2774   best Q      0.2766    68.5 min
  restart   1/5    eval   360   this Q      0.2787   best Q      0.2766    68.7 min
  restart   1/5    eval   361   this Q      0.2794   best Q      0.2766    68.8 min
  restart   1/5    eval   362   this Q      0.2769   best Q      0.2766    69.0 min
  restart   1/5    eval   363   this Q      0.2791   best Q      0.2766    69.1 min
  restart   1/5    eval   364   this Q      0.2765   best Q      0.2765    69.3 min
  restart   1/5    eval   365   this Q      0.2809   best Q      0.2765    69.4 min
  restart   1/5    eval   366   this Q      0.2761   best Q      0.2761    69.6 min
  restart   1/5    eval   367   this Q      0.2792   best Q      0.2761    69.7 min
  restart   1/5    eval   368   this Q      0.2762   best Q      0.2761    69.9 min
  restart   1/5    eval   369   this Q      0.2794   best Q      0.2761    70.0 min
  restart   1/5    eval   370   this Q      0.2763   best Q      0.2761    70.2 min
  restart   1/5    eval   371   this Q      0.2763   best Q      0.2761    70.3 min
  restart   1/5    eval   372   this Q      0.2755   best Q      0.2755    70.5 min
  restart   1/5    eval   373   this Q      0.2785   best Q      0.2755    70.6 min
  restart   1/5    eval   374   this Q      0.2745   best Q      0.2745    70.8 min
  restart   1/5    eval   375   this Q      0.2772   best Q      0.2745    70.9 min
  restart   1/5    eval   376   this Q      0.2749   best Q      0.2745    71.1 min
  restart   1/5    eval   377   this Q      0.2809   best Q      0.2745    71.2 min
  restart   1/5    eval   378   this Q      0.2752   best Q      0.2745    71.4 min
  restart   1/5    eval   379   this Q       0.276   best Q      0.2745    71.5 min
  restart   1/5    eval   380   this Q      0.2755   best Q      0.2745    71.7 min
  restart   1/5    eval   381   this Q       0.278   best Q      0.2745    71.8 min
  restart   1/5    eval   382   this Q      0.2754   best Q      0.2745    72.0 min
  restart   1/5    eval   383   this Q      0.2746   best Q      0.2745    72.1 min
  restart   1/5    eval   384   this Q      0.2744   best Q      0.2744    72.3 min
  restart   1/5    eval   385   this Q      0.2754   best Q      0.2744    72.4 min
  restart   1/5    eval   386   this Q      0.2746   best Q      0.2744    72.6 min
  restart   1/5    eval   387   this Q      0.2753   best Q      0.2744    72.7 min
  restart   1/5    eval   388   this Q      0.2745   best Q      0.2744    72.9 min
  restart   1/5    eval   389   this Q      0.2758   best Q      0.2744    73.0 min
  restart   1/5    eval   390   this Q      0.2747   best Q      0.2744    73.2 min
  restart   1/5    eval   391   this Q      0.2742   best Q      0.2742    73.3 min
  restart   1/5    eval   392   this Q      0.2754   best Q      0.2742    73.5 min
  restart   1/5    eval   393   this Q      0.2753   best Q      0.2742    73.6 min
  restart   1/5    eval   394   this Q      0.2745   best Q      0.2742    73.8 min
  restart   1/5    eval   395   this Q       0.274   best Q       0.274    73.9 min
  restart   1/5    eval   396   this Q      0.2747   best Q       0.274    74.1 min
  restart   1/5    eval   397   this Q      0.2742   best Q       0.274    74.2 min
  restart   1/5    eval   398   this Q      0.2735   best Q      0.2735    74.4 min
  restart   1/5    eval   399   this Q      0.2749   best Q      0.2735    74.5 min
  restart   1/5    eval   400   this Q      0.2753   best Q      0.2735    74.7 min
  restart   1/5    eval   401   this Q       0.274   best Q      0.2735    74.8 min
  restart   1/5   DONE   this      0.2735   best Q      0.2735    74.8 min, ~299 min left
  restart   2/5    eval     1   this Q       1.099   best Q      0.2735    75.0 min
  restart   2/5    eval     2   this Q       1.099   best Q      0.2735    75.1 min
  restart   2/5    eval     3   this Q       3.044   best Q      0.2735    75.2 min
  restart   2/5    eval     4   this Q       1.697   best Q      0.2735    75.4 min
  restart   2/5    eval     5   this Q      0.6622   best Q      0.2735    75.6 min
  restart   2/5    eval     6   this Q       1.691   best Q      0.2735    75.7 min
  restart   2/5    eval     7   this Q      0.5663   best Q      0.2735    75.8 min
  restart   2/5    eval     8   this Q      0.8983   best Q      0.2735    76.0 min
  restart   2/5    eval     9   this Q       10.98   best Q      0.2735    76.1 min
  restart   2/5    eval    10   this Q      0.5855   best Q      0.2735    76.3 min
  restart   2/5    eval    11   this Q      0.7129   best Q      0.2735    76.4 min
  restart   2/5    eval    12   this Q       1.788   best Q      0.2735    76.6 min
  restart   2/5    eval    13   this Q       2.225   best Q      0.2735    76.7 min
  restart   2/5    eval    14   this Q      0.8881   best Q      0.2735    76.9 min
  restart   2/5    eval    15   this Q       18.86   best Q      0.2735    77.0 min
  restart   2/5    eval    16   this Q       1.045   best Q      0.2735    77.2 min
  restart   2/5    eval    17   this Q       2.922   best Q      0.2735    77.3 min
  restart   2/5    eval    18   this Q       0.726   best Q      0.2735    77.5 min
  restart   2/5    eval    19   this Q      0.6741   best Q      0.2735    77.6 min
  restart   2/5    eval    20   this Q        2.32   best Q      0.2735    77.8 min
  restart   2/5    eval    21   this Q      0.6334   best Q      0.2735    77.9 min
  restart   2/5    eval    22   this Q       2.257   best Q      0.2735    78.1 min
  restart   2/5    eval    23   this Q       0.637   best Q      0.2735    78.2 min
  restart   2/5    eval    24   this Q      0.8893   best Q      0.2735    78.4 min
  restart   2/5    eval    25   this Q      0.5998   best Q      0.2735    78.5 min
  restart   2/5    eval    26   this Q       1.129   best Q      0.2735    78.7 min
  restart   2/5    eval    27   this Q      0.5299   best Q      0.2735    78.8 min
  restart   2/5    eval    28   this Q      0.7523   best Q      0.2735    78.9 min
  restart   2/5    eval    29   this Q       0.517   best Q      0.2735    79.1 min
  restart   2/5    eval    30   this Q      0.5331   best Q      0.2735    79.2 min
  restart   2/5    eval    31   this Q        1.62   best Q      0.2735    79.4 min
  restart   2/5    eval    32   this Q      0.4172   best Q      0.2735    79.5 min
  restart   2/5    eval    33   this Q      0.5387   best Q      0.2735    79.7 min
  restart   2/5    eval    34   this Q      0.4369   best Q      0.2735    79.8 min
  restart   2/5    eval    35   this Q      0.5046   best Q      0.2735    80.0 min
  restart   2/5    eval    36   this Q      0.3985   best Q      0.2735    80.1 min
  restart   2/5    eval    37   this Q      0.6744   best Q      0.2735    80.3 min
  restart   2/5    eval    38   this Q       0.436   best Q      0.2735    80.4 min
  restart   2/5    eval    39   this Q      0.4776   best Q      0.2735    80.6 min
  restart   2/5    eval    40   this Q       0.444   best Q      0.2735    80.7 min
  restart   2/5    eval    41   this Q      0.5076   best Q      0.2735    80.9 min
  restart   2/5    eval    42   this Q      0.3716   best Q      0.2735    81.0 min
  restart   2/5    eval    43   this Q      0.5541   best Q      0.2735    81.2 min
  restart   2/5    eval    44   this Q      0.2936   best Q      0.2735    81.3 min
  restart   2/5    eval    45   this Q      0.4041   best Q      0.2735    81.5 min
  restart   2/5    eval    46   this Q      0.4972   best Q      0.2735    81.6 min
  restart   2/5    eval    47   this Q      0.5547   best Q      0.2735    81.8 min
  restart   2/5    eval    48   this Q      0.3444   best Q      0.2735    81.9 min
  restart   2/5    eval    49   this Q      0.4561   best Q      0.2735    82.1 min
  restart   2/5    eval    50   this Q      0.7631   best Q      0.2735    82.2 min
  restart   2/5    eval    51   this Q      0.3703   best Q      0.2735    82.4 min
  restart   2/5    eval    52   this Q      0.4737   best Q      0.2735    82.5 min
  restart   2/5    eval    53   this Q      0.3404   best Q      0.2735    82.7 min
  restart   2/5    eval    54   this Q      0.4261   best Q      0.2735    82.8 min
  restart   2/5    eval    55   this Q      0.4874   best Q      0.2735    83.0 min
  restart   2/5    eval    56   this Q      0.3386   best Q      0.2735    83.1 min
  restart   2/5    eval    57   this Q       0.365   best Q      0.2735    83.3 min
  restart   2/5    eval    58   this Q      0.4983   best Q      0.2735    83.4 min
  restart   2/5    eval    59   this Q      0.3445   best Q      0.2735    83.6 min
  restart   2/5    eval    60   this Q      0.4238   best Q      0.2735    83.7 min
  restart   2/5    eval    61   this Q      0.3363   best Q      0.2735    83.9 min
  restart   2/5    eval    62   this Q      0.3932   best Q      0.2735    84.0 min
  restart   2/5    eval    63   this Q      0.3307   best Q      0.2735    84.2 min
  restart   2/5    eval    64   this Q      0.3426   best Q      0.2735    84.3 min
  restart   2/5    eval    65   this Q      0.4102   best Q      0.2735    84.5 min
  restart   2/5    eval    66   this Q      0.3223   best Q      0.2735    84.6 min
  restart   2/5    eval    67   this Q      0.3944   best Q      0.2735    84.7 min
  restart   2/5    eval    68   this Q      0.3086   best Q      0.2735    84.9 min
  restart   2/5    eval    69   this Q      0.3769   best Q      0.2735    85.0 min
  restart   2/5    eval    70   this Q      0.3122   best Q      0.2735    85.2 min
  restart   2/5    eval    71   this Q       0.306   best Q      0.2735    85.3 min
  restart   2/5    eval    72   this Q      0.3742   best Q      0.2735    85.5 min
  restart   2/5    eval    73   this Q      0.3023   best Q      0.2735    85.6 min
  restart   2/5    eval    74   this Q      0.3475   best Q      0.2735    85.8 min
  restart   2/5    eval    75   this Q      0.3074   best Q      0.2735    85.9 min
  restart   2/5    eval    76   this Q      0.3058   best Q      0.2735    86.1 min
  restart   2/5    eval    77   this Q      0.2958   best Q      0.2735    86.2 min
  restart   2/5    eval    78   this Q       0.328   best Q      0.2735    86.4 min
  restart   2/5    eval    79   this Q      0.2968   best Q      0.2735    86.5 min
  restart   2/5    eval    80   this Q      0.3141   best Q      0.2735    86.7 min
  restart   2/5    eval    81   this Q      0.2924   best Q      0.2735    86.8 min
  restart   2/5    eval    82   this Q      0.3178   best Q      0.2735    87.0 min
  restart   2/5    eval    83   this Q      0.2942   best Q      0.2735    87.1 min
  restart   2/5    eval    84   this Q       0.288   best Q      0.2735    87.3 min
  restart   2/5    eval    85   this Q      0.3093   best Q      0.2735    87.4 min
  restart   2/5    eval    86   this Q       0.296   best Q      0.2735    87.6 min
  restart   2/5    eval    87   this Q      0.3168   best Q      0.2735    87.7 min
  restart   2/5    eval    88   this Q      0.2893   best Q      0.2735    87.9 min
  restart   2/5    eval    89   this Q      0.2997   best Q      0.2735    88.0 min
  restart   2/5    eval    90   this Q       0.305   best Q      0.2735    88.2 min
  restart   2/5    eval    91   this Q      0.2879   best Q      0.2735    88.3 min
  restart   2/5    eval    92   this Q      0.3077   best Q      0.2735    88.5 min
  restart   2/5    eval    93   this Q      0.2868   best Q      0.2735    88.6 min
  restart   2/5    eval    94   this Q      0.2827   best Q      0.2735    88.8 min
  restart   2/5    eval    95   this Q      0.2945   best Q      0.2735    88.9 min
  restart   2/5    eval    96   this Q      0.3049   best Q      0.2735    89.1 min
  restart   2/5    eval    97   this Q      0.2851   best Q      0.2735    89.2 min
  restart   2/5    eval    98   this Q      0.2995   best Q      0.2735    89.4 min
  restart   2/5    eval    99   this Q      0.2855   best Q      0.2735    89.5 min
  restart   2/5    eval   100   this Q      0.2907   best Q      0.2735    89.7 min
  restart   2/5    eval   101   this Q      0.2849   best Q      0.2735    89.8 min
  restart   2/5    eval   102   this Q      0.2859   best Q      0.2735    90.0 min
  restart   2/5    eval   103   this Q      0.3012   best Q      0.2735    90.1 min
  restart   2/5    eval   104   this Q      0.2821   best Q      0.2735    90.3 min
  restart   2/5    eval   105   this Q      0.2837   best Q      0.2735    90.4 min
  restart   2/5    eval   106   this Q      0.2909   best Q      0.2735    90.6 min
  restart   2/5    eval   107   this Q      0.2823   best Q      0.2735    90.7 min
  restart   2/5    eval   108   this Q      0.2874   best Q      0.2735    90.9 min
  restart   2/5    eval   109   this Q      0.2822   best Q      0.2735    91.0 min
  restart   2/5    eval   110   this Q      0.2846   best Q      0.2735    91.2 min
  restart   2/5    eval   111   this Q      0.2855   best Q      0.2735    91.3 min
  restart   2/5    eval   112   this Q      0.2809   best Q      0.2735    91.5 min
  restart   2/5    eval   113   this Q      0.2878   best Q      0.2735    91.6 min
  restart   2/5    eval   114   this Q      0.2867   best Q      0.2735    91.8 min
  restart   2/5    eval   115   this Q       0.281   best Q      0.2735    91.9 min
  restart   2/5    eval   116   this Q      0.2831   best Q      0.2735    92.1 min
  restart   2/5    eval   117   this Q        0.29   best Q      0.2735    92.2 min
  restart   2/5    eval   118   this Q      0.2805   best Q      0.2735    92.4 min
  restart   2/5    eval   119   this Q      0.2835   best Q      0.2735    92.5 min
  restart   2/5    eval   120   this Q      0.2866   best Q      0.2735    92.7 min
  restart   2/5    eval   121   this Q      0.2802   best Q      0.2735    92.8 min
  restart   2/5    eval   122   this Q      0.2854   best Q      0.2735    93.0 min
  restart   2/5    eval   123   this Q      0.2803   best Q      0.2735    93.1 min
  restart   2/5    eval   124   this Q      0.2863   best Q      0.2735    93.3 min
  restart   2/5    eval   125   this Q      0.2803   best Q      0.2735    93.4 min
  restart   2/5    eval   126   this Q      0.2826   best Q      0.2735    93.6 min
  restart   2/5    eval   127   this Q      0.2803   best Q      0.2735    93.7 min
  restart   2/5    eval   128   this Q      0.2801   best Q      0.2735    93.9 min
  restart   2/5    eval   129   this Q      0.2846   best Q      0.2735    94.0 min
  restart   2/5    eval   130   this Q      0.2788   best Q      0.2735    94.2 min
  restart   2/5    eval   131   this Q      0.2813   best Q      0.2735    94.3 min
  restart   2/5    eval   132   this Q      0.2789   best Q      0.2735    94.5 min
  restart   2/5    eval   133   this Q      0.2793   best Q      0.2735    94.6 min
  restart   2/5    eval   134   this Q      0.2875   best Q      0.2735    94.8 min
  restart   2/5    eval   135   this Q      0.2786   best Q      0.2735    94.9 min
  restart   2/5    eval   136   this Q      0.2791   best Q      0.2735    95.1 min
  restart   2/5    eval   137   this Q      0.2782   best Q      0.2735    95.2 min
  restart   2/5    eval   138   this Q      0.2799   best Q      0.2735    95.4 min
  restart   2/5    eval   139   this Q      0.2778   best Q      0.2735    95.5 min
  restart   2/5    eval   140   this Q      0.2788   best Q      0.2735    95.7 min
  restart   2/5    eval   141   this Q      0.2766   best Q      0.2735    95.8 min
  restart   2/5    eval   142   this Q      0.2764   best Q      0.2735    96.0 min
  restart   2/5    eval   143   this Q      0.2764   best Q      0.2735    96.1 min
  restart   2/5    eval   144   this Q      0.2779   best Q      0.2735    96.3 min
  restart   2/5    eval   145   this Q      0.2766   best Q      0.2735    96.4 min
  restart   2/5    eval   146   this Q      0.2783   best Q      0.2735    96.6 min
  restart   2/5    eval   147   this Q      0.2759   best Q      0.2735    96.7 min
  restart   2/5    eval   148   this Q      0.2772   best Q      0.2735    96.9 min
  restart   2/5    eval   149   this Q       0.277   best Q      0.2735    97.0 min
  restart   2/5    eval   150   this Q      0.2751   best Q      0.2735    97.2 min
  restart   2/5    eval   151   this Q      0.2762   best Q      0.2735    97.3 min
  restart   2/5    eval   152   this Q       0.277   best Q      0.2735    97.5 min
  restart   2/5    eval   153   this Q      0.2756   best Q      0.2735    97.6 min
  restart   2/5    eval   154   this Q       0.278   best Q      0.2735    97.8 min
  restart   2/5    eval   155   this Q      0.2759   best Q      0.2735    97.9 min
  restart   2/5    eval   156   this Q      0.2765   best Q      0.2735    98.1 min
  restart   2/5    eval   157   this Q      0.2786   best Q      0.2735    98.2 min
  restart   2/5    eval   158   this Q      0.2756   best Q      0.2735    98.4 min
  restart   2/5    eval   159   this Q      0.2763   best Q      0.2735    98.5 min
  restart   2/5    eval   160   this Q      0.2759   best Q      0.2735    98.7 min
  restart   2/5    eval   161   this Q      0.2773   best Q      0.2735    98.8 min
  restart   2/5    eval   162   this Q      0.2754   best Q      0.2735    99.0 min
  restart   2/5    eval   163   this Q      0.2748   best Q      0.2735    99.1 min
  restart   2/5    eval   164   this Q      0.2758   best Q      0.2735    99.3 min
  restart   2/5    eval   165   this Q      0.2747   best Q      0.2735    99.4 min
  restart   2/5    eval   166   this Q      0.2763   best Q      0.2735    99.6 min
  restart   2/5    eval   167   this Q      0.2755   best Q      0.2735    99.7 min
  restart   2/5    eval   168   this Q      0.2744   best Q      0.2735    99.9 min
  restart   2/5    eval   169   this Q       0.275   best Q      0.2735   100.0 min
  restart   2/5    eval   170   this Q      0.2753   best Q      0.2735   100.2 min
  restart   2/5    eval   171   this Q      0.2745   best Q      0.2735   100.3 min
  restart   2/5    eval   172   this Q      0.2744   best Q      0.2735   100.5 min
  restart   2/5    eval   173   this Q       0.274   best Q      0.2735   100.6 min
  restart   2/5    eval   174   this Q      0.2751   best Q      0.2735   100.8 min
  restart   2/5    eval   175   this Q      0.2757   best Q      0.2735   100.9 min
  restart   2/5    eval   176   this Q      0.2745   best Q      0.2735   101.1 min
  restart   2/5    eval   177   this Q      0.2737   best Q      0.2735   101.2 min
  restart   2/5    eval   178   this Q      0.2744   best Q      0.2735   101.4 min
  restart   2/5    eval   179   this Q      0.2756   best Q      0.2735   101.5 min
  restart   2/5    eval   180   this Q      0.2742   best Q      0.2735   101.7 min
  restart   2/5    eval   181   this Q      0.2745   best Q      0.2735   101.8 min
  restart   2/5    eval   182   this Q      0.2738   best Q      0.2735   102.0 min
  restart   2/5    eval   183   this Q      0.2743   best Q      0.2735   102.1 min
  restart   2/5    eval   184   this Q      0.2752   best Q      0.2735   102.3 min
  restart   2/5    eval   185   this Q      0.2737   best Q      0.2735   102.4 min
  restart   2/5    eval   186   this Q      0.2738   best Q      0.2735   102.6 min
  restart   2/5    eval   187   this Q      0.2737   best Q      0.2735   102.7 min
  restart   2/5    eval   188   this Q      0.2743   best Q      0.2735   102.9 min
  restart   2/5    eval   189   this Q      0.2728   best Q      0.2728   103.0 min
  restart   2/5    eval   190   this Q      0.2726   best Q      0.2726   103.2 min
  restart   2/5    eval   191   this Q      0.2738   best Q      0.2726   103.3 min
  restart   2/5    eval   192   this Q      0.2751   best Q      0.2726   103.5 min
  restart   2/5    eval   193   this Q      0.2734   best Q      0.2726   103.6 min
  restart   2/5    eval   194   this Q      0.2728   best Q      0.2726   103.8 min
  restart   2/5    eval   195   this Q      0.2736   best Q      0.2726   103.9 min
  restart   2/5    eval   196   this Q      0.2731   best Q      0.2726   104.1 min
  restart   2/5    eval   197   this Q      0.2731   best Q      0.2726   104.2 min
  restart   2/5    eval   198   this Q       0.273   best Q      0.2726   104.4 min
  restart   2/5    eval   199   this Q      0.2727   best Q      0.2726   104.5 min
  restart   2/5    eval   200   this Q      0.2724   best Q      0.2724   104.7 min
  restart   2/5    eval   201   this Q      0.2726   best Q      0.2724   104.8 min
  restart   2/5    eval   202   this Q      0.2719   best Q      0.2719   105.0 min
  restart   2/5    eval   203   this Q      0.2717   best Q      0.2717   105.1 min
  restart   2/5    eval   204   this Q      0.2731   best Q      0.2717   105.3 min
  restart   2/5    eval   205   this Q      0.2719   best Q      0.2717   105.4 min
  restart   2/5    eval   206   this Q       0.273   best Q      0.2717   105.6 min
  restart   2/5    eval   207   this Q      0.2716   best Q      0.2716   105.7 min
  restart   2/5    eval   208   this Q      0.2717   best Q      0.2716   105.9 min
  restart   2/5    eval   209   this Q      0.2724   best Q      0.2716   106.0 min
  restart   2/5    eval   210   this Q      0.2722   best Q      0.2716   106.2 min
  restart   2/5    eval   211   this Q      0.2727   best Q      0.2716   106.3 min
  restart   2/5    eval   212   this Q      0.2714   best Q      0.2714   106.5 min
  restart   2/5    eval   213   this Q      0.2714   best Q      0.2714   106.6 min
  restart   2/5    eval   214   this Q      0.2708   best Q      0.2708   106.8 min
  restart   2/5    eval   215   this Q      0.2705   best Q      0.2705   106.9 min
  restart   2/5    eval   216   this Q      0.2722   best Q      0.2705   107.1 min
  restart   2/5    eval   217   this Q      0.2708   best Q      0.2705   107.2 min
  restart   2/5    eval   218   this Q      0.2705   best Q      0.2705   107.4 min
  restart   2/5    eval   219   this Q      0.2712   best Q      0.2705   107.5 min
  restart   2/5    eval   220   this Q      0.2709   best Q      0.2705   107.7 min
  restart   2/5    eval   221   this Q      0.2696   best Q      0.2696   107.8 min
  restart   2/5    eval   222   this Q      0.2694   best Q      0.2694   108.0 min
  restart   2/5    eval   223   this Q      0.2697   best Q      0.2694   108.1 min
  restart   2/5    eval   224   this Q      0.2696   best Q      0.2694   108.3 min
  restart   2/5    eval   225   this Q      0.2685   best Q      0.2685   108.4 min
  restart   2/5    eval   226   this Q      0.2675   best Q      0.2675   108.6 min
  restart   2/5    eval   227   this Q      0.2692   best Q      0.2675   108.7 min
  restart   2/5    eval   228   this Q      0.2689   best Q      0.2675   108.9 min
  restart   2/5    eval   229   this Q      0.2688   best Q      0.2675   109.0 min
  restart   2/5    eval   230   this Q      0.2672   best Q      0.2672   109.2 min
  restart   2/5    eval   231   this Q      0.2664   best Q      0.2664   109.3 min
  restart   2/5    eval   232   this Q      0.2674   best Q      0.2664   109.5 min
  restart   2/5    eval   233   this Q      0.2658   best Q      0.2658   109.6 min
  restart   2/5    eval   234   this Q      0.2647   best Q      0.2647   109.8 min
  restart   2/5    eval   235   this Q      0.2655   best Q      0.2647   109.9 min
  restart   2/5    eval   236   this Q      0.2677   best Q      0.2647   110.1 min
  restart   2/5    eval   237   this Q      0.2663   best Q      0.2647   110.2 min
  restart   2/5    eval   238   this Q       0.265   best Q      0.2647   110.4 min
  restart   2/5    eval   239   this Q      0.2646   best Q      0.2646   110.5 min
  restart   2/5    eval   240   this Q       0.265   best Q      0.2646   110.7 min
  restart   2/5    eval   241   this Q      0.2638   best Q      0.2638   110.8 min
  restart   2/5    eval   242   this Q      0.2642   best Q      0.2638   111.0 min
  restart   2/5    eval   243   this Q      0.2646   best Q      0.2638   111.1 min
  restart   2/5    eval   244   this Q      0.2632   best Q      0.2632   111.3 min
  restart   2/5    eval   245   this Q      0.2636   best Q      0.2632   111.4 min
  restart   2/5    eval   246   this Q      0.2618   best Q      0.2618   111.6 min
  restart   2/5    eval   247   this Q      0.2608   best Q      0.2608   111.7 min
  restart   2/5    eval   248   this Q      0.2617   best Q      0.2608   111.9 min
  restart   2/5    eval   249   this Q      0.2639   best Q      0.2608   112.1 min
  restart   2/5    eval   250   this Q      0.2611   best Q      0.2608   112.2 min
  restart   2/5    eval   251   this Q      0.2615   best Q      0.2608   112.4 min
  restart   2/5    eval   252   this Q      0.2604   best Q      0.2604   112.5 min
  restart   2/5    eval   253   this Q      0.2606   best Q      0.2604   112.7 min
  restart   2/5    eval   254   this Q      0.2618   best Q      0.2604   112.8 min
  restart   2/5    eval   255   this Q      0.2625   best Q      0.2604   113.0 min
  restart   2/5    eval   256   this Q      0.2615   best Q      0.2604   113.1 min
  restart   2/5    eval   257   this Q      0.2591   best Q      0.2591   113.3 min
  restart   2/5    eval   258   this Q      0.2599   best Q      0.2591   113.4 min
  restart   2/5    eval   259   this Q        0.26   best Q      0.2591   113.6 min
  restart   2/5    eval   260   this Q      0.2624   best Q      0.2591   113.7 min
  restart   2/5    eval   261   this Q      0.2606   best Q      0.2591   113.9 min
  restart   2/5    eval   262   this Q      0.2607   best Q      0.2591   114.0 min
  restart   2/5    eval   263   this Q      0.2611   best Q      0.2591   114.2 min
  restart   2/5    eval   264   this Q       0.261   best Q      0.2591   114.4 min
  restart   2/5    eval   265   this Q      0.2594   best Q      0.2591   114.5 min
  restart   2/5    eval   266   this Q      0.2588   best Q      0.2588   114.7 min
  restart   2/5    eval   267   this Q      0.2592   best Q      0.2588   114.8 min
  restart   2/5    eval   268   this Q      0.2605   best Q      0.2588   115.0 min
  restart   2/5    eval   269   this Q      0.2601   best Q      0.2588   115.1 min
  restart   2/5    eval   270   this Q      0.2579   best Q      0.2579   115.3 min
  restart   2/5    eval   271   this Q      0.2575   best Q      0.2575   115.4 min
  restart   2/5    eval   272   this Q      0.2595   best Q      0.2575   115.6 min
  restart   2/5    eval   273   this Q      0.2582   best Q      0.2575   115.7 min
  restart   2/5    eval   274   this Q        0.26   best Q      0.2575   115.9 min
  restart   2/5    eval   275   this Q      0.2608   best Q      0.2575   116.0 min
  restart   2/5    eval   276   this Q      0.2588   best Q      0.2575   116.2 min
  restart   2/5    eval   277   this Q      0.2595   best Q      0.2575   116.4 min
  restart   2/5    eval   278   this Q      0.2581   best Q      0.2575   116.5 min
  restart   2/5    eval   279   this Q      0.2599   best Q      0.2575   116.7 min
  restart   2/5    eval   280   this Q      0.2584   best Q      0.2575   116.8 min
  restart   2/5    eval   281   this Q      0.2594   best Q      0.2575   117.0 min
  restart   2/5    eval   282   this Q      0.2599   best Q      0.2575   117.1 min
  restart   2/5    eval   283   this Q      0.2582   best Q      0.2575   117.3 min
  restart   2/5    eval   284   this Q      0.2571   best Q      0.2571   117.4 min
  restart   2/5    eval   285   this Q      0.2573   best Q      0.2571   117.6 min
  restart   2/5    eval   286   this Q      0.2591   best Q      0.2571   117.7 min
  restart   2/5    eval   287   this Q      0.2569   best Q      0.2569   117.9 min
  restart   2/5    eval   288   this Q       0.257   best Q      0.2569   118.0 min
  restart   2/5    eval   289   this Q       0.259   best Q      0.2569   118.2 min
  restart   2/5    eval   290   this Q      0.2578   best Q      0.2569   118.3 min
  restart   2/5    eval   291   this Q       0.257   best Q      0.2569   118.5 min
  restart   2/5    eval   292   this Q      0.2573   best Q      0.2569   118.7 min
  restart   2/5    eval   293   this Q      0.2571   best Q      0.2569   118.8 min
  restart   2/5    eval   294   this Q      0.2567   best Q      0.2567   119.0 min
  restart   2/5    eval   295   this Q      0.2577   best Q      0.2567   119.1 min
  restart   2/5    eval   296   this Q      0.2582   best Q      0.2567   119.3 min
  restart   2/5    eval   297   this Q      0.2572   best Q      0.2567   119.4 min
  restart   2/5    eval   298   this Q       0.256   best Q       0.256   119.6 min
  restart   2/5    eval   299   this Q      0.2559   best Q      0.2559   119.7 min
  restart   2/5    eval   300   this Q      0.2568   best Q      0.2559   119.9 min
  restart   2/5    eval   301   this Q      0.2568   best Q      0.2559   120.0 min
  restart   2/5    eval   302   this Q      0.2562   best Q      0.2559   120.2 min
  restart   2/5    eval   303   this Q       0.256   best Q      0.2559   120.4 min
  restart   2/5    eval   304   this Q      0.2566   best Q      0.2559   120.5 min
  restart   2/5    eval   305   this Q      0.2558   best Q      0.2558   120.7 min
  restart   2/5    eval   306   this Q      0.2566   best Q      0.2558   120.8 min
  restart   2/5    eval   307   this Q      0.2556   best Q      0.2556   121.0 min
  restart   2/5    eval   308   this Q      0.2565   best Q      0.2556   121.1 min
  restart   2/5    eval   309   this Q       0.256   best Q      0.2556   121.3 min
  restart   2/5    eval   310   this Q      0.2572   best Q      0.2556   121.4 min
  restart   2/5    eval   311   this Q       0.256   best Q      0.2556   121.6 min
  restart   2/5    eval   312   this Q      0.2564   best Q      0.2556   121.8 min
  restart   2/5    eval   313   this Q      0.2569   best Q      0.2556   121.9 min
  restart   2/5    eval   314   this Q      0.2558   best Q      0.2556   122.1 min
  restart   2/5    eval   315   this Q      0.2558   best Q      0.2556   122.2 min
  restart   2/5    eval   316   this Q      0.2563   best Q      0.2556   122.4 min
  restart   2/5    eval   317   this Q      0.2556   best Q      0.2556   122.5 min
  restart   2/5    eval   318   this Q      0.2553   best Q      0.2553   122.7 min
  restart   2/5    eval   319   this Q      0.2557   best Q      0.2553   122.8 min
  restart   2/5    eval   320   this Q       0.256   best Q      0.2553   123.0 min
  restart   2/5    eval   321   this Q      0.2554   best Q      0.2553   123.2 min
  restart   2/5    eval   322   this Q      0.2559   best Q      0.2553   123.3 min
  restart   2/5    eval   323   this Q       0.256   best Q      0.2553   123.5 min
  restart   2/5    eval   324   this Q      0.2556   best Q      0.2553   123.6 min
  restart   2/5    eval   325   this Q      0.2554   best Q      0.2553   123.8 min
  restart   2/5    eval   326   this Q      0.2559   best Q      0.2553   123.9 min
  restart   2/5    eval   327   this Q      0.2553   best Q      0.2553   124.1 min
  restart   2/5    eval   328   this Q      0.2553   best Q      0.2553   124.2 min
  restart   2/5    eval   329   this Q       0.256   best Q      0.2553   124.4 min
  restart   2/5    eval   330   this Q      0.2555   best Q      0.2553   124.6 min
  restart   2/5    eval   331   this Q      0.2563   best Q      0.2553   124.7 min
  restart   2/5    eval   332   this Q      0.2554   best Q      0.2553   124.9 min
  restart   2/5    eval   333   this Q       0.255   best Q       0.255   125.0 min
  restart   2/5    eval   334   this Q      0.2548   best Q      0.2548   125.2 min
  restart   2/5    eval   335   this Q      0.2551   best Q      0.2548   125.3 min
  restart   2/5    eval   336   this Q      0.2557   best Q      0.2548   125.5 min
  restart   2/5    eval   337   this Q      0.2552   best Q      0.2548   125.6 min
  restart   2/5    eval   338   this Q      0.2556   best Q      0.2548   125.8 min
  restart   2/5    eval   339   this Q      0.2552   best Q      0.2548   126.0 min
  restart   2/5    eval   340   this Q      0.2555   best Q      0.2548   126.1 min
  restart   2/5    eval   341   this Q      0.2551   best Q      0.2548   126.3 min
  restart   2/5    eval   342   this Q      0.2553   best Q      0.2548   126.4 min
  restart   2/5    eval   343   this Q      0.2551   best Q      0.2548   126.6 min
  restart   2/5    eval   344   this Q      0.2548   best Q      0.2548   126.7 min
  restart   2/5    eval   345   this Q      0.2548   best Q      0.2548   126.9 min
  restart   2/5    eval   346   this Q       0.255   best Q      0.2548   127.0 min
  restart   2/5    eval   347   this Q       0.255   best Q      0.2548   127.2 min
  restart   2/5    eval   348   this Q      0.2546   best Q      0.2546   127.4 min
  restart   2/5    eval   349   this Q      0.2547   best Q      0.2546   127.5 min
  restart   2/5    eval   350   this Q      0.2547   best Q      0.2546   127.7 min
  restart   2/5    eval   351   this Q      0.2546   best Q      0.2546   127.8 min
  restart   2/5    eval   352   this Q      0.2553   best Q      0.2546   128.0 min
  restart   2/5    eval   353   this Q      0.2544   best Q      0.2544   128.1 min
  restart   2/5    eval   354   this Q      0.2542   best Q      0.2542   128.3 min
  restart   2/5    eval   355   this Q      0.2544   best Q      0.2542   128.4 min
  restart   2/5    eval   356   this Q      0.2545   best Q      0.2542   128.6 min
  restart   2/5    eval   357   this Q      0.2548   best Q      0.2542   128.8 min
  restart   2/5    eval   358   this Q      0.2545   best Q      0.2542   128.9 min
  restart   2/5    eval   359   this Q      0.2546   best Q      0.2542   129.1 min
  restart   2/5    eval   360   this Q      0.2542   best Q      0.2542   129.2 min
  restart   2/5    eval   361   this Q      0.2543   best Q      0.2542   129.4 min
  restart   2/5    eval   362   this Q      0.2546   best Q      0.2542   129.5 min
  restart   2/5    eval   363   this Q      0.2541   best Q      0.2541   129.7 min
  restart   2/5    eval   364   this Q      0.2541   best Q      0.2541   129.8 min
  restart   2/5    eval   365   this Q      0.2547   best Q      0.2541   130.0 min
  restart   2/5    eval   366   this Q      0.2544   best Q      0.2541   130.2 min
  restart   2/5    eval   367   this Q      0.2542   best Q      0.2541   130.3 min
  restart   2/5    eval   368   this Q      0.2542   best Q      0.2541   130.5 min
  restart   2/5    eval   369   this Q      0.2542   best Q      0.2541   130.6 min
  restart   2/5    eval   370   this Q      0.2541   best Q      0.2541   130.8 min
  restart   2/5    eval   371   this Q      0.2543   best Q      0.2541   130.9 min
  restart   2/5    eval   372   this Q      0.2539   best Q      0.2539   131.1 min
  restart   2/5    eval   373   this Q      0.2542   best Q      0.2539   131.2 min
  restart   2/5    eval   374   this Q      0.2542   best Q      0.2539   131.4 min
  restart   2/5    eval   375   this Q      0.2539   best Q      0.2539   131.6 min
  restart   2/5    eval   376   this Q      0.2545   best Q      0.2539   131.7 min
  restart   2/5    eval   377   this Q      0.2541   best Q      0.2539   131.9 min
  restart   2/5    eval   378   this Q      0.2538   best Q      0.2538   132.0 min
  restart   2/5    eval   379   this Q      0.2538   best Q      0.2538   132.2 min
  restart   2/5    eval   380   this Q      0.2541   best Q      0.2538   132.3 min
  restart   2/5    eval   381   this Q      0.2538   best Q      0.2538   132.5 min
  restart   2/5    eval   382   this Q       0.254   best Q      0.2538   132.6 min
  restart   2/5    eval   383   this Q      0.2539   best Q      0.2538   132.8 min
  restart   2/5    eval   384   this Q       0.254   best Q      0.2538   133.0 min
  restart   2/5    eval   385   this Q      0.2537   best Q      0.2537   133.1 min
  restart   2/5    eval   386   this Q      0.2537   best Q      0.2537   133.3 min
  restart   2/5    eval   387   this Q       0.254   best Q      0.2537   133.4 min
  restart   2/5    eval   388   this Q      0.2539   best Q      0.2537   133.6 min
  restart   2/5    eval   389   this Q      0.2539   best Q      0.2537   133.7 min
  restart   2/5    eval   390   this Q      0.2538   best Q      0.2537   133.9 min
  restart   2/5    eval   391   this Q      0.2538   best Q      0.2537   134.0 min
  restart   2/5    eval   392   this Q      0.2538   best Q      0.2537   134.2 min
  restart   2/5    eval   393   this Q      0.2536   best Q      0.2536   134.4 min
  restart   2/5    eval   394   this Q      0.2537   best Q      0.2536   134.5 min
  restart   2/5    eval   395   this Q      0.2537   best Q      0.2536   134.7 min
  restart   2/5   DONE   this      0.2536   best Q      0.2536   134.7 min, ~202 min left
  restart   3/5    eval     1   this Q      0.3725   best Q      0.2536   134.8 min
  restart   3/5    eval     2   this Q      0.3725   best Q      0.2536   135.0 min
  restart   3/5    eval     3   this Q       1.471   best Q      0.2536   135.1 min
  restart   3/5    eval     4   this Q       1.828   best Q      0.2536   135.3 min
  restart   3/5    eval     5   this Q       1.215   best Q      0.2536   135.4 min
  restart   3/5    eval     6   this Q       1.692   best Q      0.2536   135.6 min
  restart   3/5    eval     7   this Q      0.3535   best Q      0.2536   135.8 min
  restart   3/5    eval     8   this Q      0.6869   best Q      0.2536   135.9 min
  restart   3/5    eval     9   this Q       5.361   best Q      0.2536   136.1 min
  restart   3/5    eval    10   this Q      0.3461   best Q      0.2536   136.2 min
  restart   3/5    eval    11   this Q      0.5717   best Q      0.2536   136.4 min
  restart   3/5    eval    12   this Q       1.625   best Q      0.2536   136.5 min
  restart   3/5    eval    13   this Q      0.9743   best Q      0.2536   136.7 min
  restart   3/5    eval    14   this Q       1.661   best Q      0.2536   136.8 min
  restart   3/5    eval    15   this Q      0.7588   best Q      0.2536   136.9 min
  restart   3/5    eval    16   this Q       3.197   best Q      0.2536   137.1 min
  restart   3/5    eval    17   this Q      0.9123   best Q      0.2536   137.2 min
  restart   3/5    eval    18   this Q      0.5884   best Q      0.2536   137.4 min
  restart   3/5    eval    19   this Q       1.111   best Q      0.2536   137.5 min
  restart   3/5    eval    20   this Q      0.6759   best Q      0.2536   137.7 min
  restart   3/5    eval    21   this Q      0.9808   best Q      0.2536   137.8 min
  restart   3/5    eval    22   this Q      0.6098   best Q      0.2536   138.0 min
  restart   3/5    eval    23   this Q      0.4723   best Q      0.2536   138.1 min
  restart   3/5    eval    24   this Q      0.6274   best Q      0.2536   138.3 min
  restart   3/5    eval    25   this Q      0.8129   best Q      0.2536   138.5 min
  restart   3/5    eval    26   this Q      0.4063   best Q      0.2536   138.6 min
  restart   3/5    eval    27   this Q      0.7864   best Q      0.2536   138.8 min
  restart   3/5    eval    28   this Q      0.4562   best Q      0.2536   138.9 min
  restart   3/5    eval    29   this Q      0.6864   best Q      0.2536   139.1 min
  restart   3/5    eval    30   this Q      0.4151   best Q      0.2536   139.2 min
  restart   3/5    eval    31   this Q      0.6093   best Q      0.2536   139.4 min
  restart   3/5    eval    32   this Q      0.3752   best Q      0.2536   139.5 min
  restart   3/5    eval    33   this Q      0.6454   best Q      0.2536   139.7 min
  restart   3/5    eval    34   this Q      0.3985   best Q      0.2536   139.8 min
  restart   3/5    eval    35   this Q      0.4032   best Q      0.2536   140.0 min
  restart   3/5    eval    36   this Q      0.7221   best Q      0.2536   140.1 min
  restart   3/5    eval    37   this Q      0.3176   best Q      0.2536   140.3 min
  restart   3/5    eval    38   this Q      0.4166   best Q      0.2536   140.5 min
  restart   3/5    eval    39   this Q      0.3319   best Q      0.2536   140.6 min
  restart   3/5    eval    40   this Q      0.2969   best Q      0.2536   140.8 min
  restart   3/5    eval    41   this Q      0.3677   best Q      0.2536   140.9 min
  restart   3/5    eval    42   this Q      0.4227   best Q      0.2536   141.1 min
  restart   3/5    eval    43   this Q      0.3301   best Q      0.2536   141.2 min
  restart   3/5    eval    44   this Q      0.5984   best Q      0.2536   141.4 min
  restart   3/5    eval    45   this Q      0.3254   best Q      0.2536   141.5 min
  restart   3/5    eval    46   this Q      0.3366   best Q      0.2536   141.7 min
  restart   3/5    eval    47   this Q      0.3427   best Q      0.2536   141.8 min
  restart   3/5    eval    48   this Q        0.29   best Q      0.2536   142.0 min
  restart   3/5    eval    49   this Q      0.3471   best Q      0.2536   142.1 min
  restart   3/5    eval    50   this Q      0.3048   best Q      0.2536   142.3 min
  restart   3/5    eval    51   this Q      0.3255   best Q      0.2536   142.4 min
  restart   3/5    eval    52   this Q      0.3754   best Q      0.2536   142.6 min
  restart   3/5    eval    53   this Q      0.2939   best Q      0.2536   142.7 min
  restart   3/5    eval    54   this Q      0.4766   best Q      0.2536   142.9 min
  restart   3/5    eval    55   this Q      0.2849   best Q      0.2536   143.0 min
  restart   3/5    eval    56   this Q       0.354   best Q      0.2536   143.2 min
  restart   3/5    eval    57   this Q      0.2958   best Q      0.2536   143.4 min
  restart   3/5    eval    58   this Q      0.3141   best Q      0.2536   143.5 min
  restart   3/5    eval    59   this Q       0.312   best Q      0.2536   143.7 min
  restart   3/5    eval    60   this Q      0.3046   best Q      0.2536   143.8 min
  restart   3/5    eval    61   this Q      0.2816   best Q      0.2536   144.0 min
  restart   3/5    eval    62   this Q       0.322   best Q      0.2536   144.1 min
  restart   3/5    eval    63   this Q      0.3329   best Q      0.2536   144.3 min
  restart   3/5    eval    64   this Q      0.2843   best Q      0.2536   144.4 min
  restart   3/5    eval    65   this Q      0.3036   best Q      0.2536   144.6 min
  restart   3/5    eval    66   this Q      0.2929   best Q      0.2536   144.7 min
  restart   3/5    eval    67   this Q      0.3124   best Q      0.2536   144.9 min
  restart   3/5    eval    68   this Q      0.2814   best Q      0.2536   145.0 min
  restart   3/5    eval    69   this Q      0.3272   best Q      0.2536   145.2 min
  restart   3/5    eval    70   this Q      0.2798   best Q      0.2536   145.3 min
  restart   3/5    eval    71   this Q      0.2859   best Q      0.2536   145.5 min
  restart   3/5    eval    72   this Q      0.2984   best Q      0.2536   145.6 min
  restart   3/5    eval    73   this Q      0.2801   best Q      0.2536   145.8 min
  restart   3/5    eval    74   this Q      0.2961   best Q      0.2536   145.9 min
  restart   3/5    eval    75   this Q      0.2795   best Q      0.2536   146.1 min
  restart   3/5    eval    76   this Q      0.3062   best Q      0.2536   146.2 min
  restart   3/5    eval    77   this Q      0.2774   best Q      0.2536   146.4 min
  restart   3/5    eval    78   this Q      0.2878   best Q      0.2536   146.5 min
  restart   3/5    eval    79   this Q      0.2773   best Q      0.2536   146.7 min
  restart   3/5    eval    80   this Q      0.2953   best Q      0.2536   146.8 min
  restart   3/5    eval    81   this Q      0.2762   best Q      0.2536   147.0 min
  restart   3/5    eval    82   this Q      0.2766   best Q      0.2536   147.2 min
  restart   3/5    eval    83   this Q      0.2849   best Q      0.2536   147.3 min
  restart   3/5    eval    84   this Q      0.2758   best Q      0.2536   147.5 min
  restart   3/5    eval    85   this Q      0.2918   best Q      0.2536   147.6 min
  restart   3/5    eval    86   this Q      0.2746   best Q      0.2536   147.8 min
  restart   3/5    eval    87   this Q      0.2772   best Q      0.2536   147.9 min
  restart   3/5    eval    88   this Q      0.2768   best Q      0.2536   148.1 min
  restart   3/5    eval    89   this Q      0.2813   best Q      0.2536   148.2 min
  restart   3/5    eval    90   this Q      0.2742   best Q      0.2536   148.4 min
  restart   3/5    eval    91   this Q      0.2733   best Q      0.2536   148.5 min
  restart   3/5    eval    92   this Q      0.2834   best Q      0.2536   148.7 min
  restart   3/5    eval    93   this Q      0.2773   best Q      0.2536   148.8 min
  restart   3/5    eval    94   this Q      0.2835   best Q      0.2536   149.0 min
  restart   3/5    eval    95   this Q      0.2727   best Q      0.2536   149.1 min
  restart   3/5    eval    96   this Q      0.2762   best Q      0.2536   149.3 min
  restart   3/5    eval    97   this Q      0.2831   best Q      0.2536   149.4 min
  restart   3/5    eval    98   this Q      0.2726   best Q      0.2536   149.6 min
  restart   3/5    eval    99   this Q      0.2783   best Q      0.2536   149.7 min
  restart   3/5    eval   100   this Q       0.273   best Q      0.2536   149.9 min
  restart   3/5    eval   101   this Q      0.2804   best Q      0.2536   150.0 min
  restart   3/5    eval   102   this Q      0.2728   best Q      0.2536   150.2 min
  restart   3/5    eval   103   this Q      0.2767   best Q      0.2536   150.3 min
  restart   3/5    eval   104   this Q       0.273   best Q      0.2536   150.5 min
  restart   3/5    eval   105   this Q      0.2765   best Q      0.2536   150.6 min
  restart   3/5    eval   106   this Q       0.273   best Q      0.2536   150.8 min
  restart   3/5    eval   107   this Q      0.2735   best Q      0.2536   150.9 min
  restart   3/5    eval   108   this Q      0.2717   best Q      0.2536   151.1 min
  restart   3/5    eval   109   this Q      0.2752   best Q      0.2536   151.2 min
  restart   3/5    eval   110   this Q      0.2714   best Q      0.2536   151.4 min
  restart   3/5    eval   111   this Q      0.2739   best Q      0.2536   151.6 min
  restart   3/5    eval   112   this Q      0.2761   best Q      0.2536   151.7 min
  restart   3/5    eval   113   this Q      0.2715   best Q      0.2536   151.9 min
  restart   3/5    eval   114   this Q      0.2762   best Q      0.2536   152.0 min
  restart   3/5    eval   115   this Q      0.2715   best Q      0.2536   152.2 min
  restart   3/5    eval   116   this Q      0.2711   best Q      0.2536   152.3 min
  restart   3/5    eval   117   this Q      0.2724   best Q      0.2536   152.5 min
  restart   3/5    eval   118   this Q      0.2709   best Q      0.2536   152.6 min
  restart   3/5    eval   119   this Q      0.2727   best Q      0.2536   152.8 min
  restart   3/5    eval   120   this Q      0.2704   best Q      0.2536   152.9 min
  restart   3/5    eval   121   this Q      0.2718   best Q      0.2536   153.1 min
  restart   3/5    eval   122   this Q      0.2716   best Q      0.2536   153.2 min
  restart   3/5    eval   123   this Q      0.2698   best Q      0.2536   153.4 min
  restart   3/5    eval   124   this Q       0.271   best Q      0.2536   153.5 min
  restart   3/5    eval   125   this Q      0.2712   best Q      0.2536   153.7 min
  restart   3/5    eval   126   this Q      0.2721   best Q      0.2536   153.8 min
  restart   3/5    eval   127   this Q      0.2706   best Q      0.2536   154.0 min
  restart   3/5    eval   128   this Q      0.2719   best Q      0.2536   154.1 min
  restart   3/5    eval   129   this Q      0.2705   best Q      0.2536   154.3 min
  restart   3/5    eval   130   this Q      0.2701   best Q      0.2536   154.4 min
  restart   3/5    eval   131   this Q      0.2687   best Q      0.2536   154.6 min
  restart   3/5    eval   132   this Q      0.2679   best Q      0.2536   154.7 min
  restart   3/5    eval   133   this Q      0.2706   best Q      0.2536   154.9 min
  restart   3/5    eval   134   this Q       0.272   best Q      0.2536   155.0 min
  restart   3/5    eval   135   this Q      0.2698   best Q      0.2536   155.2 min
  restart   3/5    eval   136   this Q      0.2711   best Q      0.2536   155.4 min
  restart   3/5    eval   137   this Q      0.2699   best Q      0.2536   155.5 min
  restart   3/5    eval   138   this Q      0.2684   best Q      0.2536   155.7 min
  restart   3/5    eval   139   this Q      0.2682   best Q      0.2536   155.8 min
  restart   3/5    eval   140   this Q      0.2706   best Q      0.2536   156.0 min
  restart   3/5    eval   141   this Q      0.2692   best Q      0.2536   156.1 min
  restart   3/5    eval   142   this Q      0.2686   best Q      0.2536   156.3 min
  restart   3/5    eval   143   this Q      0.2681   best Q      0.2536   156.4 min
  restart   3/5    eval   144   this Q       0.268   best Q      0.2536   156.6 min
  restart   3/5    eval   145   this Q      0.2673   best Q      0.2536   156.7 min
  restart   3/5    eval   146   this Q      0.2672   best Q      0.2536   156.9 min
  restart   3/5    eval   147   this Q      0.2672   best Q      0.2536   157.0 min
  restart   3/5    eval   148   this Q      0.2679   best Q      0.2536   157.2 min
  restart   3/5    eval   149   this Q      0.2661   best Q      0.2536   157.3 min
  restart   3/5    eval   150   this Q      0.2655   best Q      0.2536   157.5 min
  restart   3/5    eval   151   this Q      0.2655   best Q      0.2536   157.6 min
  restart   3/5    eval   152   this Q      0.2674   best Q      0.2536   157.8 min
  restart   3/5    eval   153   this Q      0.2666   best Q      0.2536   157.9 min
  restart   3/5    eval   154   this Q      0.2662   best Q      0.2536   158.1 min
  restart   3/5    eval   155   this Q      0.2665   best Q      0.2536   158.2 min
  restart   3/5    eval   156   this Q      0.2645   best Q      0.2536   158.4 min
  restart   3/5    eval   157   this Q       0.264   best Q      0.2536   158.5 min
  restart   3/5    eval   158   this Q      0.2641   best Q      0.2536   158.7 min
  restart   3/5    eval   159   this Q      0.2632   best Q      0.2536   158.8 min
  restart   3/5    eval   160   this Q      0.2619   best Q      0.2536   159.0 min
  restart   3/5    eval   161   this Q      0.2638   best Q      0.2536   159.2 min
  restart   3/5    eval   162   this Q      0.2635   best Q      0.2536   159.3 min
  restart   3/5    eval   163   this Q      0.2614   best Q      0.2536   159.5 min
  restart   3/5    eval   164   this Q      0.2602   best Q      0.2536   159.6 min
  restart   3/5    eval   165   this Q      0.2611   best Q      0.2536   159.8 min
  restart   3/5    eval   166   this Q      0.2592   best Q      0.2536   159.9 min
  restart   3/5    eval   167   this Q      0.2571   best Q      0.2536   160.1 min
  restart   3/5    eval   168   this Q      0.2618   best Q      0.2536   160.2 min
  restart   3/5    eval   169   this Q       0.258   best Q      0.2536   160.4 min
  restart   3/5    eval   170   this Q      0.2589   best Q      0.2536   160.5 min
  restart   3/5    eval   171   this Q      0.2576   best Q      0.2536   160.7 min
  restart   3/5    eval   172   this Q      0.2567   best Q      0.2536   160.8 min
  restart   3/5    eval   173   this Q      0.2592   best Q      0.2536   161.0 min
  restart   3/5    eval   174   this Q      0.2568   best Q      0.2536   161.1 min
  restart   3/5    eval   175   this Q       0.264   best Q      0.2536   161.3 min
  restart   3/5    eval   176   this Q      0.2591   best Q      0.2536   161.4 min
  restart   3/5    eval   177   this Q      0.2572   best Q      0.2536   161.6 min
  restart   3/5    eval   178   this Q      0.2565   best Q      0.2536   161.8 min
  restart   3/5    eval   179   this Q        0.26   best Q      0.2536   161.9 min
  restart   3/5    eval   180   this Q      0.2569   best Q      0.2536   162.1 min
  restart   3/5    eval   181   this Q      0.2586   best Q      0.2536   162.2 min
  restart   3/5    eval   182   this Q      0.2554   best Q      0.2536   162.4 min
  restart   3/5    eval   183   this Q      0.2563   best Q      0.2536   162.5 min
  restart   3/5    eval   184   this Q      0.2566   best Q      0.2536   162.7 min
  restart   3/5    eval   185   this Q      0.2595   best Q      0.2536   162.8 min
  restart   3/5    eval   186   this Q      0.2561   best Q      0.2536   163.0 min
  restart   3/5    eval   187   this Q      0.2545   best Q      0.2536   163.1 min
  restart   3/5    eval   188   this Q      0.2535   best Q      0.2535   163.3 min
  restart   3/5    eval   189   this Q      0.2569   best Q      0.2535   163.4 min
  restart   3/5    eval   190   this Q       0.254   best Q      0.2535   163.6 min
  restart   3/5    eval   191   this Q      0.2556   best Q      0.2535   163.7 min
  restart   3/5    eval   192   this Q       0.256   best Q      0.2535   163.9 min
  restart   3/5    eval   193   this Q       0.255   best Q      0.2535   164.1 min
  restart   3/5    eval   194   this Q      0.2555   best Q      0.2535   164.2 min
  restart   3/5    eval   195   this Q      0.2542   best Q      0.2535   164.4 min
  restart   3/5    eval   196   this Q      0.2542   best Q      0.2535   164.5 min
  restart   3/5    eval   197   this Q      0.2539   best Q      0.2535   164.7 min
  restart   3/5    eval   198   this Q      0.2557   best Q      0.2535   164.8 min
  restart   3/5    eval   199   this Q      0.2543   best Q      0.2535   165.0 min
  restart   3/5    eval   200   this Q      0.2538   best Q      0.2535   165.1 min
  restart   3/5    eval   201   this Q      0.2552   best Q      0.2535   165.3 min
  restart   3/5    eval   202   this Q      0.2533   best Q      0.2533   165.4 min
  restart   3/5    eval   203   this Q       0.255   best Q      0.2533   165.6 min
  restart   3/5    eval   204   this Q      0.2548   best Q      0.2533   165.8 min
  restart   3/5    eval   205   this Q       0.254   best Q      0.2533   165.9 min
  restart   3/5    eval   206   this Q      0.2551   best Q      0.2533   166.1 min
  restart   3/5    eval   207   this Q      0.2535   best Q      0.2533   166.2 min
  restart   3/5    eval   208   this Q      0.2535   best Q      0.2533   166.4 min
  restart   3/5    eval   209   this Q      0.2554   best Q      0.2533   166.5 min
  restart   3/5    eval   210   this Q      0.2532   best Q      0.2532   166.7 min
  restart   3/5    eval   211   this Q      0.2535   best Q      0.2532   166.8 min
  restart   3/5    eval   212   this Q      0.2549   best Q      0.2532   167.0 min
  restart   3/5    eval   213   this Q      0.2531   best Q      0.2531   167.1 min
  restart   3/5    eval   214   this Q      0.2556   best Q      0.2531   167.3 min
  restart   3/5    eval   215   this Q      0.2531   best Q      0.2531   167.5 min
  restart   3/5    eval   216   this Q      0.2531   best Q      0.2531   167.6 min
  restart   3/5    eval   217   this Q      0.2533   best Q      0.2531   167.8 min
  restart   3/5    eval   218   this Q      0.2529   best Q      0.2529   167.9 min
  restart   3/5    eval   219   this Q      0.2537   best Q      0.2529   168.1 min
  restart   3/5    eval   220   this Q      0.2536   best Q      0.2529   168.2 min
  restart   3/5    eval   221   this Q      0.2531   best Q      0.2529   168.4 min
  restart   3/5    eval   222   this Q       0.253   best Q      0.2529   168.5 min
  restart   3/5    eval   223   this Q      0.2531   best Q      0.2529   168.7 min
  restart   3/5    eval   224   this Q      0.2536   best Q      0.2529   168.8 min
  restart   3/5    eval   225   this Q      0.2528   best Q      0.2528   169.0 min
  restart   3/5    eval   226   this Q      0.2532   best Q      0.2528   169.1 min
  restart   3/5    eval   227   this Q      0.2526   best Q      0.2526   169.3 min
  restart   3/5    eval   228   this Q      0.2528   best Q      0.2526   169.5 min
  restart   3/5    eval   229   this Q      0.2531   best Q      0.2526   169.6 min
  restart   3/5    eval   230   this Q      0.2538   best Q      0.2526   169.8 min
  restart   3/5    eval   231   this Q      0.2528   best Q      0.2526   169.9 min
  restart   3/5    eval   232   this Q       0.253   best Q      0.2526   170.1 min
  restart   3/5    eval   233   this Q       0.253   best Q      0.2526   170.2 min
  restart   3/5    eval   234   this Q      0.2526   best Q      0.2526   170.4 min
  restart   3/5    eval   235   this Q      0.2528   best Q      0.2526   170.5 min
  restart   3/5    eval   236   this Q      0.2524   best Q      0.2524   170.7 min
  restart   3/5    eval   237   this Q      0.2526   best Q      0.2524   170.8 min
  restart   3/5    eval   238   this Q      0.2526   best Q      0.2524   171.0 min
  restart   3/5    eval   239   this Q      0.2532   best Q      0.2524   171.2 min
  restart   3/5    eval   240   this Q      0.2526   best Q      0.2524   171.3 min
  restart   3/5    eval   241   this Q      0.2531   best Q      0.2524   171.5 min
  restart   3/5    eval   242   this Q      0.2526   best Q      0.2524   171.6 min
  restart   3/5    eval   243   this Q      0.2527   best Q      0.2524   171.8 min
  restart   3/5    eval   244   this Q      0.2527   best Q      0.2524   171.9 min
  restart   3/5    eval   245   this Q      0.2523   best Q      0.2523   172.1 min
  restart   3/5    eval   246   this Q      0.2527   best Q      0.2523   172.2 min
  restart   3/5    eval   247   this Q      0.2522   best Q      0.2522   172.4 min
  restart   3/5    eval   248   this Q      0.2522   best Q      0.2522   172.5 min
  restart   3/5    eval   249   this Q      0.2526   best Q      0.2522   172.7 min
  restart   3/5    eval   250   this Q      0.2528   best Q      0.2522   172.8 min
  restart   3/5    eval   251   this Q      0.2524   best Q      0.2522   173.0 min
  restart   3/5    eval   252   this Q      0.2527   best Q      0.2522   173.2 min
  restart   3/5    eval   253   this Q      0.2525   best Q      0.2522   173.3 min
  restart   3/5    eval   254   this Q      0.2527   best Q      0.2522   173.5 min
  restart   3/5    eval   255   this Q      0.2524   best Q      0.2522   173.6 min
  restart   3/5    eval   256   this Q      0.2526   best Q      0.2522   173.8 min
  restart   3/5    eval   257   this Q      0.2526   best Q      0.2522   173.9 min
  restart   3/5    eval   258   this Q      0.2524   best Q      0.2522   174.1 min
  restart   3/5    eval   259   this Q      0.2526   best Q      0.2522   174.2 min
  restart   3/5    eval   260   this Q      0.2523   best Q      0.2522   174.4 min
  restart   3/5    eval   261   this Q       0.252   best Q       0.252   174.5 min
  restart   3/5    eval   262   this Q      0.2518   best Q      0.2518   174.7 min
  restart   3/5    eval   263   this Q      0.2519   best Q      0.2518   174.9 min
  restart   3/5    eval   264   this Q      0.2521   best Q      0.2518   175.0 min
  restart   3/5    eval   265   this Q      0.2523   best Q      0.2518   175.2 min
  restart   3/5    eval   266   this Q       0.252   best Q      0.2518   175.3 min
  restart   3/5    eval   267   this Q       0.252   best Q      0.2518   175.5 min
  restart   3/5    eval   268   this Q      0.2518   best Q      0.2518   175.6 min
  restart   3/5    eval   269   this Q      0.2517   best Q      0.2517   175.8 min
  restart   3/5    eval   270   this Q      0.2518   best Q      0.2517   175.9 min
  restart   3/5    eval   271   this Q      0.2519   best Q      0.2517   176.1 min
  restart   3/5    eval   272   this Q       0.252   best Q      0.2517   176.2 min
  restart   3/5    eval   273   this Q       0.252   best Q      0.2517   176.4 min
  restart   3/5    eval   274   this Q      0.2515   best Q      0.2515   176.6 min
  restart   3/5    eval   275   this Q      0.2514   best Q      0.2514   176.7 min
  restart   3/5    eval   276   this Q      0.2516   best Q      0.2514   176.9 min
  restart   3/5    eval   277   this Q      0.2517   best Q      0.2514   177.0 min
  restart   3/5    eval   278   this Q      0.2518   best Q      0.2514   177.2 min
  restart   3/5    eval   279   this Q      0.2517   best Q      0.2514   177.3 min
  restart   3/5    eval   280   this Q      0.2515   best Q      0.2514   177.5 min
  restart   3/5    eval   281   this Q      0.2517   best Q      0.2514   177.6 min
  restart   3/5    eval   282   this Q      0.2512   best Q      0.2512   177.8 min
  restart   3/5    eval   283   this Q       0.251   best Q       0.251   177.9 min
  restart   3/5    eval   284   this Q      0.2513   best Q       0.251   178.1 min
  restart   3/5    eval   285   this Q      0.2513   best Q       0.251   178.3 min
  restart   3/5    eval   286   this Q      0.2511   best Q       0.251   178.4 min
  restart   3/5    eval   287   this Q      0.2511   best Q       0.251   178.6 min
  restart   3/5    eval   288   this Q       0.251   best Q       0.251   178.7 min
  restart   3/5    eval   289   this Q      0.2516   best Q       0.251   178.9 min
  restart   3/5    eval   290   this Q       0.251   best Q       0.251   179.0 min
  restart   3/5    eval   291   this Q       0.251   best Q       0.251   179.2 min
  restart   3/5    eval   292   this Q      0.2507   best Q      0.2507   179.3 min
  restart   3/5    eval   293   this Q      0.2506   best Q      0.2506   179.5 min
  restart   3/5    eval   294   this Q      0.2509   best Q      0.2506   179.7 min
  restart   3/5    eval   295   this Q      0.2509   best Q      0.2506   179.8 min
  restart   3/5    eval   296   this Q      0.2515   best Q      0.2506   180.0 min
  restart   3/5    eval   297   this Q       0.251   best Q      0.2506   180.1 min
  restart   3/5    eval   298   this Q      0.2508   best Q      0.2506   180.3 min
  restart   3/5    eval   299   this Q      0.2513   best Q      0.2506   180.4 min
  restart   3/5    eval   300   this Q      0.2508   best Q      0.2506   180.6 min
  restart   3/5    eval   301   this Q      0.2509   best Q      0.2506   180.7 min
  restart   3/5    eval   302   this Q      0.2509   best Q      0.2506   180.9 min
  restart   3/5    eval   303   this Q       0.251   best Q      0.2506   181.1 min
  restart   3/5    eval   304   this Q      0.2509   best Q      0.2506   181.2 min
  restart   3/5    eval   305   this Q       0.251   best Q      0.2506   181.4 min
  restart   3/5    eval   306   this Q      0.2507   best Q      0.2506   181.5 min
  restart   3/5    eval   307   this Q      0.2506   best Q      0.2506   181.7 min
  restart   3/5    eval   308   this Q      0.2507   best Q      0.2506   181.8 min
  restart   3/5    eval   309   this Q      0.2511   best Q      0.2506   182.0 min
  restart   3/5    eval   310   this Q      0.2507   best Q      0.2506   182.1 min
  restart   3/5    eval   311   this Q      0.2509   best Q      0.2506   182.3 min
  restart   3/5    eval   312   this Q      0.2506   best Q      0.2506   182.5 min
  restart   3/5    eval   313   this Q      0.2508   best Q      0.2506   182.6 min
  restart   3/5    eval   314   this Q       0.251   best Q      0.2506   182.8 min
  restart   3/5    eval   315   this Q      0.2508   best Q      0.2506   182.9 min
  restart   3/5    eval   316   this Q      0.2509   best Q      0.2506   183.1 min
  restart   3/5    eval   317   this Q      0.2506   best Q      0.2506   183.2 min
  restart   3/5    eval   318   this Q      0.2504   best Q      0.2504   183.4 min
  restart   3/5    eval   319   this Q      0.2504   best Q      0.2504   183.5 min
  restart   3/5    eval   320   this Q      0.2506   best Q      0.2504   183.7 min
  restart   3/5    eval   321   this Q      0.2508   best Q      0.2504   183.9 min
  restart   3/5    eval   322   this Q      0.2506   best Q      0.2504   184.0 min
  restart   3/5    eval   323   this Q      0.2505   best Q      0.2504   184.2 min
  restart   3/5    eval   324   this Q      0.2505   best Q      0.2504   184.3 min
  restart   3/5    eval   325   this Q      0.2506   best Q      0.2504   184.5 min
  restart   3/5   DONE   this      0.2504   best Q      0.2504   184.5 min, ~123 min left
  restart   4/5    eval     1   this Q      0.2995   best Q      0.2504   184.6 min
  restart   4/5    eval     2   this Q      0.2995   best Q      0.2504   184.8 min
  restart   4/5    eval     3   this Q       1.038   best Q      0.2504   184.9 min
  restart   4/5    eval     4   this Q       1.169   best Q      0.2504   185.1 min
  restart   4/5    eval     5   this Q       1.007   best Q      0.2504   185.3 min
  restart   4/5    eval     6   this Q       1.718   best Q      0.2504   185.4 min
  restart   4/5    eval     7   this Q      0.3002   best Q      0.2504   185.6 min
  restart   4/5    eval     8   this Q      0.8363   best Q      0.2504   185.7 min
  restart   4/5    eval     9   this Q        8.15   best Q      0.2504   185.9 min
  restart   4/5    eval    10   this Q       0.317   best Q      0.2504   186.0 min
  restart   4/5    eval    11   this Q      0.2984   best Q      0.2504   186.2 min
  restart   4/5    eval    12   this Q       1.247   best Q      0.2504   186.3 min
  restart   4/5    eval    13   this Q       1.798   best Q      0.2504   186.5 min
  restart   4/5    eval    14   this Q      0.6451   best Q      0.2504   186.6 min
  restart   4/5    eval    15   this Q       7.691   best Q      0.2504   186.8 min
  restart   4/5    eval    16   this Q       0.627   best Q      0.2504   186.9 min
  restart   4/5    eval    17   this Q      0.9976   best Q      0.2504   187.1 min
  restart   4/5    eval    18   this Q      0.7877   best Q      0.2504   187.2 min
  restart   4/5    eval    19   this Q      0.8169   best Q      0.2504   187.4 min
  restart   4/5    eval    20   this Q      0.9943   best Q      0.2504   187.5 min
  restart   4/5    eval    21   this Q      0.4688   best Q      0.2504   187.7 min
  restart   4/5    eval    22   this Q      0.5964   best Q      0.2504   187.9 min
  restart   4/5    eval    23   this Q       1.049   best Q      0.2504   188.0 min
  restart   4/5    eval    24   this Q       0.485   best Q      0.2504   188.2 min
  restart   4/5    eval    25   this Q      0.7412   best Q      0.2504   188.3 min
  restart   4/5    eval    26   this Q      0.3615   best Q      0.2504   188.5 min
  restart   4/5    eval    27   this Q      0.5518   best Q      0.2504   188.6 min
  restart   4/5    eval    28   this Q      0.8421   best Q      0.2504   188.8 min
  restart   4/5    eval    29   this Q      0.3893   best Q      0.2504   189.0 min
  restart   4/5    eval    30   this Q      0.6866   best Q      0.2504   189.1 min
  restart   4/5    eval    31   this Q      0.3695   best Q      0.2504   189.3 min
  restart   4/5    eval    32   this Q      0.5919   best Q      0.2504   189.4 min
  restart   4/5    eval    33   this Q      0.3544   best Q      0.2504   189.6 min
  restart   4/5    eval    34   this Q      0.3451   best Q      0.2504   189.7 min
  restart   4/5    eval    35   this Q      0.5611   best Q      0.2504   189.9 min
  restart   4/5    eval    36   this Q      0.3113   best Q      0.2504   190.0 min
  restart   4/5    eval    37   this Q      0.4751   best Q      0.2504   190.2 min
  restart   4/5    eval    38   this Q       0.302   best Q      0.2504   190.3 min
  restart   4/5    eval    39   this Q      0.3522   best Q      0.2504   190.5 min
  restart   4/5    eval    40   this Q      0.4768   best Q      0.2504   190.7 min
  restart   4/5    eval    41   this Q      0.2823   best Q      0.2504   190.8 min
  restart   4/5    eval    42   this Q       0.348   best Q      0.2504   191.0 min
  restart   4/5    eval    43   this Q      0.3638   best Q      0.2504   191.1 min
  restart   4/5    eval    44   this Q      0.2878   best Q      0.2504   191.3 min
  restart   4/5    eval    45   this Q      0.3506   best Q      0.2504   191.4 min
  restart   4/5    eval    46   this Q      0.2862   best Q      0.2504   191.6 min
  restart   4/5    eval    47   this Q      0.4163   best Q      0.2504   191.7 min
  restart   4/5    eval    48   this Q      0.2764   best Q      0.2504   191.9 min
  restart   4/5    eval    49   this Q      0.2687   best Q      0.2504   192.0 min
  restart   4/5    eval    50   this Q      0.3056   best Q      0.2504   192.2 min
  restart   4/5    eval    51   this Q       0.344   best Q      0.2504   192.3 min
  restart   4/5    eval    52   this Q       0.275   best Q      0.2504   192.5 min
  restart   4/5    eval    53   this Q      0.3325   best Q      0.2504   192.7 min
  restart   4/5    eval    54   this Q      0.2744   best Q      0.2504   192.8 min
  restart   4/5    eval    55   this Q       0.272   best Q      0.2504   193.0 min
  restart   4/5    eval    56   this Q      0.2786   best Q      0.2504   193.1 min
  restart   4/5    eval    57   this Q      0.2995   best Q      0.2504   193.3 min
  restart   4/5    eval    58   this Q      0.2702   best Q      0.2504   193.4 min
  restart   4/5    eval    59   this Q      0.2942   best Q      0.2504   193.6 min
  restart   4/5    eval    60   this Q      0.2672   best Q      0.2504   193.7 min
  restart   4/5    eval    61   this Q      0.2867   best Q      0.2504   193.9 min
  restart   4/5    eval    62   this Q      0.2668   best Q      0.2504   194.1 min
  restart   4/5    eval    63   this Q      0.2888   best Q      0.2504   194.2 min
  restart   4/5    eval    64   this Q      0.2661   best Q      0.2504   194.4 min
  restart   4/5    eval    65   this Q      0.2859   best Q      0.2504   194.5 min
  restart   4/5    eval    66   this Q      0.2653   best Q      0.2504   194.7 min
  restart   4/5    eval    67   this Q      0.2909   best Q      0.2504   194.8 min
  restart   4/5    eval    68   this Q      0.2634   best Q      0.2504   195.0 min
  restart   4/5    eval    69   this Q      0.2694   best Q      0.2504   195.1 min
  restart   4/5    eval    70   this Q      0.2734   best Q      0.2504   195.3 min
  restart   4/5    eval    71   this Q      0.2637   best Q      0.2504   195.4 min
  restart   4/5    eval    72   this Q      0.2697   best Q      0.2504   195.6 min
  restart   4/5    eval    73   this Q      0.2696   best Q      0.2504   195.8 min
  restart   4/5    eval    74   this Q      0.2775   best Q      0.2504   195.9 min
  restart   4/5    eval    75   this Q      0.2623   best Q      0.2504   196.1 min
  restart   4/5    eval    76   this Q      0.2689   best Q      0.2504   196.2 min
  restart   4/5    eval    77   this Q      0.2729   best Q      0.2504   196.4 min
  restart   4/5    eval    78   this Q      0.2624   best Q      0.2504   196.5 min
  restart   4/5    eval    79   this Q      0.2692   best Q      0.2504   196.7 min
  restart   4/5    eval    80   this Q      0.2625   best Q      0.2504   196.8 min
  restart   4/5    eval    81   this Q      0.2837   best Q      0.2504   197.0 min
  restart   4/5    eval    82   this Q      0.2614   best Q      0.2504   197.1 min
  restart   4/5    eval    83   this Q      0.2636   best Q      0.2504   197.3 min
  restart   4/5    eval    84   this Q      0.2649   best Q      0.2504   197.4 min
  restart   4/5    eval    85   this Q      0.2629   best Q      0.2504   197.6 min
  restart   4/5    eval    86   this Q      0.2607   best Q      0.2504   197.8 min
  restart   4/5    eval    87   this Q      0.2686   best Q      0.2504   197.9 min
  restart   4/5    eval    88   this Q      0.2703   best Q      0.2504   198.1 min
  restart   4/5    eval    89   this Q      0.2605   best Q      0.2504   198.2 min
  restart   4/5    eval    90   this Q      0.2607   best Q      0.2504   198.4 min
  restart   4/5    eval    91   this Q       0.269   best Q      0.2504   198.5 min
  restart   4/5    eval    92   this Q        0.26   best Q      0.2504   198.7 min
  restart   4/5    eval    93   this Q      0.2618   best Q      0.2504   198.8 min
  restart   4/5    eval    94   this Q      0.2685   best Q      0.2504   199.0 min
  restart   4/5    eval    95   this Q      0.2596   best Q      0.2504   199.1 min
  restart   4/5    eval    96   this Q      0.2601   best Q      0.2504   199.3 min
  restart   4/5    eval    97   this Q      0.2596   best Q      0.2504   199.5 min
  restart   4/5    eval    98   this Q      0.2639   best Q      0.2504   199.6 min
  restart   4/5    eval    99   this Q       0.259   best Q      0.2504   199.8 min
  restart   4/5    eval   100   this Q      0.2626   best Q      0.2504   199.9 min
  restart   4/5    eval   101   this Q      0.2598   best Q      0.2504   200.1 min
  restart   4/5    eval   102   this Q      0.2587   best Q      0.2504   200.2 min
  restart   4/5    eval   103   this Q      0.2628   best Q      0.2504   200.4 min
  restart   4/5    eval   104   this Q      0.2641   best Q      0.2504   200.5 min
  restart   4/5    eval   105   this Q      0.2585   best Q      0.2504   200.7 min
  restart   4/5    eval   106   this Q      0.2612   best Q      0.2504   200.9 min
  restart   4/5    eval   107   this Q      0.2587   best Q      0.2504   201.0 min
  restart   4/5    eval   108   this Q      0.2571   best Q      0.2504   201.2 min
  restart   4/5    eval   109   this Q      0.2579   best Q      0.2504   201.3 min
  restart   4/5    eval   110   this Q      0.2615   best Q      0.2504   201.5 min
  restart   4/5    eval   111   this Q      0.2582   best Q      0.2504   201.6 min
  restart   4/5    eval   112   this Q       0.257   best Q      0.2504   201.8 min
  restart   4/5    eval   113   this Q      0.2578   best Q      0.2504   201.9 min
  restart   4/5    eval   114   this Q      0.2582   best Q      0.2504   202.1 min
  restart   4/5    eval   115   this Q      0.2568   best Q      0.2504   202.2 min
  restart   4/5    eval   116   this Q      0.2583   best Q      0.2504   202.4 min
  restart   4/5    eval   117   this Q      0.2592   best Q      0.2504   202.6 min
  restart   4/5    eval   118   this Q      0.2575   best Q      0.2504   202.7 min
  restart   4/5    eval   119   this Q      0.2599   best Q      0.2504   202.9 min
  restart   4/5    eval   120   this Q      0.2574   best Q      0.2504   203.0 min
  restart   4/5    eval   121   this Q      0.2589   best Q      0.2504   203.2 min
  restart   4/5    eval   122   this Q      0.2574   best Q      0.2504   203.3 min
  restart   4/5    eval   123   this Q      0.2555   best Q      0.2504   203.5 min
  restart   4/5    eval   124   this Q      0.2546   best Q      0.2504   203.6 min
  restart   4/5    eval   125   this Q      0.2556   best Q      0.2504   203.8 min
  restart   4/5    eval   126   this Q      0.2546   best Q      0.2504   204.0 min
  restart   4/5    eval   127   this Q      0.2564   best Q      0.2504   204.1 min
  restart   4/5    eval   128   this Q      0.2546   best Q      0.2504   204.3 min
  restart   4/5    eval   129   this Q      0.2539   best Q      0.2504   204.4 min
  restart   4/5    eval   130   this Q      0.2532   best Q      0.2504   204.6 min
  restart   4/5    eval   131   this Q      0.2529   best Q      0.2504   204.7 min
  restart   4/5    eval   132   this Q      0.2521   best Q      0.2504   204.9 min
  restart   4/5    eval   133   this Q      0.2526   best Q      0.2504   205.0 min
  restart   4/5    eval   134   this Q      0.2513   best Q      0.2504   205.2 min
  restart   4/5    eval   135   this Q      0.2515   best Q      0.2504   205.4 min
  restart   4/5    eval   136   this Q       0.252   best Q      0.2504   205.5 min
  restart   4/5    eval   137   this Q      0.2525   best Q      0.2504   205.7 min
  restart   4/5    eval   138   this Q      0.2511   best Q      0.2504   205.8 min
  restart   4/5    eval   139   this Q      0.2542   best Q      0.2504   206.0 min
  restart   4/5    eval   140   this Q      0.2517   best Q      0.2504   206.1 min
  restart   4/5    eval   141   this Q      0.2515   best Q      0.2504   206.3 min
  restart   4/5    eval   142   this Q      0.2524   best Q      0.2504   206.5 min
  restart   4/5    eval   143   this Q      0.2523   best Q      0.2504   206.6 min
  restart   4/5    eval   144   this Q      0.2543   best Q      0.2504   206.8 min
  restart   4/5    eval   145   this Q      0.2513   best Q      0.2504   206.9 min
  restart   4/5    eval   146   this Q      0.2528   best Q      0.2504   207.1 min
  restart   4/5    eval   147   this Q      0.2512   best Q      0.2504   207.2 min
  restart   4/5    eval   148   this Q      0.2524   best Q      0.2504   207.4 min
  restart   4/5    eval   149   this Q      0.2513   best Q      0.2504   207.6 min
  restart   4/5    eval   150   this Q      0.2526   best Q      0.2504   207.7 min
  restart   4/5    eval   151   this Q      0.2512   best Q      0.2504   207.9 min
  restart   4/5    eval   152   this Q      0.2513   best Q      0.2504   208.0 min
  restart   4/5    eval   153   this Q      0.2506   best Q      0.2504   208.2 min
  restart   4/5    eval   154   this Q      0.2511   best Q      0.2504   208.3 min
  restart   4/5    eval   155   this Q      0.2509   best Q      0.2504   208.5 min
  restart   4/5    eval   156   this Q      0.2511   best Q      0.2504   208.6 min
  restart   4/5    eval   157   this Q      0.2519   best Q      0.2504   208.8 min
  restart   4/5    eval   158   this Q      0.2506   best Q      0.2504   209.0 min
  restart   4/5    eval   159   this Q      0.2503   best Q      0.2503   209.1 min
  restart   4/5    eval   160   this Q      0.2505   best Q      0.2503   209.3 min
  restart   4/5    eval   161   this Q      0.2528   best Q      0.2503   209.4 min
  restart   4/5    eval   162   this Q      0.2505   best Q      0.2503   209.6 min
  restart   4/5    eval   163   this Q      0.2509   best Q      0.2503   209.7 min
  restart   4/5    eval   164   this Q      0.2504   best Q      0.2503   209.9 min
  restart   4/5    eval   165   this Q      0.2511   best Q      0.2503   210.1 min
  restart   4/5    eval   166   this Q      0.2505   best Q      0.2503   210.2 min
  restart   4/5    eval   167   this Q      0.2509   best Q      0.2503   210.4 min
  restart   4/5    eval   168   this Q      0.2511   best Q      0.2503   210.5 min
  restart   4/5    eval   169   this Q      0.2505   best Q      0.2503   210.7 min
  restart   4/5    eval   170   this Q      0.2502   best Q      0.2502   210.8 min
  restart   4/5    eval   171   this Q      0.2507   best Q      0.2502   211.0 min
  restart   4/5    eval   172   this Q      0.2511   best Q      0.2502   211.1 min
  restart   4/5    eval   173   this Q      0.2503   best Q      0.2502   211.3 min
  restart   4/5    eval   174   this Q      0.2504   best Q      0.2502   211.5 min
  restart   4/5    eval   175   this Q      0.2508   best Q      0.2502   211.6 min
  restart   4/5    eval   176   this Q      0.2503   best Q      0.2502   211.8 min
  restart   4/5    eval   177   this Q      0.2502   best Q      0.2502   211.9 min
  restart   4/5    eval   178   this Q      0.2509   best Q      0.2502   212.1 min
  restart   4/5    eval   179   this Q      0.2505   best Q      0.2502   212.2 min
  restart   4/5    eval   180   this Q      0.2505   best Q      0.2502   212.4 min
  restart   4/5    eval   181   this Q      0.2503   best Q      0.2502   212.6 min
  restart   4/5   DONE   this      0.2502   best Q      0.2502   212.6 min, ~53 min left
  restart   5/5    eval     1   this Q      0.2508   best Q      0.2502   212.7 min
  restart   5/5    eval     2   this Q      0.2508   best Q      0.2502   212.9 min
  restart   5/5    eval     3   this Q         1.2   best Q      0.2502   213.0 min
  restart   5/5    eval     4   this Q       1.298   best Q      0.2502   213.2 min
  restart   5/5    eval     5   this Q      0.7487   best Q      0.2502   213.3 min
  restart   5/5    eval     6   this Q       1.739   best Q      0.2502   213.5 min
  restart   5/5    eval     7   this Q      0.2513   best Q      0.2502   213.7 min
  restart   5/5    eval     8   this Q      0.4996   best Q      0.2502   213.8 min
  restart   5/5    eval     9   this Q       7.161   best Q      0.2502   214.0 min
  restart   5/5    eval    10   this Q      0.2509   best Q      0.2502   214.1 min
  restart   5/5    eval    11   this Q       0.251   best Q      0.2502   214.3 min
  restart   5/5    eval    12   this Q       1.311   best Q      0.2502   214.4 min
  restart   5/5    eval    13   this Q       1.774   best Q      0.2502   214.6 min
  restart   5/5    eval    14   this Q      0.6694   best Q      0.2502   214.7 min
  restart   5/5    eval    15   this Q       6.764   best Q      0.2502   214.9 min
  restart   5/5    eval    16   this Q      0.6807   best Q      0.2502   215.0 min
  restart   5/5    eval    17   this Q      0.8431   best Q      0.2502   215.2 min
  restart   5/5    eval    18   this Q      0.6214   best Q      0.2502   215.4 min
  restart   5/5    eval    19   this Q       1.333   best Q      0.2502   215.5 min
  restart   5/5    eval    20   this Q      0.4358   best Q      0.2502   215.7 min
  restart   5/5    eval    21   this Q      0.6426   best Q      0.2502   215.8 min
  restart   5/5    eval    22   this Q      0.7707   best Q      0.2502   216.0 min
  restart   5/5    eval    23   this Q      0.4275   best Q      0.2502   216.1 min
  restart   5/5    eval    24   this Q      0.7144   best Q      0.2502   216.3 min
  restart   5/5    eval    25   this Q      0.3881   best Q      0.2502   216.4 min
  restart   5/5    eval    26   this Q      0.8148   best Q      0.2502   216.6 min
  restart   5/5    eval    27   this Q      0.4105   best Q      0.2502   216.8 min
  restart   5/5    eval    28   this Q       1.013   best Q      0.2502   216.9 min
  restart   5/5    eval    29   this Q      0.3952   best Q      0.2502   217.1 min
  restart   5/5    eval    30   this Q      0.4151   best Q      0.2502   217.2 min
  restart   5/5    eval    31   this Q       0.424   best Q      0.2502   217.4 min
  restart   5/5    eval    32   this Q      0.4008   best Q      0.2502   217.6 min
  restart   5/5    eval    33   this Q      0.4169   best Q      0.2502   217.7 min
  restart   5/5    eval    34   this Q      0.3062   best Q      0.2502   217.9 min
  restart   5/5    eval    35   this Q      0.4032   best Q      0.2502   218.0 min
  restart   5/5    eval    36   this Q      0.4831   best Q      0.2502   218.2 min
  restart   5/5    eval    37   this Q       0.308   best Q      0.2502   218.3 min
  restart   5/5    eval    38   this Q      0.4034   best Q      0.2502   218.5 min
  restart   5/5    eval    39   this Q      0.2945   best Q      0.2502   218.6 min
  restart   5/5    eval    40   this Q      0.4349   best Q      0.2502   218.8 min
  restart   5/5    eval    41   this Q      0.2889   best Q      0.2502   218.9 min
  restart   5/5    eval    42   this Q      0.3282   best Q      0.2502   219.1 min
  restart   5/5    eval    43   this Q       0.383   best Q      0.2502   219.3 min
  restart   5/5    eval    44   this Q      0.2857   best Q      0.2502   219.4 min
  restart   5/5    eval    45   this Q      0.3528   best Q      0.2502   219.6 min
  restart   5/5    eval    46   this Q      0.2653   best Q      0.2502   219.7 min
  restart   5/5    eval    47   this Q      0.3101   best Q      0.2502   219.9 min
  restart   5/5    eval    48   this Q      0.2694   best Q      0.2502   220.0 min
  restart   5/5    eval    49   this Q      0.2923   best Q      0.2502   220.2 min
  restart   5/5    eval    50   this Q      0.2951   best Q      0.2502   220.3 min
  restart   5/5    eval    51   this Q      0.2614   best Q      0.2502   220.5 min
  restart   5/5    eval    52   this Q      0.3047   best Q      0.2502   220.7 min
  restart   5/5    eval    53   this Q      0.2595   best Q      0.2502   220.8 min
  restart   5/5    eval    54   this Q      0.2992   best Q      0.2502   221.0 min
  restart   5/5    eval    55   this Q      0.2604   best Q      0.2502   221.1 min
  restart   5/5    eval    56   this Q      0.2775   best Q      0.2502   221.3 min
  restart   5/5    eval    57   this Q      0.2571   best Q      0.2502   221.4 min
  restart   5/5    eval    58   this Q       0.266   best Q      0.2502   221.6 min
  restart   5/5    eval    59   this Q      0.2539   best Q      0.2502   221.7 min
  restart   5/5    eval    60   this Q      0.2712   best Q      0.2502   221.9 min
  restart   5/5    eval    61   this Q      0.2535   best Q      0.2502   222.1 min
  restart   5/5    eval    62   this Q       0.261   best Q      0.2502   222.2 min
  restart   5/5    eval    63   this Q      0.2536   best Q      0.2502   222.4 min
  restart   5/5    eval    64   this Q      0.2601   best Q      0.2502   222.5 min
  restart   5/5    eval    65   this Q       0.253   best Q      0.2502   222.7 min
  restart   5/5    eval    66   this Q      0.2576   best Q      0.2502   222.8 min
  restart   5/5    eval    67   this Q      0.2524   best Q      0.2502   223.0 min
  restart   5/5    eval    68   this Q      0.2624   best Q      0.2502   223.2 min
  restart   5/5    eval    69   this Q      0.2518   best Q      0.2502   223.3 min
  restart   5/5    eval    70   this Q      0.2564   best Q      0.2502   223.5 min
  restart   5/5    eval    71   this Q      0.2512   best Q      0.2502   223.6 min
  restart   5/5    eval    72   this Q      0.2531   best Q      0.2502   223.8 min
  restart   5/5    eval    73   this Q      0.2525   best Q      0.2502   223.9 min
  restart   5/5    eval    74   this Q      0.2525   best Q      0.2502   224.1 min
  restart   5/5    eval    75   this Q       0.254   best Q      0.2502   224.2 min
  restart   5/5    eval    76   this Q      0.2511   best Q      0.2502   224.4 min
  restart   5/5    eval    77   this Q      0.2538   best Q      0.2502   224.6 min
  restart   5/5    eval    78   this Q      0.2509   best Q      0.2502   224.7 min
  restart   5/5    eval    79   this Q       0.253   best Q      0.2502   224.9 min
  restart   5/5    eval    80   this Q       0.251   best Q      0.2502   225.0 min
  restart   5/5    eval    81   this Q      0.2523   best Q      0.2502   225.2 min
  restart   5/5    eval    82   this Q       0.251   best Q      0.2502   225.3 min
  restart   5/5    eval    83   this Q      0.2527   best Q      0.2502   225.5 min
  restart   5/5    eval    84   this Q      0.2508   best Q      0.2502   225.6 min
  restart   5/5    eval    85   this Q      0.2523   best Q      0.2502   225.8 min
  restart   5/5    eval    86   this Q      0.2507   best Q      0.2502   226.0 min
  restart   5/5    eval    87   this Q      0.2523   best Q      0.2502   226.1 min
  restart   5/5    eval    88   this Q      0.2507   best Q      0.2502   226.3 min
  restart   5/5    eval    89   this Q      0.2514   best Q      0.2502   226.4 min
  restart   5/5    eval    90   this Q      0.2507   best Q      0.2502   226.6 min
  restart   5/5    eval    91   this Q       0.251   best Q      0.2502   226.7 min
  restart   5/5    eval    92   this Q      0.2507   best Q      0.2502   226.9 min
  restart   5/5    eval    93   this Q      0.2507   best Q      0.2502   227.1 min
  restart   5/5    eval    94   this Q      0.2512   best Q      0.2502   227.2 min
  restart   5/5    eval    95   this Q      0.2507   best Q      0.2502   227.4 min
  restart   5/5    eval    96   this Q      0.2504   best Q      0.2502   227.5 min
  restart   5/5    eval    97   this Q      0.2508   best Q      0.2502   227.7 min
  restart   5/5    eval    98   this Q      0.2508   best Q      0.2502   227.8 min
  restart   5/5    eval    99   this Q      0.2505   best Q      0.2502   228.0 min
  restart   5/5    eval   100   this Q      0.2507   best Q      0.2502   228.1 min
  restart   5/5    eval   101   this Q      0.2506   best Q      0.2502   228.3 min
  restart   5/5    eval   102   this Q      0.2508   best Q      0.2502   228.5 min
  restart   5/5    eval   103   this Q      0.2504   best Q      0.2502   228.6 min
  restart   5/5    eval   104   this Q      0.2505   best Q      0.2502   228.8 min
  restart   5/5    eval   105   this Q      0.2506   best Q      0.2502   228.9 min
  restart   5/5    eval   106   this Q      0.2509   best Q      0.2502   229.1 min
  restart   5/5    eval   107   this Q      0.2505   best Q      0.2502   229.2 min
  restart   5/5   DONE   this      0.2504   best Q      0.2502   229.2 min, ~0 min left
  restart   5/5    eval     1   this Q      0.2502   best Q      0.2502   229.4 min
  restart   5/5    eval     2   this Q       1.185   best Q      0.2502   229.6 min
  restart   5/5    eval     3   this Q       1.307   best Q      0.2502   229.7 min
  restart   5/5    eval     4   this Q      0.7543   best Q      0.2502   229.9 min
  restart   5/5    eval     5   this Q       1.751   best Q      0.2502   230.0 min
  restart   5/5    eval     6   this Q      0.2506   best Q      0.2502   230.2 min
  restart   5/5    eval     7   this Q      0.5011   best Q      0.2502   230.3 min
  restart   5/5    eval     8   this Q       7.312   best Q      0.2502   230.5 min
  restart   5/5    eval     9   this Q      0.2504   best Q      0.2502   230.7 min
  restart   5/5    eval    10   this Q      0.2503   best Q      0.2502   230.8 min
  restart   5/5    eval    11   this Q      0.5146   best Q      0.2502   231.0 min
  restart   5/5    eval    12   this Q      0.9734   best Q      0.2502   231.1 min
  restart   5/5    eval    13   this Q      0.5234   best Q      0.2502   231.3 min
  restart   5/5    eval    14   this Q       1.789   best Q      0.2502   231.4 min
  restart   5/5    eval    15   this Q      0.2509   best Q      0.2502   231.6 min
  restart   5/5    eval    16   this Q      0.4286   best Q      0.2502   231.7 min
  restart   5/5    eval    17   this Q       1.127   best Q      0.2502   231.9 min
  restart   5/5    eval    18   this Q      0.2501   best Q      0.2501   232.1 min
  restart   5/5    eval    19   this Q      0.2504   best Q      0.2501   232.2 min
  restart   5/5    eval    20   this Q      0.5287   best Q      0.2501   232.4 min
  restart   5/5    eval    21   this Q      0.4577   best Q      0.2501   232.5 min
  restart   5/5    eval    22   this Q      0.2564   best Q      0.2501   232.7 min
  restart   5/5    eval    23   this Q      0.3068   best Q      0.2501   232.8 min
  restart   5/5    eval    24   this Q      0.2563   best Q      0.2501   233.0 min
  restart   5/5    eval    25   this Q      0.2546   best Q      0.2501   233.2 min
  restart   5/5    eval    26   this Q      0.2511   best Q      0.2501   233.3 min
  restart   5/5    eval    27   this Q      0.2533   best Q      0.2501   233.5 min
  restart   5/5    eval    28   this Q      0.2577   best Q      0.2501   233.6 min
  restart   5/5    eval    29   this Q      0.2524   best Q      0.2501   233.8 min
  restart   5/5    eval    30   this Q      0.2501   best Q      0.2501   233.9 min
  restart   5/5    eval    31   this Q      0.2517   best Q      0.2501   234.1 min
  restart   5/5    eval    32   this Q      0.2539   best Q      0.2501   234.2 min
  restart   5/5    eval    33   this Q      0.2508   best Q      0.2501   234.4 min
  restart   5/5    eval    34   this Q      0.2521   best Q      0.2501   234.6 min
  restart   5/5    eval    35   this Q      0.2513   best Q      0.2501   234.7 min
  restart   5/5    eval    36   this Q      0.2663   best Q      0.2501   234.9 min
  restart   5/5    eval    37   this Q      0.2534   best Q      0.2501   235.0 min
  restart   5/5    eval    38   this Q      0.2631   best Q      0.2501   235.2 min
  restart   5/5    eval    39   this Q      0.2521   best Q      0.2501   235.3 min
  restart   5/5    eval    40   this Q      0.2509   best Q      0.2501   235.5 min
  restart   5/5    eval    41   this Q      0.2505   best Q      0.2501   235.6 min
  restart   5/5    eval    42   this Q      0.2503   best Q      0.2501   235.8 min
  restart   5/5    eval    43   this Q      0.2501   best Q      0.2501   236.0 min
  restart   5/5    eval    44   this Q      0.2501   best Q      0.2501   236.1 min
  restart   5/5    eval    45   this Q      0.2502   best Q      0.2501   236.3 min
  restart   5/5    eval    46   this Q      0.2501   best Q      0.2501   236.4 min
  restart   5/5    eval    47   this Q      0.2503   best Q      0.2501   236.6 min
  restart   5/5    eval    48   this Q      0.2502   best Q      0.2501   236.7 min
  restart   5/5    eval    49   this Q      0.2503   best Q      0.2501   236.9 min
  restart   5/5    eval    50   this Q      0.2501   best Q      0.2501   237.0 min
  restart   5/5    eval    51   this Q      0.2503   best Q      0.2501   237.2 min
  restart   5/5    eval    52   this Q      0.2501   best Q      0.2501   237.4 min
  restart   5/5    eval    53   this Q      0.2501   best Q      0.2501   237.5 min
  restart   5/5    eval    54   this Q      0.2501   best Q      0.2501   237.7 min
  restart   5/5    eval    55   this Q      0.2501   best Q      0.2501   237.8 min
  restart   5/5    eval    56   this Q      0.2503   best Q      0.2501   238.0 min
  restart   5/5    eval    57   this Q      0.2501   best Q      0.2501   238.1 min
  restart   5/5    eval    58   this Q      0.2501   best Q      0.2501   238.3 min
  restart   5/5    eval    59   this Q      0.2501   best Q      0.2501   238.4 min
  restart   5/5    eval    60   this Q      0.2501   best Q      0.2501   238.6 min
  restart   5/5    eval    61   this Q      0.2501   best Q      0.2501   238.8 min
  restart   5/5    eval    62   this Q      0.2501   best Q      0.2501   238.9 min
  restart   5/5    eval    63   this Q        0.25   best Q        0.25   239.1 min
  restart   5/5    eval    64   this Q      0.2501   best Q        0.25   239.2 min
  restart   5/5    eval    65   this Q      0.2501   best Q        0.25   239.4 min
  restart   5/5    eval    66   this Q      0.2501   best Q        0.25   239.5 min
  restart   5/5    eval    67   this Q      0.2501   best Q        0.25   239.7 min
  restart   5/5    eval    68   this Q      0.2501   best Q        0.25   239.9 min
  restart   5/5    eval    69   this Q        0.25   best Q        0.25   240.0 min
  restart   5/5    eval    70   this Q      0.2501   best Q        0.25   240.2 min
  restart   5/5    eval    71   this Q      0.2501   best Q        0.25   240.3 min
  restart   5/5    eval    72   this Q        0.25   best Q        0.25   240.5 min
  restart   5/5    eval    73   this Q      0.2501   best Q        0.25   240.6 min
  restart   5/5    eval    74   this Q      0.2501   best Q        0.25   240.8 min
  restart   5/5    eval    75   this Q      0.2501   best Q        0.25   240.9 min
  restart   5/5    eval    76   this Q      0.2501   best Q        0.25   241.1 min
  restart   5/5    eval    77   this Q        0.25   best Q        0.25   241.3 min
  restart   5/5    eval    78   this Q        0.25   best Q        0.25   241.4 min
  restart   5/5    eval    79   this Q        0.25   best Q        0.25   241.6 min
  restart   5/5    eval    80   this Q        0.25   best Q        0.25   241.7 min
  restart   5/5    eval    81   this Q        0.25   best Q        0.25   241.9 min
  restart   5/5    eval    82   this Q        0.25   best Q        0.25   242.0 min
  restart   5/5    eval    83   this Q        0.25   best Q        0.25   242.2 min
  restart   5/5    eval    84   this Q        0.25   best Q        0.25   242.3 min
  restart   5/5    eval    85   this Q        0.25   best Q        0.25   242.5 min
  restart   5/5    eval    86   this Q        0.25   best Q        0.25   242.7 min
  restart   5/5    eval    87   this Q        0.25   best Q        0.25   242.8 min
  restart   5/5    eval    88   this Q        0.25   best Q        0.25   243.0 min
  restart   5/5    eval    89   this Q        0.25   best Q        0.25   243.1 min
  restart   5/5    eval    90   this Q        0.25   best Q        0.25   243.3 min
  restart   5/5    eval    91   this Q        0.25   best Q        0.25   243.4 min
  restart   5/5    eval    92   this Q        0.25   best Q        0.25   243.6 min
  restart   5/5    eval    93   this Q        0.25   best Q        0.25   243.7 min
  restart   5/5    eval    94   this Q        0.25   best Q        0.25   243.9 min
  restart   5/5    eval    95   this Q        0.25   best Q        0.25   244.1 min
  restart   5/5    eval    96   this Q        0.25   best Q        0.25   244.2 min
  restart   5/5    eval    97   this Q        0.25   best Q        0.25   244.4 min
  restart   5/5    eval    98   this Q        0.25   best Q        0.25   244.5 min
  restart   5/5    eval    99   this Q        0.25   best Q        0.25   244.7 min
  restart   5/5    eval   100   this Q        0.25   best Q        0.25   244.9 min
  restart   5/5    eval   101   this Q        0.25   best Q        0.25   245.0 min
  restart   5/5    eval   102   this Q        0.25   best Q        0.25   245.2 min
  restart   5/5    eval   103   this Q        0.25   best Q        0.25   245.3 min
  restart   5/5    eval   104   this Q        0.25   best Q        0.25   245.5 min
  restart   5/5    eval   105   this Q        0.25   best Q        0.25   245.7 min
  restart   5/5    eval   106   this Q        0.25   best Q        0.25   245.8 min
  restart   5/5    eval   107   this Q        0.25   best Q        0.25   246.0 min
  restart   5/5    eval   108   this Q        0.25   best Q        0.25   246.1 min
  restart   5/5    eval   109   this Q        0.25   best Q        0.25   246.3 min
  restart   5/5    eval   110   this Q        0.25   best Q        0.25   246.5 min
  restart   5/5    eval   111   this Q        0.25   best Q        0.25   246.6 min
  restart   5/5    eval   112   this Q        0.25   best Q        0.25   246.8 min
  restart   5/5    eval   113   this Q        0.25   best Q        0.25   246.9 min
  restart   5/5    eval   114   this Q        0.25   best Q        0.25   247.1 min
  restart   5/5    eval   115   this Q        0.25   best Q        0.25   247.3 min
  restart   5/5    eval   116   this Q        0.25   best Q        0.25   247.4 min
  restart   5/5    eval   117   this Q        0.25   best Q        0.25   247.6 min
  restart   5/5    eval   118   this Q        0.25   best Q        0.25   247.7 min
  restart   5/5    eval   119   this Q        0.25   best Q        0.25   247.9 min
  restart   5/5    eval   120   this Q        0.25   best Q        0.25   248.1 min
  restart   5/5    eval   121   this Q        0.25   best Q        0.25   248.2 min
  restart   5/5    eval   122   this Q        0.25   best Q        0.25   248.4 min
  restart   5/5    eval   123   this Q        0.25   best Q        0.25   248.5 min
  restart   5/5    eval   124   this Q        0.25   best Q        0.25   248.7 min
  restart   5/5    eval   125   this Q        0.25   best Q        0.25   248.9 min
  restart   5/5    eval   126   this Q        0.25   best Q        0.25   249.0 min
  restart   5/5    eval   127   this Q        0.25   best Q        0.25   249.2 min
  restart   5/5    eval   128   this Q        0.25   best Q        0.25   249.3 min
  restart   5/5    eval   129   this Q        0.25   best Q        0.25   249.5 min
  restart   5/5    eval   130   this Q        0.25   best Q        0.25   249.7 min
  restart   5/5    eval   131   this Q        0.25   best Q        0.25   249.8 min
  restart   5/5    eval   132   this Q        0.25   best Q        0.25   250.0 min
  restart   5/5    eval   133   this Q        0.25   best Q        0.25   250.2 min
  restart   5/5    eval   134   this Q        0.25   best Q        0.25   250.3 min
  restart   5/5    eval   135   this Q        0.25   best Q        0.25   250.5 min
  restart   5/5    eval   136   this Q        0.25   best Q        0.25   250.6 min
  restart   5/5    eval   137   this Q        0.25   best Q        0.25   250.8 min
  restart   5/5    eval   138   this Q        0.25   best Q        0.25   250.9 min
  restart   5/5    eval   139   this Q        0.25   best Q        0.25   251.1 min
  restart   5/5    eval   140   this Q        0.25   best Q        0.25   251.3 min
  restart   5/5    eval   141   this Q        0.25   best Q        0.25   251.4 min
  restart   5/5    eval   142   this Q        0.25   best Q        0.25   251.6 min
  restart   5/5    eval   143   this Q        0.25   best Q        0.25   251.8 min
  restart   5/5    eval   144   this Q        0.25   best Q        0.25   251.9 min
  restart   5/5    eval   145   this Q        0.25   best Q        0.25   252.1 min
  restart   5/5    eval   146   this Q        0.25   best Q        0.25   252.2 min
  restart   5/5    eval   147   this Q        0.25   best Q        0.25   252.4 min
  restart   5/5    eval   148   this Q        0.25   best Q        0.25   252.6 min
  restart   5/5    eval   149   this Q        0.25   best Q        0.25   252.7 min

============================================================================
Finished in 252.7 min -- 3559 evaluations
============================================================================
Q: sobol-best 1.37749  ->  pre-polish 0.250229  ->  final 0.250026
incumbent Q was 2.9444  (improvement 91.5%)

how the local searches ended
  FTOL_REACHED               4   (converged)
  MAXEVAL_REACHED            1   (limit)
                             4 converged / 1 hit a budget / 0 other
polish: ret FTOL_REACHED (converged), 149 evaluations, improved the incumbent

search ran at the full grid -- no refinement stage needed

penalised evaluations: 178 of 3559 (5.0%)
  AssertionError              118
  infeasible_sigma_2           37
  ErrorException               23
(a penalised draw is a parameter vector the model cannot be solved at --
 scored 1e6 rather than crashed on. A high rate means the SEARCH BOX is
 too wide, not that the model is wrong.)

============================================================================
Estimated calibration
============================================================================

Parameters
--------------------------------------------------------------
  phi_2            0.1437   (was 0.1418)
  phi_3            1.0201   (was 1.0000)
  lambda_2         8.6793   (was 1.0000)
  R_0             50.6032   (was 81.5500)
  sigma_1_0       -0.2232   (was -0.4575)
  sigma_1_1       -0.1413   (was -0.0634)
  sigma_2_0       -3.7551   (was -3.3955)
  sigma_2_1       -0.0500   (was -0.0287)
  sigma_4_0       -5.9852   (was -4.5000)

Targeted moments
----------------------------------------------------------------------------
  moment          model       data     gap %   source
  mean_c_p       3.2870     3.1155      5.5%   cons_exhous_real_w99
  mean_h_p       0.3073     0.3073     -0.0%   (wh_mom + wh_dad)/2 / 112
  mean_t_p_early     0.5244     0.4544     15.4%   par_time_tot / 112, child ages 1-9
  mean_t_p_late     0.3202     0.3333     -3.9%   par_time_tot / 112, child ages 10-17
  mean_e_p_early     0.2925     0.3429    -14.7%   m_method2_final_w99, child ages 1-9
  mean_e_p_late     0.4360     0.3911     11.5%   m_method2_final_w99, child ages 10-17
  mean_i_c_early     0.0512     0.0393     30.2%   study_hrs / 112, child ages 6-9
  mean_i_c_late     0.0319     0.0496    -35.7%   study_hrs / 112, child ages 10-17
  mean_hc_early     6.0192     6.0737     -5.3%   x_gach (log PCA composite), child ages 3-9
  mean_hc_late     6.2984     6.2508      4.9%   x_gach (log PCA composite), child ages 10-17
  Q                                  0.2500    (gap % is in LEVELS for log moments)

  c_p           32870 USD/yr  vs data 31155
  h_p            34.4 hrs/wk  vs data 34.4
  t_p  1-9       58.7 hrs/wk  vs data 50.9
  t_p 10-17      35.9 hrs/wk  vs data 37.3
  e_p  1-9       2925 USD/yr  vs data 3429
  e_p 10-17      4360 USD/yr  vs data 3911

  t_p late/early  model 0.61x  vs data 0.73x
  e_p late/early  model 1.49x  vs data 1.14x
  l_p (residual)  model 29.6 hrs/wk  vs 33.1 implied by the h_p/t_p targets
                  (measured leisure is 59.2 hrs/wk -- par_time_tot overlaps it)

Untargeted -- does the fit stay believable?
--------------------------------------------------------------
  after-tax income        4.7065  (47065 USD/yr)
  implied saving rate       31.3%
  terminal assets        37.0858  (370858 USD)
  leisure l_p             0.2644  (29.6 hrs/wk)
  invalid sim cells            0
  assets above a_max=100  max 254.0  (households: 2 ever (0.10%), 2 at t=1, 2 at handoff)
  HC in [50, 1500]      range 297.7 - 633.0  (households: 0 ever above, 0 ever below, 0 above at handoff)

  off-grid states by period (n = 2000 households)
    t      a>a_max      max a    hc>hi    hc<lo     max hc
    1            2      214.4        0        0      464.2
    2            2      216.5        0        0      443.7
    3            2      218.7        0        0      452.2
    4            2      221.0        0        0      473.0
    5            2      223.2        0        0      495.9
    6            2      225.4        0        0      526.9
    7            2      227.4        0        0      547.3
    8            2      229.4        0        0      564.7
    9            2      231.4        0        0      579.4
    10           2      233.4        0        0      591.6
    11           2      235.3        0        0      603.7
    12           2      237.2        0        0      613.1
    13           2      239.1        0        0      621.9
    14           2      241.0        0        0      628.2
    15           2      243.1        0        0      632.1
    16           2      245.6        0        0      633.0
    17           2      249.5        0        0      622.4
    T+1          2      254.0        0        0      553.9
    (rows with no off-grid state are omitted; T+1 is the age-18 handoff)

acceptance -- about the RETAINED WINNER, not about the other restarts
  winner came from        polish
  its own return code     FTOL_REACHED  (converged)  yes
  refinement              skipped (ret NOT_RUN, 0 evals)  yes
  no objective exceptions yes  (0)
  final sim in domain     yes  (0 invalid cells)
  objective finite        yes  (Q = 0.250026)
  (for context: 4 of 5 restarts converged, 1 hit a budget, 0 other)
  ACCEPTED -- this point may be quoted, with the caveats in docs/SMM.md

wrote output/smm_runs/2026-09-06_183119/run_record.toml
wrote output/smm_runs/2026-09-06_183119/restarts.csv
wrote output/smm_runs/2026-09-06_183119/estimates.toml
wrote output/smm_runs/2026-09-06_183119/run.log
