
============================================================================
SMM: parent-block moments
============================================================================
started    2026-08-28 13:08:10
host       haflinger.ceu.edu
machine    112 cores, 503 GB RAM, load average 25.5
workers    20 of 112 cores (18%) -- capped by shared-server budget
budget     400 Sobol points, 5 restarts
grids      search at Na=Nhc=20, fit REPORTED at Na=Nhc=30
writing to output/smm_runs/2026-08-28_130810
8.2s
running on 21 process(es): 1 master + 20 worker(s), 1 BLAS thread each
9.7s
31.6s (all processes at once)

============================================================================
Targets  (Input/smm_targets_baseline.toml)
============================================================================
6 moments, 6 parameters -- just-identified, Q can reach 0
parameters: phi_1_0, phi_2_0, sigma_1_0, sigma_1_1, sigma_2_0, sigma_2_1
moment           mean         sd        N   source
mean_c_p       3.1577     1.6993     6742   cons_exhous_real_w99
mean_h_p       0.3070     0.0999    15665   (wh_mom + wh_dad)/2 / 112
mean_t_p_early     0.4672     0.1656      475   par_time_tot / 112, child ages 1-9
mean_t_p_late     0.3232     0.1669      590   par_time_tot / 112, child ages 10-17
mean_e_p_early     0.3532     0.4794     8178   m_method2_final_w99, child ages 1-9
mean_e_p_late     0.4414     0.6638     7182   m_method2_final_w99, child ages 10-17

SDs are shown but NOT targeted: the model's cross-sectional dispersion comes
from a 5-node wage shock plus initial draws and cannot reach the data's
(leisure SD is 7.4x too small). Targeting them would distort the means.
9.8s

projected runtime
  sobol stage      401 evals / 20 workers  =    3.3 min   (parallel)
  local stage      825 evals, sequential    =  134.6 min   (cannot be parallelised)
  total                                     137.9 min

The local stage dominates because TikTak's restarts are sequential by
construction. More workers shorten the first line only -- to use a wide
machine well, raise --sobol (better seeds), not --restarts.

============================================================================
Incumbent calibration
============================================================================
Q = 0.497332

Parameters
--------------------------------------------------------------
  phi_1_0          0.8417   (was 0.8417)
  phi_2_0          0.5256   (was 0.5256)
  sigma_1_0       -0.9000   (was -0.9000)
  sigma_1_1       -0.0800   (was -0.0800)
  sigma_2_0       -3.3268   (was -3.3268)
  sigma_2_1       -0.0229   (was -0.0229)

Targeted moments
----------------------------------------------------------------------------
  moment          model       data     gap %   source
  mean_c_p       3.1123     3.1577     -1.4%   cons_exhous_real_w99
  mean_h_p       0.2697     0.3070    -12.2%   (wh_mom + wh_dad)/2 / 112
  mean_t_p_early     0.2492     0.4672    -46.7%   par_time_tot / 112, child ages 1-9
  mean_t_p_late     0.1570     0.3232    -51.4%   par_time_tot / 112, child ages 10-17
  mean_e_p_early     0.3368     0.3532     -4.7%   m_method2_final_w99, child ages 1-9
  mean_e_p_late     0.4593     0.4414      4.1%   m_method2_final_w99, child ages 10-17

  c_p           31123 USD/yr  vs data 31577
  h_p            30.2 hrs/wk  vs data 34.4
  t_p  1-9       27.9 hrs/wk  vs data 52.3
  t_p 10-17      17.6 hrs/wk  vs data 36.2
  e_p  1-9       3368 USD/yr  vs data 3532
  e_p 10-17      4593 USD/yr  vs data 4414

  t_p late/early  model 0.63x  vs data 0.69x
  e_p late/early  model 1.36x  vs data 1.25x
  l_p (residual)  model 58.7 hrs/wk  vs 32.9 implied by the h_p/t_p targets
                  (measured leisure is 59.2 hrs/wk -- par_time_tot overlaps it)

Untargeted -- does the fit stay believable?
--------------------------------------------------------------
  after-tax income        4.2133  (42133 USD/yr)
  implied saving rate       27.1%
  terminal assets        31.9840  (319840 USD)
  leisure l_p             0.5245  (58.7 hrs/wk)

============================================================================
TikTak search
============================================================================
  sobol        1/401     0%   best Q       2.084     0.2 min elapsed, ~91 min left
  sobol       22/401     5%   best Q      0.4147     0.3 min elapsed, ~6 min left
  sobol       43/401    11%   best Q      0.4147     0.4 min elapsed, ~3 min left
  sobol       63/401    16%   best Q      0.4147     0.5 min elapsed, ~3 min left
  sobol       65/401    16%   best Q      0.4147     0.5 min elapsed, ~3 min left
  sobol       84/401    21%   best Q      0.4147     0.6 min elapsed, ~2 min left
  sobol       92/401    23%   best Q      0.4147     0.6 min elapsed, ~2 min left
  sobol      104/401    26%   best Q      0.4147     0.7 min elapsed, ~2 min left
  sobol      117/401    29%   best Q      0.4147     0.7 min elapsed, ~2 min left
  sobol      125/401    31%   best Q      0.3377     0.8 min elapsed, ~2 min left
  sobol      137/401    34%   best Q      0.3377     0.8 min elapsed, ~2 min left
  sobol      145/401    36%   best Q      0.3377     0.9 min elapsed, ~2 min left
  sobol      153/401    38%   best Q      0.3377     0.9 min elapsed, ~1 min left
  sobol      166/401    41%   best Q      0.3377     1.0 min elapsed, ~1 min left
  sobol      175/401    44%   best Q      0.3377     1.0 min elapsed, ~1 min left
  sobol      185/401    46%   best Q      0.3377     1.0 min elapsed, ~1 min left
  sobol      188/401    47%   best Q      0.3377     1.1 min elapsed, ~1 min left
  sobol      201/401    50%   best Q      0.3377     1.1 min elapsed, ~1 min left
  sobol      207/401    52%   best Q      0.3377     1.1 min elapsed, ~1 min left
  sobol      212/401    53%   best Q      0.3377     1.2 min elapsed, ~1 min left
  sobol      225/401    56%   best Q      0.3377     1.2 min elapsed, ~1 min left
  sobol      229/401    57%   best Q      0.3377     1.3 min elapsed, ~1 min left
  sobol      244/401    61%   best Q      0.3377     1.3 min elapsed, ~1 min left
  sobol      249/401    62%   best Q      0.3377     1.4 min elapsed, ~1 min left
  sobol      262/401    65%   best Q      0.3377     1.4 min elapsed, ~1 min left
  sobol      269/401    67%   best Q      0.3377     1.4 min elapsed, ~1 min left
  sobol      276/401    69%   best Q      0.3377     1.5 min elapsed, ~1 min left
  sobol      287/401    72%   best Q      0.3377     1.5 min elapsed, ~1 min left
  sobol      291/401    73%   best Q      0.3377     1.5 min elapsed, ~1 min left
  sobol      305/401    76%   best Q      0.3377     1.6 min elapsed, ~1 min left
  sobol      310/401    77%   best Q      0.3377     1.6 min elapsed, ~0 min left
  sobol      320/401    80%   best Q      0.3377     1.7 min elapsed, ~0 min left
  sobol      326/401    81%   best Q      0.3377     1.7 min elapsed, ~0 min left
  sobol      332/401    83%   best Q      0.3377     1.7 min elapsed, ~0 min left
  sobol      345/401    86%   best Q      0.3377     1.8 min elapsed, ~0 min left
  sobol      351/401    88%   best Q      0.3377     1.8 min elapsed, ~0 min left
  sobol      359/401    90%   best Q      0.3377     1.9 min elapsed, ~0 min left
  sobol      369/401    92%   best Q      0.3377     1.9 min elapsed, ~0 min left
  sobol      375/401    94%   best Q      0.3377     1.9 min elapsed, ~0 min left
  sobol      389/401    97%   best Q      0.3377     2.0 min elapsed, ~0 min left
  sobol      395/401    99%   best Q      0.3377     2.0 min elapsed, ~0 min left
  sobol      401/401   100%   best Q      0.3377     2.1 min elapsed, ~0 min left
  sobol    complete: 401 evaluations, best Q 0.3377, 2.1 min
  restart   1/5    eval     1   this Q      0.3377   best Q      0.3377     2.2 min
  restart   1/5    eval     2   this Q      0.3377   best Q      0.3377     2.3 min
  restart   1/5    eval     3   this Q      0.1873   best Q      0.1873     2.3 min
  restart   1/5    eval     4   this Q      0.1587   best Q      0.1587     2.4 min
  restart   1/5    eval     5   this Q      0.1881   best Q      0.1587     2.5 min
  restart   1/5    eval     6   this Q       0.623   best Q      0.1587     2.6 min
  restart   1/5    eval     7   this Q       12.34   best Q      0.1587     2.7 min
  restart   1/5    eval     8   this Q      0.3795   best Q      0.1587     2.8 min
  restart   1/5    eval     9   this Q      0.9815   best Q      0.1587     2.9 min
  restart   1/5    eval    10   this Q      0.3729   best Q      0.1587     3.0 min
  restart   1/5    eval    11   this Q      0.3335   best Q      0.1587     3.1 min
  restart   1/5    eval    12   this Q      0.1639   best Q      0.1587     3.2 min
  restart   1/5    eval    13   this Q       1.802   best Q      0.1587     3.2 min
  restart   1/5    eval    14   this Q      0.1461   best Q      0.1461     3.3 min
  restart   1/5    eval    15   this Q     0.07545   best Q     0.07545     3.4 min
  restart   1/5    eval    16   this Q      0.1806   best Q     0.07545     3.5 min
  restart   1/5    eval    17   this Q      0.4994   best Q     0.07545     3.6 min
  restart   1/5    eval    18   this Q        0.15   best Q     0.07545     3.7 min
  restart   1/5    eval    19   this Q      0.1022   best Q     0.07545     3.8 min
  restart   1/5    eval    20   this Q      0.1775   best Q     0.07545     3.9 min
  restart   1/5    eval    21   this Q      0.1134   best Q     0.07545     4.0 min
  restart   1/5    eval    22   this Q     0.08587   best Q     0.07545     4.1 min
  restart   1/5    eval    23   this Q      0.1966   best Q     0.07545     4.1 min
  restart   1/5    eval    24   this Q     0.08573   best Q     0.07545     4.2 min
  restart   1/5    eval    25   this Q      0.1046   best Q     0.07545     4.3 min
  restart   1/5    eval    26   this Q      0.1087   best Q     0.07545     4.4 min
  restart   1/5    eval    27   this Q      0.0647   best Q      0.0647     4.5 min
  restart   1/5    eval    28   this Q      0.1358   best Q      0.0647     4.6 min
  restart   1/5    eval    29   this Q     0.09064   best Q      0.0647     4.7 min
  restart   1/5    eval    30   this Q      0.2045   best Q      0.0647     4.8 min
  restart   1/5    eval    31   this Q     0.06227   best Q     0.06227     4.9 min
  restart   1/5    eval    32   this Q     0.05162   best Q     0.05162     5.0 min
  restart   1/5    eval    33   this Q      0.1085   best Q     0.05162     5.0 min
  restart   1/5    eval    34   this Q     0.08908   best Q     0.05162     5.1 min
  restart   1/5    eval    35   this Q     0.05823   best Q     0.05162     5.2 min
  restart   1/5    eval    36   this Q     0.05972   best Q     0.05162     5.3 min
  restart   1/5    eval    37   this Q     0.05293   best Q     0.05162     5.4 min
  restart   1/5    eval    38   this Q      0.0309   best Q      0.0309     5.5 min
  restart   1/5    eval    39   this Q     0.06997   best Q      0.0309     5.6 min
  restart   1/5    eval    40   this Q     0.07711   best Q      0.0309     5.7 min
  restart   1/5    eval    41   this Q     0.03939   best Q      0.0309     5.8 min
  restart   1/5    eval    42   this Q     0.04505   best Q      0.0309     5.8 min
  restart   1/5    eval    43   this Q     0.09384   best Q      0.0309     5.9 min
  restart   1/5    eval    44   this Q     0.03516   best Q      0.0309     6.0 min
  restart   1/5    eval    45   this Q      0.0302   best Q      0.0302     6.1 min
  restart   1/5    eval    46   this Q      0.0712   best Q      0.0302     6.2 min
  restart   1/5    eval    47   this Q      0.1127   best Q      0.0302     6.3 min
  restart   1/5    eval    48   this Q     0.02904   best Q     0.02904     6.4 min
  restart   1/5    eval    49   this Q     0.03776   best Q     0.02904     6.5 min
  restart   1/5    eval    50   this Q     0.04463   best Q     0.02904     6.6 min
  restart   1/5    eval    51   this Q     0.03014   best Q     0.02904     6.7 min
  restart   1/5    eval    52   this Q     0.02685   best Q     0.02685     6.8 min
  restart   1/5    eval    53   this Q     0.04993   best Q     0.02685     6.8 min
  restart   1/5    eval    54   this Q     0.05744   best Q     0.02685     6.9 min
  restart   1/5    eval    55   this Q     0.02497   best Q     0.02497     7.0 min
  restart   1/5    eval    56   this Q     0.02007   best Q     0.02007     7.1 min
  restart   1/5    eval    57   this Q     0.03087   best Q     0.02007     7.2 min
  restart   1/5    eval    58   this Q     0.05215   best Q     0.02007     7.3 min
  restart   1/5    eval    59   this Q     0.02118   best Q     0.02007     7.4 min
  restart   1/5    eval    60   this Q     0.03477   best Q     0.02007     7.5 min
  restart   1/5    eval    61   this Q     0.02309   best Q     0.02007     7.5 min
  restart   1/5    eval    62   this Q     0.02062   best Q     0.02007     7.6 min
  restart   1/5    eval    63   this Q     0.02136   best Q     0.02007     7.7 min
  restart   1/5    eval    64   this Q     0.02614   best Q     0.02007     7.8 min
  restart   1/5    eval    65   this Q      0.0205   best Q     0.02007     7.9 min
  restart   1/5    eval    66   this Q     0.02942   best Q     0.02007     8.0 min
  restart   1/5    eval    67   this Q     0.01996   best Q     0.01996     8.1 min
  restart   1/5    eval    68   this Q     0.02318   best Q     0.01996     8.2 min
  restart   1/5    eval    69   this Q     0.01982   best Q     0.01982     8.3 min
  restart   1/5    eval    70   this Q     0.02599   best Q     0.01982     8.3 min
  restart   1/5    eval    71   this Q     0.01894   best Q     0.01894     8.4 min
  restart   1/5    eval    72   this Q     0.02349   best Q     0.01894     8.5 min
  restart   1/5    eval    73   this Q     0.01923   best Q     0.01894     8.6 min
  restart   1/5    eval    74   this Q     0.01987   best Q     0.01894     8.7 min
  restart   1/5    eval    75   this Q     0.02018   best Q     0.01894     8.8 min
  restart   1/5    eval    76   this Q     0.01906   best Q     0.01894     8.9 min
  restart   1/5    eval    77   this Q     0.02139   best Q     0.01894     9.0 min
  restart   1/5    eval    78   this Q     0.01891   best Q     0.01891     9.0 min
  restart   1/5    eval    79   this Q     0.01985   best Q     0.01891     9.1 min
  restart   1/5    eval    80   this Q     0.02111   best Q     0.01891     9.2 min
  restart   1/5    eval    81   this Q     0.01887   best Q     0.01887     9.3 min
  restart   1/5    eval    82   this Q      0.0197   best Q     0.01887     9.4 min
  restart   1/5    eval    83   this Q     0.01849   best Q     0.01849     9.5 min
  restart   1/5    eval    84   this Q     0.01952   best Q     0.01849     9.6 min
  restart   1/5    eval    85   this Q     0.01905   best Q     0.01849     9.7 min
  restart   1/5    eval    86   this Q     0.01928   best Q     0.01849     9.7 min
  restart   1/5    eval    87   this Q     0.01862   best Q     0.01849     9.8 min
  restart   1/5    eval    88   this Q     0.01914   best Q     0.01849     9.9 min
  restart   1/5    eval    89   this Q     0.01855   best Q     0.01849    10.0 min
  restart   1/5    eval    90   this Q     0.01939   best Q     0.01849    10.1 min
  restart   1/5    eval    91   this Q     0.01852   best Q     0.01849    10.2 min
  restart   1/5    eval    92   this Q      0.0199   best Q     0.01849    10.3 min
  restart   1/5    eval    93   this Q     0.01845   best Q     0.01845    10.4 min
  restart   1/5    eval    94   this Q     0.01846   best Q     0.01845    10.4 min
  restart   1/5    eval    95   this Q     0.01817   best Q     0.01817    10.5 min
  restart   1/5    eval    96   this Q     0.01849   best Q     0.01817    10.6 min
  restart   1/5    eval    97   this Q     0.01812   best Q     0.01812    10.7 min
  restart   1/5    eval    98   this Q     0.01834   best Q     0.01812    10.8 min
  restart   1/5    eval    99   this Q     0.01841   best Q     0.01812    10.9 min
  restart   1/5    eval   100   this Q     0.01804   best Q     0.01804    11.0 min
  restart   1/5    eval   101   this Q     0.01832   best Q     0.01804    11.1 min
  restart   1/5    eval   102   this Q     0.01882   best Q     0.01804    11.1 min
  restart   1/5    eval   103   this Q     0.01818   best Q     0.01804    11.2 min
  restart   1/5    eval   104   this Q     0.01878   best Q     0.01804    11.3 min
  restart   1/5    eval   105   this Q     0.01816   best Q     0.01804    11.4 min
  restart   1/5    eval   106   this Q     0.01808   best Q     0.01804    11.5 min
  restart   1/5    eval   107   this Q     0.01798   best Q     0.01798    11.6 min
  restart   1/5    eval   108   this Q     0.01824   best Q     0.01798    11.7 min
  restart   1/5    eval   109   this Q     0.01785   best Q     0.01785    11.8 min
  restart   1/5    eval   110   this Q     0.01785   best Q     0.01785    11.8 min
  restart   1/5    eval   111   this Q     0.01792   best Q     0.01785    11.9 min
  restart   1/5    eval   112   this Q     0.01775   best Q     0.01775    12.0 min
  restart   1/5    eval   113   this Q     0.01786   best Q     0.01775    12.1 min
  restart   1/5    eval   114   this Q     0.01794   best Q     0.01775    12.2 min
  restart   1/5    eval   115   this Q      0.0177   best Q      0.0177    12.3 min
  restart   1/5    eval   116   this Q     0.01785   best Q      0.0177    12.4 min
  restart   1/5    eval   117   this Q     0.01751   best Q     0.01751    12.4 min
  restart   1/5    eval   118   this Q     0.01742   best Q     0.01742    12.5 min
  restart   1/5    eval   119   this Q     0.01757   best Q     0.01742    12.6 min
  restart   1/5    eval   120   this Q     0.01794   best Q     0.01742    12.7 min
  restart   1/5    eval   121   this Q     0.01765   best Q     0.01742    12.8 min
  restart   1/5    eval   122   this Q      0.0175   best Q     0.01742    12.9 min
  restart   1/5    eval   123   this Q     0.01741   best Q     0.01741    13.0 min
  restart   1/5    eval   124   this Q     0.01768   best Q     0.01741    13.1 min
  restart   1/5    eval   125   this Q     0.01749   best Q     0.01741    13.2 min
  restart   1/5    eval   126   this Q     0.01734   best Q     0.01734    13.2 min
  restart   1/5    eval   127   this Q     0.01759   best Q     0.01734    13.3 min
  restart   1/5    eval   128   this Q     0.01705   best Q     0.01705    13.4 min
  restart   1/5    eval   129   this Q     0.01682   best Q     0.01682    13.5 min
  restart   1/5    eval   130   this Q     0.01748   best Q     0.01682    13.6 min
  restart   1/5    eval   131   this Q     0.01743   best Q     0.01682    13.7 min
  restart   1/5    eval   132   this Q     0.01712   best Q     0.01682    13.8 min
  restart   1/5    eval   133   this Q     0.01749   best Q     0.01682    13.9 min
  restart   1/5    eval   134   this Q     0.01723   best Q     0.01682    13.9 min
  restart   1/5    eval   135   this Q     0.01727   best Q     0.01682    14.0 min
  restart   1/5    eval   136   this Q     0.01696   best Q     0.01682    14.1 min
  restart   1/5    eval   137   this Q     0.01686   best Q     0.01682    14.2 min
  restart   1/5    eval   138   this Q     0.01675   best Q     0.01675    14.3 min
  restart   1/5    eval   139   this Q     0.01679   best Q     0.01675    14.4 min
  restart   1/5    eval   140   this Q     0.01695   best Q     0.01675    14.5 min
  restart   1/5    eval   141   this Q     0.01666   best Q     0.01666    14.6 min
  restart   1/5    eval   142   this Q     0.01679   best Q     0.01666    14.6 min
  restart   1/5    eval   143   this Q     0.01659   best Q     0.01659    14.7 min
  restart   1/5    eval   144   this Q     0.01669   best Q     0.01659    14.8 min
  restart   1/5    eval   145   this Q      0.0165   best Q      0.0165    14.9 min
  restart   1/5    eval   146   this Q      0.0165   best Q      0.0165    15.0 min
  restart   1/5    eval   147   this Q     0.01655   best Q      0.0165    15.1 min
  restart   1/5    eval   148   this Q     0.01654   best Q      0.0165    15.2 min
  restart   1/5    eval   149   this Q     0.01619   best Q     0.01619    15.3 min
  restart   1/5    eval   150   this Q     0.01603   best Q     0.01603    15.3 min
  restart   1/5    eval   151   this Q     0.01635   best Q     0.01603    15.4 min
  restart   1/5    eval   152   this Q     0.01618   best Q     0.01603    15.5 min
  restart   1/5    eval   153   this Q     0.01596   best Q     0.01596    15.6 min
  restart   1/5    eval   154   this Q     0.01589   best Q     0.01589    15.7 min
  restart   1/5    eval   155   this Q     0.01657   best Q     0.01589    15.8 min
  restart   1/5    eval   156   this Q     0.01621   best Q     0.01589    15.9 min
  restart   1/5    eval   157   this Q     0.01588   best Q     0.01588    16.0 min
  restart   1/5    eval   158   this Q     0.01603   best Q     0.01588    16.0 min
  restart   1/5    eval   159   this Q     0.01589   best Q     0.01588    16.1 min
  restart   1/5    eval   160   this Q     0.01553   best Q     0.01553    16.2 min
  restart   1/5    eval   161   this Q     0.01535   best Q     0.01535    16.3 min
  restart   1/5    eval   162   this Q     0.01549   best Q     0.01535    16.4 min
  restart   1/5    eval   163   this Q     0.01526   best Q     0.01526    16.5 min
  restart   1/5    eval   164   this Q      0.0152   best Q      0.0152    16.6 min
  restart   1/5    eval   165   this Q     0.01511   best Q     0.01511    16.7 min
  restart   1/5    eval   166   this Q      0.0152   best Q     0.01511    16.8 min
  restart   1/5    eval   167   this Q      0.0152   best Q     0.01511    16.8 min
  restart   1/5    eval   168   this Q     0.01466   best Q     0.01466    16.9 min
  restart   1/5    eval   169   this Q     0.01445   best Q     0.01445    17.0 min
  restart   1/5    eval   170   this Q     0.01498   best Q     0.01445    17.1 min
  restart   1/5    eval   171   this Q     0.01426   best Q     0.01426    17.2 min
  restart   1/5    eval   172   this Q     0.01399   best Q     0.01399    17.3 min
  restart   1/5    eval   173   this Q     0.01439   best Q     0.01399    17.4 min
  restart   1/5    eval   174   this Q     0.01449   best Q     0.01399    17.5 min
  restart   1/5    eval   175   this Q     0.01383   best Q     0.01383    17.5 min
  restart   1/5    eval   176   this Q     0.01395   best Q     0.01383    17.6 min
  restart   1/5    eval   177   this Q     0.01476   best Q     0.01383    17.7 min
  restart   1/5    eval   178   this Q     0.01329   best Q     0.01329    17.8 min
  restart   1/5    eval   179   this Q     0.01287   best Q     0.01287    17.9 min
  restart   1/5    eval   180   this Q     0.01404   best Q     0.01287    18.0 min
  restart   1/5    eval   181   this Q      0.0134   best Q     0.01287    18.1 min
  restart   1/5    eval   182   this Q     0.01279   best Q     0.01279    18.2 min
  restart   1/5    eval   183   this Q     0.01267   best Q     0.01267    18.2 min
  restart   1/5    eval   184   this Q     0.01217   best Q     0.01217    18.3 min
  restart   1/5    eval   185   this Q     0.01193   best Q     0.01193    18.4 min
  restart   1/5    eval   186   this Q     0.01281   best Q     0.01193    18.5 min
  restart   1/5    eval   187   this Q      0.0116   best Q      0.0116    18.6 min
  restart   1/5    eval   188   this Q     0.01173   best Q      0.0116    18.7 min
  restart   1/5    eval   189   this Q     0.01032   best Q     0.01032    18.8 min
  restart   1/5    eval   190   this Q    0.009069   best Q    0.009069    18.9 min
  restart   1/5    eval   191   this Q     0.01069   best Q    0.009069    19.0 min
  restart   1/5    eval   192   this Q     0.01064   best Q    0.009069    19.0 min
  restart   1/5    eval   193   this Q    0.008678   best Q    0.008678    19.1 min
  restart   1/5    eval   194   this Q    0.007551   best Q    0.007551    19.2 min
  restart   1/5    eval   195   this Q     0.01013   best Q    0.007551    19.3 min
  restart   1/5    eval   196   this Q    0.008018   best Q    0.007551    19.4 min
  restart   1/5    eval   197   this Q    0.006826   best Q    0.006826    19.5 min
  restart   1/5    eval   198   this Q    0.006359   best Q    0.006359    19.6 min
  restart   1/5    eval   199   this Q    0.006573   best Q    0.006359    19.7 min
  restart   1/5    eval   200   this Q    0.005987   best Q    0.005987    19.7 min
  restart   1/5    eval   201   this Q    0.007599   best Q    0.005987    19.8 min
  restart   1/5    eval   202   this Q    0.004318   best Q    0.004318    19.9 min
  restart   1/5    eval   203   this Q    0.004305   best Q    0.004305    20.0 min
  restart   1/5    eval   204   this Q     0.00347   best Q     0.00347    20.1 min
  restart   1/5    eval   205   this Q    0.004331   best Q     0.00347    20.2 min
  restart   1/5    eval   206   this Q    0.002495   best Q    0.002495    20.3 min
  restart   1/5    eval   207   this Q    0.002685   best Q    0.002495    20.4 min
  restart   1/5    eval   208   this Q    0.004627   best Q    0.002495    20.4 min
  restart   1/5    eval   209   this Q    0.002619   best Q    0.002495    20.5 min
  restart   1/5    eval   210   this Q     0.00206   best Q     0.00206    20.6 min
  restart   1/5    eval   211   this Q    0.004888   best Q     0.00206    20.7 min
  restart   1/5    eval   212   this Q    0.004731   best Q     0.00206    20.8 min
  restart   1/5    eval   213   this Q    0.002594   best Q     0.00206    20.9 min
  restart   1/5    eval   214   this Q    0.003171   best Q     0.00206    21.0 min
  restart   1/5    eval   215   this Q    0.002644   best Q     0.00206    21.1 min
  restart   1/5    eval   216   this Q   0.0007109   best Q   0.0007109    21.1 min
  restart   1/5    eval   217   this Q    0.001275   best Q   0.0007109    21.2 min
  restart   1/5    eval   218   this Q    0.004636   best Q   0.0007109    21.3 min
  restart   1/5    eval   219   this Q    0.001603   best Q   0.0007109    21.4 min
  restart   1/5    eval   220   this Q     0.00316   best Q   0.0007109    21.5 min
  restart   1/5    eval   221   this Q    0.001559   best Q   0.0007109    21.6 min
  restart   1/5    eval   222   this Q    0.002939   best Q   0.0007109    21.7 min
  restart   1/5    eval   223   this Q    0.001548   best Q   0.0007109    21.7 min
  restart   1/5    eval   224   this Q    0.001762   best Q   0.0007109    21.8 min
  restart   1/5    eval   225   this Q    0.002385   best Q   0.0007109    21.9 min
  restart   1/5    eval   226   this Q    0.001397   best Q   0.0007109    22.0 min
  restart   1/5    eval   227   this Q   0.0005945   best Q   0.0005945    22.1 min
  restart   1/5    eval   228   this Q   0.0009297   best Q   0.0005945    22.2 min
  restart   1/5    eval   229   this Q    0.002725   best Q   0.0005945    22.3 min
  restart   1/5    eval   230   this Q    0.001005   best Q   0.0005945    22.4 min
  restart   1/5    eval   231   this Q    0.001123   best Q   0.0005945    22.4 min
  restart   1/5    eval   232   this Q   0.0005798   best Q   0.0005798    22.5 min
  restart   1/5    eval   233   this Q    0.001071   best Q   0.0005798    22.6 min
  restart   1/5    eval   234   this Q    0.000623   best Q   0.0005798    22.7 min
  restart   1/5    eval   235   this Q   0.0001942   best Q   0.0001942    22.8 min
  restart   1/5    eval   236   this Q    0.000592   best Q   0.0001942    22.9 min
  restart   1/5    eval   237   this Q   0.0007964   best Q   0.0001942    23.0 min
  restart   1/5    eval   238   this Q   0.0003969   best Q   0.0001942    23.0 min
  restart   1/5    eval   239   this Q   0.0009434   best Q   0.0001942    23.1 min
  restart   1/5    eval   240   this Q   0.0003716   best Q   0.0001942    23.2 min
  restart   1/5    eval   241   this Q   0.0001107   best Q   0.0001107    23.3 min
  restart   1/5    eval   242   this Q   0.0004606   best Q   0.0001107    23.4 min
  restart   1/5    eval   243   this Q   0.0006899   best Q   0.0001107    23.5 min
  restart   1/5    eval   244   this Q   0.0002629   best Q   0.0001107    23.6 min
  restart   1/5    eval   245   this Q   0.0004399   best Q   0.0001107    23.7 min
  restart   1/5    eval   246   this Q   0.0002579   best Q   0.0001107    23.7 min
  restart   1/5    eval   247   this Q   0.0005172   best Q   0.0001107    23.8 min
  restart   1/5    eval   248   this Q   0.0001593   best Q   0.0001107    23.9 min
  restart   1/5    eval   249   this Q   0.0005247   best Q   0.0001107    24.0 min
  restart   1/5    eval   250   this Q    0.000145   best Q   0.0001107    24.1 min
  restart   1/5    eval   251   this Q   0.0001604   best Q   0.0001107    24.2 min
  restart   1/5    eval   252   this Q   0.0001702   best Q   0.0001107    24.3 min
  restart   1/5    eval   253   this Q   0.0001508   best Q   0.0001107    24.3 min
  restart   1/5    eval   254   this Q   0.0002829   best Q   0.0001107    24.4 min
  restart   1/5    eval   255   this Q   5.445e-05   best Q   5.445e-05    24.5 min
  restart   1/5    eval   256   this Q   0.0003408   best Q   5.445e-05    24.6 min
  restart   1/5    eval   257   this Q   4.233e-05   best Q   4.233e-05    24.7 min
  restart   1/5    eval   258   this Q   0.0002636   best Q   4.233e-05    24.8 min
  restart   1/5    eval   259   this Q   4.805e-05   best Q   4.233e-05    24.9 min
  restart   1/5    eval   260   this Q   0.0002539   best Q   4.233e-05    25.0 min
  restart   1/5    eval   261   this Q   4.878e-05   best Q   4.233e-05    25.0 min
  restart   1/5    eval   262   this Q   0.0001957   best Q   4.233e-05    25.1 min
  restart   1/5    eval   263   this Q   5.179e-05   best Q   4.233e-05    25.2 min
  restart   1/5    eval   264   this Q   0.0001541   best Q   4.233e-05    25.3 min
  restart   1/5    eval   265   this Q   5.152e-05   best Q   4.233e-05    25.4 min
  restart   1/5    eval   266   this Q   0.0001225   best Q   4.233e-05    25.5 min
  restart   1/5    eval   267   this Q   4.259e-05   best Q   4.233e-05    25.6 min
  restart   1/5    eval   268   this Q    7.66e-05   best Q   4.233e-05    25.6 min
  restart   1/5    eval   269   this Q   2.763e-05   best Q   2.763e-05    25.7 min
  restart   1/5    eval   270   this Q    6.84e-05   best Q   2.763e-05    25.8 min
  restart   1/5    eval   271   this Q   2.825e-05   best Q   2.763e-05    25.9 min
  restart   1/5    eval   272   this Q   4.115e-05   best Q   2.763e-05    26.0 min
  restart   1/5    eval   273   this Q   0.0001259   best Q   2.763e-05    26.1 min
  restart   1/5    eval   274   this Q   2.081e-05   best Q   2.081e-05    26.2 min
  restart   1/5    eval   275   this Q   2.758e-05   best Q   2.081e-05    26.3 min
  restart   1/5    eval   276   this Q   2.041e-05   best Q   2.041e-05    26.3 min
  restart   1/5    eval   277   this Q   5.303e-05   best Q   2.041e-05    26.4 min
  restart   1/5    eval   278   this Q   4.625e-05   best Q   2.041e-05    26.5 min
  restart   1/5    eval   279   this Q   2.235e-05   best Q   2.041e-05    26.6 min
  restart   1/5    eval   280   this Q   4.277e-05   best Q   2.041e-05    26.7 min
  restart   1/5    eval   281   this Q   2.124e-05   best Q   2.041e-05    26.8 min
  restart   1/5    eval   282   this Q   2.061e-05   best Q   2.041e-05    26.9 min
  restart   1/5    eval   283   this Q   1.447e-05   best Q   1.447e-05    27.0 min
  restart   1/5    eval   284   this Q   3.344e-05   best Q   1.447e-05    27.0 min
  restart   1/5    eval   285   this Q   5.646e-05   best Q   1.447e-05    27.1 min
  restart   1/5    eval   286   this Q   1.355e-05   best Q   1.355e-05    27.2 min
  restart   1/5    eval   287   this Q   6.427e-06   best Q   6.427e-06    27.3 min
  restart   1/5    eval   288   this Q   5.821e-06   best Q   5.821e-06    27.4 min
  restart   1/5    eval   289   this Q   9.165e-06   best Q   5.821e-06    27.5 min
  restart   1/5    eval   290   this Q   1.706e-05   best Q   5.821e-06    27.6 min
  restart   1/5    eval   291   this Q   5.334e-06   best Q   5.334e-06    27.7 min
  restart   1/5    eval   292   this Q   1.692e-05   best Q   5.334e-06    27.7 min
  restart   1/5    eval   293   this Q   1.513e-05   best Q   5.334e-06    27.8 min
  restart   1/5    eval   294   this Q   2.944e-05   best Q   5.334e-06    27.9 min
  restart   1/5    eval   295   this Q    6.06e-06   best Q   5.334e-06    28.0 min
  restart   1/5    eval   296   this Q   1.855e-05   best Q   5.334e-06    28.1 min
  restart   1/5    eval   297   this Q   6.519e-06   best Q   5.334e-06    28.2 min
  restart   1/5    eval   298   this Q   8.425e-06   best Q   5.334e-06    28.3 min
  restart   1/5    eval   299   this Q   4.777e-06   best Q   4.777e-06    28.3 min
  restart   1/5    eval   300   this Q   2.093e-05   best Q   4.777e-06    28.4 min
  restart   1/5    eval   301   this Q   3.212e-06   best Q   3.212e-06    28.5 min
  restart   1/5    eval   302   this Q   1.264e-05   best Q   3.212e-06    28.6 min
  restart   1/5    eval   303   this Q    7.83e-06   best Q   3.212e-06    28.7 min
  restart   1/5    eval   304   this Q   2.516e-06   best Q   2.516e-06    28.8 min
  restart   1/5    eval   305   this Q   4.128e-06   best Q   2.516e-06    28.9 min
  restart   1/5    eval   306   this Q   1.253e-05   best Q   2.516e-06    28.9 min
  restart   1/5    eval   307   this Q   1.563e-06   best Q   1.563e-06    29.0 min
  restart   1/5    eval   308   this Q   5.367e-06   best Q   1.563e-06    29.1 min
  restart   1/5    eval   309   this Q   2.002e-06   best Q   1.563e-06    29.2 min
  restart   1/5    eval   310   this Q   1.921e-06   best Q   1.563e-06    29.3 min
  restart   1/5    eval   311   this Q   7.802e-06   best Q   1.563e-06    29.4 min
  restart   1/5    eval   312   this Q   1.209e-06   best Q   1.209e-06    29.5 min
  restart   1/5    eval   313   this Q   4.491e-06   best Q   1.209e-06    29.6 min
  restart   1/5    eval   314   this Q   1.197e-06   best Q   1.197e-06    29.6 min
  restart   1/5    eval   315   this Q   6.714e-06   best Q   1.197e-06    29.7 min
  restart   1/5    eval   316   this Q   7.799e-07   best Q   7.799e-07    29.8 min
  restart   1/5    eval   317   this Q   1.479e-06   best Q   7.799e-07    29.9 min
  restart   1/5    eval   318   this Q   2.714e-06   best Q   7.799e-07    30.0 min
  restart   1/5    eval   319   this Q   6.159e-07   best Q   6.159e-07    30.1 min
  restart   1/5    eval   320   this Q   3.512e-06   best Q   6.159e-07    30.2 min
  restart   1/5    eval   321   this Q   5.515e-07   best Q   5.515e-07    30.3 min
  restart   1/5    eval   322   this Q   3.411e-06   best Q   5.515e-07    30.3 min
  restart   1/5    eval   323   this Q   4.662e-07   best Q   4.662e-07    30.4 min
  restart   1/5    eval   324   this Q   1.936e-06   best Q   4.662e-07    30.5 min
  restart   1/5    eval   325   this Q   6.414e-07   best Q   4.662e-07    30.6 min
  restart   1/5    eval   326   this Q   1.509e-06   best Q   4.662e-07    30.7 min
  restart   1/5    eval   327   this Q   4.668e-07   best Q   4.662e-07    30.8 min
  restart   1/5    eval   328   this Q   1.428e-07   best Q   1.428e-07    30.9 min
  restart   1/5    eval   329   this Q   8.104e-07   best Q   1.428e-07    31.0 min
  restart   1/5    eval   330   this Q   1.412e-06   best Q   1.428e-07    31.0 min
  restart   1/5    eval   331   this Q   2.169e-07   best Q   1.428e-07    31.1 min
  restart   1/5    eval   332   this Q   4.295e-07   best Q   1.428e-07    31.2 min
  restart   1/5    eval   333   this Q   5.731e-07   best Q   1.428e-07    31.3 min
  restart   1/5    eval   334   this Q   2.391e-07   best Q   1.428e-07    31.4 min
  restart   1/5    eval   335   this Q   6.668e-07   best Q   1.428e-07    31.5 min
  restart   1/5    eval   336   this Q   1.508e-07   best Q   1.428e-07    31.6 min
  restart   1/5    eval   337   this Q   7.108e-07   best Q   1.428e-07    31.7 min
  restart   1/5    eval   338   this Q   1.738e-07   best Q   1.428e-07    31.7 min
  restart   1/5    eval   339   this Q   2.879e-07   best Q   1.428e-07    31.8 min
  restart   1/5    eval   340   this Q   3.871e-07   best Q   1.428e-07    31.9 min
  restart   1/5    eval   341   this Q   1.805e-07   best Q   1.428e-07    32.0 min
  restart   1/5    eval   342   this Q   3.445e-07   best Q   1.428e-07    32.1 min
  restart   1/5    eval   343   this Q   1.559e-07   best Q   1.428e-07    32.2 min
  restart   1/5    eval   344   this Q   4.704e-08   best Q   4.704e-08    32.3 min
  restart   1/5    eval   345   this Q    1.19e-07   best Q   4.704e-08    32.3 min
  restart   1/5    eval   346   this Q   3.166e-07   best Q   4.704e-08    32.4 min
  restart   1/5    eval   347   this Q   1.122e-07   best Q   4.704e-08    32.5 min
  restart   1/5    eval   348   this Q    1.96e-07   best Q   4.704e-08    32.6 min
  restart   1/5    eval   349   this Q   8.876e-08   best Q   4.704e-08    32.7 min
  restart   1/5    eval   350   this Q   1.432e-07   best Q   4.704e-08    32.8 min
  restart   1/5    eval   351   this Q   4.354e-08   best Q   4.354e-08    32.9 min
  restart   1/5    eval   352   this Q   1.276e-07   best Q   4.354e-08    33.0 min
  restart   1/5    eval   353   this Q   1.024e-07   best Q   4.354e-08    33.0 min
  restart   1/5    eval   354   this Q   1.081e-07   best Q   4.354e-08    33.1 min
  restart   1/5    eval   355   this Q    4.33e-07   best Q   4.354e-08    33.2 min
  restart   1/5    eval   356   this Q   4.428e-08   best Q   4.354e-08    33.3 min
  restart   1/5    eval   357   this Q   2.985e-08   best Q   2.985e-08    33.4 min
  restart   1/5    eval   358   this Q   1.755e-07   best Q   2.985e-08    33.5 min
  restart   1/5    eval   359   this Q   1.093e-07   best Q   2.985e-08    33.6 min
  restart   1/5    eval   360   this Q   2.726e-08   best Q   2.726e-08    33.7 min
  restart   1/5    eval   361   this Q   1.986e-07   best Q   2.726e-08    33.7 min
  restart   1/5    eval   362   this Q   2.508e-08   best Q   2.508e-08    33.8 min
  restart   1/5    eval   363   this Q   9.061e-08   best Q   2.508e-08    33.9 min
  restart   1/5    eval   364   this Q   2.566e-08   best Q   2.508e-08    34.0 min
  restart   1/5    eval   365   this Q   6.826e-08   best Q   2.508e-08    34.1 min
  restart   1/5    eval   366   this Q   2.349e-08   best Q   2.349e-08    34.2 min
  restart   1/5    eval   367   this Q   3.888e-08   best Q   2.349e-08    34.3 min
  restart   1/5    eval   368   this Q    8.04e-08   best Q   2.349e-08    34.4 min
  restart   1/5    eval   369   this Q   1.027e-08   best Q   1.027e-08    34.4 min
  restart   1/5    eval   370   this Q   2.838e-08   best Q   1.027e-08    34.5 min
  restart   1/5    eval   371   this Q   1.325e-07   best Q   1.027e-08    34.6 min
  restart   1/5    eval   372   this Q   4.942e-09   best Q   4.942e-09    34.7 min
  restart   1/5    eval   373   this Q   4.238e-08   best Q   4.942e-09    34.8 min
  restart   1/5    eval   374   this Q    6.58e-09   best Q   4.942e-09    34.9 min
  restart   1/5    eval   375   this Q   1.735e-08   best Q   4.942e-09    35.0 min
  restart   1/5    eval   376   this Q   1.194e-08   best Q   4.942e-09    35.1 min
  restart   1/5    eval   377   this Q   9.659e-09   best Q   4.942e-09    35.2 min
  restart   1/5    eval   378   this Q   1.371e-08   best Q   4.942e-09    35.3 min
  restart   1/5    eval   379   this Q   1.985e-08   best Q   4.942e-09    35.4 min
  restart   1/5    eval   380   this Q   4.524e-09   best Q   4.524e-09    35.5 min
  restart   1/5    eval   381   this Q   2.845e-08   best Q   4.524e-09    35.6 min
  restart   1/5    eval   382   this Q   3.815e-09   best Q   3.815e-09    35.7 min
  restart   1/5    eval   383   this Q    3.49e-08   best Q   3.815e-09    35.7 min
  restart   1/5    eval   384   this Q   2.625e-09   best Q   2.625e-09    35.8 min
  restart   1/5    eval   385   this Q    9.66e-08   best Q   2.625e-09    35.9 min
  restart   1/5    eval   386   this Q   2.584e-09   best Q   2.584e-09    36.0 min
  restart   1/5    eval   387   this Q   2.473e-08   best Q   2.584e-09    36.1 min
  restart   1/5    eval   388   this Q   1.882e-09   best Q   1.882e-09    36.2 min
  restart   1/5    eval   389   this Q   5.121e-09   best Q   1.882e-09    36.3 min
  restart   1/5    eval   390   this Q   1.143e-09   best Q   1.143e-09    36.4 min
  restart   1/5    eval   391   this Q   8.579e-09   best Q   1.143e-09    36.4 min
  restart   1/5    eval   392   this Q   1.904e-09   best Q   1.143e-09    36.5 min
  restart   1/5    eval   393   this Q   4.654e-09   best Q   1.143e-09    36.6 min
  restart   1/5    eval   394   this Q   1.436e-09   best Q   1.143e-09    36.7 min
  restart   1/5    eval   395   this Q   3.134e-09   best Q   1.143e-09    36.8 min
  restart   1/5    eval   396   this Q   9.988e-10   best Q   9.988e-10    36.9 min
  restart   1/5    eval   397   this Q   4.726e-09   best Q   9.988e-10    37.0 min
  restart   1/5    eval   398   this Q   7.687e-10   best Q   7.687e-10    37.1 min
  restart   1/5    eval   399   this Q   5.029e-09   best Q   7.687e-10    37.1 min
  restart   1/5    eval   400   this Q   4.821e-10   best Q   4.821e-10    37.2 min
  restart   1/5    eval   401   this Q   1.108e-09   best Q   4.821e-10    37.3 min
  restart   1/5    eval   402   this Q   1.966e-09   best Q   4.821e-10    37.4 min
  restart   1/5    eval   403   this Q   5.597e-10   best Q   4.821e-10    37.5 min
  restart   1/5    eval   404   this Q   2.064e-09   best Q   4.821e-10    37.6 min
  restart   1/5    eval   405   this Q   5.663e-10   best Q   4.821e-10    37.7 min
  restart   1/5    eval   406   this Q   1.904e-09   best Q   4.821e-10    37.8 min
  restart   1/5    eval   407   this Q   3.915e-10   best Q   3.915e-10    37.9 min
  restart   1/5    eval   408   this Q   1.418e-09   best Q   3.915e-10    37.9 min
  restart   1/5    eval   409   this Q   4.829e-10   best Q   3.915e-10    38.0 min
  restart   1/5    eval   410   this Q    5.95e-10   best Q   3.915e-10    38.1 min
  restart   1/5    eval   411   this Q   1.763e-09   best Q   3.915e-10    38.2 min
  restart   1/5    eval   412   this Q   2.753e-10   best Q   2.753e-10    38.3 min
  restart   1/5    eval   413   this Q   1.164e-09   best Q   2.753e-10    38.4 min
  restart   1/5    eval   414   this Q   3.282e-10   best Q   2.753e-10    38.5 min
  restart   1/5    eval   415   this Q   5.014e-10   best Q   2.753e-10    38.6 min
  restart   1/5    eval   416   this Q   5.933e-10   best Q   2.753e-10    38.6 min
  restart   1/5    eval   417   this Q   3.349e-10   best Q   2.753e-10    38.7 min
  restart   1/5    eval   418   this Q   4.711e-10   best Q   2.753e-10    38.8 min
  restart   1/5    eval   419   this Q    5.66e-10   best Q   2.753e-10    38.9 min
  restart   1/5    eval   420   this Q   3.934e-10   best Q   2.753e-10    39.0 min
  restart   1/5    eval   421   this Q   7.501e-10   best Q   2.753e-10    39.1 min
  restart   1/5    eval   422   this Q   3.236e-10   best Q   2.753e-10    39.2 min
  restart   1/5    eval   423   this Q    3.15e-10   best Q   2.753e-10    39.3 min
  restart   1/5    eval   424   this Q   3.362e-10   best Q   2.753e-10    39.4 min
  restart   1/5    eval   425   this Q   3.253e-10   best Q   2.753e-10    39.4 min
  restart   1/5   DONE   this   2.753e-10   best Q   2.753e-10    39.4 min, ~158 min left
  restart   2/5    eval     1   this Q     0.06133   best Q   2.753e-10    39.5 min
  restart   2/5    eval     2   this Q     0.06133   best Q   2.753e-10    39.6 min
  restart   2/5    eval     3   this Q      0.6329   best Q   2.753e-10    39.7 min
  restart   2/5    eval     4   this Q      0.2505   best Q   2.753e-10    39.8 min
  restart   2/5    eval     5   this Q      0.1324   best Q   2.753e-10    39.9 min
  restart   2/5    eval     6   this Q      0.6434   best Q   2.753e-10    40.0 min
  restart   2/5    eval     7   this Q       4.414   best Q   2.753e-10    40.1 min
  restart   2/5    eval     8   this Q     0.08968   best Q   2.753e-10    40.1 min
  restart   2/5    eval     9   this Q       1.198   best Q   2.753e-10    40.2 min
  restart   2/5    eval    10   this Q      0.6577   best Q   2.753e-10    40.3 min
  restart   2/5    eval    11   this Q       0.381   best Q   2.753e-10    40.4 min
  restart   2/5    eval    12   this Q      0.3928   best Q   2.753e-10    40.5 min
  restart   2/5    eval    13   this Q       0.366   best Q   2.753e-10    40.6 min
  restart   2/5    eval    14   this Q      0.6662   best Q   2.753e-10    40.7 min
  restart   2/5    eval    15   this Q      0.1169   best Q   2.753e-10    40.8 min
  restart   2/5    eval    16   this Q      0.3385   best Q   2.753e-10    40.8 min
  restart   2/5    eval    17   this Q      0.6948   best Q   2.753e-10    40.9 min
  restart   2/5    eval    18   this Q     0.08266   best Q   2.753e-10    41.0 min
  restart   2/5    eval    19   this Q      0.2364   best Q   2.753e-10    41.1 min
  restart   2/5    eval    20   this Q      0.3374   best Q   2.753e-10    41.2 min
  restart   2/5    eval    21   this Q      0.0803   best Q   2.753e-10    41.3 min
  restart   2/5    eval    22   this Q      0.2758   best Q   2.753e-10    41.4 min
  restart   2/5    eval    23   this Q     0.05333   best Q   2.753e-10    41.4 min
  restart   2/5    eval    24   this Q      0.2582   best Q   2.753e-10    41.5 min
  restart   2/5    eval    25   this Q     0.04755   best Q   2.753e-10    41.6 min
  restart   2/5    eval    26   this Q      0.1727   best Q   2.753e-10    41.7 min
  restart   2/5    eval    27   this Q     0.04847   best Q   2.753e-10    41.8 min
  restart   2/5    eval    28   this Q     0.06162   best Q   2.753e-10    41.9 min
  restart   2/5    eval    29   this Q      0.1427   best Q   2.753e-10    42.0 min
  restart   2/5    eval    30   this Q     0.03653   best Q   2.753e-10    42.1 min
  restart   2/5    eval    31   this Q     0.01313   best Q   2.753e-10    42.2 min
  restart   2/5    eval    32   this Q     0.05097   best Q   2.753e-10    42.3 min
  restart   2/5    eval    33   this Q      0.1034   best Q   2.753e-10    42.3 min
  restart   2/5    eval    34   this Q     0.02656   best Q   2.753e-10    42.4 min
  restart   2/5    eval    35   this Q     0.08925   best Q   2.753e-10    42.5 min
  restart   2/5    eval    36   this Q       0.028   best Q   2.753e-10    42.6 min
  restart   2/5    eval    37   this Q     0.07926   best Q   2.753e-10    42.7 min
  restart   2/5    eval    38   this Q     0.02234   best Q   2.753e-10    42.8 min
  restart   2/5    eval    39   this Q     0.04616   best Q   2.753e-10    42.9 min
  restart   2/5    eval    40   this Q     0.01472   best Q   2.753e-10    42.9 min
  restart   2/5    eval    41   this Q     0.05962   best Q   2.753e-10    43.0 min
  restart   2/5    eval    42   this Q     0.01934   best Q   2.753e-10    43.1 min
  restart   2/5    eval    43   this Q     0.01239   best Q   2.753e-10    43.2 min
  restart   2/5    eval    44   this Q     0.04191   best Q   2.753e-10    43.3 min
  restart   2/5    eval    45   this Q     0.01754   best Q   2.753e-10    43.4 min
  restart   2/5    eval    46   this Q     0.04794   best Q   2.753e-10    43.5 min
  restart   2/5    eval    47   this Q     0.01049   best Q   2.753e-10    43.6 min
  restart   2/5    eval    48   this Q    0.002336   best Q   2.753e-10    43.6 min
  restart   2/5    eval    49   this Q    0.009773   best Q   2.753e-10    43.7 min
  restart   2/5    eval    50   this Q     0.02224   best Q   2.753e-10    43.8 min
  restart   2/5    eval    51   this Q     0.00816   best Q   2.753e-10    43.9 min
  restart   2/5    eval    52   this Q     0.01582   best Q   2.753e-10    44.0 min
  restart   2/5    eval    53   this Q    0.007348   best Q   2.753e-10    44.1 min
  restart   2/5    eval    54   this Q     0.02331   best Q   2.753e-10    44.2 min
  restart   2/5    eval    55   this Q    0.006077   best Q   2.753e-10    44.3 min
  restart   2/5    eval    56   this Q      0.0132   best Q   2.753e-10    44.3 min
  restart   2/5    eval    57   this Q    0.006462   best Q   2.753e-10    44.4 min
  restart   2/5    eval    58   this Q     0.01749   best Q   2.753e-10    44.5 min
  restart   2/5    eval    59   this Q    0.005809   best Q   2.753e-10    44.6 min
  restart   2/5    eval    60   this Q    0.004292   best Q   2.753e-10    44.7 min
  restart   2/5    eval    61   this Q    0.003006   best Q   2.753e-10    44.8 min
  restart   2/5    eval    62   this Q    0.006058   best Q   2.753e-10    44.9 min
  restart   2/5    eval    63   this Q    0.001236   best Q   2.753e-10    45.0 min
  restart   2/5    eval    64   this Q    0.003298   best Q   2.753e-10    45.0 min
  restart   2/5    eval    65   this Q    0.006397   best Q   2.753e-10    45.1 min
  restart   2/5    eval    66   this Q    0.002856   best Q   2.753e-10    45.2 min
  restart   2/5    eval    67   this Q    0.004778   best Q   2.753e-10    45.3 min
  restart   2/5    eval    68   this Q    0.002273   best Q   2.753e-10    45.4 min
  restart   2/5    eval    69   this Q    0.008378   best Q   2.753e-10    45.5 min
  restart   2/5    eval    70   this Q    0.001863   best Q   2.753e-10    45.6 min
  restart   2/5    eval    71   this Q   0.0009614   best Q   2.753e-10    45.7 min
  restart   2/5    eval    72   this Q    0.004123   best Q   2.753e-10    45.7 min
  restart   2/5    eval    73   this Q    0.004144   best Q   2.753e-10    45.8 min
  restart   2/5    eval    74   this Q    0.001232   best Q   2.753e-10    45.9 min
  restart   2/5    eval    75   this Q    0.002469   best Q   2.753e-10    46.0 min
  restart   2/5    eval    76   this Q    0.001163   best Q   2.753e-10    46.1 min
  restart   2/5    eval    77   this Q    0.001118   best Q   2.753e-10    46.2 min
  restart   2/5    eval    78   this Q    0.002208   best Q   2.753e-10    46.3 min
  restart   2/5    eval    79   this Q   0.0009513   best Q   2.753e-10    46.4 min
  restart   2/5    eval    80   this Q    0.001814   best Q   2.753e-10    46.5 min
  restart   2/5    eval    81   this Q   0.0008216   best Q   2.753e-10    46.5 min
  restart   2/5    eval    82   this Q   0.0008247   best Q   2.753e-10    46.6 min
  restart   2/5    eval    83   this Q    0.001051   best Q   2.753e-10    46.7 min
  restart   2/5    eval    84   this Q    0.001524   best Q   2.753e-10    46.8 min
  restart   2/5    eval    85   this Q   0.0005825   best Q   2.753e-10    46.9 min
  restart   2/5    eval    86   this Q    0.001968   best Q   2.753e-10    47.0 min
  restart   2/5    eval    87   this Q   0.0005318   best Q   2.753e-10    47.1 min
  restart   2/5    eval    88   this Q    0.001128   best Q   2.753e-10    47.1 min
  restart   2/5    eval    89   this Q   0.0005929   best Q   2.753e-10    47.2 min
  restart   2/5    eval    90   this Q    0.001254   best Q   2.753e-10    47.3 min
  restart   2/5    eval    91   this Q   0.0005439   best Q   2.753e-10    47.4 min
  restart   2/5    eval    92   this Q    0.001301   best Q   2.753e-10    47.5 min
  restart   2/5    eval    93   this Q   0.0005349   best Q   2.753e-10    47.6 min
  restart   2/5    eval    94   this Q   0.0009896   best Q   2.753e-10    47.7 min
  restart   2/5    eval    95   this Q   0.0005245   best Q   2.753e-10    47.8 min
  restart   2/5    eval    96   this Q    0.000802   best Q   2.753e-10    47.8 min
  restart   2/5    eval    97   this Q   0.0005226   best Q   2.753e-10    47.9 min
  restart   2/5    eval    98   this Q   0.0005661   best Q   2.753e-10    48.0 min
  restart   2/5    eval    99   this Q   0.0007507   best Q   2.753e-10    48.1 min
  restart   2/5    eval   100   this Q   0.0004598   best Q   2.753e-10    48.2 min
  restart   2/5    eval   101   this Q   0.0005739   best Q   2.753e-10    48.3 min
  restart   2/5    eval   102   this Q   0.0004674   best Q   2.753e-10    48.4 min
  restart   2/5    eval   103   this Q   0.0006539   best Q   2.753e-10    48.4 min
  restart   2/5    eval   104   this Q   0.0004525   best Q   2.753e-10    48.5 min
  restart   2/5    eval   105   this Q    0.000473   best Q   2.753e-10    48.6 min
  restart   2/5    eval   106   this Q    0.000834   best Q   2.753e-10    48.7 min
  restart   2/5    eval   107   this Q   0.0004301   best Q   2.753e-10    48.8 min
  restart   2/5    eval   108   this Q    0.000401   best Q   2.753e-10    48.9 min
  restart   2/5    eval   109   this Q   0.0004429   best Q   2.753e-10    49.0 min
  restart   2/5    eval   110   this Q   0.0005023   best Q   2.753e-10    49.0 min
  restart   2/5    eval   111   this Q   0.0004338   best Q   2.753e-10    49.1 min
  restart   2/5    eval   112   this Q   0.0005032   best Q   2.753e-10    49.2 min
  restart   2/5    eval   113   this Q   0.0004268   best Q   2.753e-10    49.3 min
  restart   2/5    eval   114   this Q   0.0004622   best Q   2.753e-10    49.4 min
  restart   2/5    eval   115   this Q   0.0004246   best Q   2.753e-10    49.5 min
  restart   2/5    eval   116   this Q   0.0004043   best Q   2.753e-10    49.6 min
  restart   2/5    eval   117   this Q   0.0004309   best Q   2.753e-10    49.7 min
  restart   2/5    eval   118   this Q   0.0003784   best Q   2.753e-10    49.7 min
  restart   2/5    eval   119   this Q    0.000369   best Q   2.753e-10    49.8 min
  restart   2/5    eval   120   this Q   0.0004502   best Q   2.753e-10    49.9 min
  restart   2/5    eval   121   this Q   0.0004006   best Q   2.753e-10    50.0 min
  restart   2/5    eval   122   this Q   0.0004136   best Q   2.753e-10    50.1 min
  restart   2/5    eval   123   this Q   0.0003608   best Q   2.753e-10    50.2 min
  restart   2/5    eval   124   this Q   0.0003555   best Q   2.753e-10    50.3 min
  restart   2/5    eval   125   this Q   0.0003193   best Q   2.753e-10    50.4 min
  restart   2/5    eval   126   this Q   0.0002785   best Q   2.753e-10    50.4 min
  restart   2/5    eval   127   this Q   0.0003584   best Q   2.753e-10    50.5 min
  restart   2/5    eval   128   this Q   0.0003479   best Q   2.753e-10    50.6 min
  restart   2/5    eval   129   this Q   0.0002988   best Q   2.753e-10    50.7 min
  restart   2/5    eval   130   this Q   0.0002722   best Q   2.753e-10    50.8 min
  restart   2/5    eval   131   this Q   0.0002665   best Q   2.753e-10    50.9 min
  restart   2/5    eval   132   this Q   0.0003039   best Q   2.753e-10    51.0 min
  restart   2/5    eval   133   this Q   0.0002838   best Q   2.753e-10    51.1 min
  restart   2/5    eval   134   this Q   0.0002245   best Q   2.753e-10    51.2 min
  restart   2/5    eval   135   this Q   0.0002244   best Q   2.753e-10    51.2 min
  restart   2/5    eval   136   this Q   0.0001919   best Q   2.753e-10    51.3 min
  restart   2/5    eval   137   this Q   0.0002085   best Q   2.753e-10    51.4 min
  restart   2/5    eval   138   this Q   0.0002197   best Q   2.753e-10    51.5 min
  restart   2/5    eval   139   this Q   0.0002593   best Q   2.753e-10    51.6 min
  restart   2/5    eval   140   this Q   0.0002484   best Q   2.753e-10    51.7 min
  restart   2/5    eval   141   this Q   0.0003367   best Q   2.753e-10    51.8 min
  restart   2/5    eval   142   this Q   0.0002192   best Q   2.753e-10    51.9 min
  restart   2/5    eval   143   this Q   0.0001676   best Q   2.753e-10    51.9 min
  restart   2/5    eval   144   this Q   0.0001793   best Q   2.753e-10    52.0 min
  restart   2/5    eval   145   this Q   0.0002627   best Q   2.753e-10    52.1 min
  restart   2/5    eval   146   this Q   0.0002112   best Q   2.753e-10    52.2 min
  restart   2/5    eval   147   this Q   0.0001918   best Q   2.753e-10    52.3 min
  restart   2/5    eval   148   this Q   0.0002104   best Q   2.753e-10    52.4 min
  restart   2/5    eval   149   this Q   0.0001809   best Q   2.753e-10    52.5 min
  restart   2/5    eval   150   this Q   0.0001427   best Q   2.753e-10    52.6 min
  restart   2/5    eval   151   this Q    0.000142   best Q   2.753e-10    52.6 min
  restart   2/5    eval   152   this Q   0.0001309   best Q   2.753e-10    52.7 min
  restart   2/5    eval   153   this Q   0.0001436   best Q   2.753e-10    52.8 min
  restart   2/5    eval   154   this Q   0.0001826   best Q   2.753e-10    52.9 min
  restart   2/5    eval   155   this Q   0.0001093   best Q   2.753e-10    53.0 min
  restart   2/5    eval   156   this Q   0.0001096   best Q   2.753e-10    53.1 min
  restart   2/5    eval   157   this Q   0.0001741   best Q   2.753e-10    53.2 min
  restart   2/5    eval   158   this Q   0.0001354   best Q   2.753e-10    53.3 min
  restart   2/5    eval   159   this Q   0.0001006   best Q   2.753e-10    53.3 min
  restart   2/5    eval   160   this Q   0.0001461   best Q   2.753e-10    53.4 min
  restart   2/5    eval   161   this Q   0.0001599   best Q   2.753e-10    53.5 min
  restart   2/5    eval   162   this Q   0.0001056   best Q   2.753e-10    53.6 min
  restart   2/5    eval   163   this Q   0.0001405   best Q   2.753e-10    53.7 min
  restart   2/5    eval   164   this Q   8.566e-05   best Q   2.753e-10    53.8 min
  restart   2/5    eval   165   this Q   0.0001196   best Q   2.753e-10    53.9 min
  restart   2/5    eval   166   this Q   0.0001642   best Q   2.753e-10    54.0 min
  restart   2/5    eval   167   this Q   0.0001005   best Q   2.753e-10    54.1 min
  restart   2/5    eval   168   this Q   6.642e-05   best Q   2.753e-10    54.1 min
  restart   2/5    eval   169   this Q   8.034e-05   best Q   2.753e-10    54.2 min
  restart   2/5    eval   170   this Q   8.551e-05   best Q   2.753e-10    54.3 min
  restart   2/5    eval   171   this Q   8.636e-05   best Q   2.753e-10    54.4 min
  restart   2/5    eval   172   this Q    0.000118   best Q   2.753e-10    54.5 min
  restart   2/5    eval   173   this Q   7.782e-05   best Q   2.753e-10    54.6 min
  restart   2/5    eval   174   this Q   7.698e-05   best Q   2.753e-10    54.7 min
  restart   2/5    eval   175   this Q   4.109e-05   best Q   2.753e-10    54.8 min
  restart   2/5    eval   176   this Q   3.661e-05   best Q   2.753e-10    54.8 min
  restart   2/5    eval   177   this Q   7.533e-05   best Q   2.753e-10    54.9 min
  restart   2/5    eval   178   this Q    8.49e-05   best Q   2.753e-10    55.0 min
  restart   2/5    eval   179   this Q   0.0001023   best Q   2.753e-10    55.1 min
  restart   2/5    eval   180   this Q   5.803e-05   best Q   2.753e-10    55.2 min
  restart   2/5    eval   181   this Q   8.785e-05   best Q   2.753e-10    55.3 min
  restart   2/5    eval   182   this Q   5.909e-05   best Q   2.753e-10    55.4 min
  restart   2/5    eval   183   this Q   4.291e-05   best Q   2.753e-10    55.5 min
  restart   2/5    eval   184   this Q   3.816e-05   best Q   2.753e-10    55.6 min
  restart   2/5    eval   185   this Q    3.94e-05   best Q   2.753e-10    55.6 min
  restart   2/5    eval   186   this Q   4.312e-05   best Q   2.753e-10    55.7 min
  restart   2/5    eval   187   this Q   1.701e-05   best Q   2.753e-10    55.8 min
  restart   2/5    eval   188   this Q   2.045e-05   best Q   2.753e-10    55.9 min
  restart   2/5    eval   189   this Q   1.862e-05   best Q   2.753e-10    56.0 min
  restart   2/5    eval   190   this Q   1.941e-05   best Q   2.753e-10    56.1 min
  restart   2/5    eval   191   this Q   3.725e-05   best Q   2.753e-10    56.2 min
  restart   2/5    eval   192   this Q   2.977e-05   best Q   2.753e-10    56.3 min
  restart   2/5    eval   193   this Q   4.448e-05   best Q   2.753e-10    56.3 min
  restart   2/5    eval   194   this Q       2e-05   best Q   2.753e-10    56.4 min
  restart   2/5    eval   195   this Q   3.864e-05   best Q   2.753e-10    56.5 min
  restart   2/5    eval   196   this Q   2.013e-05   best Q   2.753e-10    56.6 min
  restart   2/5    eval   197   this Q   1.194e-05   best Q   2.753e-10    56.7 min
  restart   2/5    eval   198   this Q   3.643e-05   best Q   2.753e-10    56.8 min
  restart   2/5    eval   199   this Q   2.445e-05   best Q   2.753e-10    56.9 min
  restart   2/5    eval   200   this Q    1.41e-05   best Q   2.753e-10    57.0 min
  restart   2/5    eval   201   this Q   1.688e-05   best Q   2.753e-10    57.0 min
  restart   2/5    eval   202   this Q   3.379e-06   best Q   2.753e-10    57.1 min
  restart   2/5    eval   203   this Q   3.641e-06   best Q   2.753e-10    57.2 min
  restart   2/5    eval   204   this Q   2.833e-05   best Q   2.753e-10    57.3 min
  restart   2/5    eval   205   this Q   9.469e-06   best Q   2.753e-10    57.4 min
  restart   2/5    eval   206   this Q   2.613e-05   best Q   2.753e-10    57.5 min
  restart   2/5    eval   207   this Q   1.009e-05   best Q   2.753e-10    57.6 min
  restart   2/5    eval   208   this Q   1.445e-05   best Q   2.753e-10    57.7 min
  restart   2/5    eval   209   this Q   6.219e-06   best Q   2.753e-10    57.8 min
  restart   2/5    eval   210   this Q   1.791e-05   best Q   2.753e-10    57.8 min
  restart   2/5    eval   211   this Q   7.776e-06   best Q   2.753e-10    57.9 min
  restart   2/5    eval   212   this Q   6.012e-06   best Q   2.753e-10    58.0 min
  restart   2/5    eval   213   this Q    1.09e-05   best Q   2.753e-10    58.1 min
  restart   2/5    eval   214   this Q   5.726e-06   best Q   2.753e-10    58.2 min
  restart   2/5    eval   215   this Q   4.309e-06   best Q   2.753e-10    58.3 min
  restart   2/5    eval   216   this Q   4.647e-06   best Q   2.753e-10    58.4 min
  restart   2/5    eval   217   this Q   2.194e-06   best Q   2.753e-10    58.5 min
  restart   2/5    eval   218   this Q    7.01e-06   best Q   2.753e-10    58.5 min
  restart   2/5    eval   219   this Q   5.715e-06   best Q   2.753e-10    58.6 min
  restart   2/5    eval   220   this Q   4.917e-06   best Q   2.753e-10    58.7 min
  restart   2/5    eval   221   this Q   2.374e-06   best Q   2.753e-10    58.8 min
  restart   2/5    eval   222   this Q   5.185e-06   best Q   2.753e-10    58.9 min
  restart   2/5    eval   223   this Q   2.277e-06   best Q   2.753e-10    59.0 min
  restart   2/5    eval   224   this Q   5.692e-06   best Q   2.753e-10    59.1 min
  restart   2/5    eval   225   this Q   2.224e-06   best Q   2.753e-10    59.2 min
  restart   2/5    eval   226   this Q   3.153e-06   best Q   2.753e-10    59.2 min
  restart   2/5    eval   227   this Q   3.672e-06   best Q   2.753e-10    59.3 min
  restart   2/5    eval   228   this Q   1.507e-06   best Q   2.753e-10    59.4 min
  restart   2/5    eval   229   this Q   2.257e-06   best Q   2.753e-10    59.5 min
  restart   2/5    eval   230   this Q   6.691e-06   best Q   2.753e-10    59.6 min
  restart   2/5    eval   231   this Q    1.18e-06   best Q   2.753e-10    59.7 min
  restart   2/5    eval   232   this Q   6.714e-06   best Q   2.753e-10    59.8 min
  restart   2/5    eval   233   this Q   8.912e-07   best Q   2.753e-10    59.9 min
  restart   2/5    eval   234   this Q   1.005e-06   best Q   2.753e-10    60.0 min
  restart   2/5    eval   235   this Q   2.751e-06   best Q   2.753e-10    60.0 min
  restart   2/5    eval   236   this Q   1.059e-06   best Q   2.753e-10    60.1 min
  restart   2/5    eval   237   this Q   1.054e-06   best Q   2.753e-10    60.2 min
  restart   2/5    eval   238   this Q   1.311e-06   best Q   2.753e-10    60.3 min
  restart   2/5    eval   239   this Q    1.31e-06   best Q   2.753e-10    60.4 min
  restart   2/5    eval   240   this Q   1.752e-06   best Q   2.753e-10    60.5 min
  restart   2/5    eval   241   this Q   6.057e-07   best Q   2.753e-10    60.6 min
  restart   2/5    eval   242   this Q   1.518e-06   best Q   2.753e-10    60.7 min
  restart   2/5    eval   243   this Q   6.369e-07   best Q   2.753e-10    60.8 min
  restart   2/5    eval   244   this Q   2.094e-06   best Q   2.753e-10    60.9 min
  restart   2/5    eval   245   this Q    5.71e-07   best Q   2.753e-10    61.0 min
  restart   2/5    eval   246   this Q   3.193e-07   best Q   2.753e-10    61.1 min
  restart   2/5    eval   247   this Q   8.522e-07   best Q   2.753e-10    61.2 min
  restart   2/5    eval   248   this Q   2.245e-06   best Q   2.753e-10    61.3 min
  restart   2/5    eval   249   this Q   4.927e-07   best Q   2.753e-10    61.4 min
  restart   2/5    eval   250   this Q   6.323e-07   best Q   2.753e-10    61.5 min
  restart   2/5    eval   251   this Q    4.78e-07   best Q   2.753e-10    61.6 min
  restart   2/5    eval   252   this Q   1.397e-07   best Q   2.753e-10    61.7 min
  restart   2/5    eval   253   this Q   3.742e-07   best Q   2.753e-10    61.7 min
  restart   2/5    eval   254   this Q   8.486e-07   best Q   2.753e-10    61.8 min
  restart   2/5    eval   255   this Q    3.29e-07   best Q   2.753e-10    61.9 min
  restart   2/5    eval   256   this Q   1.163e-07   best Q   2.753e-10    62.0 min
  restart   2/5    eval   257   this Q   4.895e-07   best Q   2.753e-10    62.1 min
  restart   2/5    eval   258   this Q   2.177e-07   best Q   2.753e-10    62.2 min
  restart   2/5    eval   259   this Q   2.888e-07   best Q   2.753e-10    62.3 min
  restart   2/5    eval   260   this Q   4.088e-07   best Q   2.753e-10    62.4 min
  restart   2/5    eval   261   this Q   1.282e-07   best Q   2.753e-10    62.5 min
  restart   2/5    eval   262   this Q   3.431e-07   best Q   2.753e-10    62.5 min
  restart   2/5    eval   263   this Q   2.303e-07   best Q   2.753e-10    62.6 min
  restart   2/5    eval   264   this Q   4.737e-08   best Q   2.753e-10    62.7 min
  restart   2/5    eval   265   this Q   4.652e-07   best Q   2.753e-10    62.8 min
  restart   2/5    eval   266   this Q   3.396e-07   best Q   2.753e-10    62.9 min
  restart   2/5    eval   267   this Q   1.163e-07   best Q   2.753e-10    63.0 min
  restart   2/5    eval   268   this Q   5.311e-08   best Q   2.753e-10    63.1 min
  restart   2/5    eval   269   this Q   3.675e-07   best Q   2.753e-10    63.2 min
  restart   2/5    eval   270   this Q   1.021e-07   best Q   2.753e-10    63.3 min
  restart   2/5    eval   271   this Q   3.138e-07   best Q   2.753e-10    63.3 min
  restart   2/5    eval   272   this Q   9.309e-08   best Q   2.753e-10    63.4 min
  restart   2/5    eval   273   this Q   1.378e-07   best Q   2.753e-10    63.5 min
  restart   2/5    eval   274   this Q   4.257e-08   best Q   2.753e-10    63.6 min
  restart   2/5    eval   275   this Q   8.173e-08   best Q   2.753e-10    63.7 min
  restart   2/5    eval   276   this Q   2.515e-07   best Q   2.753e-10    63.8 min
  restart   2/5    eval   277   this Q   3.936e-08   best Q   2.753e-10    63.9 min
  restart   2/5    eval   278   this Q   1.103e-07   best Q   2.753e-10    64.0 min
  restart   2/5    eval   279   this Q   1.542e-07   best Q   2.753e-10    64.1 min
  restart   2/5    eval   280   this Q   5.093e-08   best Q   2.753e-10    64.1 min
  restart   2/5    eval   281   this Q   1.574e-07   best Q   2.753e-10    64.2 min
  restart   2/5    eval   282   this Q   1.431e-08   best Q   2.753e-10    64.3 min
  restart   2/5    eval   283   this Q   4.432e-08   best Q   2.753e-10    64.4 min
  restart   2/5    eval   284   this Q   1.823e-08   best Q   2.753e-10    64.5 min
  restart   2/5    eval   285   this Q   3.426e-08   best Q   2.753e-10    64.6 min
  restart   2/5    eval   286   this Q   2.258e-08   best Q   2.753e-10    64.7 min
  restart   2/5    eval   287   this Q   6.812e-08   best Q   2.753e-10    64.8 min
  restart   2/5    eval   288   this Q   7.452e-09   best Q   2.753e-10    64.8 min
  restart   2/5    eval   289   this Q   2.395e-08   best Q   2.753e-10    64.9 min
  restart   2/5    eval   290   this Q   1.748e-08   best Q   2.753e-10    65.0 min
  restart   2/5    eval   291   this Q   3.435e-08   best Q   2.753e-10    65.1 min
  restart   2/5    eval   292   this Q   1.664e-08   best Q   2.753e-10    65.2 min
  restart   2/5    eval   293   this Q   1.903e-08   best Q   2.753e-10    65.3 min
  restart   2/5    eval   294   this Q   3.633e-08   best Q   2.753e-10    65.4 min
  restart   2/5    eval   295   this Q   2.777e-08   best Q   2.753e-10    65.5 min
  restart   2/5    eval   296   this Q   5.431e-08   best Q   2.753e-10    65.5 min
  restart   2/5    eval   297   this Q    7.36e-09   best Q   2.753e-10    65.6 min
  restart   2/5    eval   298   this Q   8.168e-09   best Q   2.753e-10    65.7 min
  restart   2/5    eval   299   this Q   1.873e-08   best Q   2.753e-10    65.8 min
  restart   2/5    eval   300   this Q   4.781e-09   best Q   2.753e-10    65.9 min
  restart   2/5    eval   301   this Q   1.198e-08   best Q   2.753e-10    66.0 min
  restart   2/5    eval   302   this Q   1.035e-08   best Q   2.753e-10    66.1 min
  restart   2/5    eval   303   this Q   1.621e-08   best Q   2.753e-10    66.2 min
  restart   2/5    eval   304   this Q   6.863e-09   best Q   2.753e-10    66.3 min
  restart   2/5    eval   305   this Q   7.641e-09   best Q   2.753e-10    66.3 min
  restart   2/5    eval   306   this Q   1.123e-08   best Q   2.753e-10    66.4 min
  restart   2/5    eval   307   this Q   4.731e-09   best Q   2.753e-10    66.5 min
  restart   2/5    eval   308   this Q    7.45e-09   best Q   2.753e-10    66.6 min
  restart   2/5    eval   309   this Q    1.41e-08   best Q   2.753e-10    66.7 min
  restart   2/5    eval   310   this Q   3.763e-09   best Q   2.753e-10    66.8 min
  restart   2/5    eval   311   this Q   1.578e-08   best Q   2.753e-10    66.9 min
  restart   2/5    eval   312   this Q   4.241e-09   best Q   2.753e-10    67.0 min
  restart   2/5    eval   313   this Q   7.911e-09   best Q   2.753e-10    67.0 min
  restart   2/5    eval   314   this Q   5.093e-09   best Q   2.753e-10    67.1 min
  restart   2/5    eval   315   this Q    9.17e-09   best Q   2.753e-10    67.2 min
  restart   2/5    eval   316   this Q   4.369e-09   best Q   2.753e-10    67.3 min
  restart   2/5    eval   317   this Q   5.823e-09   best Q   2.753e-10    67.4 min
  restart   2/5    eval   318   this Q   3.895e-09   best Q   2.753e-10    67.5 min
  restart   2/5    eval   319   this Q   3.958e-09   best Q   2.753e-10    67.6 min
  restart   2/5    eval   320   this Q   3.918e-09   best Q   2.753e-10    67.7 min
  restart   2/5    eval   321   this Q   3.295e-09   best Q   2.753e-10    67.7 min
  restart   2/5    eval   322   this Q    5.56e-09   best Q   2.753e-10    67.8 min
  restart   2/5    eval   323   this Q   2.888e-09   best Q   2.753e-10    67.9 min
  restart   2/5    eval   324   this Q   2.541e-09   best Q   2.753e-10    68.0 min
  restart   2/5    eval   325   this Q   4.031e-09   best Q   2.753e-10    68.1 min
  restart   2/5    eval   326   this Q   3.622e-09   best Q   2.753e-10    68.2 min
  restart   2/5    eval   327   this Q   3.139e-09   best Q   2.753e-10    68.3 min
  restart   2/5    eval   328   this Q   2.608e-09   best Q   2.753e-10    68.4 min
  restart   2/5    eval   329   this Q   3.146e-09   best Q   2.753e-10    68.4 min
  restart   2/5    eval   330   this Q   2.097e-09   best Q   2.753e-10    68.5 min
  restart   2/5    eval   331   this Q   3.978e-09   best Q   2.753e-10    68.6 min
  restart   2/5    eval   332   this Q    2.47e-09   best Q   2.753e-10    68.7 min
  restart   2/5    eval   333   this Q   1.726e-09   best Q   2.753e-10    68.8 min
  restart   2/5    eval   334   this Q   2.924e-09   best Q   2.753e-10    68.9 min
  restart   2/5    eval   335   this Q   1.967e-09   best Q   2.753e-10    69.0 min
  restart   2/5    eval   336   this Q   1.273e-09   best Q   2.753e-10    69.1 min
  restart   2/5    eval   337   this Q   1.685e-09   best Q   2.753e-10    69.1 min
  restart   2/5    eval   338   this Q   3.098e-09   best Q   2.753e-10    69.2 min
  restart   2/5    eval   339   this Q   1.991e-09   best Q   2.753e-10    69.3 min
  restart   2/5    eval   340   this Q   1.524e-09   best Q   2.753e-10    69.4 min
  restart   2/5    eval   341   this Q   1.221e-09   best Q   2.753e-10    69.5 min
  restart   2/5    eval   342   this Q   1.399e-09   best Q   2.753e-10    69.6 min
  restart   2/5    eval   343   this Q   1.835e-09   best Q   2.753e-10    69.7 min
  restart   2/5    eval   344   this Q   1.038e-09   best Q   2.753e-10    69.8 min
  restart   2/5    eval   345   this Q   1.306e-09   best Q   2.753e-10    69.8 min
  restart   2/5    eval   346   this Q   1.098e-09   best Q   2.753e-10    69.9 min
  restart   2/5    eval   347   this Q   1.493e-09   best Q   2.753e-10    70.0 min
  restart   2/5    eval   348   this Q   6.686e-10   best Q   2.753e-10    70.1 min
  restart   2/5    eval   349   this Q   1.604e-09   best Q   2.753e-10    70.2 min
  restart   2/5    eval   350   this Q   1.241e-09   best Q   2.753e-10    70.3 min
  restart   2/5    eval   351   this Q   1.425e-09   best Q   2.753e-10    70.4 min
  restart   2/5    eval   352   this Q   9.397e-10   best Q   2.753e-10    70.5 min
  restart   2/5    eval   353   this Q   5.715e-10   best Q   2.753e-10    70.5 min
  restart   2/5    eval   354   this Q   1.509e-09   best Q   2.753e-10    70.6 min
  restart   2/5    eval   355   this Q   1.378e-09   best Q   2.753e-10    70.7 min
  restart   2/5    eval   356   this Q   8.309e-10   best Q   2.753e-10    70.8 min
  restart   2/5    eval   357   this Q   7.957e-10   best Q   2.753e-10    70.9 min
  restart   2/5    eval   358   this Q   1.018e-09   best Q   2.753e-10    71.0 min
  restart   2/5    eval   359   this Q   5.921e-10   best Q   2.753e-10    71.1 min
  restart   2/5    eval   360   this Q   1.004e-09   best Q   2.753e-10    71.2 min
  restart   2/5    eval   361   this Q   7.146e-10   best Q   2.753e-10    71.2 min
  restart   2/5    eval   362   this Q   4.873e-10   best Q   2.753e-10    71.3 min
  restart   2/5    eval   363   this Q   6.486e-10   best Q   2.753e-10    71.4 min
  restart   2/5    eval   364   this Q   4.747e-10   best Q   2.753e-10    71.5 min
  restart   2/5    eval   365   this Q   7.448e-10   best Q   2.753e-10    71.6 min
  restart   2/5    eval   366   this Q   4.338e-10   best Q   2.753e-10    71.7 min
  restart   2/5    eval   367   this Q   6.703e-10   best Q   2.753e-10    71.8 min
  restart   2/5    eval   368   this Q   5.811e-10   best Q   2.753e-10    71.9 min
  restart   2/5    eval   369   this Q   4.511e-10   best Q   2.753e-10    71.9 min
  restart   2/5    eval   370   this Q    4.75e-10   best Q   2.753e-10    72.0 min
  restart   2/5    eval   371   this Q   5.162e-10   best Q   2.753e-10    72.1 min
  restart   2/5    eval   372   this Q    3.21e-10   best Q   2.753e-10    72.2 min
  restart   2/5    eval   373   this Q   7.161e-10   best Q   2.753e-10    72.3 min
  restart   2/5    eval   374   this Q   1.088e-09   best Q   2.753e-10    72.4 min
  restart   2/5    eval   375   this Q    3.73e-10   best Q   2.753e-10    72.5 min
  restart   2/5    eval   376   this Q   5.752e-10   best Q   2.753e-10    72.6 min
  restart   2/5    eval   377   this Q   3.953e-10   best Q   2.753e-10    72.6 min
  restart   2/5    eval   378   this Q   5.933e-10   best Q   2.753e-10    72.7 min
  restart   2/5    eval   379   this Q    3.71e-10   best Q   2.753e-10    72.8 min
  restart   2/5    eval   380   this Q   4.928e-10   best Q   2.753e-10    72.9 min
  restart   2/5    eval   381   this Q   3.864e-10   best Q   2.753e-10    73.0 min
  restart   2/5    eval   382   this Q   4.924e-10   best Q   2.753e-10    73.1 min
  restart   2/5    eval   383   this Q     3.7e-10   best Q   2.753e-10    73.2 min
  restart   2/5    eval   384   this Q   6.436e-10   best Q   2.753e-10    73.3 min
  restart   2/5    eval   385   this Q   3.025e-10   best Q   2.753e-10    73.3 min
  restart   2/5   DONE   this   3.025e-10   best Q   2.753e-10    73.3 min, ~110 min left
  restart   3/5    eval     1   this Q     0.01675   best Q   2.753e-10    73.4 min
  restart   3/5    eval     2   this Q     0.01675   best Q   2.753e-10    73.5 min
  restart   3/5    eval     3   this Q      0.4975   best Q   2.753e-10    73.6 min
  restart   3/5    eval     4   this Q     0.06807   best Q   2.753e-10    73.7 min
  restart   3/5    eval     5   this Q     0.05479   best Q   2.753e-10    73.8 min
  restart   3/5    eval     6   this Q      0.4911   best Q   2.753e-10    73.9 min
  restart   3/5    eval     7   this Q       8.587   best Q   2.753e-10    74.0 min
  restart   3/5    eval     8   this Q      0.1219   best Q   2.753e-10    74.0 min
  restart   3/5    eval     9   this Q        1.04   best Q   2.753e-10    74.1 min
  restart   3/5    eval    10   this Q       0.448   best Q   2.753e-10    74.2 min
  restart   3/5    eval    11   this Q      0.4111   best Q   2.753e-10    74.3 min
  restart   3/5    eval    12   this Q      0.1052   best Q   2.753e-10    74.4 min
  restart   3/5    eval    13   this Q        1.36   best Q   2.753e-10    74.5 min
  restart   3/5    eval    14   this Q      0.1445   best Q   2.753e-10    74.6 min
  restart   3/5    eval    15   this Q      0.5733   best Q   2.753e-10    74.6 min
  restart   3/5    eval    16   this Q      0.1156   best Q   2.753e-10    74.7 min
  restart   3/5    eval    17   this Q      0.2842   best Q   2.753e-10    74.8 min
  restart   3/5    eval    18   this Q      0.0427   best Q   2.753e-10    74.9 min
  restart   3/5    eval    19   this Q      0.1716   best Q   2.753e-10    75.0 min
  restart   3/5    eval    20   this Q     0.02193   best Q   2.753e-10    75.1 min
  restart   3/5    eval    21   this Q      0.1268   best Q   2.753e-10    75.2 min
  restart   3/5    eval    22   this Q     0.03486   best Q   2.753e-10    75.3 min
  restart   3/5    eval    23   this Q      0.2601   best Q   2.753e-10    75.3 min
  restart   3/5    eval    24   this Q     0.02628   best Q   2.753e-10    75.4 min
  restart   3/5    eval    25   this Q     0.04236   best Q   2.753e-10    75.5 min
  restart   3/5    eval    26   this Q     0.02563   best Q   2.753e-10    75.6 min
  restart   3/5    eval    27   this Q     0.07522   best Q   2.753e-10    75.7 min
  restart   3/5    eval    28   this Q     0.01178   best Q   2.753e-10    75.8 min
  restart   3/5    eval    29   this Q      0.1024   best Q   2.753e-10    75.9 min
  restart   3/5    eval    30   this Q     0.00985   best Q   2.753e-10    76.0 min
  restart   3/5    eval    31   this Q     0.05241   best Q   2.753e-10    76.0 min
  restart   3/5    eval    32   this Q    0.009931   best Q   2.753e-10    76.1 min
  restart   3/5    eval    33   this Q     0.04322   best Q   2.753e-10    76.2 min
  restart   3/5    eval    34   this Q    0.007954   best Q   2.753e-10    76.3 min
  restart   3/5    eval    35   this Q     0.03668   best Q   2.753e-10    76.4 min
  restart   3/5    eval    36   this Q    0.008323   best Q   2.753e-10    76.5 min
  restart   3/5    eval    37   this Q     0.01076   best Q   2.753e-10    76.6 min
  restart   3/5    eval    38   this Q     0.03657   best Q   2.753e-10    76.6 min
  restart   3/5    eval    39   this Q     0.00374   best Q   2.753e-10    76.7 min
  restart   3/5    eval    40   this Q    0.005621   best Q   2.753e-10    76.8 min
  restart   3/5    eval    41   this Q     0.02884   best Q   2.753e-10    76.9 min
  restart   3/5    eval    42   this Q    0.002924   best Q   2.753e-10    77.0 min
  restart   3/5    eval    43   this Q     0.01067   best Q   2.753e-10    77.1 min
  restart   3/5    eval    44   this Q    0.003897   best Q   2.753e-10    77.2 min
  restart   3/5    eval    45   this Q     0.02157   best Q   2.753e-10    77.2 min
  restart   3/5    eval    46   this Q    0.002956   best Q   2.753e-10    77.3 min
  restart   3/5    eval    47   this Q    0.002734   best Q   2.753e-10    77.4 min
  restart   3/5    eval    48   this Q     0.01148   best Q   2.753e-10    77.5 min
  restart   3/5    eval    49   this Q    0.009543   best Q   2.753e-10    77.6 min
  restart   3/5    eval    50   this Q    0.002785   best Q   2.753e-10    77.7 min
  restart   3/5    eval    51   this Q    0.009264   best Q   2.753e-10    77.8 min
  restart   3/5    eval    52   this Q    0.002031   best Q   2.753e-10    77.8 min
  restart   3/5    eval    53   this Q    0.001308   best Q   2.753e-10    77.9 min
  restart   3/5    eval    54   this Q    0.004261   best Q   2.753e-10    78.0 min
  restart   3/5    eval    55   this Q    0.003328   best Q   2.753e-10    78.1 min
  restart   3/5    eval    56   this Q      0.0015   best Q   2.753e-10    78.2 min
  restart   3/5    eval    57   this Q     0.00139   best Q   2.753e-10    78.3 min
  restart   3/5    eval    58   this Q     0.00257   best Q   2.753e-10    78.4 min
  restart   3/5    eval    59   this Q    0.001907   best Q   2.753e-10    78.4 min
  restart   3/5    eval    60   this Q    0.003083   best Q   2.753e-10    78.5 min
  restart   3/5    eval    61   this Q    0.001011   best Q   2.753e-10    78.6 min
  restart   3/5    eval    62   this Q    0.001669   best Q   2.753e-10    78.7 min
  restart   3/5    eval    63   this Q    0.003033   best Q   2.753e-10    78.8 min
  restart   3/5    eval    64   this Q    0.000696   best Q   2.753e-10    78.9 min
  restart   3/5    eval    65   this Q    0.003461   best Q   2.753e-10    79.0 min
  restart   3/5    eval    66   this Q   0.0006466   best Q   2.753e-10    79.0 min
  restart   3/5    eval    67   this Q     0.00179   best Q   2.753e-10    79.1 min
  restart   3/5    eval    68   this Q   0.0007137   best Q   2.753e-10    79.2 min
  restart   3/5    eval    69   this Q   0.0007089   best Q   2.753e-10    79.3 min
  restart   3/5    eval    70   this Q    0.003771   best Q   2.753e-10    79.4 min
  restart   3/5    eval    71   this Q   0.0003506   best Q   2.753e-10    79.5 min
  restart   3/5    eval    72   this Q   0.0009702   best Q   2.753e-10    79.6 min
  restart   3/5    eval    73   this Q   0.0002586   best Q   2.753e-10    79.6 min
  restart   3/5    eval    74   this Q    0.001075   best Q   2.753e-10    79.7 min
  restart   3/5    eval    75   this Q    0.001376   best Q   2.753e-10    79.8 min
  restart   3/5    eval    76   this Q   0.0003443   best Q   2.753e-10    79.9 min
  restart   3/5    eval    77   this Q   0.0005151   best Q   2.753e-10    80.0 min
  restart   3/5    eval    78   this Q   0.0009934   best Q   2.753e-10    80.1 min
  restart   3/5    eval    79   this Q    0.000267   best Q   2.753e-10    80.2 min
  restart   3/5    eval    80   this Q   0.0002413   best Q   2.753e-10    80.2 min
  restart   3/5    eval    81   this Q    0.001001   best Q   2.753e-10    80.3 min
  restart   3/5    eval    82   this Q   0.0007635   best Q   2.753e-10    80.4 min
  restart   3/5    eval    83   this Q   0.0002179   best Q   2.753e-10    80.5 min
  restart   3/5    eval    84   this Q   0.0008613   best Q   2.753e-10    80.6 min
  restart   3/5    eval    85   this Q   0.0001641   best Q   2.753e-10    80.7 min
  restart   3/5    eval    86   this Q   0.0002499   best Q   2.753e-10    80.7 min
  restart   3/5    eval    87   this Q   0.0005872   best Q   2.753e-10    80.8 min
  restart   3/5    eval    88   this Q   0.0001272   best Q   2.753e-10    80.9 min
  restart   3/5    eval    89   this Q   7.275e-05   best Q   2.753e-10    81.0 min
  restart   3/5    eval    90   this Q   0.0002802   best Q   2.753e-10    81.1 min
  restart   3/5    eval    91   this Q   0.0006141   best Q   2.753e-10    81.2 min
  restart   3/5    eval    92   this Q   7.756e-05   best Q   2.753e-10    81.3 min
  restart   3/5    eval    93   this Q   0.0002892   best Q   2.753e-10    81.3 min
  restart   3/5    eval    94   this Q   0.0001054   best Q   2.753e-10    81.4 min
  restart   3/5    eval    95   this Q   0.0003404   best Q   2.753e-10    81.5 min
  restart   3/5    eval    96   this Q   9.847e-05   best Q   2.753e-10    81.6 min
  restart   3/5    eval    97   this Q   8.151e-05   best Q   2.753e-10    81.7 min
  restart   3/5    eval    98   this Q   0.0002268   best Q   2.753e-10    81.8 min
  restart   3/5    eval    99   this Q   6.678e-05   best Q   2.753e-10    81.8 min
  restart   3/5    eval   100   this Q   8.801e-05   best Q   2.753e-10    81.9 min
  restart   3/5    eval   101   this Q   0.0001706   best Q   2.753e-10    82.0 min
  restart   3/5    eval   102   this Q   4.908e-05   best Q   2.753e-10    82.1 min
  restart   3/5    eval   103   this Q   3.502e-05   best Q   2.753e-10    82.2 min
  restart   3/5    eval   104   this Q   0.0001014   best Q   2.753e-10    82.3 min
  restart   3/5    eval   105   this Q    0.000103   best Q   2.753e-10    82.4 min
  restart   3/5    eval   106   this Q   4.237e-05   best Q   2.753e-10    82.4 min
  restart   3/5    eval   107   this Q   7.802e-05   best Q   2.753e-10    82.5 min
  restart   3/5    eval   108   this Q   4.066e-05   best Q   2.753e-10    82.6 min
  restart   3/5    eval   109   this Q   3.244e-05   best Q   2.753e-10    82.7 min
  restart   3/5    eval   110   this Q   0.0001001   best Q   2.753e-10    82.8 min
  restart   3/5    eval   111   this Q    0.000134   best Q   2.753e-10    82.9 min
  restart   3/5    eval   112   this Q   2.871e-05   best Q   2.753e-10    82.9 min
  restart   3/5    eval   113   this Q   2.688e-05   best Q   2.753e-10    83.0 min
  restart   3/5    eval   114   this Q   9.031e-05   best Q   2.753e-10    83.1 min
  restart   3/5    eval   115   this Q   2.621e-05   best Q   2.753e-10    83.2 min
  restart   3/5    eval   116   this Q   8.129e-05   best Q   2.753e-10    83.3 min
  restart   3/5    eval   117   this Q   2.533e-05   best Q   2.753e-10    83.4 min
  restart   3/5    eval   118   this Q   8.319e-05   best Q   2.753e-10    83.4 min
  restart   3/5    eval   119   this Q   3.512e-05   best Q   2.753e-10    83.5 min
  restart   3/5    eval   120   this Q   1.606e-05   best Q   2.753e-10    83.6 min
  restart   3/5    eval   121   this Q   7.746e-05   best Q   2.753e-10    83.7 min
  restart   3/5    eval   122   this Q   1.269e-05   best Q   2.753e-10    83.8 min
  restart   3/5    eval   123   this Q   6.937e-05   best Q   2.753e-10    83.9 min
  restart   3/5    eval   124   this Q   1.324e-05   best Q   2.753e-10    84.0 min
  restart   3/5    eval   125   this Q   1.418e-05   best Q   2.753e-10    84.0 min
  restart   3/5    eval   126   this Q   2.907e-05   best Q   2.753e-10    84.1 min
  restart   3/5    eval   127   this Q   1.426e-05   best Q   2.753e-10    84.2 min
  restart   3/5    eval   128   this Q   1.074e-05   best Q   2.753e-10    84.3 min
  restart   3/5    eval   129   this Q    3.25e-05   best Q   2.753e-10    84.4 min
  restart   3/5    eval   130   this Q   2.634e-05   best Q   2.753e-10    84.5 min
  restart   3/5    eval   131   this Q   1.183e-05   best Q   2.753e-10    84.6 min
  restart   3/5    eval   132   this Q    5.67e-06   best Q   2.753e-10    84.6 min
  restart   3/5    eval   133   this Q   1.329e-05   best Q   2.753e-10    84.7 min
  restart   3/5    eval   134   this Q   1.107e-05   best Q   2.753e-10    84.8 min
  restart   3/5    eval   135   this Q   3.577e-05   best Q   2.753e-10    84.9 min
  restart   3/5    eval   136   this Q   5.895e-06   best Q   2.753e-10    85.0 min
  restart   3/5    eval   137   this Q   8.502e-06   best Q   2.753e-10    85.1 min
  restart   3/5    eval   138   this Q   1.875e-05   best Q   2.753e-10    85.2 min
  restart   3/5    eval   139   this Q   6.639e-06   best Q   2.753e-10    85.2 min
  restart   3/5    eval   140   this Q   3.988e-06   best Q   2.753e-10    85.3 min
  restart   3/5    eval   141   this Q   1.067e-05   best Q   2.753e-10    85.4 min
  restart   3/5    eval   142   this Q   4.483e-06   best Q   2.753e-10    85.5 min
  restart   3/5    eval   143   this Q   1.487e-05   best Q   2.753e-10    85.6 min
  restart   3/5    eval   144   this Q    4.76e-06   best Q   2.753e-10    85.7 min
  restart   3/5    eval   145   this Q    7.77e-06   best Q   2.753e-10    85.8 min
  restart   3/5    eval   146   this Q   4.313e-06   best Q   2.753e-10    85.8 min
  restart   3/5    eval   147   this Q   2.703e-06   best Q   2.753e-10    85.9 min
  restart   3/5    eval   148   this Q   6.052e-06   best Q   2.753e-10    86.0 min
  restart   3/5    eval   149   this Q   5.987e-06   best Q   2.753e-10    86.1 min
  restart   3/5    eval   150   this Q   3.415e-06   best Q   2.753e-10    86.2 min
  restart   3/5    eval   151   this Q   3.583e-06   best Q   2.753e-10    86.3 min
  restart   3/5    eval   152   this Q   3.363e-06   best Q   2.753e-10    86.4 min
  restart   3/5    eval   153   this Q    5.81e-06   best Q   2.753e-10    86.4 min
  restart   3/5    eval   154   this Q   2.356e-06   best Q   2.753e-10    86.5 min
  restart   3/5    eval   155   this Q   2.309e-06   best Q   2.753e-10    86.6 min
  restart   3/5    eval   156   this Q   5.263e-06   best Q   2.753e-10    86.7 min
  restart   3/5    eval   157   this Q   7.219e-06   best Q   2.753e-10    86.8 min
  restart   3/5    eval   158   this Q   2.059e-06   best Q   2.753e-10    86.9 min
  restart   3/5    eval   159   this Q   1.911e-06   best Q   2.753e-10    87.0 min
  restart   3/5    eval   160   this Q   4.267e-06   best Q   2.753e-10    87.1 min
  restart   3/5    eval   161   this Q   8.656e-07   best Q   2.753e-10    87.1 min
  restart   3/5    eval   162   this Q   2.123e-06   best Q   2.753e-10    87.2 min
  restart   3/5    eval   163   this Q   1.879e-06   best Q   2.753e-10    87.3 min
  restart   3/5    eval   164   this Q   3.065e-06   best Q   2.753e-10    87.4 min
  restart   3/5    eval   165   this Q   1.418e-06   best Q   2.753e-10    87.5 min
  restart   3/5    eval   166   this Q   2.111e-06   best Q   2.753e-10    87.6 min
  restart   3/5    eval   167   this Q   3.719e-06   best Q   2.753e-10    87.7 min
  restart   3/5    eval   168   this Q   1.187e-06   best Q   2.753e-10    87.7 min
  restart   3/5    eval   169   this Q   2.285e-06   best Q   2.753e-10    87.8 min
  restart   3/5    eval   170   this Q   1.575e-06   best Q   2.753e-10    87.9 min
  restart   3/5    eval   171   this Q    1.36e-06   best Q   2.753e-10    88.0 min
  restart   3/5    eval   172   this Q   1.397e-06   best Q   2.753e-10    88.1 min
  restart   3/5    eval   173   this Q   1.638e-06   best Q   2.753e-10    88.2 min
  restart   3/5    eval   174   this Q   9.486e-07   best Q   2.753e-10    88.3 min
  restart   3/5    eval   175   this Q   7.453e-07   best Q   2.753e-10    88.3 min
  restart   3/5    eval   176   this Q   1.283e-06   best Q   2.753e-10    88.4 min
  restart   3/5    eval   177   this Q   1.024e-06   best Q   2.753e-10    88.5 min
  restart   3/5    eval   178   this Q   1.393e-06   best Q   2.753e-10    88.6 min
  restart   3/5    eval   179   this Q   8.207e-07   best Q   2.753e-10    88.7 min
  restart   3/5    eval   180   this Q   2.507e-06   best Q   2.753e-10    88.8 min
  restart   3/5    eval   181   this Q   6.733e-07   best Q   2.753e-10    88.9 min
  restart   3/5    eval   182   this Q   1.025e-06   best Q   2.753e-10    89.0 min
  restart   3/5    eval   183   this Q   6.797e-07   best Q   2.753e-10    89.0 min
  restart   3/5    eval   184   this Q   1.399e-06   best Q   2.753e-10    89.1 min
  restart   3/5    eval   185   this Q   7.299e-07   best Q   2.753e-10    89.2 min
  restart   3/5    eval   186   this Q   4.744e-07   best Q   2.753e-10    89.3 min
  restart   3/5    eval   187   this Q   5.183e-07   best Q   2.753e-10    89.4 min
  restart   3/5    eval   188   this Q   7.576e-07   best Q   2.753e-10    89.5 min
  restart   3/5    eval   189   this Q   6.133e-07   best Q   2.753e-10    89.6 min
  restart   3/5    eval   190   this Q   7.181e-07   best Q   2.753e-10    89.6 min
  restart   3/5    eval   191   this Q   9.183e-07   best Q   2.753e-10    89.7 min
  restart   3/5    eval   192   this Q   5.311e-07   best Q   2.753e-10    89.8 min
  restart   3/5    eval   193   this Q   5.883e-07   best Q   2.753e-10    89.9 min
  restart   3/5    eval   194   this Q   8.116e-07   best Q   2.753e-10    90.0 min
  restart   3/5    eval   195   this Q   5.059e-07   best Q   2.753e-10    90.1 min
  restart   3/5    eval   196   this Q    4.71e-07   best Q   2.753e-10    90.1 min
  restart   3/5    eval   197   this Q   8.035e-07   best Q   2.753e-10    90.2 min
  restart   3/5    eval   198   this Q   5.198e-07   best Q   2.753e-10    90.3 min
  restart   3/5    eval   199   this Q   6.662e-07   best Q   2.753e-10    90.4 min
  restart   3/5    eval   200   this Q   4.541e-07   best Q   2.753e-10    90.5 min
  restart   3/5    eval   201   this Q   4.177e-07   best Q   2.753e-10    90.6 min
  restart   3/5    eval   202   this Q   6.724e-07   best Q   2.753e-10    90.7 min
  restart   3/5    eval   203   this Q   2.794e-07   best Q   2.753e-10    90.7 min
  restart   3/5    eval   204   this Q   2.217e-07   best Q   2.753e-10    90.8 min
  restart   3/5    eval   205   this Q   5.558e-07   best Q   2.753e-10    90.9 min
  restart   3/5    eval   206   this Q   3.974e-07   best Q   2.753e-10    91.0 min
  restart   3/5    eval   207   this Q   3.812e-07   best Q   2.753e-10    91.1 min
  restart   3/5    eval   208   this Q   4.859e-07   best Q   2.753e-10    91.2 min
  restart   3/5    eval   209   this Q   3.624e-07   best Q   2.753e-10    91.3 min
  restart   3/5    eval   210   this Q   5.672e-07   best Q   2.753e-10    91.3 min
  restart   3/5    eval   211   this Q   3.811e-07   best Q   2.753e-10    91.4 min
  restart   3/5    eval   212   this Q   1.852e-07   best Q   2.753e-10    91.5 min
  restart   3/5    eval   213   this Q   2.001e-07   best Q   2.753e-10    91.6 min
  restart   3/5    eval   214   this Q   4.174e-07   best Q   2.753e-10    91.7 min
  restart   3/5    eval   215   this Q   3.152e-07   best Q   2.753e-10    91.8 min
  restart   3/5    eval   216   this Q   2.813e-07   best Q   2.753e-10    91.8 min
  restart   3/5    eval   217   this Q   2.756e-07   best Q   2.753e-10    91.9 min
  restart   3/5    eval   218   this Q    2.63e-07   best Q   2.753e-10    92.0 min
  restart   3/5    eval   219   this Q   1.864e-07   best Q   2.753e-10    92.1 min
  restart   3/5    eval   220   this Q   1.839e-07   best Q   2.753e-10    92.2 min
  restart   3/5    eval   221   this Q   2.413e-07   best Q   2.753e-10    92.3 min
  restart   3/5    eval   222   this Q   2.342e-07   best Q   2.753e-10    92.4 min
  restart   3/5    eval   223   this Q   2.016e-07   best Q   2.753e-10    92.4 min
  restart   3/5    eval   224   this Q    1.07e-07   best Q   2.753e-10    92.5 min
  restart   3/5    eval   225   this Q   1.103e-07   best Q   2.753e-10    92.6 min
  restart   3/5    eval   226   this Q   2.389e-07   best Q   2.753e-10    92.7 min
  restart   3/5    eval   227   this Q   1.494e-07   best Q   2.753e-10    92.8 min
  restart   3/5    eval   228   this Q   1.329e-07   best Q   2.753e-10    92.9 min
  restart   3/5    eval   229   this Q   1.754e-07   best Q   2.753e-10    93.0 min
  restart   3/5    eval   230   this Q   2.904e-07   best Q   2.753e-10    93.0 min
  restart   3/5    eval   231   this Q   1.512e-07   best Q   2.753e-10    93.1 min
  restart   3/5    eval   232   this Q   1.338e-07   best Q   2.753e-10    93.2 min
  restart   3/5    eval   233   this Q   1.175e-07   best Q   2.753e-10    93.3 min
  restart   3/5    eval   234   this Q   1.552e-07   best Q   2.753e-10    93.4 min
  restart   3/5    eval   235   this Q   1.239e-07   best Q   2.753e-10    93.5 min
  restart   3/5    eval   236   this Q   9.703e-08   best Q   2.753e-10    93.5 min
  restart   3/5    eval   237   this Q   1.107e-07   best Q   2.753e-10    93.6 min
  restart   3/5    eval   238   this Q   5.001e-08   best Q   2.753e-10    93.7 min
  restart   3/5    eval   239   this Q   4.467e-08   best Q   2.753e-10    93.8 min
  restart   3/5    eval   240   this Q   1.078e-07   best Q   2.753e-10    93.9 min
  restart   3/5    eval   241   this Q   8.864e-08   best Q   2.753e-10    94.0 min
  restart   3/5    eval   242   this Q   6.079e-08   best Q   2.753e-10    94.1 min
  restart   3/5    eval   243   this Q   6.211e-08   best Q   2.753e-10    94.1 min
  restart   3/5    eval   244   this Q   4.916e-08   best Q   2.753e-10    94.2 min
  restart   3/5    eval   245   this Q   2.377e-08   best Q   2.753e-10    94.3 min
  restart   3/5    eval   246   this Q   4.497e-08   best Q   2.753e-10    94.4 min
  restart   3/5    eval   247   this Q   6.751e-08   best Q   2.753e-10    94.5 min
  restart   3/5    eval   248   this Q   2.709e-08   best Q   2.753e-10    94.6 min
  restart   3/5    eval   249   this Q   7.055e-08   best Q   2.753e-10    94.6 min
  restart   3/5    eval   250   this Q   3.479e-08   best Q   2.753e-10    94.7 min
  restart   3/5    eval   251   this Q   2.339e-08   best Q   2.753e-10    94.8 min
  restart   3/5    eval   252   this Q   6.436e-08   best Q   2.753e-10    94.9 min
  restart   3/5    eval   253   this Q   7.381e-08   best Q   2.753e-10    95.0 min
  restart   3/5    eval   254   this Q   2.919e-08   best Q   2.753e-10    95.1 min
  restart   3/5    eval   255   this Q   7.364e-08   best Q   2.753e-10    95.2 min
  restart   3/5    eval   256   this Q   2.544e-08   best Q   2.753e-10    95.2 min
  restart   3/5    eval   257   this Q   1.445e-08   best Q   2.753e-10    95.3 min
  restart   3/5    eval   258   this Q   4.823e-08   best Q   2.753e-10    95.4 min
  restart   3/5    eval   259   this Q   1.056e-08   best Q   2.753e-10    95.5 min
  restart   3/5    eval   260   this Q   2.479e-08   best Q   2.753e-10    95.6 min
  restart   3/5    eval   261   this Q   1.249e-07   best Q   2.753e-10    95.7 min
  restart   3/5    eval   262   this Q   6.018e-08   best Q   2.753e-10    95.8 min
  restart   3/5    eval   263   this Q   6.136e-08   best Q   2.753e-10    95.8 min
  restart   3/5    eval   264   this Q    5.92e-09   best Q   2.753e-10    95.9 min
  restart   3/5    eval   265   this Q   6.554e-08   best Q   2.753e-10    96.0 min
  restart   3/5    eval   266   this Q   8.631e-08   best Q   2.753e-10    96.1 min
  restart   3/5    eval   267   this Q   1.429e-08   best Q   2.753e-10    96.2 min
  restart   3/5    eval   268   this Q   8.038e-08   best Q   2.753e-10    96.3 min
  restart   3/5    eval   269   this Q   4.717e-09   best Q   2.753e-10    96.3 min
  restart   3/5    eval   270   this Q   6.434e-09   best Q   2.753e-10    96.4 min
  restart   3/5    eval   271   this Q   1.114e-08   best Q   2.753e-10    96.5 min
  restart   3/5    eval   272   this Q    8.44e-09   best Q   2.753e-10    96.6 min
  restart   3/5    eval   273   this Q   9.617e-09   best Q   2.753e-10    96.7 min
  restart   3/5    eval   274   this Q   3.267e-09   best Q   2.753e-10    96.8 min
  restart   3/5    eval   275   this Q   5.995e-09   best Q   2.753e-10    96.9 min
  restart   3/5    eval   276   this Q   7.545e-09   best Q   2.753e-10    96.9 min
  restart   3/5    eval   277   this Q    4.75e-09   best Q   2.753e-10    97.0 min
  restart   3/5    eval   278   this Q   5.944e-09   best Q   2.753e-10    97.1 min
  restart   3/5    eval   279   this Q   5.608e-09   best Q   2.753e-10    97.2 min
  restart   3/5    eval   280   this Q   7.384e-09   best Q   2.753e-10    97.3 min
  restart   3/5    eval   281   this Q   3.729e-09   best Q   2.753e-10    97.4 min
  restart   3/5    eval   282   this Q   6.124e-09   best Q   2.753e-10    97.4 min
  restart   3/5    eval   283   this Q   3.464e-09   best Q   2.753e-10    97.5 min
  restart   3/5    eval   284   this Q   2.647e-09   best Q   2.753e-10    97.6 min
  restart   3/5    eval   285   this Q   4.664e-09   best Q   2.753e-10    97.7 min
  restart   3/5    eval   286   this Q   4.644e-09   best Q   2.753e-10    97.8 min
  restart   3/5    eval   287   this Q   5.545e-08   best Q   2.753e-10    97.9 min
  restart   3/5    eval   288   this Q   2.661e-09   best Q   2.753e-10    98.0 min
  restart   3/5    eval   289   this Q   3.735e-09   best Q   2.753e-10    98.1 min
  restart   3/5    eval   290   this Q   8.796e-09   best Q   2.753e-10    98.2 min
  restart   3/5    eval   291   this Q   2.556e-09   best Q   2.753e-10    98.2 min
  restart   3/5    eval   292   this Q   5.079e-09   best Q   2.753e-10    98.3 min
  restart   3/5    eval   293   this Q   3.277e-09   best Q   2.753e-10    98.4 min
  restart   3/5    eval   294   this Q   1.503e-09   best Q   2.753e-10    98.5 min
  restart   3/5    eval   295   this Q   1.136e-09   best Q   2.753e-10    98.6 min
  restart   3/5    eval   296   this Q   8.786e-10   best Q   2.753e-10    98.7 min
  restart   3/5    eval   297   this Q   4.963e-09   best Q   2.753e-10    98.8 min
  restart   3/5    eval   298   this Q   2.749e-09   best Q   2.753e-10    98.9 min
  restart   3/5    eval   299   this Q   3.899e-09   best Q   2.753e-10    98.9 min
  restart   3/5    eval   300   this Q   1.463e-09   best Q   2.753e-10    99.0 min
  restart   3/5    eval   301   this Q   2.787e-09   best Q   2.753e-10    99.1 min
  restart   3/5    eval   302   this Q    1.45e-09   best Q   2.753e-10    99.2 min
  restart   3/5    eval   303   this Q   2.437e-10   best Q   2.437e-10    99.3 min
  restart   3/5    eval   304   this Q   1.322e-09   best Q   2.437e-10    99.4 min
  restart   3/5    eval   305   this Q   3.849e-09   best Q   2.437e-10    99.5 min
  restart   3/5    eval   306   this Q   1.129e-09   best Q   2.437e-10    99.5 min
  restart   3/5    eval   307   this Q    1.95e-09   best Q   2.437e-10    99.6 min
  restart   3/5    eval   308   this Q   5.128e-10   best Q   2.437e-10    99.7 min
  restart   3/5    eval   309   this Q   1.554e-09   best Q   2.437e-10    99.8 min
  restart   3/5    eval   310   this Q   9.255e-10   best Q   2.437e-10    99.9 min
  restart   3/5    eval   311   this Q   2.434e-10   best Q   2.434e-10   100.0 min
  restart   3/5    eval   312   this Q    1.18e-09   best Q   2.434e-10   100.1 min
  restart   3/5    eval   313   this Q   6.836e-10   best Q   2.434e-10   100.1 min
  restart   3/5    eval   314   this Q   1.381e-09   best Q   2.434e-10   100.2 min
  restart   3/5    eval   315   this Q   6.497e-10   best Q   2.434e-10   100.3 min
  restart   3/5    eval   316   this Q   1.372e-09   best Q   2.434e-10   100.4 min
  restart   3/5    eval   317   this Q   8.029e-10   best Q   2.434e-10   100.5 min
  restart   3/5    eval   318   this Q   1.219e-09   best Q   2.434e-10   100.6 min
  restart   3/5    eval   319   this Q    3.26e-10   best Q   2.434e-10   100.7 min
  restart   3/5    eval   320   this Q   1.807e-10   best Q   1.807e-10   100.8 min
  restart   3/5    eval   321   this Q    3.48e-10   best Q   1.807e-10   100.9 min
  restart   3/5    eval   322   this Q   1.334e-09   best Q   1.807e-10   101.0 min
  restart   3/5    eval   323   this Q    5.05e-10   best Q   1.807e-10   101.1 min
  restart   3/5    eval   324   this Q   6.168e-10   best Q   1.807e-10   101.2 min
  restart   3/5    eval   325   this Q   2.166e-10   best Q   1.807e-10   101.3 min
  restart   3/5    eval   326   this Q   6.273e-10   best Q   1.807e-10   101.4 min
  restart   3/5    eval   327   this Q   2.375e-10   best Q   1.807e-10   101.5 min
  restart   3/5    eval   328   this Q   5.548e-10   best Q   1.807e-10   101.5 min
  restart   3/5    eval   329   this Q   1.911e-10   best Q   1.807e-10   101.6 min
  restart   3/5    eval   330   this Q   4.855e-10   best Q   1.807e-10   101.7 min
  restart   3/5    eval   331   this Q   1.533e-10   best Q   1.533e-10   101.8 min
  restart   3/5   DONE   this   1.533e-10   best Q   1.533e-10   101.8 min, ~68 min left
  restart   4/5    eval     1   this Q    0.006483   best Q   1.533e-10   101.9 min
  restart   4/5    eval     2   this Q    0.006483   best Q   1.533e-10   102.0 min
  restart   4/5    eval     3   this Q      0.3123   best Q   1.533e-10   102.1 min
  restart   4/5    eval     4   this Q      0.1301   best Q   1.533e-10   102.1 min
  restart   4/5    eval     5   this Q     0.07044   best Q   1.533e-10   102.2 min
  restart   4/5    eval     6   this Q      0.5158   best Q   1.533e-10   102.3 min
  restart   4/5    eval     7   this Q       6.809   best Q   1.533e-10   102.4 min
  restart   4/5    eval     8   this Q      0.1615   best Q   1.533e-10   102.5 min
  restart   4/5    eval     9   this Q       1.045   best Q   1.533e-10   102.6 min
  restart   4/5    eval    10   this Q      0.4795   best Q   1.533e-10   102.6 min
  restart   4/5    eval    11   this Q      0.2918   best Q   1.533e-10   102.7 min
  restart   4/5    eval    12   this Q       1.018   best Q   1.533e-10   102.8 min
  restart   4/5    eval    13   this Q      0.1817   best Q   1.533e-10   102.9 min
  restart   4/5    eval    14   this Q      0.2032   best Q   1.533e-10   103.0 min
  restart   4/5    eval    15   this Q      0.5676   best Q   1.533e-10   103.1 min
  restart   4/5    eval    16   this Q      0.0887   best Q   1.533e-10   103.1 min
  restart   4/5    eval    17   this Q      0.2204   best Q   1.533e-10   103.2 min
  restart   4/5    eval    18   this Q     0.08804   best Q   1.533e-10   103.3 min
  restart   4/5    eval    19   this Q      0.2886   best Q   1.533e-10   103.4 min
  restart   4/5    eval    20   this Q     0.07173   best Q   1.533e-10   103.5 min
  restart   4/5    eval    21   this Q      0.2586   best Q   1.533e-10   103.6 min
  restart   4/5    eval    22   this Q     0.03487   best Q   1.533e-10   103.7 min
  restart   4/5    eval    23   this Q     0.04059   best Q   1.533e-10   103.7 min
  restart   4/5    eval    24   this Q      0.1698   best Q   1.533e-10   103.8 min
  restart   4/5    eval    25   this Q     0.03491   best Q   1.533e-10   103.9 min
  restart   4/5    eval    26   this Q     0.04026   best Q   1.533e-10   104.0 min
  restart   4/5    eval    27   this Q     0.05441   best Q   1.533e-10   104.1 min
  restart   4/5    eval    28   this Q      0.0915   best Q   1.533e-10   104.2 min
  restart   4/5    eval    29   this Q     0.02481   best Q   1.533e-10   104.3 min
  restart   4/5    eval    30   this Q     0.06199   best Q   1.533e-10   104.3 min
  restart   4/5    eval    31   this Q     0.02031   best Q   1.533e-10   104.4 min
  restart   4/5    eval    32   this Q     0.01611   best Q   1.533e-10   104.5 min
  restart   4/5    eval    33   this Q     0.08003   best Q   1.533e-10   104.6 min
  restart   4/5    eval    34   this Q     0.01173   best Q   1.533e-10   104.7 min
  restart   4/5    eval    35   this Q     0.02905   best Q   1.533e-10   104.8 min
  restart   4/5    eval    36   this Q     0.02115   best Q   1.533e-10   104.9 min
  restart   4/5    eval    37   this Q     0.03135   best Q   1.533e-10   104.9 min
  restart   4/5    eval    38   this Q     0.01074   best Q   1.533e-10   105.0 min
  restart   4/5    eval    39   this Q    0.003808   best Q   1.533e-10   105.1 min
  restart   4/5    eval    40   this Q      0.0254   best Q   1.533e-10   105.2 min
  restart   4/5    eval    41   this Q     0.03006   best Q   1.533e-10   105.3 min
  restart   4/5    eval    42   this Q    0.006623   best Q   1.533e-10   105.4 min
  restart   4/5    eval    43   this Q     0.02198   best Q   1.533e-10   105.4 min
  restart   4/5    eval    44   this Q    0.006403   best Q   1.533e-10   105.5 min
  restart   4/5    eval    45   this Q     0.02396   best Q   1.533e-10   105.6 min
  restart   4/5    eval    46   this Q    0.004201   best Q   1.533e-10   105.7 min
  restart   4/5    eval    47   this Q    0.006286   best Q   1.533e-10   105.8 min
  restart   4/5    eval    48   this Q    0.005024   best Q   1.533e-10   105.9 min
  restart   4/5    eval    49   this Q     0.01066   best Q   1.533e-10   106.0 min
  restart   4/5    eval    50   this Q    0.001982   best Q   1.533e-10   106.0 min
  restart   4/5    eval    51   this Q    0.002944   best Q   1.533e-10   106.1 min
  restart   4/5    eval    52   this Q    0.007784   best Q   1.533e-10   106.2 min
  restart   4/5    eval    53   this Q    0.001719   best Q   1.533e-10   106.3 min
  restart   4/5    eval    54   this Q     0.01576   best Q   1.533e-10   106.4 min
  restart   4/5    eval    55   this Q    0.001108   best Q   1.533e-10   106.5 min
  restart   4/5    eval    56   this Q    0.005697   best Q   1.533e-10   106.6 min
  restart   4/5    eval    57   this Q    0.001557   best Q   1.533e-10   106.6 min
  restart   4/5    eval    58   this Q    0.003793   best Q   1.533e-10   106.7 min
  restart   4/5    eval    59   this Q     0.00218   best Q   1.533e-10   106.8 min
  restart   4/5    eval    60   this Q    0.006335   best Q   1.533e-10   106.9 min
  restart   4/5    eval    61   this Q   0.0008739   best Q   1.533e-10   107.0 min
  restart   4/5    eval    62   this Q    0.006227   best Q   1.533e-10   107.1 min
  restart   4/5    eval    63   this Q   0.0005859   best Q   1.533e-10   107.2 min
  restart   4/5    eval    64   this Q    0.002149   best Q   1.533e-10   107.2 min
  restart   4/5    eval    65   this Q   0.0007212   best Q   1.533e-10   107.3 min
  restart   4/5    eval    66   this Q    0.002888   best Q   1.533e-10   107.4 min
  restart   4/5    eval    67   this Q   0.0006036   best Q   1.533e-10   107.5 min
  restart   4/5    eval    68   this Q   0.0009404   best Q   1.533e-10   107.6 min
  restart   4/5    eval    69   this Q    0.001641   best Q   1.533e-10   107.7 min
  restart   4/5    eval    70   this Q   0.0004931   best Q   1.533e-10   107.8 min
  restart   4/5    eval    71   this Q    0.003427   best Q   1.533e-10   107.9 min
  restart   4/5    eval    72   this Q   0.0002091   best Q   1.533e-10   108.0 min
  restart   4/5    eval    73   this Q    0.001765   best Q   1.533e-10   108.1 min
  restart   4/5    eval    74   this Q   0.0003106   best Q   1.533e-10   108.2 min
  restart   4/5    eval    75   this Q    0.001162   best Q   1.533e-10   108.3 min
  restart   4/5    eval    76   this Q   0.0003414   best Q   1.533e-10   108.4 min
  restart   4/5    eval    77   this Q   3.821e-05   best Q   1.533e-10   108.5 min
  restart   4/5    eval    78   this Q   0.0003772   best Q   1.533e-10   108.6 min
  restart   4/5    eval    79   this Q   0.0009159   best Q   1.533e-10   108.7 min
  restart   4/5    eval    80   this Q   0.0002023   best Q   1.533e-10   108.8 min
  restart   4/5    eval    81   this Q   0.0002939   best Q   1.533e-10   108.9 min
  restart   4/5    eval    82   this Q   0.0002822   best Q   1.533e-10   108.9 min
  restart   4/5    eval    83   this Q   0.0004874   best Q   1.533e-10   109.0 min
  restart   4/5    eval    84   this Q   9.846e-05   best Q   1.533e-10   109.1 min
  restart   4/5    eval    85   this Q   0.0007018   best Q   1.533e-10   109.2 min
  restart   4/5    eval    86   this Q   7.091e-05   best Q   1.533e-10   109.3 min
  restart   4/5    eval    87   this Q   0.0004479   best Q   1.533e-10   109.4 min
  restart   4/5    eval    88   this Q   9.229e-05   best Q   1.533e-10   109.5 min
  restart   4/5    eval    89   this Q   0.0003714   best Q   1.533e-10   109.5 min
  restart   4/5    eval    90   this Q   9.756e-05   best Q   1.533e-10   109.6 min
  restart   4/5    eval    91   this Q   0.0001422   best Q   1.533e-10   109.7 min
  restart   4/5    eval    92   this Q   7.988e-05   best Q   1.533e-10   109.8 min
  restart   4/5    eval    93   this Q     0.00023   best Q   1.533e-10   109.9 min
  restart   4/5    eval    94   this Q   3.973e-05   best Q   1.533e-10   110.0 min
  restart   4/5    eval    95   this Q   0.0001136   best Q   1.533e-10   110.1 min
  restart   4/5    eval    96   this Q    3.51e-05   best Q   1.533e-10   110.2 min
  restart   4/5    eval    97   this Q   6.248e-05   best Q   1.533e-10   110.3 min
  restart   4/5    eval    98   this Q   8.659e-05   best Q   1.533e-10   110.3 min
  restart   4/5    eval    99   this Q   2.886e-05   best Q   1.533e-10   110.4 min
  restart   4/5    eval   100   this Q   0.0001409   best Q   1.533e-10   110.5 min
  restart   4/5    eval   101   this Q   2.289e-05   best Q   1.533e-10   110.6 min
  restart   4/5    eval   102   this Q   2.389e-05   best Q   1.533e-10   110.7 min
  restart   4/5    eval   103   this Q   0.0001136   best Q   1.533e-10   110.8 min
  restart   4/5    eval   104   this Q   1.612e-05   best Q   1.533e-10   110.8 min
  restart   4/5    eval   105   this Q   2.848e-05   best Q   1.533e-10   110.9 min
  restart   4/5    eval   106   this Q   7.881e-05   best Q   1.533e-10   111.0 min
  restart   4/5    eval   107   this Q   1.028e-05   best Q   1.533e-10   111.1 min
  restart   4/5    eval   108   this Q   3.074e-05   best Q   1.533e-10   111.2 min
  restart   4/5    eval   109   this Q   9.906e-06   best Q   1.533e-10   111.3 min
  restart   4/5    eval   110   this Q   4.793e-05   best Q   1.533e-10   111.3 min
  restart   4/5    eval   111   this Q   8.814e-06   best Q   1.533e-10   111.4 min
  restart   4/5    eval   112   this Q   2.673e-05   best Q   1.533e-10   111.5 min
  restart   4/5    eval   113   this Q   8.343e-06   best Q   1.533e-10   111.6 min
  restart   4/5    eval   114   this Q   4.245e-05   best Q   1.533e-10   111.7 min
  restart   4/5    eval   115   this Q   7.302e-06   best Q   1.533e-10   111.8 min
  restart   4/5    eval   116   this Q   6.985e-06   best Q   1.533e-10   111.9 min
  restart   4/5    eval   117   this Q    3.53e-05   best Q   1.533e-10   111.9 min
  restart   4/5    eval   118   this Q   2.458e-05   best Q   1.533e-10   112.0 min
  restart   4/5    eval   119   this Q   4.588e-06   best Q   1.533e-10   112.1 min
  restart   4/5    eval   120   this Q   1.733e-05   best Q   1.533e-10   112.2 min
  restart   4/5    eval   121   this Q   3.511e-06   best Q   1.533e-10   112.3 min
  restart   4/5    eval   122   this Q   1.606e-05   best Q   1.533e-10   112.4 min
  restart   4/5    eval   123   this Q   3.572e-06   best Q   1.533e-10   112.4 min
  restart   4/5    eval   124   this Q   1.561e-05   best Q   1.533e-10   112.5 min
  restart   4/5    eval   125   this Q   3.365e-06   best Q   1.533e-10   112.6 min
  restart   4/5    eval   126   this Q   2.331e-06   best Q   1.533e-10   112.7 min
  restart   4/5    eval   127   this Q   1.142e-05   best Q   1.533e-10   112.8 min
  restart   4/5    eval   128   this Q   4.064e-06   best Q   1.533e-10   112.9 min
  restart   4/5    eval   129   this Q    1.36e-05   best Q   1.533e-10   113.0 min
  restart   4/5    eval   130   this Q   1.776e-06   best Q   1.533e-10   113.0 min
  restart   4/5    eval   131   this Q   3.895e-06   best Q   1.533e-10   113.1 min
  restart   4/5    eval   132   this Q   9.894e-06   best Q   1.533e-10   113.2 min
  restart   4/5    eval   133   this Q   1.225e-06   best Q   1.533e-10   113.3 min
  restart   4/5    eval   134   this Q   4.103e-06   best Q   1.533e-10   113.4 min
  restart   4/5    eval   135   this Q   1.654e-06   best Q   1.533e-10   113.5 min
  restart   4/5    eval   136   this Q   2.718e-06   best Q   1.533e-10   113.5 min
  restart   4/5    eval   137   this Q   6.413e-07   best Q   1.533e-10   113.6 min
  restart   4/5    eval   138   this Q   3.309e-06   best Q   1.533e-10   113.7 min
  restart   4/5    eval   139   this Q   7.605e-06   best Q   1.533e-10   113.8 min
  restart   4/5    eval   140   this Q   9.235e-07   best Q   1.533e-10   113.9 min
  restart   4/5    eval   141   this Q   1.924e-06   best Q   1.533e-10   114.0 min
  restart   4/5    eval   142   this Q   2.478e-06   best Q   1.533e-10   114.0 min
  restart   4/5    eval   143   this Q   8.965e-07   best Q   1.533e-10   114.1 min
  restart   4/5    eval   144   this Q   2.518e-06   best Q   1.533e-10   114.2 min
  restart   4/5    eval   145   this Q   6.993e-07   best Q   1.533e-10   114.3 min
  restart   4/5    eval   146   this Q   2.351e-06   best Q   1.533e-10   114.4 min
  restart   4/5    eval   147   this Q   6.139e-07   best Q   1.533e-10   114.5 min
  restart   4/5    eval   148   this Q   1.229e-06   best Q   1.533e-10   114.6 min
  restart   4/5    eval   149   this Q   4.939e-07   best Q   1.533e-10   114.6 min
  restart   4/5    eval   150   this Q    1.77e-07   best Q   1.533e-10   114.7 min
  restart   4/5    eval   151   this Q   8.922e-07   best Q   1.533e-10   114.8 min
  restart   4/5    eval   152   this Q     1.2e-06   best Q   1.533e-10   114.9 min
  restart   4/5    eval   153   this Q   2.755e-07   best Q   1.533e-10   115.0 min
  restart   4/5    eval   154   this Q   8.863e-07   best Q   1.533e-10   115.1 min
  restart   4/5    eval   155   this Q    3.22e-07   best Q   1.533e-10   115.1 min
  restart   4/5    eval   156   this Q   7.281e-07   best Q   1.533e-10   115.2 min
  restart   4/5    eval   157   this Q   2.907e-07   best Q   1.533e-10   115.3 min
  restart   4/5    eval   158   this Q   1.579e-06   best Q   1.533e-10   115.4 min
  restart   4/5    eval   159   this Q   3.476e-07   best Q   1.533e-10   115.5 min
  restart   4/5    eval   160   this Q   4.558e-07   best Q   1.533e-10   115.7 min
  restart   4/5    eval   161   this Q   2.478e-07   best Q   1.533e-10   115.8 min
  restart   4/5    eval   162   this Q    5.61e-07   best Q   1.533e-10   115.8 min
  restart   4/5    eval   163   this Q   1.289e-07   best Q   1.533e-10   115.9 min
  restart   4/5    eval   164   this Q   5.422e-07   best Q   1.533e-10   116.0 min
  restart   4/5    eval   165   this Q    1.93e-07   best Q   1.533e-10   116.1 min
  restart   4/5    eval   166   this Q   3.666e-07   best Q   1.533e-10   116.2 min
  restart   4/5    eval   167   this Q   1.591e-07   best Q   1.533e-10   116.3 min
  restart   4/5    eval   168   this Q   8.717e-08   best Q   1.533e-10   116.4 min
  restart   4/5    eval   169   this Q   3.031e-07   best Q   1.533e-10   116.5 min
  restart   4/5    eval   170   this Q   5.883e-07   best Q   1.533e-10   116.6 min
  restart   4/5    eval   171   this Q   1.158e-07   best Q   1.533e-10   116.7 min
  restart   4/5    eval   172   this Q   1.749e-07   best Q   1.533e-10   116.8 min
  restart   4/5    eval   173   this Q   9.977e-08   best Q   1.533e-10   116.8 min
  restart   4/5    eval   174   this Q   4.205e-07   best Q   1.533e-10   116.9 min
  restart   4/5    eval   175   this Q   5.936e-08   best Q   1.533e-10   117.0 min
  restart   4/5    eval   176   this Q    2.39e-07   best Q   1.533e-10   117.1 min
  restart   4/5    eval   177   this Q   8.083e-08   best Q   1.533e-10   117.2 min
  restart   4/5    eval   178   this Q   6.249e-08   best Q   1.533e-10   117.3 min
  restart   4/5    eval   179   this Q   1.772e-07   best Q   1.533e-10   117.4 min
  restart   4/5    eval   180   this Q   3.665e-08   best Q   1.533e-10   117.5 min
  restart   4/5    eval   181   this Q   7.169e-08   best Q   1.533e-10   117.5 min
  restart   4/5    eval   182   this Q    2.02e-08   best Q   1.533e-10   117.6 min
  restart   4/5    eval   183   this Q    1.84e-07   best Q   1.533e-10   117.7 min
  restart   4/5    eval   184   this Q   4.736e-08   best Q   1.533e-10   117.8 min
  restart   4/5    eval   185   this Q   1.111e-07   best Q   1.533e-10   117.9 min
  restart   4/5    eval   186   this Q   4.354e-08   best Q   1.533e-10   118.0 min
  restart   4/5    eval   187   this Q   1.119e-07   best Q   1.533e-10   118.1 min
  restart   4/5    eval   188   this Q    3.03e-08   best Q   1.533e-10   118.2 min
  restart   4/5    eval   189   this Q   1.233e-07   best Q   1.533e-10   118.3 min
  restart   4/5    eval   190   this Q   2.952e-08   best Q   1.533e-10   118.3 min
  restart   4/5    eval   191   this Q   5.827e-08   best Q   1.533e-10   118.4 min
  restart   4/5    eval   192   this Q   1.801e-08   best Q   1.533e-10   118.5 min
  restart   4/5    eval   193   this Q   6.789e-08   best Q   1.533e-10   118.6 min
  restart   4/5    eval   194   this Q   3.561e-08   best Q   1.533e-10   118.7 min
  restart   4/5    eval   195   this Q   3.342e-08   best Q   1.533e-10   118.8 min
  restart   4/5    eval   196   this Q   1.911e-08   best Q   1.533e-10   118.8 min
  restart   4/5    eval   197   this Q   7.624e-08   best Q   1.533e-10   118.9 min
  restart   4/5    eval   198   this Q   2.152e-08   best Q   1.533e-10   119.0 min
  restart   4/5    eval   199   this Q   1.951e-08   best Q   1.533e-10   119.1 min
  restart   4/5    eval   200   this Q   1.101e-08   best Q   1.533e-10   119.2 min
  restart   4/5    eval   201   this Q   2.742e-08   best Q   1.533e-10   119.3 min
  restart   4/5    eval   202   this Q   1.861e-08   best Q   1.533e-10   119.4 min
  restart   4/5    eval   203   this Q   1.514e-08   best Q   1.533e-10   119.4 min
  restart   4/5    eval   204   this Q     1.1e-08   best Q   1.533e-10   119.5 min
  restart   4/5    eval   205   this Q   1.522e-08   best Q   1.533e-10   119.6 min
  restart   4/5    eval   206   this Q   1.802e-08   best Q   1.533e-10   119.7 min
  restart   4/5    eval   207   this Q   6.077e-08   best Q   1.533e-10   119.8 min
  restart   4/5    eval   208   this Q   9.832e-09   best Q   1.533e-10   119.9 min
  restart   4/5    eval   209   this Q   1.568e-08   best Q   1.533e-10   120.0 min
  restart   4/5    eval   210   this Q    1.63e-08   best Q   1.533e-10   120.0 min
  restart   4/5    eval   211   this Q   9.167e-09   best Q   1.533e-10   120.1 min
  restart   4/5    eval   212   this Q   3.716e-08   best Q   1.533e-10   120.2 min
  restart   4/5    eval   213   this Q    1.22e-08   best Q   1.533e-10   120.3 min
  restart   4/5    eval   214   this Q   1.635e-08   best Q   1.533e-10   120.4 min
  restart   4/5    eval   215   this Q   8.913e-09   best Q   1.533e-10   120.5 min
  restart   4/5    eval   216   this Q   2.969e-09   best Q   1.533e-10   120.6 min
  restart   4/5    eval   217   this Q   1.857e-08   best Q   1.533e-10   120.6 min
  restart   4/5    eval   218   this Q   1.409e-08   best Q   1.533e-10   120.7 min
  restart   4/5    eval   219   this Q   9.192e-09   best Q   1.533e-10   120.8 min
  restart   4/5    eval   220   this Q   1.078e-08   best Q   1.533e-10   120.9 min
  restart   4/5    eval   221   this Q   4.919e-08   best Q   1.533e-10   121.0 min
  restart   4/5    eval   222   this Q   5.755e-09   best Q   1.533e-10   121.1 min
  restart   4/5    eval   223   this Q   1.082e-08   best Q   1.533e-10   121.1 min
  restart   4/5    eval   224   this Q   5.651e-09   best Q   1.533e-10   121.2 min
  restart   4/5    eval   225   this Q   3.224e-09   best Q   1.533e-10   121.3 min
  restart   4/5    eval   226   this Q   4.935e-09   best Q   1.533e-10   121.4 min
  restart   4/5    eval   227   this Q   1.564e-08   best Q   1.533e-10   121.5 min
  restart   4/5    eval   228   this Q   5.782e-09   best Q   1.533e-10   121.6 min
  restart   4/5    eval   229   this Q   4.364e-09   best Q   1.533e-10   121.7 min
  restart   4/5    eval   230   this Q   5.509e-09   best Q   1.533e-10   121.7 min
  restart   4/5    eval   231   this Q   1.272e-08   best Q   1.533e-10   121.8 min
  restart   4/5    eval   232   this Q   3.151e-09   best Q   1.533e-10   121.9 min
  restart   4/5    eval   233   this Q    7.11e-09   best Q   1.533e-10   122.0 min
  restart   4/5    eval   234   this Q   2.776e-09   best Q   1.533e-10   122.1 min
  restart   4/5    eval   235   this Q   2.953e-09   best Q   1.533e-10   122.2 min
  restart   4/5    eval   236   this Q   4.953e-09   best Q   1.533e-10   122.2 min
  restart   4/5    eval   237   this Q   3.125e-09   best Q   1.533e-10   122.3 min
  restart   4/5    eval   238   this Q    6.26e-09   best Q   1.533e-10   122.4 min
  restart   4/5    eval   239   this Q   2.637e-09   best Q   1.533e-10   122.5 min
  restart   4/5    eval   240   this Q   2.778e-09   best Q   1.533e-10   122.6 min
  restart   4/5    eval   241   this Q   3.102e-09   best Q   1.533e-10   122.7 min
  restart   4/5    eval   242   this Q   1.345e-09   best Q   1.533e-10   122.8 min
  restart   4/5    eval   243   this Q   1.112e-09   best Q   1.533e-10   122.9 min
  restart   4/5    eval   244   this Q   2.308e-09   best Q   1.533e-10   122.9 min
  restart   4/5    eval   245   this Q   8.019e-09   best Q   1.533e-10   123.0 min
  restart   4/5    eval   246   this Q   1.825e-09   best Q   1.533e-10   123.1 min
  restart   4/5    eval   247   this Q   3.343e-09   best Q   1.533e-10   123.2 min
  restart   4/5    eval   248   this Q   1.867e-09   best Q   1.533e-10   123.3 min
  restart   4/5    eval   249   this Q    1.92e-09   best Q   1.533e-10   123.4 min
  restart   4/5    eval   250   this Q   6.023e-10   best Q   1.533e-10   123.4 min
  restart   4/5    eval   251   this Q   8.358e-10   best Q   1.533e-10   123.5 min
  restart   4/5    eval   252   this Q   3.345e-09   best Q   1.533e-10   123.6 min
  restart   4/5    eval   253   this Q   1.957e-09   best Q   1.533e-10   123.7 min
  restart   4/5    eval   254   this Q    1.33e-09   best Q   1.533e-10   123.8 min
  restart   4/5    eval   255   this Q   1.286e-09   best Q   1.533e-10   123.9 min
  restart   4/5    eval   256   this Q   2.591e-09   best Q   1.533e-10   123.9 min
  restart   4/5    eval   257   this Q   1.249e-09   best Q   1.533e-10   124.0 min
  restart   4/5    eval   258   this Q   1.559e-09   best Q   1.533e-10   124.1 min
  restart   4/5    eval   259   this Q   3.713e-09   best Q   1.533e-10   124.2 min
  restart   4/5    eval   260   this Q   8.635e-10   best Q   1.533e-10   124.3 min
  restart   4/5    eval   261   this Q    1.84e-09   best Q   1.533e-10   124.4 min
  restart   4/5    eval   262   this Q    1.06e-09   best Q   1.533e-10   124.4 min
  restart   4/5    eval   263   this Q   1.796e-09   best Q   1.533e-10   124.5 min
  restart   4/5    eval   264   this Q    9.51e-10   best Q   1.533e-10   124.6 min
  restart   4/5    eval   265   this Q   7.114e-10   best Q   1.533e-10   124.7 min
  restart   4/5    eval   266   this Q    1.04e-09   best Q   1.533e-10   124.8 min
  restart   4/5    eval   267   this Q    9.02e-10   best Q   1.533e-10   124.9 min
  restart   4/5    eval   268   this Q   7.665e-10   best Q   1.533e-10   125.0 min
  restart   4/5    eval   269   this Q   1.445e-09   best Q   1.533e-10   125.1 min
  restart   4/5    eval   270   this Q   8.278e-10   best Q   1.533e-10   125.1 min
  restart   4/5    eval   271   this Q   7.594e-10   best Q   1.533e-10   125.2 min
  restart   4/5    eval   272   this Q   1.251e-09   best Q   1.533e-10   125.3 min
  restart   4/5    eval   273   this Q   6.635e-10   best Q   1.533e-10   125.4 min
  restart   4/5    eval   274   this Q   2.348e-10   best Q   1.533e-10   125.5 min
  restart   4/5    eval   275   this Q   1.701e-10   best Q   1.533e-10   125.6 min
  restart   4/5    eval   276   this Q   5.507e-10   best Q   1.533e-10   125.7 min
  restart   4/5    eval   277   this Q   2.723e-10   best Q   1.533e-10   125.7 min
  restart   4/5    eval   278   this Q   3.851e-10   best Q   1.533e-10   125.8 min
  restart   4/5    eval   279   this Q   4.818e-10   best Q   1.533e-10   125.9 min
  restart   4/5    eval   280   this Q   1.509e-10   best Q   1.509e-10   126.0 min
  restart   4/5    eval   281   this Q   4.474e-10   best Q   1.509e-10   126.1 min
  restart   4/5    eval   282   this Q   5.488e-10   best Q   1.509e-10   126.2 min
  restart   4/5    eval   283   this Q   2.799e-10   best Q   1.509e-10   126.3 min
  restart   4/5    eval   284   this Q   4.167e-10   best Q   1.509e-10   126.3 min
  restart   4/5    eval   285   this Q   3.452e-10   best Q   1.509e-10   126.4 min
  restart   4/5    eval   286   this Q   4.393e-10   best Q   1.509e-10   126.5 min
  restart   4/5    eval   287   this Q   2.715e-10   best Q   1.509e-10   126.6 min
  restart   4/5    eval   288   this Q   4.371e-11   best Q   4.371e-11   126.7 min
  restart   4/5    eval   289   this Q   1.863e-10   best Q   4.371e-11   126.8 min
  restart   4/5    eval   290   this Q   4.207e-10   best Q   4.371e-11   126.8 min
  restart   4/5    eval   291   this Q   1.174e-10   best Q   4.371e-11   126.9 min
  restart   4/5    eval   292   this Q   2.854e-10   best Q   4.371e-11   127.0 min
  restart   4/5    eval   293   this Q   8.228e-11   best Q   4.371e-11   127.1 min
  restart   4/5    eval   294   this Q   1.315e-10   best Q   4.371e-11   127.2 min
  restart   4/5    eval   295   this Q   2.273e-10   best Q   4.371e-11   127.3 min
  restart   4/5    eval   296   this Q   1.855e-11   best Q   1.855e-11   127.4 min
  restart   4/5    eval   297   this Q   3.023e-10   best Q   1.855e-11   127.4 min
  restart   4/5    eval   298   this Q   7.753e-11   best Q   1.855e-11   127.5 min
  restart   4/5    eval   299   this Q   7.018e-11   best Q   1.855e-11   127.6 min
  restart   4/5    eval   300   this Q   8.425e-11   best Q   1.855e-11   127.7 min
  restart   4/5   DONE   this   1.855e-11   best Q   1.855e-11   127.7 min, ~32 min left
  restart   5/5    eval     1   this Q   1.117e-05   best Q   1.855e-11   127.8 min
  restart   5/5    eval     2   this Q   1.117e-05   best Q   1.855e-11   127.9 min
  restart   5/5    eval     3   this Q      0.4002   best Q   1.855e-11   128.0 min
  restart   5/5    eval     4   this Q      0.1019   best Q   1.855e-11   128.0 min
  restart   5/5    eval     5   this Q     0.04412   best Q   1.855e-11   128.1 min
  restart   5/5    eval     6   this Q       0.481   best Q   1.855e-11   128.2 min
  restart   5/5    eval     7   this Q       7.224   best Q   1.855e-11   128.3 min
  restart   5/5    eval     8   this Q     0.05878   best Q   1.855e-11   128.4 min
  restart   5/5    eval     9   this Q        1.05   best Q   1.855e-11   128.5 min
  restart   5/5    eval    10   this Q      0.4759   best Q   1.855e-11   128.5 min
  restart   5/5    eval    11   this Q      0.3308   best Q   1.855e-11   128.6 min
  restart   5/5    eval    12   this Q       1.025   best Q   1.855e-11   128.7 min
  restart   5/5    eval    13   this Q      0.1817   best Q   1.855e-11   128.8 min
  restart   5/5    eval    14   this Q      0.1554   best Q   1.855e-11   128.9 min
  restart   5/5    eval    15   this Q      0.5307   best Q   1.855e-11   129.0 min
  restart   5/5    eval    16   this Q     0.09212   best Q   1.855e-11   129.0 min
  restart   5/5    eval    17   this Q      0.2908   best Q   1.855e-11   129.1 min
  restart   5/5    eval    18   this Q     0.06201   best Q   1.855e-11   129.2 min
  restart   5/5    eval    19   this Q      0.2311   best Q   1.855e-11   129.3 min
  restart   5/5    eval    20   this Q     0.05554   best Q   1.855e-11   129.4 min
  restart   5/5    eval    21   this Q     0.02959   best Q   1.855e-11   129.5 min
  restart   5/5    eval    22   this Q      0.1513   best Q   1.855e-11   129.6 min
  restart   5/5    eval    23   this Q     0.02392   best Q   1.855e-11   129.6 min
  restart   5/5    eval    24   this Q     0.09924   best Q   1.855e-11   129.7 min
  restart   5/5    eval    25   this Q     0.01851   best Q   1.855e-11   129.8 min
  restart   5/5    eval    26   this Q     0.08546   best Q   1.855e-11   129.9 min
  restart   5/5    eval    27   this Q     0.01168   best Q   1.855e-11   130.0 min
  restart   5/5    eval    28   this Q     0.05426   best Q   1.855e-11   130.1 min
  restart   5/5    eval    29   this Q     0.01568   best Q   1.855e-11   130.1 min
  restart   5/5    eval    30   this Q     0.05527   best Q   1.855e-11   130.2 min
  restart   5/5    eval    31   this Q     0.01251   best Q   1.855e-11   130.3 min
  restart   5/5    eval    32   this Q     0.03693   best Q   1.855e-11   130.4 min
  restart   5/5    eval    33   this Q     0.01048   best Q   1.855e-11   130.5 min
  restart   5/5    eval    34   this Q     0.03194   best Q   1.855e-11   130.6 min
  restart   5/5    eval    35   this Q    0.007936   best Q   1.855e-11   130.7 min
  restart   5/5    eval    36   this Q     0.02088   best Q   1.855e-11   130.7 min
  restart   5/5    eval    37   this Q    0.006852   best Q   1.855e-11   130.8 min
  restart   5/5    eval    38   this Q     0.01328   best Q   1.855e-11   130.9 min
  restart   5/5    eval    39   this Q    0.005162   best Q   1.855e-11   131.0 min
  restart   5/5    eval    40   this Q     0.01213   best Q   1.855e-11   131.1 min
  restart   5/5    eval    41   this Q    0.004946   best Q   1.855e-11   131.2 min
  restart   5/5    eval    42   this Q      0.0138   best Q   1.855e-11   131.3 min
  restart   5/5    eval    43   this Q    0.004343   best Q   1.855e-11   131.3 min
  restart   5/5    eval    44   this Q     0.01135   best Q   1.855e-11   131.4 min
  restart   5/5    eval    45   this Q    0.004554   best Q   1.855e-11   131.5 min
  restart   5/5    eval    46   this Q    0.004928   best Q   1.855e-11   131.6 min
  restart   5/5    eval    47   this Q     0.01068   best Q   1.855e-11   131.7 min
  restart   5/5    eval    48   this Q    0.002902   best Q   1.855e-11   131.8 min
  restart   5/5    eval    49   this Q    0.004071   best Q   1.855e-11   131.8 min
  restart   5/5    eval    50   this Q    0.003894   best Q   1.855e-11   131.9 min
  restart   5/5    eval    51   this Q    0.004459   best Q   1.855e-11   132.0 min
  restart   5/5    eval    52   this Q   0.0004231   best Q   1.855e-11   132.1 min
  restart   5/5    eval    53   this Q    0.004567   best Q   1.855e-11   132.2 min
  restart   5/5    eval    54   this Q    0.001788   best Q   1.855e-11   132.3 min
  restart   5/5    eval    55   this Q    0.002465   best Q   1.855e-11   132.4 min
  restart   5/5    eval    56   this Q    0.003948   best Q   1.855e-11   132.4 min
  restart   5/5    eval    57   this Q    0.001447   best Q   1.855e-11   132.5 min
  restart   5/5    eval    58   this Q    0.003224   best Q   1.855e-11   132.6 min
  restart   5/5    eval    59   this Q    0.001128   best Q   1.855e-11   132.7 min
  restart   5/5    eval    60   this Q    0.001973   best Q   1.855e-11   132.8 min
  restart   5/5    eval    61   this Q     0.00116   best Q   1.855e-11   132.9 min
  restart   5/5    eval    62   this Q    0.003857   best Q   1.855e-11   133.0 min
  restart   5/5    eval    63   this Q   0.0004483   best Q   1.855e-11   133.0 min
  restart   5/5    eval    64   this Q    0.001519   best Q   1.855e-11   133.1 min
  restart   5/5    eval    65   this Q   0.0004717   best Q   1.855e-11   133.2 min
  restart   5/5    eval    66   this Q    0.001952   best Q   1.855e-11   133.3 min
  restart   5/5    eval    67   this Q   0.0004254   best Q   1.855e-11   133.4 min
  restart   5/5    eval    68   this Q    0.001613   best Q   1.855e-11   133.5 min
  restart   5/5    eval    69   this Q   0.0003558   best Q   1.855e-11   133.6 min
  restart   5/5    eval    70   this Q   0.0009879   best Q   1.855e-11   133.6 min
  restart   5/5    eval    71   this Q   0.0003236   best Q   1.855e-11   133.7 min
  restart   5/5    eval    72   this Q   0.0002988   best Q   1.855e-11   133.8 min
  restart   5/5    eval    73   this Q   0.0006517   best Q   1.855e-11   133.9 min
  restart   5/5    eval    74   this Q   0.0001672   best Q   1.855e-11   134.0 min
  restart   5/5    eval    75   this Q   0.0006851   best Q   1.855e-11   134.1 min
  restart   5/5    eval    76   this Q   0.0001591   best Q   1.855e-11   134.1 min
  restart   5/5    eval    77   this Q   4.399e-05   best Q   1.855e-11   134.2 min
  restart   5/5    eval    78   this Q   0.0003646   best Q   1.855e-11   134.3 min
  restart   5/5    eval    79   this Q   0.0001203   best Q   1.855e-11   134.4 min
  restart   5/5    eval    80   this Q   0.0003581   best Q   1.855e-11   134.5 min
  restart   5/5    eval    81   this Q   0.0001088   best Q   1.855e-11   134.6 min
  restart   5/5    eval    82   this Q   0.0003524   best Q   1.855e-11   134.6 min
  restart   5/5    eval    83   this Q   9.792e-05   best Q   1.855e-11   134.7 min
  restart   5/5    eval    84   this Q    0.000106   best Q   1.855e-11   134.8 min
  restart   5/5    eval    85   this Q   7.778e-05   best Q   1.855e-11   134.9 min
  restart   5/5    eval    86   this Q   2.865e-05   best Q   1.855e-11   135.0 min
  restart   5/5    eval    87   this Q    0.000119   best Q   1.855e-11   135.1 min
  restart   5/5    eval    88   this Q   3.017e-05   best Q   1.855e-11   135.2 min
  restart   5/5    eval    89   this Q   0.0001016   best Q   1.855e-11   135.2 min
  restart   5/5    eval    90   this Q   2.731e-05   best Q   1.855e-11   135.3 min
  restart   5/5    eval    91   this Q    0.000162   best Q   1.855e-11   135.4 min
  restart   5/5    eval    92   this Q   2.064e-05   best Q   1.855e-11   135.5 min
  restart   5/5    eval    93   this Q   8.057e-05   best Q   1.855e-11   135.6 min
  restart   5/5    eval    94   this Q   2.051e-05   best Q   1.855e-11   135.7 min
  restart   5/5    eval    95   this Q   9.984e-05   best Q   1.855e-11   135.7 min
  restart   5/5    eval    96   this Q   8.281e-06   best Q   1.855e-11   135.8 min
  restart   5/5    eval    97   this Q   3.353e-05   best Q   1.855e-11   135.9 min
  restart   5/5    eval    98   this Q   9.443e-06   best Q   1.855e-11   136.0 min
  restart   5/5    eval    99   this Q   6.619e-05   best Q   1.855e-11   136.1 min
  restart   5/5    eval   100   this Q   6.459e-06   best Q   1.855e-11   136.2 min
  restart   5/5    eval   101   this Q   2.111e-05   best Q   1.855e-11   136.2 min
  restart   5/5    eval   102   this Q   6.891e-06   best Q   1.855e-11   136.3 min
  restart   5/5    eval   103   this Q   4.077e-05   best Q   1.855e-11   136.4 min
  restart   5/5    eval   104   this Q   6.364e-06   best Q   1.855e-11   136.5 min
  restart   5/5    eval   105   this Q   1.286e-05   best Q   1.855e-11   136.6 min
  restart   5/5    eval   106   this Q   3.801e-06   best Q   1.855e-11   136.7 min
  restart   5/5    eval   107   this Q   8.241e-06   best Q   1.855e-11   136.8 min
  restart   5/5    eval   108   this Q   4.547e-06   best Q   1.855e-11   136.8 min
  restart   5/5    eval   109   this Q   1.416e-05   best Q   1.855e-11   136.9 min
  restart   5/5    eval   110   this Q   2.507e-06   best Q   1.855e-11   137.0 min
  restart   5/5    eval   111   this Q   6.382e-06   best Q   1.855e-11   137.1 min
  restart   5/5    eval   112   this Q   5.657e-06   best Q   1.855e-11   137.2 min
  restart   5/5    eval   113   this Q   1.058e-05   best Q   1.855e-11   137.3 min
  restart   5/5    eval   114   this Q   1.618e-06   best Q   1.855e-11   137.3 min
  restart   5/5    eval   115   this Q   8.481e-06   best Q   1.855e-11   137.4 min
  restart   5/5    eval   116   this Q   1.922e-06   best Q   1.855e-11   137.5 min
  restart   5/5    eval   117   this Q   1.529e-05   best Q   1.855e-11   137.6 min
  restart   5/5    eval   118   this Q   1.255e-06   best Q   1.855e-11   137.7 min
  restart   5/5    eval   119   this Q   6.353e-06   best Q   1.855e-11   137.8 min
  restart   5/5    eval   120   this Q   2.104e-06   best Q   1.855e-11   137.9 min
  restart   5/5    eval   121   this Q   7.973e-06   best Q   1.855e-11   137.9 min
  restart   5/5    eval   122   this Q   1.671e-06   best Q   1.855e-11   138.0 min
  restart   5/5    eval   123   this Q   4.602e-06   best Q   1.855e-11   138.1 min
  restart   5/5    eval   124   this Q   1.603e-06   best Q   1.855e-11   138.2 min
  restart   5/5    eval   125   this Q   1.293e-06   best Q   1.855e-11   138.3 min
  restart   5/5    eval   126   this Q   9.024e-07   best Q   1.855e-11   138.4 min
  restart   5/5    eval   127   this Q    3.66e-06   best Q   1.855e-11   138.4 min
  restart   5/5    eval   128   this Q   1.655e-06   best Q   1.855e-11   138.5 min
  restart   5/5    eval   129   this Q   3.705e-06   best Q   1.855e-11   138.6 min
  restart   5/5    eval   130   this Q   5.159e-07   best Q   1.855e-11   138.7 min
  restart   5/5    eval   131   this Q    1.87e-06   best Q   1.855e-11   138.8 min
  restart   5/5    eval   132   this Q   7.774e-07   best Q   1.855e-11   138.9 min
  restart   5/5    eval   133   this Q   1.842e-06   best Q   1.855e-11   138.9 min
  restart   5/5    eval   134   this Q   7.857e-07   best Q   1.855e-11   139.0 min
  restart   5/5    eval   135   this Q   1.258e-06   best Q   1.855e-11   139.1 min
  restart   5/5    eval   136   this Q   1.694e-06   best Q   1.855e-11   139.2 min
  restart   5/5    eval   137   this Q   5.908e-07   best Q   1.855e-11   139.3 min
  restart   5/5    eval   138   this Q   1.481e-06   best Q   1.855e-11   139.4 min
  restart   5/5    eval   139   this Q   4.144e-07   best Q   1.855e-11   139.5 min
  restart   5/5    eval   140   this Q   1.067e-06   best Q   1.855e-11   139.5 min
  restart   5/5    eval   141   this Q   4.017e-07   best Q   1.855e-11   139.6 min
  restart   5/5    eval   142   this Q   1.801e-06   best Q   1.855e-11   139.7 min
  restart   5/5    eval   143   this Q   3.942e-07   best Q   1.855e-11   139.8 min
  restart   5/5    eval   144   this Q   1.325e-07   best Q   1.855e-11   139.9 min
  restart   5/5    eval   145   this Q   1.767e-07   best Q   1.855e-11   140.0 min
  restart   5/5    eval   146   this Q   4.261e-07   best Q   1.855e-11   140.0 min
  restart   5/5    eval   147   this Q   5.072e-07   best Q   1.855e-11   140.1 min
  restart   5/5    eval   148   this Q   8.384e-07   best Q   1.855e-11   140.2 min
  restart   5/5    eval   149   this Q   3.395e-07   best Q   1.855e-11   140.3 min
  restart   5/5    eval   150   this Q   5.827e-07   best Q   1.855e-11   140.4 min
  restart   5/5    eval   151   this Q   2.947e-07   best Q   1.855e-11   140.5 min
  restart   5/5    eval   152   this Q   6.645e-07   best Q   1.855e-11   140.5 min
  restart   5/5    eval   153   this Q   1.667e-07   best Q   1.855e-11   140.6 min
  restart   5/5    eval   154   this Q   5.311e-07   best Q   1.855e-11   140.7 min
  restart   5/5    eval   155   this Q   2.726e-07   best Q   1.855e-11   140.8 min
  restart   5/5    eval   156   this Q   2.836e-07   best Q   1.855e-11   140.9 min
  restart   5/5    eval   157   this Q   1.836e-07   best Q   1.855e-11   141.0 min
  restart   5/5    eval   158   this Q   1.643e-07   best Q   1.855e-11   141.1 min
  restart   5/5    eval   159   this Q   2.218e-07   best Q   1.855e-11   141.1 min
  restart   5/5    eval   160   this Q   3.202e-07   best Q   1.855e-11   141.2 min
  restart   5/5    eval   161   this Q   1.333e-07   best Q   1.855e-11   141.3 min
  restart   5/5    eval   162   this Q   8.066e-08   best Q   1.855e-11   141.4 min
  restart   5/5    eval   163   this Q   2.051e-07   best Q   1.855e-11   141.5 min
  restart   5/5    eval   164   this Q   1.631e-07   best Q   1.855e-11   141.6 min
  restart   5/5    eval   165   this Q   2.081e-07   best Q   1.855e-11   141.6 min
  restart   5/5    eval   166   this Q   9.833e-08   best Q   1.855e-11   141.7 min
  restart   5/5    eval   167   this Q    2.14e-07   best Q   1.855e-11   141.8 min
  restart   5/5    eval   168   this Q   1.161e-07   best Q   1.855e-11   141.9 min
  restart   5/5    eval   169   this Q   1.797e-07   best Q   1.855e-11   142.0 min
  restart   5/5    eval   170   this Q   7.863e-08   best Q   1.855e-11   142.1 min
  restart   5/5    eval   171   this Q   1.846e-07   best Q   1.855e-11   142.1 min
  restart   5/5    eval   172   this Q    1.08e-07   best Q   1.855e-11   142.2 min
  restart   5/5    eval   173   this Q   7.807e-08   best Q   1.855e-11   142.3 min
  restart   5/5    eval   174   this Q   7.925e-08   best Q   1.855e-11   142.4 min
  restart   5/5    eval   175   this Q   1.984e-07   best Q   1.855e-11   142.5 min
  restart   5/5    eval   176   this Q    7.52e-08   best Q   1.855e-11   142.6 min
  restart   5/5    eval   177   this Q   7.634e-08   best Q   1.855e-11   142.6 min
  restart   5/5    eval   178   this Q    8.32e-08   best Q   1.855e-11   142.7 min
  restart   5/5    eval   179   this Q   6.257e-08   best Q   1.855e-11   142.8 min
  restart   5/5    eval   180   this Q   1.375e-07   best Q   1.855e-11   142.9 min
  restart   5/5    eval   181   this Q   6.284e-08   best Q   1.855e-11   143.0 min
  restart   5/5    eval   182   this Q   1.175e-07   best Q   1.855e-11   143.1 min
  restart   5/5    eval   183   this Q   5.662e-08   best Q   1.855e-11   143.2 min
  restart   5/5    eval   184   this Q   6.602e-08   best Q   1.855e-11   143.2 min
  restart   5/5    eval   185   this Q   1.063e-07   best Q   1.855e-11   143.3 min
  restart   5/5    eval   186   this Q   4.928e-08   best Q   1.855e-11   143.4 min
  restart   5/5    eval   187   this Q   5.475e-08   best Q   1.855e-11   143.5 min
  restart   5/5    eval   188   this Q   5.878e-08   best Q   1.855e-11   143.6 min
  restart   5/5    eval   189   this Q   1.106e-07   best Q   1.855e-11   143.7 min
  restart   5/5    eval   190   this Q   4.062e-08   best Q   1.855e-11   143.7 min
  restart   5/5    eval   191   this Q    9.46e-08   best Q   1.855e-11   143.8 min
  restart   5/5    eval   192   this Q    3.82e-08   best Q   1.855e-11   143.9 min
  restart   5/5    eval   193   this Q   4.342e-08   best Q   1.855e-11   144.0 min
  restart   5/5    eval   194   this Q   1.092e-07   best Q   1.855e-11   144.1 min
  restart   5/5    eval   195   this Q   3.992e-08   best Q   1.855e-11   144.2 min
  restart   5/5    eval   196   this Q   5.434e-08   best Q   1.855e-11   144.3 min
  restart   5/5    eval   197   this Q   5.503e-08   best Q   1.855e-11   144.3 min
  restart   5/5    eval   198   this Q   4.272e-08   best Q   1.855e-11   144.4 min
  restart   5/5    eval   199   this Q   5.602e-08   best Q   1.855e-11   144.5 min
  restart   5/5    eval   200   this Q   3.521e-08   best Q   1.855e-11   144.6 min
  restart   5/5    eval   201   this Q   3.368e-08   best Q   1.855e-11   144.7 min
  restart   5/5    eval   202   this Q   4.141e-08   best Q   1.855e-11   144.8 min
  restart   5/5    eval   203   this Q   5.475e-08   best Q   1.855e-11   144.9 min
  restart   5/5    eval   204   this Q   3.466e-08   best Q   1.855e-11   144.9 min
  restart   5/5    eval   205   this Q   3.344e-08   best Q   1.855e-11   145.0 min
  restart   5/5    eval   206   this Q   4.469e-08   best Q   1.855e-11   145.1 min
  restart   5/5    eval   207   this Q   4.393e-08   best Q   1.855e-11   145.2 min
  restart   5/5    eval   208   this Q   3.343e-08   best Q   1.855e-11   145.3 min
  restart   5/5    eval   209   this Q   4.878e-08   best Q   1.855e-11   145.4 min
  restart   5/5    eval   210   this Q   3.693e-08   best Q   1.855e-11   145.4 min
  restart   5/5    eval   211   this Q   2.495e-08   best Q   1.855e-11   145.5 min
  restart   5/5    eval   212   this Q    3.11e-08   best Q   1.855e-11   145.6 min
  restart   5/5    eval   213   this Q   3.012e-08   best Q   1.855e-11   145.7 min
  restart   5/5    eval   214   this Q   3.664e-08   best Q   1.855e-11   145.8 min
  restart   5/5    eval   215   this Q   3.388e-08   best Q   1.855e-11   145.9 min
  restart   5/5    eval   216   this Q   3.416e-08   best Q   1.855e-11   146.0 min
  restart   5/5    eval   217   this Q   3.157e-08   best Q   1.855e-11   146.0 min
  restart   5/5    eval   218   this Q   3.373e-08   best Q   1.855e-11   146.1 min
  restart   5/5    eval   219   this Q   3.351e-08   best Q   1.855e-11   146.2 min
  restart   5/5    eval   220   this Q   4.072e-08   best Q   1.855e-11   146.3 min
  restart   5/5    eval   221   this Q   3.179e-08   best Q   1.855e-11   146.4 min
  restart   5/5    eval   222   this Q   3.017e-08   best Q   1.855e-11   146.5 min
  restart   5/5    eval   223   this Q   2.465e-08   best Q   1.855e-11   146.6 min
  restart   5/5    eval   224   this Q   2.524e-08   best Q   1.855e-11   146.6 min
  restart   5/5    eval   225   this Q   2.118e-08   best Q   1.855e-11   146.7 min
  restart   5/5    eval   226   this Q   3.059e-08   best Q   1.855e-11   146.8 min
  restart   5/5    eval   227   this Q   2.363e-08   best Q   1.855e-11   146.9 min
  restart   5/5    eval   228   this Q   3.337e-08   best Q   1.855e-11   147.0 min
  restart   5/5    eval   229   this Q    2.97e-08   best Q   1.855e-11   147.1 min
  restart   5/5    eval   230   this Q   2.396e-08   best Q   1.855e-11   147.2 min
  restart   5/5    eval   231   this Q   3.284e-08   best Q   1.855e-11   147.2 min
  restart   5/5    eval   232   this Q   2.709e-08   best Q   1.855e-11   147.3 min
  restart   5/5    eval   233   this Q   2.949e-08   best Q   1.855e-11   147.4 min
  restart   5/5    eval   234   this Q   2.327e-08   best Q   1.855e-11   147.5 min
  restart   5/5    eval   235   this Q   3.129e-08   best Q   1.855e-11   147.6 min
  restart   5/5    eval   236   this Q   2.433e-08   best Q   1.855e-11   147.7 min
  restart   5/5    eval   237   this Q   2.719e-08   best Q   1.855e-11   147.8 min
  restart   5/5    eval   238   this Q   2.302e-08   best Q   1.855e-11   147.8 min
  restart   5/5    eval   239   this Q   3.442e-08   best Q   1.855e-11   147.9 min
  restart   5/5    eval   240   this Q   2.215e-08   best Q   1.855e-11   148.0 min
  restart   5/5    eval   241   this Q   3.033e-08   best Q   1.855e-11   148.1 min
  restart   5/5    eval   242   this Q    2.19e-08   best Q   1.855e-11   148.2 min
  restart   5/5    eval   243   this Q   2.562e-08   best Q   1.855e-11   148.3 min
  restart   5/5    eval   244   this Q   2.039e-08   best Q   1.855e-11   148.3 min
  restart   5/5    eval   245   this Q    2.09e-08   best Q   1.855e-11   148.4 min
  restart   5/5    eval   246   this Q   2.302e-08   best Q   1.855e-11   148.5 min
  restart   5/5    eval   247   this Q     2.2e-08   best Q   1.855e-11   148.6 min
  restart   5/5    eval   248   this Q   2.154e-08   best Q   1.855e-11   148.7 min
  restart   5/5    eval   249   this Q   2.151e-08   best Q   1.855e-11   148.8 min
  restart   5/5    eval   250   this Q   2.434e-08   best Q   1.855e-11   148.9 min
  restart   5/5    eval   251   this Q   2.115e-08   best Q   1.855e-11   148.9 min
  restart   5/5    eval   252   this Q   2.126e-08   best Q   1.855e-11   149.0 min
  restart   5/5    eval   253   this Q   2.057e-08   best Q   1.855e-11   149.1 min
  restart   5/5    eval   254   this Q   2.032e-08   best Q   1.855e-11   149.2 min
  restart   5/5    eval   255   this Q   2.061e-08   best Q   1.855e-11   149.3 min
  restart   5/5    eval   256   this Q   2.321e-08   best Q   1.855e-11   149.4 min
  restart   5/5    eval   257   this Q   2.065e-08   best Q   1.855e-11   149.4 min
  restart   5/5    eval   258   this Q   1.996e-08   best Q   1.855e-11   149.5 min
  restart   5/5    eval   259   this Q   1.979e-08   best Q   1.855e-11   149.6 min
  restart   5/5    eval   260   this Q    1.93e-08   best Q   1.855e-11   149.7 min
  restart   5/5    eval   261   this Q    2.17e-08   best Q   1.855e-11   149.8 min
  restart   5/5    eval   262   this Q   2.254e-08   best Q   1.855e-11   149.9 min
  restart   5/5    eval   263   this Q    2.03e-08   best Q   1.855e-11   150.0 min
  restart   5/5    eval   264   this Q   1.983e-08   best Q   1.855e-11   150.0 min
  restart   5/5    eval   265   this Q   2.018e-08   best Q   1.855e-11   150.1 min
  restart   5/5    eval   266   this Q   1.993e-08   best Q   1.855e-11   150.2 min
  restart   5/5    eval   267   this Q   1.937e-08   best Q   1.855e-11   150.3 min
  restart   5/5    eval   268   this Q    1.97e-08   best Q   1.855e-11   150.4 min
  restart   5/5    eval   269   this Q   1.961e-08   best Q   1.855e-11   150.5 min
  restart   5/5    eval   270   this Q   2.268e-08   best Q   1.855e-11   150.5 min
  restart   5/5    eval   271   this Q   1.961e-08   best Q   1.855e-11   150.6 min
  restart   5/5    eval   272   this Q    1.93e-08   best Q   1.855e-11   150.7 min
  restart   5/5    eval   273   this Q   1.885e-08   best Q   1.855e-11   150.8 min
  restart   5/5    eval   274   this Q    2.12e-08   best Q   1.855e-11   150.9 min
  restart   5/5    eval   275   this Q   2.006e-08   best Q   1.855e-11   151.0 min
  restart   5/5    eval   276   this Q   1.928e-08   best Q   1.855e-11   151.1 min
  restart   5/5    eval   277   this Q   1.917e-08   best Q   1.855e-11   151.2 min
  restart   5/5    eval   278   this Q   1.864e-08   best Q   1.855e-11   151.3 min
  restart   5/5    eval   279   this Q   2.193e-08   best Q   1.855e-11   151.3 min
  restart   5/5    eval   280   this Q   1.862e-08   best Q   1.855e-11   151.4 min
  restart   5/5    eval   281   this Q    2.11e-08   best Q   1.855e-11   151.5 min
  restart   5/5    eval   282   this Q   2.156e-08   best Q   1.855e-11   151.6 min
  restart   5/5    eval   283   this Q   1.904e-08   best Q   1.855e-11   151.7 min
  restart   5/5    eval   284   this Q   1.921e-08   best Q   1.855e-11   151.8 min
  restart   5/5    eval   285   this Q   1.866e-08   best Q   1.855e-11   151.8 min
  restart   5/5    eval   286   this Q   2.205e-08   best Q   1.855e-11   151.9 min
  restart   5/5    eval   287   this Q   1.889e-08   best Q   1.855e-11   152.0 min
  restart   5/5    eval   288   this Q   2.163e-08   best Q   1.855e-11   152.1 min
  restart   5/5    eval   289   this Q   1.889e-08   best Q   1.855e-11   152.2 min
  restart   5/5    eval   290   this Q   2.119e-08   best Q   1.855e-11   152.3 min
  restart   5/5    eval   291   this Q   1.887e-08   best Q   1.855e-11   152.4 min
  restart   5/5    eval   292   this Q   1.864e-08   best Q   1.855e-11   152.5 min
  restart   5/5    eval   293   this Q   2.163e-08   best Q   1.855e-11   152.5 min
  restart   5/5    eval   294   this Q   1.875e-08   best Q   1.855e-11   152.6 min
  restart   5/5    eval   295   this Q   2.127e-08   best Q   1.855e-11   152.7 min
  restart   5/5    eval   296   this Q   1.876e-08   best Q   1.855e-11   152.8 min
  restart   5/5    eval   297   this Q   2.157e-08   best Q   1.855e-11   152.9 min
  restart   5/5    eval   298   this Q   1.872e-08   best Q   1.855e-11   153.0 min
  restart   5/5    eval   299   this Q   2.127e-08   best Q   1.855e-11   153.1 min
  restart   5/5    eval   300   this Q    1.87e-08   best Q   1.855e-11   153.2 min
  restart   5/5    eval   301   this Q   2.144e-08   best Q   1.855e-11   153.3 min
  restart   5/5    eval   302   this Q   1.865e-08   best Q   1.855e-11   153.4 min
  restart   5/5    eval   303   this Q   2.143e-08   best Q   1.855e-11   153.5 min
  restart   5/5    eval   304   this Q   1.867e-08   best Q   1.855e-11   153.6 min
  restart   5/5   DONE   this   1.862e-08   best Q   1.855e-11   153.6 min, ~0 min left
  restart   5/5    eval     1   this Q   1.855e-11   best Q   1.855e-11   153.7 min
  restart   5/5    eval     2   this Q         0.4   best Q   1.855e-11   153.8 min
  restart   5/5    eval     3   this Q     0.09911   best Q   1.855e-11   153.9 min
  restart   5/5    eval     4   this Q     0.04302   best Q   1.855e-11   154.0 min
  restart   5/5    eval     5   this Q      0.4828   best Q   1.855e-11   154.1 min
  restart   5/5    eval     6   this Q       7.218   best Q   1.855e-11   154.2 min
  restart   5/5    eval     7   this Q     0.05894   best Q   1.855e-11   154.2 min
  restart   5/5    eval     8   this Q      0.2119   best Q   1.855e-11   154.3 min
  restart   5/5    eval     9   this Q     0.06018   best Q   1.855e-11   154.4 min
  restart   5/5    eval    10   this Q     0.04106   best Q   1.855e-11   154.5 min
  restart   5/5    eval    11   this Q      0.3003   best Q   1.855e-11   154.6 min
  restart   5/5    eval    12   this Q      0.8917   best Q   1.855e-11   154.7 min
  restart   5/5    eval    13   this Q     0.03885   best Q   1.855e-11   154.8 min
  restart   5/5    eval    14   this Q      0.2025   best Q   1.855e-11   154.9 min
  restart   5/5    eval    15   this Q     0.03776   best Q   1.855e-11   154.9 min
  restart   5/5    eval    16   this Q    0.003751   best Q   1.855e-11   155.0 min
  restart   5/5    eval    17   this Q    0.004165   best Q   1.855e-11   155.1 min
  restart   5/5    eval    18   this Q   0.0003968   best Q   1.855e-11   155.2 min
  restart   5/5    eval    19   this Q    0.000304   best Q   1.855e-11   155.3 min
  restart   5/5    eval    20   this Q   7.139e-06   best Q   1.855e-11   155.4 min
  restart   5/5    eval    21   this Q   5.865e-05   best Q   1.855e-11   155.5 min
  restart   5/5    eval    22   this Q   4.003e-06   best Q   1.855e-11   155.6 min
  restart   5/5    eval    23   this Q   7.426e-05   best Q   1.855e-11   155.7 min
  restart   5/5    eval    24   this Q   3.656e-06   best Q   1.855e-11   155.7 min
  restart   5/5    eval    25   this Q   1.543e-05   best Q   1.855e-11   155.8 min
  restart   5/5    eval    26   this Q   4.751e-06   best Q   1.855e-11   155.9 min
  restart   5/5    eval    27   this Q   5.514e-05   best Q   1.855e-11   156.0 min
  restart   5/5    eval    28   this Q   3.841e-05   best Q   1.855e-11   156.1 min
  restart   5/5    eval    29   this Q   3.764e-05   best Q   1.855e-11   156.2 min
  restart   5/5    eval    30   this Q   0.0002315   best Q   1.855e-11   156.3 min
  restart   5/5    eval    31   this Q   2.823e-05   best Q   1.855e-11   156.3 min
  restart   5/5    eval    32   this Q   1.038e-05   best Q   1.855e-11   156.4 min
  restart   5/5    eval    33   this Q   2.837e-06   best Q   1.855e-11   156.5 min
  restart   5/5    eval    34   this Q   2.321e-06   best Q   1.855e-11   156.6 min
  restart   5/5    eval    35   this Q   1.173e-06   best Q   1.855e-11   156.7 min
  restart   5/5    eval    36   this Q   2.912e-07   best Q   1.855e-11   156.8 min
  restart   5/5    eval    37   this Q   7.253e-07   best Q   1.855e-11   156.9 min
  restart   5/5    eval    38   this Q    4.94e-08   best Q   1.855e-11   156.9 min
  restart   5/5    eval    39   this Q   2.902e-08   best Q   1.855e-11   157.0 min
  restart   5/5    eval    40   this Q   3.657e-08   best Q   1.855e-11   157.1 min
  restart   5/5    eval    41   this Q   1.665e-08   best Q   1.855e-11   157.2 min
  restart   5/5    eval    42   this Q   5.121e-10   best Q   1.855e-11   157.3 min
  restart   5/5    eval    43   this Q   2.949e-09   best Q   1.855e-11   157.4 min
  restart   5/5    eval    44   this Q   2.344e-08   best Q   1.855e-11   157.5 min
  restart   5/5    eval    45   this Q    2.35e-09   best Q   1.855e-11   157.6 min
  restart   5/5    eval    46   this Q   5.996e-09   best Q   1.855e-11   157.6 min
  restart   5/5    eval    47   this Q   6.034e-10   best Q   1.855e-11   157.7 min
  restart   5/5    eval    48   this Q   4.733e-09   best Q   1.855e-11   157.8 min
  restart   5/5    eval    49   this Q   1.412e-09   best Q   1.855e-11   157.9 min
  restart   5/5    eval    50   this Q   2.691e-10   best Q   1.855e-11   158.0 min
  restart   5/5    eval    51   this Q   6.779e-10   best Q   1.855e-11   158.1 min
  restart   5/5    eval    52   this Q   7.974e-11   best Q   1.855e-11   158.2 min
  restart   5/5    eval    53   this Q   7.004e-11   best Q   1.855e-11   158.2 min
  restart   5/5    eval    54   this Q   2.974e-11   best Q   1.855e-11   158.3 min
  restart   5/5    eval    55   this Q   2.412e-11   best Q   1.855e-11   158.4 min
  restart   5/5    eval    56   this Q   3.448e-11   best Q   1.855e-11   158.5 min
  restart   5/5    eval    57   this Q   2.352e-10   best Q   1.855e-11   158.6 min
  restart   5/5    eval    58   this Q   1.858e-11   best Q   1.855e-11   158.7 min
  restart   5/5    eval    59   this Q    2.43e-11   best Q   1.855e-11   158.8 min
  restart   5/5    eval    60   this Q   3.842e-11   best Q   1.855e-11   158.8 min
  restart   5/5    eval    61   this Q   2.267e-11   best Q   1.855e-11   158.9 min
  restart   5/5    eval    62   this Q   2.086e-11   best Q   1.855e-11   159.0 min
  restart   5/5    eval    63   this Q   1.858e-11   best Q   1.855e-11   159.1 min
  restart   5/5    eval    64   this Q    1.89e-11   best Q   1.855e-11   159.2 min
  restart   5/5    eval    65   this Q    1.83e-11   best Q    1.83e-11   159.3 min
  restart   5/5    eval    66   this Q   2.173e-11   best Q    1.83e-11   159.3 min
  restart   5/5    eval    67   this Q   1.983e-11   best Q    1.83e-11   159.4 min
  restart   5/5    eval    68   this Q    1.84e-11   best Q    1.83e-11   159.5 min
  restart   5/5    eval    69   this Q   1.891e-11   best Q    1.83e-11   159.6 min
  restart   5/5    eval    70   this Q   1.739e-11   best Q   1.739e-11   159.7 min
  restart   5/5    eval    71   this Q   1.695e-11   best Q   1.695e-11   159.8 min
  restart   5/5    eval    72   this Q   1.693e-11   best Q   1.693e-11   159.9 min
  restart   5/5    eval    73   this Q   1.891e-11   best Q   1.693e-11   159.9 min
  restart   5/5    eval    74   this Q   1.668e-11   best Q   1.668e-11   160.0 min
  restart   5/5    eval    75   this Q   1.871e-11   best Q   1.668e-11   160.1 min
  restart   5/5    eval    76   this Q   1.699e-11   best Q   1.668e-11   160.2 min
  restart   5/5    eval    77   this Q   1.659e-11   best Q   1.659e-11   160.3 min
  restart   5/5    eval    78   this Q   1.677e-11   best Q   1.659e-11   160.4 min
  restart   5/5    eval    79   this Q   1.664e-11   best Q   1.659e-11   160.5 min
  restart   5/5    eval    80   this Q   1.654e-11   best Q   1.654e-11   160.5 min
  restart   5/5    eval    81   this Q   1.657e-11   best Q   1.654e-11   160.6 min
  restart   5/5    eval    82   this Q   1.651e-11   best Q   1.651e-11   160.7 min
  restart   5/5    eval    83   this Q   1.646e-11   best Q   1.646e-11   160.8 min
  restart   5/5    eval    84   this Q   1.642e-11   best Q   1.642e-11   160.9 min
  restart   5/5    eval    85   this Q   1.639e-11   best Q   1.639e-11   161.0 min
  restart   5/5    eval    86   this Q   1.635e-11   best Q   1.635e-11   161.1 min
  restart   5/5    eval    87   this Q   1.628e-11   best Q   1.628e-11   161.1 min
  restart   5/5    eval    88   this Q   1.624e-11   best Q   1.624e-11   161.2 min
  restart   5/5    eval    89   this Q   1.609e-11   best Q   1.609e-11   161.3 min
  restart   5/5    eval    90   this Q    1.58e-11   best Q    1.58e-11   161.4 min
  restart   5/5    eval    91   this Q    1.59e-11   best Q    1.58e-11   161.5 min
  restart   5/5    eval    92   this Q   1.593e-11   best Q    1.58e-11   161.6 min
  restart   5/5    eval    93   this Q   1.559e-11   best Q   1.559e-11   161.7 min
  restart   5/5    eval    94   this Q   1.543e-11   best Q   1.543e-11   161.7 min
  restart   5/5    eval    95   this Q   1.527e-11   best Q   1.527e-11   161.8 min
  restart   5/5    eval    96   this Q   1.523e-11   best Q   1.523e-11   161.9 min
  restart   5/5    eval    97   this Q    1.51e-11   best Q    1.51e-11   162.0 min
  restart   5/5    eval    98   this Q   1.484e-11   best Q   1.484e-11   162.1 min
  restart   5/5    eval    99   this Q   1.464e-11   best Q   1.464e-11   162.2 min
  restart   5/5    eval   100   this Q   1.407e-11   best Q   1.407e-11   162.3 min
  restart   5/5    eval   101   this Q   1.353e-11   best Q   1.353e-11   162.3 min
  restart   5/5    eval   102   this Q   1.388e-11   best Q   1.353e-11   162.4 min
  restart   5/5    eval   103   this Q   1.345e-11   best Q   1.345e-11   162.5 min
  restart   5/5    eval   104   this Q   1.286e-11   best Q   1.286e-11   162.6 min
  restart   5/5    eval   105   this Q    1.28e-11   best Q    1.28e-11   162.7 min
  restart   5/5    eval   106   this Q   1.285e-11   best Q    1.28e-11   162.8 min
  restart   5/5    eval   107   this Q   1.251e-11   best Q   1.251e-11   162.8 min
  restart   5/5    eval   108   this Q   1.242e-11   best Q   1.242e-11   162.9 min
  restart   5/5    eval   109   this Q   1.236e-11   best Q   1.236e-11   163.0 min
  restart   5/5    eval   110   this Q   1.323e-11   best Q   1.236e-11   163.1 min
  restart   5/5    eval   111   this Q   1.219e-11   best Q   1.219e-11   163.2 min
  restart   5/5    eval   112   this Q   1.245e-11   best Q   1.219e-11   163.3 min
  restart   5/5    eval   113   this Q   1.207e-11   best Q   1.207e-11   163.4 min
  restart   5/5    eval   114   this Q   1.197e-11   best Q   1.197e-11   163.5 min
  restart   5/5    eval   115   this Q   1.185e-11   best Q   1.185e-11   163.6 min
  restart   5/5    eval   116   this Q   1.174e-11   best Q   1.174e-11   163.6 min
  restart   5/5    eval   117   this Q   1.143e-11   best Q   1.143e-11   163.7 min
  restart   5/5    eval   118   this Q   1.086e-11   best Q   1.086e-11   163.8 min
  restart   5/5    eval   119   this Q   1.045e-11   best Q   1.045e-11   163.9 min
  restart   5/5    eval   120   this Q   9.921e-12   best Q   9.921e-12   164.0 min
  restart   5/5    eval   121   this Q    8.46e-11   best Q   9.921e-12   164.1 min
  restart   5/5    eval   122   this Q   1.014e-11   best Q   9.921e-12   164.2 min
  restart   5/5    eval   123   this Q   1.112e-11   best Q   9.921e-12   164.2 min
  restart   5/5    eval   124   this Q   9.909e-11   best Q   9.921e-12   164.3 min
  restart   5/5    eval   125   this Q   9.942e-12   best Q   9.921e-12   164.4 min
  restart   5/5    eval   126   this Q   9.862e-12   best Q   9.862e-12   164.5 min
  restart   5/5    eval   127   this Q   9.937e-12   best Q   9.862e-12   164.6 min
  restart   5/5    eval   128   this Q   9.822e-12   best Q   9.822e-12   164.7 min
  restart   5/5    eval   129   this Q   9.754e-12   best Q   9.754e-12   164.8 min
  restart   5/5    eval   130   this Q   9.783e-12   best Q   9.754e-12   164.9 min
  restart   5/5    eval   131   this Q   9.799e-12   best Q   9.754e-12   164.9 min
  restart   5/5    eval   132   this Q   9.765e-12   best Q   9.754e-12   165.0 min
  restart   5/5    eval   133   this Q   9.857e-12   best Q   9.754e-12   165.1 min
  restart   5/5    eval   134   this Q   9.771e-12   best Q   9.754e-12   165.2 min
  restart   5/5    eval   135   this Q   9.706e-12   best Q   9.706e-12   165.3 min
  restart   5/5    eval   136   this Q   9.671e-12   best Q   9.671e-12   165.4 min
  restart   5/5    eval   137   this Q   9.669e-12   best Q   9.669e-12   165.5 min

============================================================================
Finished in 165.5 min -- 2283 evaluations
============================================================================
Q: sobol-best 0.337737  ->  pre-polish 1.8549e-11  ->  final 9.66868e-12
incumbent Q was 0.497332  (improvement 100.0%)

penalised evaluations: 15 of 2283 (0.7%)
  infeasible_sigma_2            6
  AssertionError                5
  ErrorException                4
(a penalised draw is a parameter vector the model cannot be solved at --
 scored 1e6 rather than crashed on. A high rate means the SEARCH BOX is
 too wide, not that the model is wrong.)

============================================================================
Estimated calibration
============================================================================

Parameters
--------------------------------------------------------------
  phi_1_0          0.7542   (was 0.8417)
  phi_2_0          0.1418   (was 0.5256)
  sigma_1_0       -0.4575   (was -0.9000)
  sigma_1_1       -0.0634   (was -0.0800)
  sigma_2_0       -3.3955   (was -3.3268)
  sigma_2_1       -0.0287   (was -0.0229)

Targeted moments
----------------------------------------------------------------------------
  moment          model       data     gap %   source
  mean_c_p       3.1598     3.1577      0.1%   cons_exhous_real_w99
  mean_h_p       0.3076     0.3070      0.2%   (wh_mom + wh_dad)/2 / 112
  mean_t_p_early     0.4650     0.4672     -0.5%   par_time_tot / 112, child ages 1-9
  mean_t_p_late     0.3238     0.3232      0.2%   par_time_tot / 112, child ages 10-17
  mean_e_p_early     0.3496     0.3532     -1.0%   m_method2_final_w99, child ages 1-9
  mean_e_p_late     0.4428     0.4414      0.3%   m_method2_final_w99, child ages 10-17

  c_p           31598 USD/yr  vs data 31577
  h_p            34.4 hrs/wk  vs data 34.4
  t_p  1-9       52.1 hrs/wk  vs data 52.3
  t_p 10-17      36.3 hrs/wk  vs data 36.2
  e_p  1-9       3496 USD/yr  vs data 3532
  e_p 10-17      4428 USD/yr  vs data 4414

  t_p late/early  model 0.70x  vs data 0.69x
  e_p late/early  model 1.27x  vs data 1.25x
  l_p (residual)  model 32.9 hrs/wk  vs 32.9 implied by the h_p/t_p targets
                  (measured leisure is 59.2 hrs/wk -- par_time_tot overlaps it)

Untargeted -- does the fit stay believable?
--------------------------------------------------------------
  after-tax income        4.6924  (46924 USD/yr)
  implied saving rate       32.9%
  terminal assets        40.3989  (403989 USD)
  leisure l_p             0.2939  (32.9 hrs/wk)

all parameters interior to their boxes

wrote output/smm_runs/2026-08-28_130810/estimates.toml
wrote output/smm_runs/2026-08-28_130810/run.log
