
============================================================================
SMM: 16 parameters (11 parent + 5 child) against 17 moments (10 parent + 7 TAS)
============================================================================
started    2026-09-11 14:25:10
host       haflinger.ceu.edu
machine    112 cores, 503 GB RAM, load average 4.6
workers    20 of 112 cores (18%) -- capped by shared-server budget
budget     1000 Sobol points, 5 restarts (<= 500 evals each, polish SKIPPED (--skip-polish))
init-from  output/smm_runs/2026-09-10_183649/estimates.toml
grids      Na=Nhc=30 for both the search and the report
writing to output/smm_runs/2026-09-11_142509_exp16
           (also reachable as output/smm_runs/latest -- tail that, no timestamp needed)
7.7s
running on 21 process(es): 1 master + 20 worker(s), 1 BLAS thread each
11.4s
37.5s (all processes at once)

============================================================================
Targets  (output/smm_runs/2026-09-11_142509_exp16/targets.toml)
============================================================================
17 moments, 16 parameters -- OVER-identified, Q cannot reach 0 and weights matter
parameters: phi_2, phi_3, lambda_2, R_0, sigma_1_0, sigma_1_1, sigma_2_0, sigma_2_1, sigma_4_0, sigma_4_1, kappa_0, kappa_theta, kappa_ParEd, kappa_terminal, sigma_eta, sigma_eps
moment           mean         sd        N   source
mean_c_p       3.1155     1.6993     6742   cons_exhous_real_w99
mean_h_p       0.3073     0.0999    15665   (wh_mom + wh_dad)/2 / 112
mean_t_p_early     0.4544     0.1656      475   par_time_tot / 112, child ages 1-9
mean_t_p_late     0.3333     0.1669      590   par_time_tot / 112, child ages 10-17
mean_e_p_early     0.3429     0.4794     8178   m_method2_final_w99, child ages 1-9
mean_e_p_late     0.3911     0.6638     7182   m_method2_final_w99, child ages 10-17
mean_i_c_early     0.0393     0.0358      171   study_hrs / 112 (own study only), child ages 6-9
mean_i_c_late     0.0496     0.0595      584   study_hrs / 112 (own study only), child ages 10-17
mean_hc_early     6.0737     0.1081      252   x_gach (log PCA composite), child ages 3-9
mean_hc_late     6.2589     0.0302      459   x_gach (log PCA composite), child ages 12-17
k0_complete     0.3226     0.4676     2771   y_complete | hf_complete
kth_ga17_gap     0.0312     0.0248      317   ln(g_ACH) | hf_complete, ach_age==17: completers minus non-completers
kpe_g0_c       0.2108     0.4080     1319   y_complete | hf_complete, pared_col==0
kpe_g1_c       0.6013     0.4899      913   y_complete | hf_complete, pared_col==1
kterm_x_strict_w99    33.1977    73.3467      737   pwx_strict winsorised at p99 (cut = 4,448,695 USD) | ever_strict
kse_w_gap     36.8431    92.8528      665   pwx_strict winsorised at p99 | ever_strict & hf_complete: completers minus non-completers
sd_ga17        0.0329     0.0329      317   sample SD of ln(g_ACH) | hf_complete, ach_age==17

SDs are shown but NOT targeted: the model's cross-sectional dispersion comes
from a 5-node wage shock plus initial draws and cannot reach the data's
(leisure SD is 7.4x too small). Targeting them would distort the means.

settings written to output/smm_runs/2026-09-11_142509_exp16/run_record.toml  (status = started)
initial point
  phi_2              0.196289   (init-from)
  phi_3               1.48888   (init-from)
  lambda_2            15.0001   (init-from)
  R_0                 48.1202   (init-from)
  sigma_1_0         -0.926433   (init-from)
  sigma_1_1        -0.0905755   (init-from)
  sigma_2_0           -3.7668   (init-from)
  sigma_2_1        -0.0933387   (init-from)
  sigma_4_0          -6.03241   (init-from)
  sigma_4_1          0.128155   (init-from)
  kappa_0            0.674005   (init-from)
  kappa_theta         -2.0215   (init-from)
  kappa_ParEd        -1.16812   (init-from)
  kappa_terminal      8.32868   (init-from)
  sigma_eta              0.03   (smm_start)
  sigma_eps               0.5   (smm_start)
  R_1                       0   (FIXED, not estimated)
27.6s

projected runtime
  sobol stage     1001 evals / 20 workers  =   23.0 min   (parallel)
  local stage      825 evals, sequential    =  379.3 min   (cannot be parallelised)
  total                                     402.4 min

The local stage dominates because TikTak's restarts are sequential by
construction. More workers shorten the first line only -- to use a wide
machine well, raise --sobol (better seeds), not --restarts.

============================================================================
Incumbent calibration
============================================================================
Q = 451.653178

Parameters
--------------------------------------------------------------
  phi_2            0.1963   (was 0.1897)
  phi_3            1.4889   (was 1.2478)
  lambda_2        15.0001   (was 10.6722)
  R_0             48.1202   (was 50.4519)
  sigma_1_0       -0.9264   (was -0.7374)
  sigma_1_1       -0.0906   (was -0.0851)
  sigma_2_0       -3.7668   (was -3.6233)
  sigma_2_1       -0.0933   (was -0.0830)
  sigma_4_0       -6.0324   (was -5.7707)
  sigma_4_1        0.1282   (was 0.1327)
  kappa_0          0.6740   (was 0.0587)
  kappa_theta     -2.0215   (was -0.0342)
  kappa_ParEd     -1.1681   (was -0.0070)
  kappa_terminal     8.3287   (was 5.0000)
  sigma_eta        0.0300   (was 0.0300)
  sigma_eps        0.5000   (was 0.5000)

Targeted moments -- 17 moments, 16 parameters (over-identified)
--------------------------------------------------------------------------------------------------------
  moment                     model        data     gap %         t  Q share   source
  mean_c_p                  3.0982      3.1155     -0.6%      -0.5     0.1%   cons_exhous_real_w99
  mean_h_p                  0.3077      0.3073      0.1%       0.2     0.0%   (wh_mom + wh_dad)/2 / 112
  mean_t_p_early            0.4447      0.4544     -2.1%      -1.3     0.4%   par_time_tot / 112, child ages 1-9
  mean_t_p_late             0.3392      0.3333      1.8%       0.9     0.2%   par_time_tot / 112, child ages 10-17
  mean_e_p_early            0.3403      0.3429     -0.8%      -0.2     0.0%   m_method2_final_w99, child ages 1-9
  mean_e_p_late             0.3900      0.3911     -0.3%      -0.1     0.0%   m_method2_final_w99, child ages 10-17
  mean_i_c_early            0.0392      0.0393     -0.3%      -0.0     0.0%   study_hrs / 112 (own study only), child ages 6-9
  mean_i_c_late             0.0497      0.0496      0.2%       0.0     0.0%   study_hrs / 112 (own study only), child ages 10-17
  mean_hc_early             6.0756      6.0737      0.2%       0.5     0.1%   x_gach (log PCA composite), child ages 3-9
  mean_hc_late              6.2589      6.2589      0.0%       0.0     0.0%   x_gach (log PCA composite), child ages 12-17
  ---------------------------------------- TAS block ----------------------------------------
  k0_complete               0.1980      0.3226    -38.6%     -10.9    26.2%   y_complete | hf_complete
  kth_ga17_gap              0.0151      0.0312    -51.6%      -5.1     5.8%   ln(g_ACH) | hf_complete, ach_age==17: completers minus non-completers
  kpe_g0_c                  0.0000      0.2108   -100.0%     -16.5    60.1%   y_complete | hf_complete, pared_col==0
  kpe_g1_c                  0.6502      0.6013      8.1%       2.7     1.6%   y_complete | hf_complete, pared_col==1
  kterm_x_strict_w99       23.7994     33.1977    -28.3%      -2.9     1.8%   pwx_strict winsorised at p99 (cut = 4,448,695 USD) | ever_strict
  kse_w_gap                 6.4841     36.8431    -82.4%      -4.1     3.6%   pwx_strict winsorised at p99 | ever_strict & hf_complete: completers minus non-completers
  sd_ga17                   0.0347      0.0329      5.4%       1.0     0.2%   sample SD of ln(g_ACH) | hf_complete, ach_age==17
  Q                                                                  451.6532

  Q concentration: top 3 moments carry 92.1% of Q  (kpe_g0_c 60%, k0_complete 26%, kth_ga17_gap 6%)
  WARNING: kpe_g0_c alone carries 60% of Q. The other 16 moments are
           barely influencing the estimate. Treat this as a scaling decision
           to be taken deliberately, NOT as a converged seventeen-moment fit.

TAS block -- college completion and terminal wealth
----------------------------------------------------------------------------
  college completion      0.1980  vs data 0.3226   (396 of 2000 simulated children)
  ability gap (log HC)  +0.0151  vs data +0.0312   (completers 6.2678 / non 6.2527; data 6.2843 / 6.2532)
  SD log HC at 17       0.0347  vs data 0.0329   (sample SD; the sigma_eta moment)
  ability tertiles      T1 0.123  T2 0.210  T3 0.261   (model, DIAGNOSTIC since 2026-09-11)
                        T1 0.113  T2 0.245  T3 0.629   (data)
  wealth gap (retained) +6.484  vs data +36.843   (10k USD, completers minus non; the sigma_eps moment)
  wealth tertiles       T1 0.010  T2 0.091  T3 0.492   (model, diagnostic)
                        T1 0.207  T2 0.357  T3 0.617   (data; completion on the wealth frame 0.394 -- data-only)
  SD log HC by age      model 3:0.040 4:0.042 5:0.043 6:0.042 7:0.038 8:0.036 9:0.035 10:0.034 11:0.034 12:0.034 13:0.033 14:0.034 15:0.034 16:0.033 17:0.035 
                        data  3:0.083 4:0.053 5:0.044 6:0.054 7:0.059 8:0.045 9:0.031 10:0.023 11:0.030 12:0.029 13:0.028 14:0.021 15:0.022 16:0.030 17:0.031   (CDS panel, data-only diagnostic)
  parental education    g0 0.000  g1 0.650   (model; 609 of 2000 are BothCollege)
                        g0 0.211  g1 0.601   (data -- EITHER-parent, see ERRORS.md P7c)
  mean transfer          18.4546  (184546 USD)
  retained assets        23.7994  (237994 USD)  vs data 331977 USD
  pre-transfer assets    42.2540  (422540 USD)  -- NOT the target; the target is post-transfer
  LIMITATION: the data is measured at a median child age of ~29, a median 4 years
  after independence; the model's object is assets at the transfer, child age 18.

  c_p           30982 USD/yr  vs data 31155
  h_p            34.5 hrs/wk  vs data 34.4
  t_p  1-9       49.8 hrs/wk  vs data 50.9
  t_p 10-17      38.0 hrs/wk  vs data 37.3
  e_p  1-9       3403 USD/yr  vs data 3429
  e_p 10-17      3900 USD/yr  vs data 3911

  t_p late/early  model 0.76x  vs data 0.73x
  e_p late/early  model 1.15x  vs data 1.14x
  l_p (residual)  model 33.3 hrs/wk  vs 33.1 implied by the h_p/t_p targets
                  (measured leisure is 59.2 hrs/wk -- par_time_tot overlaps it)

Untargeted -- does the fit stay believable?
--------------------------------------------------------------
  after-tax income        4.6856  (46856 USD/yr)
  implied saving rate       34.5%
  terminal assets        42.2540  (422540 USD)
  leisure l_p             0.2972  (33.3 hrs/wk)
  invalid sim cells            0
  assets above a_max=100  max 99.5  (households: 0 ever (0.00%), 0 at t=1, 0 at handoff)
  HC in [50, 1500]      range 297.7 - 599.3  (households: 0 ever above, 0 ever below, 0 above at handoff)
  every simulated state is inside both grids

============================================================================
TikTak search
============================================================================
  sobol        1/1001    0%   best Q       1e+06     0.4 min elapsed, ~449 min left
  sobol        3/1001    0%   best Q       1e+06     0.5 min elapsed, ~167 min left
  sobol       12/1001    1%   best Q       1e+06     0.5 min elapsed, ~44 min left
  sobol       18/1001    2%   best Q       1e+06     0.6 min elapsed, ~32 min left
  sobol       21/1001    2%   best Q       1e+06     0.6 min elapsed, ~30 min left
  sobol       22/1001    2%   best Q       1e+06     0.7 min elapsed, ~30 min left
  sobol       26/1001    3%   best Q       1e+06     0.7 min elapsed, ~27 min left
  sobol       35/1001    3%   best Q       1e+06     0.8 min elapsed, ~21 min left
  sobol       39/1001    4%   best Q       1e+06     0.8 min elapsed, ~20 min left
  sobol       43/1001    4%   best Q       1e+06     0.8 min elapsed, ~19 min left
  sobol       44/1001    4%   best Q       1e+06     0.9 min elapsed, ~19 min left
  sobol       48/1001    5%   best Q       1e+06     0.9 min elapsed, ~18 min left
  sobol       53/1001    5%   best Q   8.753e+04     0.9 min elapsed, ~17 min left
  sobol       58/1001    6%   best Q   8.753e+04     1.0 min elapsed, ~16 min left
  sobol       60/1001    6%   best Q   8.753e+04     1.0 min elapsed, ~16 min left
  sobol       64/1001    6%   best Q   8.753e+04     1.1 min elapsed, ~15 min left
  sobol       67/1001    7%   best Q   8.753e+04     1.1 min elapsed, ~15 min left
  sobol       71/1001    7%   best Q   8.753e+04     1.1 min elapsed, ~15 min left
  sobol       76/1001    8%   best Q   8.753e+04     1.2 min elapsed, ~14 min left
  sobol       81/1001    8%   best Q   8.753e+04     1.2 min elapsed, ~14 min left
  sobol       86/1001    9%   best Q   8.753e+04     1.3 min elapsed, ~14 min left
  sobol       91/1001    9%   best Q   8.753e+04     1.3 min elapsed, ~13 min left
  sobol       95/1001    9%   best Q   8.753e+04     1.4 min elapsed, ~13 min left
  sobol       98/1001   10%   best Q   8.753e+04     1.4 min elapsed, ~13 min left
  sobol      104/1001   10%   best Q   8.753e+04     1.5 min elapsed, ~13 min left
  sobol      107/1001   11%   best Q   8.753e+04     1.5 min elapsed, ~12 min left
  sobol      113/1001   11%   best Q   8.753e+04     1.5 min elapsed, ~12 min left
  sobol      118/1001   12%   best Q   8.753e+04     1.6 min elapsed, ~12 min left
  sobol      121/1001   12%   best Q   8.753e+04     1.6 min elapsed, ~12 min left
  sobol      124/1001   12%   best Q   8.753e+04     1.7 min elapsed, ~12 min left
  sobol      131/1001   13%   best Q   5.188e+04     1.7 min elapsed, ~11 min left
  sobol      137/1001   14%   best Q   5.188e+04     1.8 min elapsed, ~11 min left
  sobol      138/1001   14%   best Q   5.188e+04     1.8 min elapsed, ~11 min left
  sobol      141/1001   14%   best Q   5.188e+04     1.8 min elapsed, ~11 min left
  sobol      147/1001   15%   best Q   5.188e+04     1.9 min elapsed, ~11 min left
  sobol      153/1001   15%   best Q   5.188e+04     1.9 min elapsed, ~11 min left
  sobol      159/1001   16%   best Q   5.188e+04     2.0 min elapsed, ~11 min left
  sobol      162/1001   16%   best Q   5.188e+04     2.0 min elapsed, ~11 min left
  sobol      165/1001   16%   best Q   5.188e+04     2.1 min elapsed, ~11 min left
  sobol      170/1001   17%   best Q   5.188e+04     2.1 min elapsed, ~10 min left
  sobol      176/1001   18%   best Q   5.188e+04     2.2 min elapsed, ~10 min left
  sobol      180/1001   18%   best Q   5.188e+04     2.2 min elapsed, ~10 min left
  sobol      185/1001   18%   best Q   5.188e+04     2.3 min elapsed, ~10 min left
  sobol      186/1001   19%   best Q   5.188e+04     2.3 min elapsed, ~10 min left
  sobol      192/1001   19%   best Q   5.188e+04     2.3 min elapsed, ~10 min left
  sobol      197/1001   20%   best Q   5.188e+04     2.4 min elapsed, ~10 min left
  sobol      201/1001   20%   best Q   5.188e+04     2.4 min elapsed, ~10 min left
  sobol      204/1001   20%   best Q   5.188e+04     2.4 min elapsed, ~10 min left
  sobol      210/1001   21%   best Q   3.195e+04     2.5 min elapsed, ~9 min left
  sobol      213/1001   21%   best Q   3.195e+04     2.5 min elapsed, ~9 min left
  sobol      217/1001   22%   best Q   3.195e+04     2.6 min elapsed, ~9 min left
  sobol      221/1001   22%   best Q   3.195e+04     2.6 min elapsed, ~9 min left
  sobol      225/1001   22%   best Q   3.195e+04     2.7 min elapsed, ~9 min left
  sobol      233/1001   23%   best Q   3.195e+04     2.7 min elapsed, ~9 min left
  sobol      235/1001   23%   best Q   3.195e+04     2.7 min elapsed, ~9 min left
  sobol      236/1001   24%   best Q   3.195e+04     2.8 min elapsed, ~9 min left
  sobol      242/1001   24%   best Q   3.195e+04     2.8 min elapsed, ~9 min left
  sobol      248/1001   25%   best Q   3.195e+04     2.9 min elapsed, ~9 min left
  sobol      253/1001   25%   best Q   3.195e+04     2.9 min elapsed, ~9 min left
  sobol      255/1001   25%   best Q   3.195e+04     2.9 min elapsed, ~9 min left
  sobol      259/1001   26%   best Q   3.195e+04     3.0 min elapsed, ~9 min left
  sobol      262/1001   26%   best Q   3.195e+04     3.0 min elapsed, ~9 min left
  sobol      270/1001   27%   best Q   3.195e+04     3.1 min elapsed, ~8 min left
  sobol      277/1001   28%   best Q   3.195e+04     3.1 min elapsed, ~8 min left
  sobol      279/1001   28%   best Q   3.195e+04     3.2 min elapsed, ~8 min left
  sobol      283/1001   28%   best Q   3.195e+04     3.2 min elapsed, ~8 min left
  sobol      287/1001   29%   best Q   3.195e+04     3.3 min elapsed, ~8 min left
  sobol      294/1001   29%   best Q   3.195e+04     3.3 min elapsed, ~8 min left
  sobol      300/1001   30%   best Q   3.195e+04     3.4 min elapsed, ~8 min left
  sobol      303/1001   30%   best Q   3.195e+04     3.4 min elapsed, ~8 min left
  sobol      307/1001   31%   best Q   3.195e+04     3.4 min elapsed, ~8 min left
  sobol      310/1001   31%   best Q   3.195e+04     3.5 min elapsed, ~8 min left
  sobol      315/1001   31%   best Q   3.195e+04     3.5 min elapsed, ~8 min left
  sobol      318/1001   32%   best Q   3.195e+04     3.6 min elapsed, ~8 min left
  sobol      322/1001   32%   best Q   3.195e+04     3.6 min elapsed, ~8 min left
  sobol      325/1001   32%   best Q   3.195e+04     3.6 min elapsed, ~8 min left
  sobol      330/1001   33%   best Q   3.195e+04     3.7 min elapsed, ~7 min left
  sobol      334/1001   33%   best Q   3.195e+04     3.7 min elapsed, ~7 min left
  sobol      337/1001   34%   best Q   3.195e+04     3.8 min elapsed, ~7 min left
  sobol      341/1001   34%   best Q   3.195e+04     3.8 min elapsed, ~7 min left
  sobol      347/1001   35%   best Q   3.195e+04     3.8 min elapsed, ~7 min left
  sobol      351/1001   35%   best Q   3.195e+04     3.9 min elapsed, ~7 min left
  sobol      354/1001   35%   best Q   3.195e+04     3.9 min elapsed, ~7 min left
  sobol      358/1001   36%   best Q   3.195e+04     4.0 min elapsed, ~7 min left
  sobol      361/1001   36%   best Q   3.195e+04     4.0 min elapsed, ~7 min left
  sobol      366/1001   37%   best Q   3.195e+04     4.0 min elapsed, ~7 min left
  sobol      370/1001   37%   best Q   3.195e+04     4.1 min elapsed, ~7 min left
  sobol      374/1001   37%   best Q   3.195e+04     4.1 min elapsed, ~7 min left
  sobol      378/1001   38%   best Q   3.195e+04     4.2 min elapsed, ~7 min left
  sobol      383/1001   38%   best Q   3.195e+04     4.2 min elapsed, ~7 min left
  sobol      387/1001   39%   best Q   3.195e+04     4.3 min elapsed, ~7 min left
  sobol      391/1001   39%   best Q   3.195e+04     4.3 min elapsed, ~7 min left
  sobol      395/1001   39%   best Q   3.195e+04     4.4 min elapsed, ~7 min left
  sobol      405/1001   40%   best Q   3.195e+04     4.4 min elapsed, ~7 min left
  sobol      408/1001   41%   best Q   3.195e+04     4.5 min elapsed, ~7 min left
  sobol      413/1001   41%   best Q   3.195e+04     4.5 min elapsed, ~6 min left
  sobol      415/1001   41%   best Q   3.195e+04     4.6 min elapsed, ~6 min left
  sobol      422/1001   42%   best Q   3.195e+04     4.6 min elapsed, ~6 min left
  sobol      426/1001   43%   best Q   3.195e+04     4.7 min elapsed, ~6 min left
  sobol      430/1001   43%   best Q   3.195e+04     4.7 min elapsed, ~6 min left
  sobol      433/1001   43%   best Q   3.195e+04     4.7 min elapsed, ~6 min left
  sobol      434/1001   43%   best Q   3.195e+04     4.8 min elapsed, ~6 min left
  sobol      439/1001   44%   best Q   3.195e+04     4.8 min elapsed, ~6 min left
  sobol      443/1001   44%   best Q   3.195e+04     4.8 min elapsed, ~6 min left
  sobol      448/1001   45%   best Q   3.195e+04     4.9 min elapsed, ~6 min left
  sobol      451/1001   45%   best Q   3.195e+04     4.9 min elapsed, ~6 min left
  sobol      453/1001   45%   best Q   3.195e+04     5.0 min elapsed, ~6 min left
  sobol      461/1001   46%   best Q   3.195e+04     5.0 min elapsed, ~6 min left
  sobol      464/1001   46%   best Q   3.195e+04     5.1 min elapsed, ~6 min left
  sobol      468/1001   47%   best Q   3.195e+04     5.1 min elapsed, ~6 min left
  sobol      470/1001   47%   best Q   3.195e+04     5.1 min elapsed, ~6 min left
  sobol      475/1001   47%   best Q   3.195e+04     5.2 min elapsed, ~6 min left
  sobol      478/1001   48%   best Q   3.195e+04     5.2 min elapsed, ~6 min left
  sobol      484/1001   48%   best Q   3.195e+04     5.3 min elapsed, ~6 min left
  sobol      489/1001   49%   best Q    2.44e+04     5.3 min elapsed, ~6 min left
  sobol      491/1001   49%   best Q    2.44e+04     5.4 min elapsed, ~6 min left
  sobol      494/1001   49%   best Q    2.44e+04     5.4 min elapsed, ~6 min left
  sobol      497/1001   50%   best Q    2.44e+04     5.4 min elapsed, ~6 min left
  sobol      501/1001   50%   best Q    2.44e+04     5.5 min elapsed, ~5 min left
  sobol      507/1001   51%   best Q    2.44e+04     5.5 min elapsed, ~5 min left
  sobol      510/1001   51%   best Q    2.44e+04     5.6 min elapsed, ~5 min left
  sobol      515/1001   51%   best Q    2.44e+04     5.6 min elapsed, ~5 min left
  sobol      519/1001   52%   best Q    2.44e+04     5.7 min elapsed, ~5 min left
  sobol      521/1001   52%   best Q    2.44e+04     5.7 min elapsed, ~5 min left
  sobol      527/1001   53%   best Q    2.44e+04     5.8 min elapsed, ~5 min left
  sobol      532/1001   53%   best Q    2.44e+04     5.8 min elapsed, ~5 min left
  sobol      536/1001   54%   best Q    2.44e+04     5.9 min elapsed, ~5 min left
  sobol      541/1001   54%   best Q    2.44e+04     5.9 min elapsed, ~5 min left
  sobol      547/1001   55%   best Q    2.44e+04     6.0 min elapsed, ~5 min left
  sobol      551/1001   55%   best Q    2.44e+04     6.0 min elapsed, ~5 min left
  sobol      556/1001   56%   best Q    2.44e+04     6.0 min elapsed, ~5 min left
  sobol      559/1001   56%   best Q    2.44e+04     6.1 min elapsed, ~5 min left
  sobol      564/1001   56%   best Q    2.44e+04     6.1 min elapsed, ~5 min left
  sobol      568/1001   57%   best Q    2.44e+04     6.2 min elapsed, ~5 min left
  sobol      571/1001   57%   best Q    2.44e+04     6.2 min elapsed, ~5 min left
  sobol      577/1001   58%   best Q    2.44e+04     6.3 min elapsed, ~5 min left
  sobol      581/1001   58%   best Q    2.44e+04     6.3 min elapsed, ~5 min left
  sobol      587/1001   59%   best Q    2.44e+04     6.4 min elapsed, ~4 min left
  sobol      589/1001   59%   best Q    2.44e+04     6.4 min elapsed, ~4 min left
  sobol      593/1001   59%   best Q    2.44e+04     6.4 min elapsed, ~4 min left
  sobol      597/1001   60%   best Q    2.44e+04     6.5 min elapsed, ~4 min left
  sobol      601/1001   60%   best Q    2.44e+04     6.5 min elapsed, ~4 min left
  sobol      605/1001   60%   best Q    2.44e+04     6.6 min elapsed, ~4 min left
  sobol      609/1001   61%   best Q    2.44e+04     6.6 min elapsed, ~4 min left
  sobol      615/1001   61%   best Q    2.44e+04     6.7 min elapsed, ~4 min left
  sobol      621/1001   62%   best Q    2.44e+04     6.7 min elapsed, ~4 min left
  sobol      622/1001   62%   best Q    2.44e+04     6.7 min elapsed, ~4 min left
  sobol      626/1001   63%   best Q    2.44e+04     6.8 min elapsed, ~4 min left
  sobol      628/1001   63%   best Q    2.44e+04     6.8 min elapsed, ~4 min left
  sobol      634/1001   63%   best Q    2.44e+04     6.9 min elapsed, ~4 min left
  sobol      636/1001   64%   best Q    2.44e+04     6.9 min elapsed, ~4 min left
  sobol      641/1001   64%   best Q    2.44e+04     6.9 min elapsed, ~4 min left
  sobol      645/1001   64%   best Q    2.44e+04     7.0 min elapsed, ~4 min left
  sobol      647/1001   65%   best Q    2.44e+04     7.0 min elapsed, ~4 min left
  sobol      655/1001   65%   best Q    2.44e+04     7.1 min elapsed, ~4 min left
  sobol      658/1001   66%   best Q    2.44e+04     7.1 min elapsed, ~4 min left
  sobol      662/1001   66%   best Q    2.44e+04     7.2 min elapsed, ~4 min left
  sobol      667/1001   67%   best Q    2.44e+04     7.2 min elapsed, ~4 min left
  sobol      673/1001   67%   best Q    2.44e+04     7.3 min elapsed, ~4 min left
  sobol      678/1001   68%   best Q    2.44e+04     7.3 min elapsed, ~3 min left
  sobol      684/1001   68%   best Q    2.44e+04     7.4 min elapsed, ~3 min left
  sobol      688/1001   69%   best Q    2.44e+04     7.4 min elapsed, ~3 min left
  sobol      693/1001   69%   best Q    2.44e+04     7.5 min elapsed, ~3 min left
  sobol      698/1001   70%   best Q    2.44e+04     7.5 min elapsed, ~3 min left
  sobol      702/1001   70%   best Q    2.44e+04     7.6 min elapsed, ~3 min left
  sobol      706/1001   71%   best Q    2.44e+04     7.6 min elapsed, ~3 min left
  sobol      710/1001   71%   best Q    2.44e+04     7.6 min elapsed, ~3 min left
  sobol      716/1001   72%   best Q    2.44e+04     7.7 min elapsed, ~3 min left
  sobol      720/1001   72%   best Q    2.44e+04     7.7 min elapsed, ~3 min left
  sobol      725/1001   72%   best Q    2.44e+04     7.8 min elapsed, ~3 min left
  sobol      729/1001   73%   best Q    2.44e+04     7.8 min elapsed, ~3 min left
  sobol      733/1001   73%   best Q    2.44e+04     7.9 min elapsed, ~3 min left
  sobol      737/1001   74%   best Q    2.44e+04     7.9 min elapsed, ~3 min left
  sobol      741/1001   74%   best Q    2.44e+04     7.9 min elapsed, ~3 min left
  sobol      747/1001   75%   best Q    2.44e+04     8.0 min elapsed, ~3 min left
  sobol      752/1001   75%   best Q    2.44e+04     8.1 min elapsed, ~3 min left
  sobol      757/1001   76%   best Q    2.44e+04     8.1 min elapsed, ~3 min left
  sobol      761/1001   76%   best Q    2.44e+04     8.1 min elapsed, ~3 min left
  sobol      763/1001   76%   best Q    2.44e+04     8.2 min elapsed, ~3 min left
  sobol      768/1001   77%   best Q    2.44e+04     8.2 min elapsed, ~2 min left
  sobol      771/1001   77%   best Q    2.44e+04     8.3 min elapsed, ~2 min left
  sobol      776/1001   78%   best Q    2.44e+04     8.3 min elapsed, ~2 min left
  sobol      782/1001   78%   best Q    2.44e+04     8.3 min elapsed, ~2 min left
  sobol      784/1001   78%   best Q    2.44e+04     8.4 min elapsed, ~2 min left
  sobol      788/1001   79%   best Q    2.44e+04     8.4 min elapsed, ~2 min left
  sobol      790/1001   79%   best Q    2.44e+04     8.5 min elapsed, ~2 min left
  sobol      794/1001   79%   best Q    2.44e+04     8.5 min elapsed, ~2 min left
  sobol      799/1001   80%   best Q    2.44e+04     8.5 min elapsed, ~2 min left
  sobol      806/1001   81%   best Q    2.44e+04     8.6 min elapsed, ~2 min left
  sobol      810/1001   81%   best Q    2.44e+04     8.6 min elapsed, ~2 min left
  sobol      812/1001   81%   best Q    2.44e+04     8.7 min elapsed, ~2 min left
  sobol      816/1001   82%   best Q    2.44e+04     8.7 min elapsed, ~2 min left
  sobol      820/1001   82%   best Q    2.44e+04     8.7 min elapsed, ~2 min left
  sobol      825/1001   82%   best Q    2.44e+04     8.8 min elapsed, ~2 min left
  sobol      829/1001   83%   best Q    2.44e+04     8.8 min elapsed, ~2 min left
  sobol      833/1001   83%   best Q    2.44e+04     8.9 min elapsed, ~2 min left
  sobol      841/1001   84%   best Q    2.44e+04     8.9 min elapsed, ~2 min left
  sobol      843/1001   84%   best Q    2.44e+04     9.0 min elapsed, ~2 min left
  sobol      848/1001   85%   best Q    2.44e+04     9.0 min elapsed, ~2 min left
  sobol      852/1001   85%   best Q    2.44e+04     9.1 min elapsed, ~2 min left
  sobol      856/1001   86%   best Q    2.44e+04     9.1 min elapsed, ~2 min left
  sobol      860/1001   86%   best Q    2.44e+04     9.1 min elapsed, ~1 min left
  sobol      864/1001   86%   best Q    2.44e+04     9.2 min elapsed, ~1 min left
  sobol      866/1001   87%   best Q    2.44e+04     9.2 min elapsed, ~1 min left
  sobol      870/1001   87%   best Q    2.44e+04     9.2 min elapsed, ~1 min left
  sobol      874/1001   87%   best Q    2.44e+04     9.3 min elapsed, ~1 min left
  sobol      877/1001   88%   best Q    2.44e+04     9.3 min elapsed, ~1 min left
  sobol      881/1001   88%   best Q    2.44e+04     9.4 min elapsed, ~1 min left
  sobol      886/1001   89%   best Q    2.44e+04     9.4 min elapsed, ~1 min left
  sobol      891/1001   89%   best Q    2.44e+04     9.4 min elapsed, ~1 min left
  sobol      895/1001   89%   best Q    2.44e+04     9.5 min elapsed, ~1 min left
  sobol      900/1001   90%   best Q    2.44e+04     9.5 min elapsed, ~1 min left
  sobol      903/1001   90%   best Q    2.44e+04     9.6 min elapsed, ~1 min left
  sobol      907/1001   91%   best Q    2.44e+04     9.6 min elapsed, ~1 min left
  sobol      913/1001   91%   best Q    2.44e+04     9.7 min elapsed, ~1 min left
  sobol      917/1001   92%   best Q    2.44e+04     9.7 min elapsed, ~1 min left
  sobol      922/1001   92%   best Q    2.44e+04     9.8 min elapsed, ~1 min left
  sobol      927/1001   93%   best Q    2.44e+04     9.8 min elapsed, ~1 min left
  sobol      933/1001   93%   best Q    2.44e+04     9.9 min elapsed, ~1 min left
  sobol      938/1001   94%   best Q    2.44e+04     9.9 min elapsed, ~1 min left
  sobol      940/1001   94%   best Q    2.44e+04    10.0 min elapsed, ~1 min left
  sobol      946/1001   95%   best Q    2.44e+04    10.0 min elapsed, ~1 min left
  sobol      949/1001   95%   best Q    2.44e+04    10.0 min elapsed, ~1 min left
  sobol      954/1001   95%   best Q    2.44e+04    10.1 min elapsed, ~0 min left
  sobol      961/1001   96%   best Q    2.44e+04    10.1 min elapsed, ~0 min left
  sobol      962/1001   96%   best Q    2.44e+04    10.2 min elapsed, ~0 min left
  sobol      970/1001   97%   best Q    2.44e+04    10.2 min elapsed, ~0 min left
  sobol      974/1001   97%   best Q    2.44e+04    10.3 min elapsed, ~0 min left
  sobol      976/1001   98%   best Q    2.44e+04    10.3 min elapsed, ~0 min left
  sobol      981/1001   98%   best Q    2.44e+04    10.3 min elapsed, ~0 min left
  sobol      985/1001   98%   best Q    2.44e+04    10.4 min elapsed, ~0 min left
  sobol      990/1001   99%   best Q    2.44e+04    10.4 min elapsed, ~0 min left
  sobol      995/1001   99%   best Q    2.44e+04    10.5 min elapsed, ~0 min left
  sobol      999/1001  100%   best Q    2.44e+04    10.6 min elapsed, ~0 min left
  sobol     1001/1001  100%   best Q       451.7    10.6 min elapsed, ~0 min left
  sobol    complete: 1001 evaluations, best Q 451.7, 10.6 min
  restart   1/5    eval     1   this Q       451.7   best Q       451.7    10.8 min
  restart   1/5    eval     2   this Q       451.7   best Q       451.7    11.0 min
  restart   1/5    eval     3   this Q   1.615e+04   best Q       451.7    11.2 min
  restart   1/5    eval     4   this Q        8367   best Q       451.7    11.4 min
  restart   1/5    eval     5   this Q   1.042e+04   best Q       451.7    11.6 min
  restart   1/5    eval     6   this Q       1e+06   best Q       451.7    11.8 min
  restart   1/5    eval     7   this Q       1e+06   best Q       451.7    12.0 min
  restart   1/5    eval     8   this Q       1e+06   best Q       451.7    12.2 min
  restart   1/5    eval     9   this Q        5735   best Q       451.7    12.4 min
  restart   1/5    eval    10   this Q        2804   best Q       451.7    12.6 min
  restart   1/5    eval    11   this Q       1e+06   best Q       451.7    12.8 min
  restart   1/5    eval    12   this Q       506.7   best Q       451.7    13.0 min
  restart   1/5    eval    13   this Q       1e+06   best Q       451.7    13.2 min
  restart   1/5    eval    14   this Q       529.7   best Q       451.7    13.4 min
  restart   1/5    eval    15   this Q       1e+06   best Q       451.7    13.7 min
  restart   1/5    eval    16   this Q        3007   best Q       451.7    13.9 min
  restart   1/5    eval    17   this Q         605   best Q       451.7    14.1 min
  restart   1/5    eval    18   this Q       549.5   best Q       451.7    14.3 min
  restart   1/5    eval    19   this Q        7509   best Q       451.7    14.5 min
  restart   1/5    eval    20   this Q   1.591e+04   best Q       451.7    14.7 min
  restart   1/5    eval    21   this Q   2.051e+04   best Q       451.7    14.9 min
  restart   1/5    eval    22   this Q   3.591e+04   best Q       451.7    15.2 min
  restart   1/5    eval    23   this Q   4.825e+04   best Q       451.7    15.4 min
  restart   1/5    eval    24   this Q       1e+06   best Q       451.7    15.6 min
  restart   1/5    eval    25   this Q   1.485e+05   best Q       451.7    15.8 min
  restart   1/5    eval    26   this Q       1e+06   best Q       451.7    16.0 min
  restart   1/5    eval    27   this Q   4.826e+04   best Q       451.7    16.2 min
  restart   1/5    eval    28   this Q   1.481e+04   best Q       451.7    16.4 min
  restart   1/5    eval    29   this Q       1e+06   best Q       451.7    16.6 min
  restart   1/5    eval    30   this Q   1.684e+04   best Q       451.7    16.8 min
  restart   1/5    eval    31   this Q       1e+06   best Q       451.7    17.0 min
  restart   1/5    eval    32   this Q   1.276e+04   best Q       451.7    17.3 min
  restart   1/5    eval    33   this Q   4.193e+04   best Q       451.7    17.5 min
  restart   1/5    eval    34   this Q        8772   best Q       451.7    17.7 min
  restart   1/5    eval    35   this Q   1.068e+04   best Q       451.7    17.9 min
  restart   1/5    eval    36   this Q        7995   best Q       451.7    18.1 min
  restart   1/5    eval    37   this Q       1e+06   best Q       451.7    18.3 min
  restart   1/5    eval    38   this Q        4074   best Q       451.7    18.5 min
  restart   1/5    eval    39   this Q   3.006e+04   best Q       451.7    18.8 min
  restart   1/5    eval    40   this Q        2663   best Q       451.7    19.0 min
  restart   1/5    eval    41   this Q       1e+06   best Q       451.7    19.2 min
  restart   1/5    eval    42   this Q        5184   best Q       451.7    19.4 min
  restart   1/5    eval    43   this Q   2.048e+04   best Q       451.7    19.6 min
  restart   1/5    eval    44   this Q        2000   best Q       451.7    19.8 min
  restart   1/5    eval    45   this Q        8262   best Q       451.7    20.0 min
  restart   1/5    eval    46   this Q   1.087e+04   best Q       451.7    20.2 min
  restart   1/5    eval    47   this Q        3581   best Q       451.7    20.4 min
  restart   1/5    eval    48   this Q        9592   best Q       451.7    20.7 min
  restart   1/5    eval    49   this Q        3461   best Q       451.7    20.9 min
  restart   1/5    eval    50   this Q        9539   best Q       451.7    21.1 min
  restart   1/5    eval    51   this Q        2377   best Q       451.7    21.3 min
  restart   1/5    eval    52   this Q   1.802e+04   best Q       451.7    21.5 min
  restart   1/5    eval    53   this Q        3633   best Q       451.7    21.7 min
  restart   1/5    eval    54   this Q        7241   best Q       451.7    21.9 min
  restart   1/5    eval    55   this Q        2438   best Q       451.7    22.2 min
  restart   1/5    eval    56   this Q        1837   best Q       451.7    22.4 min
  restart   1/5    eval    57   this Q        5221   best Q       451.7    22.6 min
  restart   1/5    eval    58   this Q        2043   best Q       451.7    22.8 min
  restart   1/5    eval    59   this Q       1e+06   best Q       451.7    23.0 min
  restart   1/5    eval    60   this Q        1801   best Q       451.7    23.3 min
  restart   1/5    eval    61   this Q        5181   best Q       451.7    23.5 min
  restart   1/5    eval    62   this Q        1589   best Q       451.7    23.7 min
  restart   1/5    eval    63   this Q        4737   best Q       451.7    23.9 min
  restart   1/5    eval    64   this Q        1420   best Q       451.7    24.1 min
  restart   1/5    eval    65   this Q        3219   best Q       451.7    24.3 min
  restart   1/5    eval    66   this Q        1188   best Q       451.7    24.8 min
  restart   1/5    eval    67   this Q        1420   best Q       451.7    25.0 min
  restart   1/5    eval    68   this Q        1257   best Q       451.7    25.2 min
  restart   1/5    eval    69   this Q        3126   best Q       451.7    25.4 min
  restart   1/5    eval    70   this Q        1026   best Q       451.7    25.6 min
  restart   1/5    eval    71   this Q        2206   best Q       451.7    25.8 min
  restart   1/5    eval    72   this Q        2395   best Q       451.7    26.1 min
  restart   1/5    eval    73   this Q        1014   best Q       451.7    26.3 min
  restart   1/5    eval    74   this Q        2323   best Q       451.7    26.5 min
  restart   1/5    eval    75   this Q        1262   best Q       451.7    26.7 min
  restart   1/5    eval    76   this Q        1458   best Q       451.7    27.0 min
  restart   1/5    eval    77   this Q        2189   best Q       451.7    27.2 min
  restart   1/5    eval    78   this Q       824.7   best Q       451.7    27.4 min
  restart   1/5    eval    79   this Q        2550   best Q       451.7    27.6 min
  restart   1/5    eval    80   this Q        1068   best Q       451.7    27.9 min
  restart   1/5    eval    81   this Q        3028   best Q       451.7    28.8 min
  restart   1/5    eval    82   this Q        1094   best Q       451.7    29.3 min
  restart   1/5    eval    83   this Q        1539   best Q       451.7    29.5 min
  restart   1/5    eval    84   this Q       807.1   best Q       451.7    29.8 min
  restart   1/5    eval    85   this Q        1663   best Q       451.7    30.0 min
  restart   1/5    eval    86   this Q       808.5   best Q       451.7    30.2 min
  restart   1/5    eval    87   this Q        1521   best Q       451.7    30.4 min
  restart   1/5    eval    88   this Q       851.1   best Q       451.7    30.7 min
  restart   1/5    eval    89   this Q        2504   best Q       451.7    30.9 min
  restart   1/5    eval    90   this Q       917.4   best Q       451.7    31.1 min
  restart   1/5    eval    91   this Q        1440   best Q       451.7    31.3 min
  restart   1/5    eval    92   this Q       796.3   best Q       451.7    31.5 min
  restart   1/5    eval    93   this Q        1743   best Q       451.7    31.7 min
  restart   1/5    eval    94   this Q       842.4   best Q       451.7    31.9 min
  restart   1/5    eval    95   this Q        1553   best Q       451.7    32.1 min
  restart   1/5    eval    96   this Q       657.8   best Q       451.7    32.3 min
  restart   1/5    eval    97   this Q        1757   best Q       451.7    32.5 min
  restart   1/5    eval    98   this Q       837.5   best Q       451.7    32.8 min
  restart   1/5    eval    99   this Q       957.3   best Q       451.7    33.0 min
  restart   1/5    eval   100   this Q       762.9   best Q       451.7    33.2 min
  restart   1/5    eval   101   this Q       847.8   best Q       451.7    33.4 min
  restart   1/5    eval   102   this Q        1155   best Q       451.7    33.6 min
  restart   1/5    eval   103   this Q       573.4   best Q       451.7    33.8 min
  restart   1/5    eval   104   this Q       968.5   best Q       451.7    34.0 min
  restart   1/5    eval   105   this Q       650.3   best Q       451.7    34.2 min
  restart   1/5    eval   106   this Q       813.9   best Q       451.7    34.4 min
  restart   1/5    eval   107   this Q        1014   best Q       451.7    34.6 min
  restart   1/5    eval   108   this Q       570.6   best Q       451.7    34.9 min
  restart   1/5    eval   109   this Q        1002   best Q       451.7    35.1 min
  restart   1/5    eval   110   this Q       642.4   best Q       451.7    35.3 min
  restart   1/5    eval   111   this Q        1210   best Q       451.7    35.5 min
  restart   1/5    eval   112   this Q       612.7   best Q       451.7    35.7 min
  restart   1/5    eval   113   this Q       666.8   best Q       451.7    36.0 min
  restart   1/5    eval   114   this Q       826.9   best Q       451.7    36.2 min
  restart   1/5    eval   115   this Q       561.3   best Q       451.7    36.5 min
  restart   1/5    eval   116   this Q         684   best Q       451.7    36.7 min
  restart   1/5    eval   117   this Q       754.9   best Q       451.7    36.9 min
  restart   1/5    eval   118   this Q        1135   best Q       451.7    37.1 min
  restart   1/5    eval   119   this Q       601.1   best Q       451.7    37.3 min
  restart   1/5    eval   120   this Q       666.9   best Q       451.7    37.5 min
  restart   1/5    eval   121   this Q       864.6   best Q       451.7    37.7 min
  restart   1/5    eval   122   this Q       533.8   best Q       451.7    38.0 min
  restart   1/5    eval   123   this Q       769.6   best Q       451.7    38.2 min
  restart   1/5    eval   124   this Q       518.1   best Q       451.7    38.4 min
  restart   1/5    eval   125   this Q       723.5   best Q       451.7    38.6 min
  restart   1/5    eval   126   this Q       525.4   best Q       451.7    38.8 min
  restart   1/5    eval   127   this Q       711.2   best Q       451.7    39.0 min
  restart   1/5    eval   128   this Q         520   best Q       451.7    39.2 min
  restart   1/5    eval   129   this Q         659   best Q       451.7    39.4 min
  restart   1/5    eval   130   this Q       532.3   best Q       451.7    39.6 min
  restart   1/5    eval   131   this Q       911.8   best Q       451.7    39.8 min
  restart   1/5    eval   132   this Q       564.6   best Q       451.7    40.0 min
  restart   1/5    eval   133   this Q       813.6   best Q       451.7    40.2 min
  restart   1/5    eval   134   this Q       530.7   best Q       451.7    40.5 min
  restart   1/5    eval   135   this Q       839.8   best Q       451.7    40.7 min
  restart   1/5    eval   136   this Q         523   best Q       451.7    40.9 min
  restart   1/5    eval   137   this Q       585.1   best Q       451.7    41.1 min
  restart   1/5    eval   138   this Q       746.4   best Q       451.7    41.3 min
  restart   1/5    eval   139   this Q         518   best Q       451.7    41.5 min
  restart   1/5    eval   140   this Q       611.7   best Q       451.7    41.7 min
  restart   1/5    eval   141   this Q       512.7   best Q       451.7    41.9 min
  restart   1/5    eval   142   this Q       569.2   best Q       451.7    42.1 min
  restart   1/5    eval   143   this Q       545.6   best Q       451.7    42.3 min
  restart   1/5    eval   144   this Q       576.4   best Q       451.7    42.5 min
  restart   1/5    eval   145   this Q       497.6   best Q       451.7    42.7 min
  restart   1/5    eval   146   this Q       565.3   best Q       451.7    42.9 min
  restart   1/5    eval   147   this Q       486.6   best Q       451.7    43.1 min
  restart   1/5    eval   148   this Q       557.5   best Q       451.7    43.3 min
  restart   1/5    eval   149   this Q       491.4   best Q       451.7    43.5 min
  restart   1/5    eval   150   this Q       674.8   best Q       451.7    43.8 min
  restart   1/5    eval   151   this Q       481.7   best Q       451.7    44.0 min
  restart   1/5    eval   152   this Q       556.9   best Q       451.7    44.2 min
  restart   1/5    eval   153   this Q       486.8   best Q       451.7    44.4 min
  restart   1/5    eval   154   this Q       538.4   best Q       451.7    44.6 min
  restart   1/5    eval   155   this Q       487.4   best Q       451.7    44.8 min
  restart   1/5    eval   156   this Q       543.2   best Q       451.7    45.0 min
  restart   1/5    eval   157   this Q       482.8   best Q       451.7    45.2 min
  restart   1/5    eval   158   this Q       535.9   best Q       451.7    45.4 min
  restart   1/5    eval   159   this Q       484.8   best Q       451.7    45.6 min
  restart   1/5    eval   160   this Q       507.8   best Q       451.7    45.8 min
  restart   1/5    eval   161   this Q       611.7   best Q       451.7    46.0 min
  restart   1/5    eval   162   this Q       478.8   best Q       451.7    46.2 min
  restart   1/5    eval   163   this Q       572.3   best Q       451.7    46.4 min
  restart   1/5    eval   164   this Q       479.8   best Q       451.7    46.6 min
  restart   1/5    eval   165   this Q       488.2   best Q       451.7    46.8 min
  restart   1/5    eval   166   this Q         520   best Q       451.7    47.1 min
  restart   1/5    eval   167   this Q       481.5   best Q       451.7    47.3 min
  restart   1/5    eval   168   this Q       452.4   best Q       451.7    47.5 min
  restart   1/5    eval   169   this Q       478.9   best Q       451.7    47.7 min
  restart   1/5    eval   170   this Q         503   best Q       451.7    47.9 min
  restart   1/5    eval   171   this Q       545.5   best Q       451.7    48.1 min
  restart   1/5    eval   172   this Q       456.2   best Q       451.7    48.3 min
  restart   1/5    eval   173   this Q       517.4   best Q       451.7    48.5 min
  restart   1/5    eval   174   this Q       484.1   best Q       451.7    48.7 min
  restart   1/5    eval   175   this Q       480.2   best Q       451.7    48.9 min
  restart   1/5    eval   176   this Q       476.1   best Q       451.7    49.1 min
  restart   1/5    eval   177   this Q       509.8   best Q       451.7    49.3 min
  restart   1/5    eval   178   this Q       470.1   best Q       451.7    49.5 min
  restart   1/5    eval   179   this Q       477.2   best Q       451.7    49.7 min
  restart   1/5    eval   180   this Q       475.8   best Q       451.7    50.0 min
  restart   1/5    eval   181   this Q       474.9   best Q       451.7    50.3 min
  restart   1/5    eval   182   this Q       488.3   best Q       451.7    50.5 min
  restart   1/5    eval   183   this Q       471.3   best Q       451.7    50.7 min
  restart   1/5    eval   184   this Q       465.1   best Q       451.7    50.9 min
  restart   1/5    eval   185   this Q       464.5   best Q       451.7    51.1 min
  restart   1/5    eval   186   this Q       461.4   best Q       451.7    51.3 min
  restart   1/5    eval   187   this Q       515.3   best Q       451.7    51.5 min
  restart   1/5    eval   188   this Q       466.3   best Q       451.7    51.7 min
  restart   1/5    eval   189   this Q       468.4   best Q       451.7    51.9 min
  restart   1/5    eval   190   this Q       593.7   best Q       451.7    52.2 min
  restart   1/5    eval   191   this Q       474.9   best Q       451.7    52.4 min
  restart   1/5    eval   192   this Q       514.7   best Q       451.7    52.6 min
  restart   1/5    eval   193   this Q         459   best Q       451.7    52.8 min
  restart   1/5    eval   194   this Q       444.7   best Q       444.7    53.0 min
  restart   1/5    eval   195   this Q       501.2   best Q       444.7    53.2 min
  restart   1/5    eval   196   this Q       465.3   best Q       444.7    53.4 min
  restart   1/5    eval   197   this Q       462.1   best Q       444.7    53.7 min
  restart   1/5    eval   198   this Q       459.3   best Q       444.7    53.9 min
  restart   1/5    eval   199   this Q       493.7   best Q       444.7    54.1 min
  restart   1/5    eval   200   this Q       451.3   best Q       444.7    54.3 min
  restart   1/5    eval   201   this Q       479.9   best Q       444.7    54.5 min
  restart   1/5    eval   202   this Q       457.2   best Q       444.7    54.7 min
  restart   1/5    eval   203   this Q       453.4   best Q       444.7    54.9 min
  restart   1/5    eval   204   this Q       458.3   best Q       444.7    55.1 min
  restart   1/5    eval   205   this Q       461.4   best Q       444.7    55.3 min
  restart   1/5    eval   206   this Q       455.4   best Q       444.7    55.6 min
  restart   1/5    eval   207   this Q       466.4   best Q       444.7    55.8 min
  restart   1/5    eval   208   this Q       457.8   best Q       444.7    56.0 min
  restart   1/5    eval   209   this Q       740.9   best Q       444.7    56.2 min
  restart   1/5    eval   210   this Q       446.7   best Q       444.7    56.4 min
  restart   1/5    eval   211   this Q         458   best Q       444.7    56.6 min
  restart   1/5    eval   212   this Q       463.7   best Q       444.7    56.8 min
  restart   1/5    eval   213   this Q       453.3   best Q       444.7    57.0 min
  restart   1/5    eval   214   this Q       492.4   best Q       444.7    57.3 min
  restart   1/5    eval   215   this Q       450.9   best Q       444.7    57.5 min
  restart   1/5    eval   216   this Q       467.4   best Q       444.7    57.7 min
  restart   1/5    eval   217   this Q       457.3   best Q       444.7    57.9 min
  restart   1/5    eval   218   this Q       464.9   best Q       444.7    58.1 min
  restart   1/5    eval   219   this Q       451.9   best Q       444.7    58.3 min
  restart   1/5    eval   220   this Q       446.1   best Q       444.7    58.5 min
  restart   1/5    eval   221   this Q       459.1   best Q       444.7    58.7 min
  restart   1/5    eval   222   this Q       446.7   best Q       444.7    58.9 min
  restart   1/5    eval   223   this Q       470.2   best Q       444.7    59.1 min
  restart   1/5    eval   224   this Q       447.7   best Q       444.7    59.3 min
  restart   1/5    eval   225   this Q       457.2   best Q       444.7    59.6 min
  restart   1/5    eval   226   this Q       458.9   best Q       444.7    59.8 min
  restart   1/5    eval   227   this Q       456.3   best Q       444.7    60.0 min
  restart   1/5    eval   228   this Q       454.4   best Q       444.7    60.2 min
  restart   1/5    eval   229   this Q         448   best Q       444.7    60.4 min
  restart   1/5    eval   230   this Q       460.3   best Q       444.7    60.6 min
  restart   1/5    eval   231   this Q       455.9   best Q       444.7    60.8 min
  restart   1/5    eval   232   this Q       454.7   best Q       444.7    61.0 min
  restart   1/5    eval   233   this Q       442.2   best Q       442.2    61.2 min
  restart   1/5    eval   234   this Q         442   best Q         442    61.4 min
  restart   1/5    eval   235   this Q       452.8   best Q         442    61.6 min
  restart   1/5    eval   236   this Q       456.3   best Q         442    61.8 min
  restart   1/5    eval   237   this Q       439.8   best Q       439.8    62.1 min
  restart   1/5    eval   238   this Q       459.7   best Q       439.8    62.3 min
  restart   1/5    eval   239   this Q       445.4   best Q       439.8    62.5 min
  restart   1/5    eval   240   this Q       452.4   best Q       439.8    62.7 min
  restart   1/5    eval   241   this Q       460.9   best Q       439.8    62.9 min
  restart   1/5    eval   242   this Q       451.7   best Q       439.8    63.1 min
  restart   1/5    eval   243   this Q       446.2   best Q       439.8    63.3 min
  restart   1/5    eval   244   this Q       440.5   best Q       439.8    63.5 min
  restart   1/5    eval   245   this Q         503   best Q       439.8    63.7 min
  restart   1/5    eval   246   this Q       449.9   best Q       439.8    63.9 min
  restart   1/5    eval   247   this Q       447.4   best Q       439.8    64.1 min
  restart   1/5    eval   248   this Q       443.4   best Q       439.8    64.4 min
  restart   1/5    eval   249   this Q         451   best Q       439.8    64.6 min
  restart   1/5    eval   250   this Q       446.7   best Q       439.8    64.8 min
  restart   1/5    eval   251   this Q       464.3   best Q       439.8    65.0 min
  restart   1/5    eval   252   this Q       441.7   best Q       439.8    65.2 min
  restart   1/5    eval   253   this Q       479.3   best Q       439.8    65.4 min
  restart   1/5    eval   254   this Q       446.4   best Q       439.8    65.6 min
  restart   1/5    eval   255   this Q         482   best Q       439.8    65.8 min
  restart   1/5    eval   256   this Q       451.4   best Q       439.8    66.0 min
  restart   1/5    eval   257   this Q       440.8   best Q       439.8    66.2 min
  restart   1/5    eval   258   this Q       443.7   best Q       439.8    66.4 min
  restart   1/5    eval   259   this Q       443.7   best Q       439.8    66.6 min
  restart   1/5    eval   260   this Q       442.1   best Q       439.8    66.8 min
  restart   1/5    eval   261   this Q       441.4   best Q       439.8    67.1 min
  restart   1/5    eval   262   this Q       442.9   best Q       439.8    67.3 min
  restart   1/5    eval   263   this Q       441.6   best Q       439.8    67.5 min
  restart   1/5    eval   264   this Q       441.4   best Q       439.8    67.7 min
  restart   1/5    eval   265   this Q       443.7   best Q       439.8    67.9 min
  restart   1/5    eval   266   this Q         440   best Q       439.8    68.1 min
  restart   1/5    eval   267   this Q       441.4   best Q       439.8    68.3 min
  restart   1/5    eval   268   this Q       443.3   best Q       439.8    68.5 min
  restart   1/5    eval   269   this Q       439.7   best Q       439.7    68.7 min
  restart   1/5    eval   270   this Q       449.8   best Q       439.7    68.9 min
  restart   1/5    eval   271   this Q         441   best Q       439.7    69.1 min
  restart   1/5    eval   272   this Q       441.4   best Q       439.7    69.3 min
  restart   1/5    eval   273   this Q       457.5   best Q       439.7    69.5 min
  restart   1/5    eval   274   this Q       439.9   best Q       439.7    69.8 min
  restart   1/5    eval   275   this Q       468.7   best Q       439.7    70.0 min
  restart   1/5    eval   276   this Q       442.4   best Q       439.7    70.2 min
  restart   1/5    eval   277   this Q       464.5   best Q       439.7    70.4 min
  restart   1/5    eval   278   this Q       441.5   best Q       439.7    70.6 min
  restart   1/5    eval   279   this Q       438.8   best Q       438.8    70.8 min
  restart   1/5    eval   280   this Q       452.5   best Q       438.8    71.0 min
  restart   1/5    eval   281   this Q       443.2   best Q       438.8    71.2 min
  restart   1/5    eval   282   this Q       441.3   best Q       438.8    71.4 min
  restart   1/5    eval   283   this Q       438.3   best Q       438.3    71.6 min
  restart   1/5    eval   284   this Q       437.8   best Q       437.8    71.8 min
  restart   1/5    eval   285   this Q       441.3   best Q       437.8    72.0 min
  restart   1/5    eval   286   this Q       440.8   best Q       437.8    72.3 min
  restart   1/5    eval   287   this Q       440.8   best Q       437.8    72.5 min
  restart   1/5    eval   288   this Q       439.7   best Q       437.8    72.7 min
  restart   1/5    eval   289   this Q       438.8   best Q       437.8    72.9 min
  restart   1/5    eval   290   this Q       439.9   best Q       437.8    73.1 min
  restart   1/5    eval   291   this Q       438.3   best Q       437.8    73.3 min
  restart   1/5    eval   292   this Q       436.5   best Q       436.5    73.5 min
  restart   1/5    eval   293   this Q       443.2   best Q       436.5    73.7 min
  restart   1/5    eval   294   this Q       441.5   best Q       436.5    73.9 min
  restart   1/5    eval   295   this Q       439.6   best Q       436.5    74.1 min
  restart   1/5    eval   296   this Q       444.1   best Q       436.5    74.3 min
  restart   1/5    eval   297   this Q       438.8   best Q       436.5    74.5 min
  restart   1/5    eval   298   this Q       448.5   best Q       436.5    74.7 min
  restart   1/5    eval   299   this Q       439.9   best Q       436.5    75.0 min
  restart   1/5    eval   300   this Q       440.8   best Q       436.5    75.2 min
  restart   1/5    eval   301   this Q       438.2   best Q       436.5    75.4 min
  restart   1/5    eval   302   this Q       439.8   best Q       436.5    75.6 min
  restart   1/5    eval   303   this Q       440.6   best Q       436.5    75.8 min
  restart   1/5    eval   304   this Q       439.3   best Q       436.5    76.0 min
  restart   1/5    eval   305   this Q       436.5   best Q       436.5    76.2 min
  restart   1/5    eval   306   this Q       444.2   best Q       436.5    76.4 min
  restart   1/5    eval   307   this Q       449.5   best Q       436.5    76.6 min
  restart   1/5    eval   308   this Q       438.7   best Q       436.5    76.8 min
  restart   1/5    eval   309   this Q       438.2   best Q       436.5    77.0 min
  restart   1/5    eval   310   this Q       439.6   best Q       436.5    77.2 min
  restart   1/5    eval   311   this Q       439.7   best Q       436.5    77.5 min
  restart   1/5    eval   312   this Q       437.6   best Q       436.5    77.7 min
  restart   1/5    eval   313   this Q       437.6   best Q       436.5    77.9 min
  restart   1/5    eval   314   this Q       440.2   best Q       436.5    78.2 min
  restart   1/5    eval   315   this Q       438.7   best Q       436.5    78.4 min
  restart   1/5    eval   316   this Q       439.9   best Q       436.5    78.6 min
  restart   1/5    eval   317   this Q       438.2   best Q       436.5    78.8 min
  restart   1/5    eval   318   this Q       458.7   best Q       436.5    79.0 min
  restart   1/5    eval   319   this Q       438.4   best Q       436.5    79.3 min
  restart   1/5    eval   320   this Q       435.7   best Q       435.7    79.5 min
  restart   1/5    eval   321   this Q       435.1   best Q       435.1    79.7 min
  restart   1/5    eval   322   this Q       436.9   best Q       435.1    79.9 min
  restart   1/5    eval   323   this Q       436.2   best Q       435.1    80.1 min
  restart   1/5    eval   324   this Q       443.7   best Q       435.1    80.4 min
  restart   1/5    eval   325   this Q       438.6   best Q       435.1    80.6 min
  restart   1/5    eval   326   this Q       435.9   best Q       435.1    80.8 min
  restart   1/5    eval   327   this Q       436.9   best Q       435.1    81.0 min
  restart   1/5    eval   328   this Q       434.7   best Q       434.7    81.2 min
  restart   1/5    eval   329   this Q       444.3   best Q       434.7    81.4 min
  restart   1/5    eval   330   this Q       434.8   best Q       434.7    81.7 min
  restart   1/5    eval   331   this Q       435.1   best Q       434.7    81.9 min
  restart   1/5    eval   332   this Q       435.8   best Q       434.7    82.1 min
  restart   1/5    eval   333   this Q       434.4   best Q       434.4    82.3 min
  restart   1/5    eval   334   this Q       436.5   best Q       434.4    82.5 min
  restart   1/5    eval   335   this Q       436.4   best Q       434.4    82.7 min
  restart   1/5    eval   336   this Q       435.8   best Q       434.4    82.9 min
  restart   1/5    eval   337   this Q       444.6   best Q       434.4    83.1 min
  restart   1/5    eval   338   this Q       436.7   best Q       434.4    83.3 min
  restart   1/5    eval   339   this Q       445.5   best Q       434.4    83.5 min
  restart   1/5    eval   340   this Q       436.4   best Q       434.4    83.8 min
  restart   1/5    eval   341   this Q       436.8   best Q       434.4    84.0 min
  restart   1/5    eval   342   this Q       445.8   best Q       434.4    84.2 min
  restart   1/5    eval   343   this Q       435.7   best Q       434.4    84.4 min
  restart   1/5    eval   344   this Q       435.4   best Q       434.4    84.6 min
  restart   1/5    eval   345   this Q         436   best Q       434.4    84.9 min
  restart   1/5    eval   346   this Q       434.6   best Q       434.4    85.1 min
  restart   1/5    eval   347   this Q       434.5   best Q       434.4    85.3 min
  restart   1/5    eval   348   this Q       435.1   best Q       434.4    85.5 min
  restart   1/5    eval   349   this Q       435.4   best Q       434.4    85.7 min
  restart   1/5    eval   350   this Q         434   best Q         434    85.9 min
  restart   1/5    eval   351   this Q       445.5   best Q         434    86.1 min
  restart   1/5    eval   352   this Q       442.5   best Q         434    86.3 min
  restart   1/5    eval   353   this Q       435.3   best Q         434    86.6 min
  restart   1/5    eval   354   this Q       436.1   best Q         434    86.8 min
  restart   1/5    eval   355   this Q       435.3   best Q         434    87.0 min
  restart   1/5    eval   356   this Q       434.9   best Q         434    87.2 min
  restart   1/5    eval   357   this Q       434.8   best Q         434    87.4 min
  restart   1/5    eval   358   this Q       435.1   best Q         434    87.6 min
  restart   1/5    eval   359   this Q       433.7   best Q       433.7    87.8 min
  restart   1/5    eval   360   this Q       444.7   best Q       433.7    88.0 min
  restart   1/5    eval   361   this Q         436   best Q       433.7    88.2 min
  restart   1/5    eval   362   this Q       434.7   best Q       433.7    88.4 min
  restart   1/5    eval   363   this Q       435.6   best Q       433.7    88.6 min
  restart   1/5    eval   364   this Q       434.8   best Q       433.7    88.8 min
  restart   1/5    eval   365   this Q       433.9   best Q       433.7    89.1 min
  restart   1/5    eval   366   this Q       433.5   best Q       433.5    89.3 min
  restart   1/5    eval   367   this Q       436.1   best Q       433.5    89.5 min
  restart   1/5    eval   368   this Q       445.8   best Q       433.5    89.8 min
  restart   1/5    eval   369   this Q       434.8   best Q       433.5    90.0 min
  restart   1/5    eval   370   this Q       449.5   best Q       433.5    90.2 min
  restart   1/5    eval   371   this Q       434.6   best Q       433.5    90.4 min
  restart   1/5    eval   372   this Q       434.8   best Q       433.5    90.6 min
  restart   1/5    eval   373   this Q       439.6   best Q       433.5    90.8 min
  restart   1/5    eval   374   this Q       434.6   best Q       433.5    91.0 min
  restart   1/5    eval   375   this Q       434.3   best Q       433.5    91.2 min
  restart   1/5    eval   376   this Q       434.5   best Q       433.5    91.4 min
  restart   1/5    eval   377   this Q       434.2   best Q       433.5    91.6 min
  restart   1/5    eval   378   this Q       433.4   best Q       433.4    91.9 min
  restart   1/5    eval   379   this Q       432.5   best Q       432.5    92.1 min
  restart   1/5    eval   380   this Q       435.1   best Q       432.5    92.3 min
  restart   1/5    eval   381   this Q       433.9   best Q       432.5    92.5 min
  restart   1/5    eval   382   this Q       433.9   best Q       432.5    92.7 min
  restart   1/5    eval   383   this Q       433.2   best Q       432.5    92.9 min
  restart   1/5    eval   384   this Q       433.2   best Q       432.5    93.1 min
  restart   1/5    eval   385   this Q       433.1   best Q       432.5    93.3 min
  restart   1/5    eval   386   this Q       432.8   best Q       432.5    93.5 min
  restart   1/5    eval   387   this Q       433.5   best Q       432.5    93.7 min
  restart   1/5    eval   388   this Q         433   best Q       432.5    93.9 min
  restart   1/5    eval   389   this Q       432.3   best Q       432.3    94.1 min
  restart   1/5    eval   390   this Q       439.2   best Q       432.3    94.4 min
  restart   1/5    eval   391   this Q         432   best Q         432    94.6 min
  restart   1/5    eval   392   this Q       444.4   best Q         432    94.8 min
  restart   1/5    eval   393   this Q       434.6   best Q         432    95.0 min
  restart   1/5    eval   394   this Q         434   best Q         432    95.2 min
  restart   1/5    eval   395   this Q       432.7   best Q         432    95.4 min
  restart   1/5    eval   396   this Q       433.1   best Q         432    95.6 min
  restart   1/5    eval   397   this Q       433.2   best Q         432    95.8 min
  restart   1/5    eval   398   this Q       432.7   best Q         432    96.0 min
  restart   1/5    eval   399   this Q         432   best Q         432    96.2 min
  restart   1/5    eval   400   this Q       431.9   best Q       431.9    96.4 min
  restart   1/5    eval   401   this Q       434.2   best Q       431.9    96.6 min
  restart   1/5    eval   402   this Q       433.3   best Q       431.9    96.9 min
  restart   1/5    eval   403   this Q       434.4   best Q       431.9    97.1 min
  restart   1/5    eval   404   this Q       432.8   best Q       431.9    97.3 min
  restart   1/5    eval   405   this Q       439.1   best Q       431.9    97.5 min
  restart   1/5    eval   406   this Q       433.1   best Q       431.9    97.7 min
  restart   1/5    eval   407   this Q       431.7   best Q       431.7    97.9 min
  restart   1/5    eval   408   this Q         431   best Q         431    98.2 min
  restart   1/5    eval   409   this Q       432.3   best Q         431    98.5 min
  restart   1/5    eval   410   this Q       431.7   best Q         431    98.7 min
  restart   1/5    eval   411   this Q       431.5   best Q         431    98.9 min
  restart   1/5    eval   412   this Q       431.9   best Q         431    99.1 min
  restart   1/5    eval   413   this Q       431.6   best Q         431    99.3 min
  restart   1/5    eval   414   this Q       444.3   best Q         431    99.5 min
  restart   1/5    eval   415   this Q       432.5   best Q         431    99.7 min
  restart   1/5    eval   416   this Q         432   best Q         431    99.9 min
  restart   1/5    eval   417   this Q       431.8   best Q         431   100.2 min
  restart   1/5    eval   418   this Q       430.6   best Q       430.6   100.4 min
  restart   1/5    eval   419   this Q       429.7   best Q       429.7   100.6 min
  restart   1/5    eval   420   this Q       430.7   best Q       429.7   100.8 min
  restart   1/5    eval   421   this Q       430.5   best Q       429.7   101.0 min
  restart   1/5    eval   422   this Q       442.6   best Q       429.7   101.2 min
  restart   1/5    eval   423   this Q       431.8   best Q       429.7   101.4 min
  restart   1/5    eval   424   this Q       441.5   best Q       429.7   101.6 min
  restart   1/5    eval   425   this Q       431.8   best Q       429.7   101.8 min
  restart   1/5    eval   426   this Q       430.4   best Q       429.7   102.0 min
  restart   1/5    eval   427   this Q       430.7   best Q       429.7   102.2 min
  restart   1/5    eval   428   this Q       429.7   best Q       429.7   102.4 min
  restart   1/5    eval   429   this Q       429.7   best Q       429.7   102.6 min
  restart   1/5    eval   430   this Q       430.9   best Q       429.7   102.9 min
  restart   1/5    eval   431   this Q       430.8   best Q       429.7   103.1 min
  restart   1/5    eval   432   this Q       429.6   best Q       429.6   103.3 min
  restart   1/5    eval   433   this Q       429.6   best Q       429.6   103.5 min
  restart   1/5    eval   434   this Q       430.4   best Q       429.6   103.7 min
  restart   1/5    eval   435   this Q       429.7   best Q       429.6   103.9 min
  restart   1/5    eval   436   this Q       429.6   best Q       429.6   104.1 min
  restart   1/5    eval   437   this Q       429.8   best Q       429.6   104.3 min
  restart   1/5    eval   438   this Q       429.6   best Q       429.6   104.5 min
  restart   1/5    eval   439   this Q       429.8   best Q       429.6   104.7 min
  restart   1/5    eval   440   this Q       429.2   best Q       429.2   104.9 min
  restart   1/5    eval   441   this Q       429.3   best Q       429.2   105.1 min
  restart   1/5    eval   442   this Q       429.1   best Q       429.1   105.4 min
  restart   1/5    eval   443   this Q       428.6   best Q       428.6   105.6 min
  restart   1/5    eval   444   this Q       428.6   best Q       428.6   105.8 min
  restart   1/5    eval   445   this Q       428.7   best Q       428.6   106.0 min
  restart   1/5    eval   446   this Q       428.9   best Q       428.6   106.2 min
  restart   1/5    eval   447   this Q       429.1   best Q       428.6   106.4 min
  restart   1/5    eval   448   this Q       428.8   best Q       428.6   106.6 min
  restart   1/5    eval   449   this Q         429   best Q       428.6   106.8 min
  restart   1/5    eval   450   this Q       428.9   best Q       428.6   107.0 min
  restart   1/5    eval   451   this Q       428.5   best Q       428.5   107.2 min
  restart   1/5    eval   452   this Q       438.2   best Q       428.5   107.4 min
  restart   1/5    eval   453   this Q       428.7   best Q       428.5   107.6 min
  restart   1/5    eval   454   this Q       429.1   best Q       428.5   107.9 min
  restart   1/5    eval   455   this Q       428.7   best Q       428.5   108.1 min
  restart   1/5    eval   456   this Q         428   best Q         428   108.3 min
  restart   1/5    eval   457   this Q       428.4   best Q         428   108.5 min
  restart   1/5    eval   458   this Q       427.5   best Q       427.5   108.7 min
  restart   1/5    eval   459   this Q       426.4   best Q       426.4   108.9 min
  restart   1/5    eval   460   this Q         428   best Q       426.4   109.1 min
  restart   1/5    eval   461   this Q       428.6   best Q       426.4   109.3 min
  restart   1/5    eval   462   this Q       427.1   best Q       426.4   109.5 min
  restart   1/5    eval   463   this Q       428.1   best Q       426.4   109.7 min
  restart   1/5    eval   464   this Q         428   best Q       426.4   109.9 min
  restart   1/5    eval   465   this Q       427.7   best Q       426.4   110.2 min
  restart   1/5    eval   466   this Q         428   best Q       426.4   110.4 min
  restart   1/5    eval   467   this Q       427.3   best Q       426.4   110.6 min
  restart   1/5    eval   468   this Q       427.5   best Q       426.4   110.8 min
  restart   1/5    eval   469   this Q       438.5   best Q       426.4   111.0 min
  restart   1/5    eval   470   this Q       428.2   best Q       426.4   111.2 min
  restart   1/5    eval   471   this Q       427.2   best Q       426.4   111.4 min
  restart   1/5    eval   472   this Q       427.2   best Q       426.4   111.6 min
  restart   1/5    eval   473   this Q       427.9   best Q       426.4   111.8 min
  restart   1/5    eval   474   this Q         427   best Q       426.4   112.0 min
  restart   1/5    eval   475   this Q       426.4   best Q       426.4   112.2 min
  restart   1/5    eval   476   this Q       426.5   best Q       426.4   112.4 min
  restart   1/5    eval   477   this Q       426.3   best Q       426.3   112.6 min
  restart   1/5    eval   478   this Q       426.1   best Q       426.1   112.9 min
  restart   1/5    eval   479   this Q       426.4   best Q       426.1   113.1 min
  restart   1/5    eval   480   this Q       426.7   best Q       426.1   113.3 min
  restart   1/5    eval   481   this Q       426.2   best Q       426.1   113.5 min
  restart   1/5    eval   482   this Q         426   best Q         426   113.7 min
  restart   1/5    eval   483   this Q       439.5   best Q         426   113.9 min
  restart   1/5    eval   484   this Q       426.2   best Q         426   114.1 min
  restart   1/5    eval   485   this Q       427.6   best Q         426   114.3 min
  restart   1/5    eval   486   this Q       441.8   best Q         426   114.5 min
  restart   1/5    eval   487   this Q       426.6   best Q         426   114.7 min
  restart   1/5    eval   488   this Q       427.8   best Q         426   114.9 min
  restart   1/5    eval   489   this Q       426.4   best Q         426   115.1 min
  restart   1/5    eval   490   this Q         426   best Q         426   115.3 min
  restart   1/5    eval   491   this Q       425.9   best Q       425.9   115.6 min
  restart   1/5    eval   492   this Q       425.3   best Q       425.3   115.8 min
  restart   1/5    eval   493   this Q       426.2   best Q       425.3   116.0 min
  restart   1/5    eval   494   this Q         426   best Q       425.3   116.2 min
  restart   1/5    eval   495   this Q       425.1   best Q       425.1   116.4 min
  restart   1/5    eval   496   this Q       424.5   best Q       424.5   116.6 min
  restart   1/5    eval   497   this Q         426   best Q       424.5   116.8 min
  restart   1/5    eval   498   this Q       425.7   best Q       424.5   117.0 min
  restart   1/5    eval   499   this Q       424.8   best Q       424.5   117.2 min
  restart   1/5    eval   500   this Q       436.6   best Q       424.5   117.4 min
  restart   1/5    eval   501   this Q       425.9   best Q       424.5   117.6 min
  restart   1/5   DONE   this       424.5   best Q       424.5   117.6 min, ~471 min left
  restart   2/5    eval     1   this Q        5070   best Q       424.5   117.9 min
  restart   2/5    eval     2   this Q        5070   best Q       424.5   118.1 min
  restart   2/5    eval     3   this Q   1.848e+04   best Q       424.5   118.3 min
  restart   2/5    eval     4   this Q   1.594e+04   best Q       424.5   118.5 min
  restart   2/5    eval     5   this Q    1.22e+04   best Q       424.5   118.7 min
  restart   2/5    eval     6   this Q       1e+06   best Q       424.5   118.9 min
  restart   2/5    eval     7   this Q   1.688e+04   best Q       424.5   119.1 min
  restart   2/5    eval     8   this Q   2.746e+04   best Q       424.5   119.3 min
  restart   2/5    eval     9   this Q        6266   best Q       424.5   119.5 min
  restart   2/5    eval    10   this Q        5760   best Q       424.5   119.7 min
  restart   2/5    eval    11   this Q   2.583e+04   best Q       424.5   119.9 min
  restart   2/5    eval    12   this Q        5285   best Q       424.5   120.1 min
  restart   2/5    eval    13   this Q       1e+06   best Q       424.5   120.3 min
  restart   2/5    eval    14   this Q        5378   best Q       424.5   120.5 min
  restart   2/5    eval    15   this Q        5066   best Q       424.5   120.7 min
  restart   2/5    eval    16   this Q        6206   best Q       424.5   121.0 min
  restart   2/5    eval    17   this Q        5449   best Q       424.5   121.2 min
  restart   2/5    eval    18   this Q        4933   best Q       424.5   121.4 min
  restart   2/5    eval    19   this Q       1e+06   best Q       424.5   121.6 min
  restart   2/5    eval    20   this Q        4251   best Q       424.5   121.8 min
  restart   2/5    eval    21   this Q       1e+06   best Q       424.5   122.0 min
  restart   2/5    eval    22   this Q       1e+06   best Q       424.5   122.3 min
  restart   2/5    eval    23   this Q        4666   best Q       424.5   122.5 min
  restart   2/5    eval    24   this Q        6159   best Q       424.5   122.7 min
  restart   2/5    eval    25   this Q        7668   best Q       424.5   122.9 min
  restart   2/5    eval    26   this Q        4561   best Q       424.5   123.1 min
  restart   2/5    eval    27   this Q   1.206e+05   best Q       424.5   123.3 min
  restart   2/5    eval    28   this Q        7952   best Q       424.5   123.5 min
  restart   2/5    eval    29   this Q   1.077e+04   best Q       424.5   123.7 min
  restart   2/5    eval    30   this Q        4842   best Q       424.5   123.9 min
  restart   2/5    eval    31   this Q        4804   best Q       424.5   124.1 min
  restart   2/5    eval    32   this Q        7873   best Q       424.5   124.3 min
  restart   2/5    eval    33   this Q        4746   best Q       424.5   124.5 min
  restart   2/5    eval    34   this Q        4602   best Q       424.5   124.7 min
  restart   2/5    eval    35   this Q        4670   best Q       424.5   124.9 min
  restart   2/5    eval    36   this Q        4848   best Q       424.5   125.1 min
  restart   2/5    eval    37   this Q        4834   best Q       424.5   125.4 min
  restart   2/5    eval    38   this Q        4643   best Q       424.5   125.6 min
  restart   2/5    eval    39   this Q       1e+06   best Q       424.5   125.8 min
  restart   2/5    eval    40   this Q   2.783e+04   best Q       424.5   126.0 min
  restart   2/5    eval    41   this Q   4.338e+04   best Q       424.5   126.2 min
  restart   2/5    eval    42   this Q        8518   best Q       424.5   126.4 min
  restart   2/5    eval    43   this Q        4586   best Q       424.5   126.7 min
  restart   2/5    eval    44   this Q   1.296e+04   best Q       424.5   126.9 min
  restart   2/5    eval    45   this Q        4763   best Q       424.5   127.1 min
  restart   2/5    eval    46   this Q        4801   best Q       424.5   127.3 min
  restart   2/5    eval    47   this Q        4297   best Q       424.5   127.5 min
  restart   2/5    eval    48   this Q        4125   best Q       424.5   127.7 min
  restart   2/5    eval    49   this Q        9550   best Q       424.5   127.9 min
  restart   2/5    eval    50   this Q        6464   best Q       424.5   128.2 min
  restart   2/5    eval    51   this Q        4049   best Q       424.5   128.4 min
  restart   2/5    eval    52   this Q        3412   best Q       424.5   128.6 min
  restart   2/5    eval    53   this Q        3822   best Q       424.5   128.8 min
  restart   2/5    eval    54   this Q        3636   best Q       424.5   129.0 min
  restart   2/5    eval    55   this Q        3266   best Q       424.5   129.2 min
  restart   2/5    eval    56   this Q        3912   best Q       424.5   129.4 min
  restart   2/5    eval    57   this Q        3743   best Q       424.5   129.7 min
  restart   2/5    eval    58   this Q        4451   best Q       424.5   129.9 min
  restart   2/5    eval    59   this Q        3645   best Q       424.5   130.1 min
  restart   2/5    eval    60   this Q        2875   best Q       424.5   130.3 min
  restart   2/5    eval    61   this Q        3376   best Q       424.5   130.5 min
  restart   2/5    eval    62   this Q        2877   best Q       424.5   130.7 min
  restart   2/5    eval    63   this Q        2988   best Q       424.5   130.9 min
  restart   2/5    eval    64   this Q        3195   best Q       424.5   131.1 min
  restart   2/5    eval    65   this Q        3613   best Q       424.5   131.4 min
  restart   2/5    eval    66   this Q        2650   best Q       424.5   131.6 min
  restart   2/5    eval    67   this Q        3694   best Q       424.5   131.8 min
  restart   2/5    eval    68   this Q        4104   best Q       424.5   132.0 min
  restart   2/5    eval    69   this Q        4026   best Q       424.5   132.2 min
  restart   2/5    eval    70   this Q        2215   best Q       424.5   132.4 min
  restart   2/5    eval    71   this Q        4507   best Q       424.5   132.6 min
  restart   2/5    eval    72   this Q        2368   best Q       424.5   132.8 min
  restart   2/5    eval    73   this Q        6787   best Q       424.5   133.0 min
  restart   2/5    eval    74   this Q        2532   best Q       424.5   133.2 min
  restart   2/5    eval    75   this Q        4978   best Q       424.5   133.4 min
  restart   2/5    eval    76   this Q        2935   best Q       424.5   133.6 min
  restart   2/5    eval    77   this Q        4715   best Q       424.5   133.8 min
  restart   2/5    eval    78   this Q        2882   best Q       424.5   134.1 min
  restart   2/5    eval    79   this Q        3147   best Q       424.5   134.3 min
  restart   2/5    eval    80   this Q        2070   best Q       424.5   134.5 min
  restart   2/5    eval    81   this Q        2687   best Q       424.5   134.7 min
  restart   2/5    eval    82   this Q        3987   best Q       424.5   134.9 min
  restart   2/5    eval    83   this Q        2685   best Q       424.5   135.1 min
  restart   2/5    eval    84   this Q        1589   best Q       424.5   135.3 min
  restart   2/5    eval    85   this Q        1569   best Q       424.5   135.5 min
  restart   2/5    eval    86   this Q        4151   best Q       424.5   135.7 min
  restart   2/5    eval    87   this Q        2566   best Q       424.5   135.9 min
  restart   2/5    eval    88   this Q        1559   best Q       424.5   136.1 min
  restart   2/5    eval    89   this Q        1922   best Q       424.5   136.3 min
  restart   2/5    eval    90   this Q        1914   best Q       424.5   136.5 min
  restart   2/5    eval    91   this Q        3518   best Q       424.5   136.7 min
  restart   2/5    eval    92   this Q        2316   best Q       424.5   137.0 min
  restart   2/5    eval    93   this Q        2335   best Q       424.5   137.2 min
  restart   2/5    eval    94   this Q        2521   best Q       424.5   137.4 min
  restart   2/5    eval    95   this Q        1612   best Q       424.5   137.6 min
  restart   2/5    eval    96   this Q        1607   best Q       424.5   137.8 min
  restart   2/5    eval    97   this Q        1786   best Q       424.5   138.0 min
  restart   2/5    eval    98   this Q        1797   best Q       424.5   138.2 min
  restart   2/5    eval    99   this Q        1754   best Q       424.5   138.4 min
  restart   2/5    eval   100   this Q        1812   best Q       424.5   138.6 min
  restart   2/5    eval   101   this Q        2067   best Q       424.5   138.8 min
  restart   2/5    eval   102   this Q        1945   best Q       424.5   139.0 min
  restart   2/5    eval   103   this Q        2219   best Q       424.5   139.2 min
  restart   2/5    eval   104   this Q        1776   best Q       424.5   139.4 min
  restart   2/5    eval   105   this Q        2117   best Q       424.5   139.6 min
  restart   2/5    eval   106   this Q        2774   best Q       424.5   139.8 min
  restart   2/5    eval   107   this Q        1594   best Q       424.5   140.0 min
  restart   2/5    eval   108   this Q        3286   best Q       424.5   140.2 min
  restart   2/5    eval   109   this Q        1500   best Q       424.5   140.4 min
  restart   2/5    eval   110   this Q        2397   best Q       424.5   140.6 min
  restart   2/5    eval   111   this Q        1553   best Q       424.5   140.8 min
  restart   2/5    eval   112   this Q        2149   best Q       424.5   141.0 min
  restart   2/5    eval   113   this Q        1546   best Q       424.5   141.2 min
  restart   2/5    eval   114   this Q        2302   best Q       424.5   141.4 min
  restart   2/5    eval   115   this Q        1564   best Q       424.5   141.6 min
  restart   2/5    eval   116   this Q        1865   best Q       424.5   141.8 min
  restart   2/5    eval   117   this Q        2060   best Q       424.5   142.0 min
  restart   2/5    eval   118   this Q        1494   best Q       424.5   142.2 min
  restart   2/5    eval   119   this Q        1398   best Q       424.5   142.4 min
  restart   2/5    eval   120   this Q        2362   best Q       424.5   142.6 min
  restart   2/5    eval   121   this Q        1916   best Q       424.5   142.8 min
  restart   2/5    eval   122   this Q        1467   best Q       424.5   143.1 min
  restart   2/5    eval   123   this Q        1916   best Q       424.5   143.3 min
  restart   2/5    eval   124   this Q        1444   best Q       424.5   143.5 min
  restart   2/5    eval   125   this Q        1649   best Q       424.5   143.7 min
  restart   2/5    eval   126   this Q        1800   best Q       424.5   143.9 min
  restart   2/5    eval   127   this Q        1427   best Q       424.5   144.1 min
  restart   2/5    eval   128   this Q        2393   best Q       424.5   144.3 min
  restart   2/5    eval   129   this Q        1357   best Q       424.5   144.5 min
  restart   2/5    eval   130   this Q        1504   best Q       424.5   144.7 min
  restart   2/5    eval   131   this Q        1678   best Q       424.5   144.9 min
  restart   2/5    eval   132   this Q        1397   best Q       424.5   145.1 min
  restart   2/5    eval   133   this Q        1741   best Q       424.5   145.3 min
  restart   2/5    eval   134   this Q        1380   best Q       424.5   145.5 min
  restart   2/5    eval   135   this Q        1599   best Q       424.5   145.7 min
  restart   2/5    eval   136   this Q        1381   best Q       424.5   145.9 min
  restart   2/5    eval   137   this Q        1345   best Q       424.5   146.1 min
  restart   2/5    eval   138   this Q        1773   best Q       424.5   146.3 min
  restart   2/5    eval   139   this Q        1542   best Q       424.5   146.5 min
  restart   2/5    eval   140   this Q        1371   best Q       424.5   146.7 min
  restart   2/5    eval   141   this Q        1331   best Q       424.5   146.9 min
  restart   2/5    eval   142   this Q        2052   best Q       424.5   147.1 min
  restart   2/5    eval   143   this Q        1636   best Q       424.5   147.3 min
  restart   2/5    eval   144   this Q        1339   best Q       424.5   147.5 min
  restart   2/5    eval   145   this Q        1676   best Q       424.5   147.8 min
  restart   2/5    eval   146   this Q        1325   best Q       424.5   148.0 min
  restart   2/5    eval   147   this Q        1566   best Q       424.5   148.2 min
  restart   2/5    eval   148   this Q        1356   best Q       424.5   148.4 min
  restart   2/5    eval   149   this Q        1953   best Q       424.5   148.6 min
  restart   2/5    eval   150   this Q        1304   best Q       424.5   148.8 min
  restart   2/5    eval   151   this Q        1277   best Q       424.5   149.0 min
  restart   2/5    eval   152   this Q        1546   best Q       424.5   149.2 min
  restart   2/5    eval   153   this Q        1250   best Q       424.5   149.4 min
  restart   2/5    eval   154   this Q        1492   best Q       424.5   149.6 min
  restart   2/5    eval   155   this Q        1252   best Q       424.5   149.8 min
  restart   2/5    eval   156   this Q        1250   best Q       424.5   150.0 min
  restart   2/5    eval   157   this Q        1147   best Q       424.5   150.2 min
  restart   2/5    eval   158   this Q        1213   best Q       424.5   150.4 min
  restart   2/5    eval   159   this Q        1657   best Q       424.5   150.6 min
  restart   2/5    eval   160   this Q        1221   best Q       424.5   150.8 min
  restart   2/5    eval   161   this Q        1301   best Q       424.5   151.0 min
  restart   2/5    eval   162   this Q        1190   best Q       424.5   151.2 min
  restart   2/5    eval   163   this Q        1328   best Q       424.5   151.4 min
  restart   2/5    eval   164   this Q        1478   best Q       424.5   151.6 min
  restart   2/5    eval   165   this Q        1225   best Q       424.5   151.8 min
  restart   2/5    eval   166   this Q        1135   best Q       424.5   152.0 min
  restart   2/5    eval   167   this Q        1193   best Q       424.5   152.2 min
  restart   2/5    eval   168   this Q        1250   best Q       424.5   152.4 min
  restart   2/5    eval   169   this Q        1180   best Q       424.5   152.6 min
  restart   2/5    eval   170   this Q        1134   best Q       424.5   152.8 min
  restart   2/5    eval   171   this Q        1372   best Q       424.5   153.0 min
  restart   2/5    eval   172   this Q        1317   best Q       424.5   153.2 min
  restart   2/5    eval   173   this Q        1269   best Q       424.5   153.5 min
  restart   2/5    eval   174   this Q        1065   best Q       424.5   153.7 min
  restart   2/5    eval   175   this Q        1128   best Q       424.5   153.9 min
  restart   2/5    eval   176   this Q        1351   best Q       424.5   154.1 min
  restart   2/5    eval   177   this Q        1173   best Q       424.5   154.3 min
  restart   2/5    eval   178   this Q        1093   best Q       424.5   154.5 min
  restart   2/5    eval   179   this Q        1239   best Q       424.5   154.7 min
  restart   2/5    eval   180   this Q        1146   best Q       424.5   154.9 min
  restart   2/5    eval   181   this Q        1159   best Q       424.5   155.1 min
  restart   2/5    eval   182   this Q        1177   best Q       424.5   155.3 min
  restart   2/5    eval   183   this Q        1298   best Q       424.5   155.5 min
  restart   2/5    eval   184   this Q        1127   best Q       424.5   155.7 min
  restart   2/5    eval   185   this Q        1242   best Q       424.5   155.9 min
  restart   2/5    eval   186   this Q        1352   best Q       424.5   156.1 min
  restart   2/5    eval   187   this Q        1117   best Q       424.5   156.3 min
  restart   2/5    eval   188   this Q        1241   best Q       424.5   156.5 min
  restart   2/5    eval   189   this Q        1133   best Q       424.5   156.7 min
  restart   2/5    eval   190   this Q        1176   best Q       424.5   156.9 min
  restart   2/5    eval   191   this Q        1042   best Q       424.5   157.1 min
  restart   2/5    eval   192   this Q        1123   best Q       424.5   157.3 min
  restart   2/5    eval   193   this Q        1024   best Q       424.5   157.5 min
  restart   2/5    eval   194   this Q        1134   best Q       424.5   157.7 min
  restart   2/5    eval   195   this Q        1080   best Q       424.5   157.9 min
  restart   2/5    eval   196   this Q        1121   best Q       424.5   158.1 min
  restart   2/5    eval   197   this Q        1269   best Q       424.5   158.3 min
  restart   2/5    eval   198   this Q        1082   best Q       424.5   158.5 min
  restart   2/5    eval   199   this Q        1114   best Q       424.5   158.7 min
  restart   2/5    eval   200   this Q        1172   best Q       424.5   158.9 min
  restart   2/5    eval   201   this Q        1077   best Q       424.5   159.2 min
  restart   2/5    eval   202   this Q        1179   best Q       424.5   159.4 min
  restart   2/5    eval   203   this Q        1072   best Q       424.5   159.6 min
  restart   2/5    eval   204   this Q        1040   best Q       424.5   159.8 min
  restart   2/5    eval   205   this Q        1162   best Q       424.5   160.0 min
  restart   2/5    eval   206   this Q        1070   best Q       424.5   160.2 min
  restart   2/5    eval   207   this Q        1072   best Q       424.5   160.4 min
  restart   2/5    eval   208   this Q        1048   best Q       424.5   160.6 min
  restart   2/5    eval   209   this Q        1032   best Q       424.5   160.8 min
  restart   2/5    eval   210   this Q        1064   best Q       424.5   161.0 min
  restart   2/5    eval   211   this Q        1100   best Q       424.5   161.2 min
  restart   2/5    eval   212   this Q       993.9   best Q       424.5   161.4 min
  restart   2/5    eval   213   this Q        1043   best Q       424.5   161.6 min
  restart   2/5    eval   214   this Q        1089   best Q       424.5   161.8 min
  restart   2/5    eval   215   this Q        1108   best Q       424.5   162.0 min
  restart   2/5    eval   216   this Q        1037   best Q       424.5   162.2 min
  restart   2/5    eval   217   this Q        1073   best Q       424.5   162.4 min
  restart   2/5    eval   218   this Q        1124   best Q       424.5   162.6 min
  restart   2/5    eval   219   this Q        1028   best Q       424.5   162.8 min
  restart   2/5    eval   220   this Q        1077   best Q       424.5   163.0 min
  restart   2/5    eval   221   this Q        1036   best Q       424.5   163.2 min
  restart   2/5    eval   222   this Q        1033   best Q       424.5   163.4 min
  restart   2/5    eval   223   this Q        1060   best Q       424.5   163.6 min
  restart   2/5    eval   224   this Q        1084   best Q       424.5   163.8 min
  restart   2/5    eval   225   this Q        1023   best Q       424.5   164.0 min
  restart   2/5    eval   226   this Q        1063   best Q       424.5   164.2 min
  restart   2/5    eval   227   this Q        1003   best Q       424.5   164.4 min
  restart   2/5    eval   228   this Q        1054   best Q       424.5   164.6 min
  restart   2/5    eval   229   this Q       984.7   best Q       424.5   164.8 min
  restart   2/5    eval   230   this Q        1030   best Q       424.5   165.0 min
  restart   2/5    eval   231   this Q        1062   best Q       424.5   165.3 min
  restart   2/5    eval   232   this Q        1051   best Q       424.5   165.5 min
  restart   2/5    eval   233   this Q        1072   best Q       424.5   165.7 min
  restart   2/5    eval   234   this Q        1013   best Q       424.5   165.9 min
  restart   2/5    eval   235   this Q        1104   best Q       424.5   166.1 min
  restart   2/5    eval   236   this Q        1007   best Q       424.5   166.3 min
  restart   2/5    eval   237   this Q        1034   best Q       424.5   166.5 min
  restart   2/5    eval   238   this Q        1062   best Q       424.5   166.7 min
  restart   2/5    eval   239   this Q        1008   best Q       424.5   166.9 min
  restart   2/5    eval   240   this Q        1033   best Q       424.5   167.1 min
  restart   2/5    eval   241   this Q       958.9   best Q       424.5   167.3 min
  restart   2/5    eval   242   this Q       944.6   best Q       424.5   167.5 min
  restart   2/5    eval   243   this Q       982.2   best Q       424.5   167.7 min
  restart   2/5    eval   244   this Q       968.1   best Q       424.5   167.9 min
  restart   2/5    eval   245   this Q        1032   best Q       424.5   168.1 min
  restart   2/5    eval   246   this Q        1034   best Q       424.5   168.3 min
  restart   2/5    eval   247   this Q       994.8   best Q       424.5   168.5 min
  restart   2/5    eval   248   this Q        1020   best Q       424.5   168.7 min
  restart   2/5    eval   249   this Q        1005   best Q       424.5   168.9 min
  restart   2/5    eval   250   this Q        1047   best Q       424.5   169.1 min
  restart   2/5    eval   251   this Q       988.7   best Q       424.5   169.3 min
  restart   2/5    eval   252   this Q        1019   best Q       424.5   169.5 min
  restart   2/5    eval   253   this Q       972.4   best Q       424.5   169.7 min
  restart   2/5    eval   254   this Q       998.9   best Q       424.5   169.9 min
  restart   2/5    eval   255   this Q       948.4   best Q       424.5   170.1 min
  restart   2/5    eval   256   this Q        1054   best Q       424.5   170.3 min
  restart   2/5    eval   257   this Q       979.8   best Q       424.5   170.5 min
  restart   2/5    eval   258   this Q       988.8   best Q       424.5   170.7 min
  restart   2/5    eval   259   this Q       969.3   best Q       424.5   170.9 min
  restart   2/5    eval   260   this Q       966.6   best Q       424.5   171.1 min
  restart   2/5    eval   261   this Q       940.7   best Q       424.5   171.3 min
  restart   2/5    eval   262   this Q       967.3   best Q       424.5   171.5 min
  restart   2/5    eval   263   this Q       945.1   best Q       424.5   171.8 min
  restart   2/5    eval   264   this Q       963.1   best Q       424.5   172.0 min
  restart   2/5    eval   265   this Q       979.7   best Q       424.5   172.2 min
  restart   2/5    eval   266   this Q       935.2   best Q       424.5   172.4 min
  restart   2/5    eval   267   this Q       974.1   best Q       424.5   172.6 min
  restart   2/5    eval   268   this Q       962.9   best Q       424.5   172.8 min
  restart   2/5    eval   269   this Q       978.4   best Q       424.5   173.0 min
  restart   2/5    eval   270   this Q       917.7   best Q       424.5   173.2 min
  restart   2/5    eval   271   this Q       919.4   best Q       424.5   173.4 min
  restart   2/5    eval   272   this Q         927   best Q       424.5   173.6 min
  restart   2/5    eval   273   this Q       932.3   best Q       424.5   173.8 min
  restart   2/5    eval   274   this Q       957.6   best Q       424.5   174.0 min
  restart   2/5    eval   275   this Q       963.2   best Q       424.5   174.2 min
  restart   2/5    eval   276   this Q         934   best Q       424.5   174.4 min
  restart   2/5    eval   277   this Q       971.1   best Q       424.5   174.6 min
  restart   2/5    eval   278   this Q       936.8   best Q       424.5   174.8 min
  restart   2/5    eval   279   this Q       918.5   best Q       424.5   175.0 min
  restart   2/5    eval   280   this Q       913.4   best Q       424.5   175.2 min
  restart   2/5    eval   281   this Q       936.9   best Q       424.5   175.4 min
  restart   2/5    eval   282   this Q       948.4   best Q       424.5   175.6 min
  restart   2/5    eval   283   this Q       994.7   best Q       424.5   175.8 min
  restart   2/5    eval   284   this Q       926.6   best Q       424.5   176.0 min
  restart   2/5    eval   285   this Q       905.9   best Q       424.5   176.2 min
  restart   2/5    eval   286   this Q       926.5   best Q       424.5   176.4 min
  restart   2/5    eval   287   this Q       911.1   best Q       424.5   176.6 min
  restart   2/5    eval   288   this Q       946.3   best Q       424.5   176.8 min
  restart   2/5    eval   289   this Q       973.6   best Q       424.5   177.0 min
  restart   2/5    eval   290   this Q       917.6   best Q       424.5   177.2 min
  restart   2/5    eval   291   this Q       915.5   best Q       424.5   177.5 min
  restart   2/5    eval   292   this Q       945.5   best Q       424.5   177.7 min
  restart   2/5    eval   293   this Q       919.3   best Q       424.5   177.9 min
  restart   2/5    eval   294   this Q       939.5   best Q       424.5   178.1 min
  restart   2/5    eval   295   this Q       917.4   best Q       424.5   178.3 min
  restart   2/5    eval   296   this Q       889.9   best Q       424.5   178.5 min
  restart   2/5    eval   297   this Q       885.2   best Q       424.5   178.7 min
  restart   2/5    eval   298   this Q       924.6   best Q       424.5   178.9 min
  restart   2/5    eval   299   this Q       907.6   best Q       424.5   179.1 min
  restart   2/5    eval   300   this Q       885.3   best Q       424.5   179.3 min
  restart   2/5    eval   301   this Q         908   best Q       424.5   179.5 min
  restart   2/5    eval   302   this Q       922.6   best Q       424.5   179.7 min
  restart   2/5    eval   303   this Q       910.3   best Q       424.5   179.9 min
  restart   2/5    eval   304   this Q       919.4   best Q       424.5   180.1 min
  restart   2/5    eval   305   this Q       915.5   best Q       424.5   180.3 min
  restart   2/5    eval   306   this Q       926.5   best Q       424.5   180.5 min
  restart   2/5    eval   307   this Q       902.2   best Q       424.5   180.7 min
  restart   2/5    eval   308   this Q       927.4   best Q       424.5   180.9 min
  restart   2/5    eval   309   this Q       899.9   best Q       424.5   181.1 min
  restart   2/5    eval   310   this Q       897.8   best Q       424.5   181.3 min
  restart   2/5    eval   311   this Q       900.7   best Q       424.5   181.5 min
  restart   2/5    eval   312   this Q       876.5   best Q       424.5   181.7 min
  restart   2/5    eval   313   this Q       868.5   best Q       424.5   181.9 min
  restart   2/5    eval   314   this Q       913.8   best Q       424.5   182.1 min
  restart   2/5    eval   315   this Q       888.5   best Q       424.5   182.4 min
  restart   2/5    eval   316   this Q       892.1   best Q       424.5   182.6 min
  restart   2/5    eval   317   this Q       899.1   best Q       424.5   182.8 min
  restart   2/5    eval   318   this Q       909.6   best Q       424.5   183.0 min
  restart   2/5    eval   319   this Q       874.8   best Q       424.5   183.2 min
  restart   2/5    eval   320   this Q       879.8   best Q       424.5   183.4 min
  restart   2/5    eval   321   this Q       886.2   best Q       424.5   183.6 min
  restart   2/5    eval   322   this Q         899   best Q       424.5   183.8 min
  restart   2/5    eval   323   this Q       904.3   best Q       424.5   184.0 min
  restart   2/5    eval   324   this Q       863.5   best Q       424.5   184.2 min
  restart   2/5    eval   325   this Q       871.6   best Q       424.5   184.4 min
  restart   2/5    eval   326   this Q       867.6   best Q       424.5   184.6 min
  restart   2/5    eval   327   this Q       904.3   best Q       424.5   184.8 min
  restart   2/5    eval   328   this Q       882.2   best Q       424.5   185.0 min
  restart   2/5    eval   329   this Q       856.1   best Q       424.5   185.2 min
  restart   2/5    eval   330   this Q       844.6   best Q       424.5   185.4 min
  restart   2/5    eval   331   this Q       880.4   best Q       424.5   185.6 min
  restart   2/5    eval   332   this Q       853.3   best Q       424.5   185.9 min
  restart   2/5    eval   333   this Q       880.8   best Q       424.5   186.1 min
  restart   2/5    eval   334   this Q       890.4   best Q       424.5   186.3 min
  restart   2/5    eval   335   this Q       862.1   best Q       424.5   186.5 min
  restart   2/5    eval   336   this Q       866.2   best Q       424.5   186.7 min
  restart   2/5    eval   337   this Q       878.1   best Q       424.5   186.9 min
  restart   2/5    eval   338   this Q       859.2   best Q       424.5   187.1 min
  restart   2/5    eval   339   this Q       869.8   best Q       424.5   187.3 min
  restart   2/5    eval   340   this Q       846.7   best Q       424.5   187.5 min
  restart   2/5    eval   341   this Q       850.2   best Q       424.5   187.7 min
  restart   2/5    eval   342   this Q       838.9   best Q       424.5   187.9 min
  restart   2/5    eval   343   this Q       601.4   best Q       424.5   188.1 min
  restart   2/5    eval   344   this Q       851.9   best Q       424.5   188.3 min
  restart   2/5    eval   345   this Q         850   best Q       424.5   188.6 min
  restart   2/5    eval   346   this Q       809.3   best Q       424.5   188.8 min
  restart   2/5    eval   347   this Q       853.4   best Q       424.5   189.0 min
  restart   2/5    eval   348   this Q       802.4   best Q       424.5   189.2 min
  restart   2/5    eval   349   this Q       829.2   best Q       424.5   189.4 min
  restart   2/5    eval   350   this Q       651.3   best Q       424.5   189.6 min
  restart   2/5    eval   351   this Q       832.7   best Q       424.5   189.8 min
  restart   2/5    eval   352   this Q       839.8   best Q       424.5   190.0 min
  restart   2/5    eval   353   this Q       561.8   best Q       424.5   190.2 min
  restart   2/5    eval   354   this Q        1933   best Q       424.5   190.4 min
  restart   2/5    eval   355   this Q       786.5   best Q       424.5   190.7 min
  restart   2/5    eval   356   this Q       598.5   best Q       424.5   190.9 min
  restart   2/5    eval   357   this Q       807.8   best Q       424.5   191.1 min
  restart   2/5    eval   358   this Q       597.5   best Q       424.5   191.3 min
  restart   2/5    eval   359   this Q       926.5   best Q       424.5   191.5 min
  restart   2/5    eval   360   this Q       836.5   best Q       424.5   191.7 min
  restart   2/5    eval   361   this Q       581.3   best Q       424.5   191.9 min
  restart   2/5    eval   362   this Q       635.7   best Q       424.5   192.1 min
  restart   2/5    eval   363   this Q       606.5   best Q       424.5   192.3 min
  restart   2/5    eval   364   this Q       641.9   best Q       424.5   192.5 min
  restart   2/5    eval   365   this Q       534.2   best Q       424.5   192.8 min
  restart   2/5    eval   366   this Q        1548   best Q       424.5   193.0 min
  restart   2/5    eval   367   this Q        1503   best Q       424.5   193.2 min
  restart   2/5    eval   368   this Q       817.6   best Q       424.5   193.4 min
  restart   2/5    eval   369   this Q       602.6   best Q       424.5   193.6 min
  restart   2/5    eval   370   this Q        1559   best Q       424.5   193.8 min
  restart   2/5    eval   371   this Q       786.7   best Q       424.5   194.0 min
  restart   2/5    eval   372   this Q       843.9   best Q       424.5   194.2 min
  restart   2/5    eval   373   this Q       721.9   best Q       424.5   194.4 min
  restart   2/5    eval   374   this Q        1063   best Q       424.5   194.6 min
  restart   2/5    eval   375   this Q       731.6   best Q       424.5   194.9 min
  restart   2/5    eval   376   this Q         656   best Q       424.5   195.1 min
  restart   2/5    eval   377   this Q       810.8   best Q       424.5   195.3 min
  restart   2/5    eval   378   this Q       673.3   best Q       424.5   195.5 min
  restart   2/5    eval   379   this Q        1037   best Q       424.5   195.7 min
  restart   2/5    eval   380   this Q       677.4   best Q       424.5   195.9 min
  restart   2/5    eval   381   this Q       967.1   best Q       424.5   196.1 min
  restart   2/5    eval   382   this Q       663.5   best Q       424.5   196.3 min
  restart   2/5    eval   383   this Q       848.1   best Q       424.5   196.5 min
  restart   2/5    eval   384   this Q         644   best Q       424.5   196.7 min
  restart   2/5    eval   385   this Q         851   best Q       424.5   197.0 min
  restart   2/5    eval   386   this Q       640.5   best Q       424.5   197.2 min
  restart   2/5    eval   387   this Q       603.4   best Q       424.5   197.4 min
  restart   2/5    eval   388   this Q       771.9   best Q       424.5   197.6 min
  restart   2/5    eval   389   this Q       607.3   best Q       424.5   197.8 min
  restart   2/5    eval   390   this Q       666.7   best Q       424.5   198.0 min
  restart   2/5    eval   391   this Q       601.9   best Q       424.5   198.2 min
  restart   2/5    eval   392   this Q       673.4   best Q       424.5   198.4 min
  restart   2/5    eval   393   this Q       541.1   best Q       424.5   198.6 min
  restart   2/5    eval   394   this Q       701.3   best Q       424.5   198.9 min
  restart   2/5    eval   395   this Q       597.2   best Q       424.5   199.1 min
  restart   2/5    eval   396   this Q       620.2   best Q       424.5   199.3 min
  restart   2/5    eval   397   this Q       651.5   best Q       424.5   199.5 min
  restart   2/5    eval   398   this Q       520.1   best Q       424.5   199.7 min
  restart   2/5    eval   399   this Q       794.3   best Q       424.5   199.9 min
  restart   2/5    eval   400   this Q         588   best Q       424.5   200.1 min
  restart   2/5    eval   401   this Q       656.6   best Q       424.5   200.3 min
  restart   2/5    eval   402   this Q       535.8   best Q       424.5   200.5 min
  restart   2/5    eval   403   this Q       651.4   best Q       424.5   200.7 min
  restart   2/5    eval   404   this Q       532.1   best Q       424.5   201.0 min
  restart   2/5    eval   405   this Q       548.9   best Q       424.5   201.2 min
  restart   2/5    eval   406   this Q       575.2   best Q       424.5   201.4 min
  restart   2/5    eval   407   this Q       607.5   best Q       424.5   201.6 min
  restart   2/5    eval   408   this Q       534.2   best Q       424.5   201.8 min
  restart   2/5    eval   409   this Q       643.1   best Q       424.5   202.0 min
  restart   2/5    eval   410   this Q       520.2   best Q       424.5   202.2 min
  restart   2/5    eval   411   this Q       596.5   best Q       424.5   202.4 min
  restart   2/5    eval   412   this Q       577.1   best Q       424.5   202.6 min
  restart   2/5    eval   413   this Q         683   best Q       424.5   202.9 min
  restart   2/5    eval   414   this Q       554.8   best Q       424.5   203.1 min
  restart   2/5    eval   415   this Q       609.8   best Q       424.5   203.3 min
  restart   2/5    eval   416   this Q         552   best Q       424.5   203.5 min
  restart   2/5    eval   417   this Q       813.6   best Q       424.5   203.7 min
  restart   2/5    eval   418   this Q         556   best Q       424.5   203.9 min
  restart   2/5    eval   419   this Q       574.9   best Q       424.5   204.1 min
  restart   2/5    eval   420   this Q       718.1   best Q       424.5   204.3 min
  restart   2/5    eval   421   this Q       553.4   best Q       424.5   204.5 min
  restart   2/5    eval   422   this Q       553.8   best Q       424.5   204.7 min
  restart   2/5    eval   423   this Q       578.9   best Q       424.5   205.0 min
  restart   2/5    eval   424   this Q       518.2   best Q       424.5   205.2 min
  restart   2/5    eval   425   this Q       565.8   best Q       424.5   205.4 min
  restart   2/5    eval   426   this Q       598.6   best Q       424.5   205.6 min
  restart   2/5    eval   427   this Q       542.2   best Q       424.5   205.8 min
  restart   2/5    eval   428   this Q       582.7   best Q       424.5   206.0 min
  restart   2/5    eval   429   this Q       536.7   best Q       424.5   206.2 min
  restart   2/5    eval   430   this Q       605.8   best Q       424.5   206.4 min
  restart   2/5    eval   431   this Q       536.8   best Q       424.5   206.6 min
  restart   2/5    eval   432   this Q       543.2   best Q       424.5   206.8 min
  restart   2/5    eval   433   this Q       620.5   best Q       424.5   207.0 min
  restart   2/5    eval   434   this Q       534.7   best Q       424.5   207.3 min
  restart   2/5    eval   435   this Q       580.4   best Q       424.5   207.5 min
  restart   2/5    eval   436   this Q       526.6   best Q       424.5   207.7 min
  restart   2/5    eval   437   this Q       649.8   best Q       424.5   207.9 min
  restart   2/5    eval   438   this Q       532.1   best Q       424.5   208.1 min
  restart   2/5    eval   439   this Q         553   best Q       424.5   208.3 min
  restart   2/5    eval   440   this Q       532.5   best Q       424.5   208.5 min
  restart   2/5    eval   441   this Q       540.2   best Q       424.5   208.7 min
  restart   2/5    eval   442   this Q         558   best Q       424.5   208.9 min
  restart   2/5    eval   443   this Q       525.1   best Q       424.5   209.1 min
  restart   2/5    eval   444   this Q       543.9   best Q       424.5   209.3 min
  restart   2/5    eval   445   this Q       529.2   best Q       424.5   209.6 min
  restart   2/5    eval   446   this Q         520   best Q       424.5   209.8 min
  restart   2/5    eval   447   this Q       542.8   best Q       424.5   210.0 min
  restart   2/5    eval   448   this Q       527.9   best Q       424.5   210.2 min
  restart   2/5    eval   449   this Q       543.6   best Q       424.5   210.4 min
  restart   2/5    eval   450   this Q         525   best Q       424.5   210.6 min
  restart   2/5    eval   451   this Q       542.6   best Q       424.5   210.8 min
  restart   2/5    eval   452   this Q         525   best Q       424.5   211.0 min
  restart   2/5    eval   453   this Q       525.6   best Q       424.5   211.2 min
  restart   2/5    eval   454   this Q       516.7   best Q       424.5   211.4 min
  restart   2/5    eval   455   this Q       571.8   best Q       424.5   211.7 min
  restart   2/5    eval   456   this Q       542.2   best Q       424.5   211.9 min
  restart   2/5    eval   457   this Q       522.1   best Q       424.5   212.1 min
  restart   2/5    eval   458   this Q       520.8   best Q       424.5   212.3 min
  restart   2/5    eval   459   this Q         512   best Q       424.5   212.5 min
  restart   2/5    eval   460   this Q       558.6   best Q       424.5   212.7 min
  restart   2/5    eval   461   this Q       520.5   best Q       424.5   212.9 min
  restart   2/5    eval   462   this Q       512.6   best Q       424.5   213.1 min
  restart   2/5    eval   463   this Q       514.6   best Q       424.5   213.3 min
  restart   2/5    eval   464   this Q       516.7   best Q       424.5   213.5 min
  restart   2/5    eval   465   this Q       517.4   best Q       424.5   213.8 min
  restart   2/5    eval   466   this Q       523.4   best Q       424.5   214.0 min
  restart   2/5    eval   467   this Q       512.2   best Q       424.5   214.2 min
  restart   2/5    eval   468   this Q       552.6   best Q       424.5   214.4 min
  restart   2/5    eval   469   this Q       516.9   best Q       424.5   214.6 min
  restart   2/5    eval   470   this Q       552.1   best Q       424.5   214.8 min
  restart   2/5    eval   471   this Q       516.7   best Q       424.5   215.0 min
  restart   2/5    eval   472   this Q       523.1   best Q       424.5   215.2 min
  restart   2/5    eval   473   this Q       515.7   best Q       424.5   215.4 min
  restart   2/5    eval   474   this Q       513.5   best Q       424.5   215.6 min
  restart   2/5    eval   475   this Q       520.5   best Q       424.5   215.9 min
  restart   2/5    eval   476   this Q       527.4   best Q       424.5   216.1 min
  restart   2/5    eval   477   this Q       512.8   best Q       424.5   216.3 min
  restart   2/5    eval   478   this Q       521.1   best Q       424.5   216.5 min
  restart   2/5    eval   479   this Q       515.3   best Q       424.5   216.7 min
  restart   2/5    eval   480   this Q       508.9   best Q       424.5   216.9 min
  restart   2/5    eval   481   this Q       518.9   best Q       424.5   217.1 min
  restart   2/5    eval   482   this Q       512.7   best Q       424.5   217.3 min
  restart   2/5    eval   483   this Q       545.3   best Q       424.5   217.5 min
  restart   2/5    eval   484   this Q       514.6   best Q       424.5   217.7 min
  restart   2/5    eval   485   this Q       508.2   best Q       424.5   218.0 min
  restart   2/5    eval   486   this Q       512.7   best Q       424.5   218.2 min
  restart   2/5    eval   487   this Q       517.9   best Q       424.5   218.4 min
  restart   2/5    eval   488   this Q       511.5   best Q       424.5   218.6 min
  restart   2/5    eval   489   this Q       527.5   best Q       424.5   218.8 min
  restart   2/5    eval   490   this Q         513   best Q       424.5   219.0 min
  restart   2/5    eval   491   this Q       522.2   best Q       424.5   219.2 min
  restart   2/5    eval   492   this Q         512   best Q       424.5   219.4 min
  restart   2/5    eval   493   this Q       523.8   best Q       424.5   219.6 min
  restart   2/5    eval   494   this Q       512.9   best Q       424.5   219.9 min
  restart   2/5    eval   495   this Q         517   best Q       424.5   220.1 min
  restart   2/5    eval   496   this Q       512.5   best Q       424.5   220.3 min
  restart   2/5    eval   497   this Q       510.3   best Q       424.5   220.5 min
  restart   2/5    eval   498   this Q       512.1   best Q       424.5   220.7 min
  restart   2/5    eval   499   this Q       519.4   best Q       424.5   220.9 min
  restart   2/5    eval   500   this Q       511.1   best Q       424.5   221.1 min
  restart   2/5    eval   501   this Q       521.2   best Q       424.5   221.3 min
  restart   2/5   DONE   this       508.2   best Q       424.5   221.3 min, ~332 min left
  restart   3/5    eval     1   this Q        1972   best Q       424.5   221.5 min
  restart   3/5    eval     2   this Q        1972   best Q       424.5   221.7 min
  restart   3/5    eval     3   this Q   1.258e+04   best Q       424.5   221.9 min
  restart   3/5    eval     4   this Q   1.515e+04   best Q       424.5   222.1 min
  restart   3/5    eval     5   this Q    2.76e+04   best Q       424.5   222.3 min
  restart   3/5    eval     6   this Q       1e+06   best Q       424.5   222.5 min
  restart   3/5    eval     7   this Q        4524   best Q       424.5   222.7 min
  restart   3/5    eval     8   this Q        8459   best Q       424.5   222.9 min
  restart   3/5    eval     9   this Q   1.373e+04   best Q       424.5   223.1 min
  restart   3/5    eval    10   this Q        7433   best Q       424.5   223.2 min
  restart   3/5    eval    11   this Q       1e+06   best Q       424.5   223.4 min
  restart   3/5    eval    12   this Q        1799   best Q       424.5   223.6 min
  restart   3/5    eval    13   this Q       1e+06   best Q       424.5   223.8 min
  restart   3/5    eval    14   this Q        1767   best Q       424.5   224.0 min
  restart   3/5    eval    15   this Q        3156   best Q       424.5   224.2 min
  restart   3/5    eval    16   this Q        2289   best Q       424.5   224.4 min
  restart   3/5    eval    17   this Q        1966   best Q       424.5   224.6 min
  restart   3/5    eval    18   this Q        1749   best Q       424.5   224.8 min
  restart   3/5    eval    19   this Q       1e+06   best Q       424.5   225.0 min
  restart   3/5    eval    20   this Q       1e+06   best Q       424.5   225.2 min
  restart   3/5    eval    21   this Q        1869   best Q       424.5   225.4 min
  restart   3/5    eval    22   this Q        2980   best Q       424.5   225.6 min
  restart   3/5    eval    23   this Q        6924   best Q       424.5   225.8 min
  restart   3/5    eval    24   this Q   1.123e+04   best Q       424.5   226.0 min
  restart   3/5    eval    25   this Q   1.317e+05   best Q       424.5   226.2 min
  restart   3/5    eval    26   this Q        1825   best Q       424.5   226.4 min
  restart   3/5    eval    27   this Q        1941   best Q       424.5   226.6 min
  restart   3/5    eval    28   this Q        4011   best Q       424.5   226.8 min
  restart   3/5    eval    29   this Q        2831   best Q       424.5   226.9 min
  restart   3/5    eval    30   this Q        5461   best Q       424.5   227.1 min
  restart   3/5    eval    31   this Q        1795   best Q       424.5   227.3 min
  restart   3/5    eval    32   this Q       1e+06   best Q       424.5   227.5 min
  restart   3/5    eval    33   this Q        1768   best Q       424.5   227.7 min
  restart   3/5    eval    34   this Q        1452   best Q       424.5   227.9 min
  restart   3/5    eval    35   this Q        1430   best Q       424.5   228.1 min
  restart   3/5    eval    36   this Q        1823   best Q       424.5   228.3 min
  restart   3/5    eval    37   this Q        6972   best Q       424.5   228.5 min
  restart   3/5    eval    38   this Q   1.004e+05   best Q       424.5   228.7 min
  restart   3/5    eval    39   this Q   2.237e+04   best Q       424.5   228.9 min
  restart   3/5    eval    40   this Q   3.842e+04   best Q       424.5   229.1 min
  restart   3/5    eval    41   this Q        5228   best Q       424.5   229.3 min
  restart   3/5    eval    42   this Q        9630   best Q       424.5   229.5 min
  restart   3/5    eval    43   this Q        2824   best Q       424.5   229.7 min
  restart   3/5    eval    44   this Q       1e+06   best Q       424.5   229.9 min
  restart   3/5    eval    45   this Q        2927   best Q       424.5   230.1 min
  restart   3/5    eval    46   this Q        4181   best Q       424.5   230.3 min
  restart   3/5    eval    47   this Q        1727   best Q       424.5   230.5 min
  restart   3/5    eval    48   this Q        7703   best Q       424.5   230.7 min
  restart   3/5    eval    49   this Q        2002   best Q       424.5   230.9 min
  restart   3/5    eval    50   this Q        7594   best Q       424.5   231.1 min
  restart   3/5    eval    51   this Q        1487   best Q       424.5   231.3 min
  restart   3/5    eval    52   this Q        1406   best Q       424.5   231.5 min
  restart   3/5    eval    53   this Q        2342   best Q       424.5   231.7 min
  restart   3/5    eval    54   this Q        2072   best Q       424.5   231.9 min
  restart   3/5    eval    55   this Q        1356   best Q       424.5   232.1 min
  restart   3/5    eval    56   this Q        4959   best Q       424.5   232.3 min
  restart   3/5    eval    57   this Q        1388   best Q       424.5   232.5 min
  restart   3/5    eval    58   this Q        3129   best Q       424.5   232.7 min
  restart   3/5    eval    59   this Q        1456   best Q       424.5   232.9 min
  restart   3/5    eval    60   this Q        2869   best Q       424.5   233.1 min
  restart   3/5    eval    61   this Q        1398   best Q       424.5   233.3 min
  restart   3/5    eval    62   this Q        2323   best Q       424.5   233.5 min
  restart   3/5    eval    63   this Q        1314   best Q       424.5   233.7 min
  restart   3/5    eval    64   this Q        1772   best Q       424.5   233.9 min
  restart   3/5    eval    65   this Q        1160   best Q       424.5   234.1 min
  restart   3/5    eval    66   this Q        1725   best Q       424.5   234.3 min
  restart   3/5    eval    67   this Q        1663   best Q       424.5   234.5 min
  restart   3/5    eval    68   this Q       935.8   best Q       424.5   234.7 min
  restart   3/5    eval    69   this Q        1489   best Q       424.5   234.9 min
  restart   3/5    eval    70   this Q        1147   best Q       424.5   235.1 min
  restart   3/5    eval    71   this Q        1833   best Q       424.5   235.3 min
  restart   3/5    eval    72   this Q        1198   best Q       424.5   235.6 min
  restart   3/5    eval    73   this Q        1182   best Q       424.5   235.7 min
  restart   3/5    eval    74   this Q        1584   best Q       424.5   236.0 min
  restart   3/5    eval    75   this Q        4540   best Q       424.5   236.2 min
  restart   3/5    eval    76   this Q        1115   best Q       424.5   236.4 min
  restart   3/5    eval    77   this Q        2347   best Q       424.5   236.6 min
  restart   3/5    eval    78   this Q        1076   best Q       424.5   236.8 min
  restart   3/5    eval    79   this Q        1649   best Q       424.5   237.0 min
  restart   3/5    eval    80   this Q        1104   best Q       424.5   237.2 min
  restart   3/5    eval    81   this Q        1417   best Q       424.5   237.4 min
  restart   3/5    eval    82   this Q       831.7   best Q       424.5   237.6 min
  restart   3/5    eval    83   this Q        1240   best Q       424.5   237.8 min
  restart   3/5    eval    84   this Q        2006   best Q       424.5   238.0 min
  restart   3/5    eval    85   this Q         978   best Q       424.5   238.2 min
  restart   3/5    eval    86   this Q        1271   best Q       424.5   238.4 min
  restart   3/5    eval    87   this Q        1549   best Q       424.5   238.6 min
  restart   3/5    eval    88   this Q        1041   best Q       424.5   238.8 min
  restart   3/5    eval    89   this Q        1276   best Q       424.5   239.0 min
  restart   3/5    eval    90   this Q        1434   best Q       424.5   239.2 min
  restart   3/5    eval    91   this Q        1060   best Q       424.5   239.4 min
  restart   3/5    eval    92   this Q        1035   best Q       424.5   239.6 min
  restart   3/5    eval    93   this Q        1162   best Q       424.5   239.8 min
  restart   3/5    eval    94   this Q       784.4   best Q       424.5   240.0 min
  restart   3/5    eval    95   this Q        1299   best Q       424.5   240.2 min
  restart   3/5    eval    96   this Q        1228   best Q       424.5   240.4 min
  restart   3/5    eval    97   this Q        1723   best Q       424.5   240.6 min
  restart   3/5    eval    98   this Q       914.6   best Q       424.5   240.8 min
  restart   3/5    eval    99   this Q        1301   best Q       424.5   241.0 min
  restart   3/5    eval   100   this Q       983.6   best Q       424.5   241.2 min
  restart   3/5    eval   101   this Q        1055   best Q       424.5   241.4 min
  restart   3/5    eval   102   this Q        1320   best Q       424.5   241.6 min
  restart   3/5    eval   103   this Q       935.9   best Q       424.5   241.9 min
  restart   3/5    eval   104   this Q        1286   best Q       424.5   242.1 min
  restart   3/5    eval   105   this Q       984.4   best Q       424.5   242.3 min
  restart   3/5    eval   106   this Q       756.1   best Q       424.5   242.5 min
  restart   3/5    eval   107   this Q       879.8   best Q       424.5   242.7 min
  restart   3/5    eval   108   this Q        1038   best Q       424.5   242.9 min
  restart   3/5    eval   109   this Q       848.1   best Q       424.5   243.1 min
  restart   3/5    eval   110   this Q       927.6   best Q       424.5   243.3 min
  restart   3/5    eval   111   this Q       759.6   best Q       424.5   243.5 min
  restart   3/5    eval   112   this Q       646.3   best Q       424.5   243.8 min
  restart   3/5    eval   113   this Q        1009   best Q       424.5   244.0 min
  restart   3/5    eval   114   this Q        1217   best Q       424.5   244.2 min
  restart   3/5    eval   115   this Q       789.3   best Q       424.5   244.4 min
  restart   3/5    eval   116   this Q       810.6   best Q       424.5   244.7 min
  restart   3/5    eval   117   this Q       877.3   best Q       424.5   244.9 min
  restart   3/5    eval   118   this Q        1064   best Q       424.5   245.1 min
  restart   3/5    eval   119   this Q       741.8   best Q       424.5   245.3 min
  restart   3/5    eval   120   this Q       775.9   best Q       424.5   245.6 min
  restart   3/5    eval   121   this Q       871.6   best Q       424.5   245.8 min
  restart   3/5    eval   122   this Q        1111   best Q       424.5   246.0 min
  restart   3/5    eval   123   this Q       713.6   best Q       424.5   246.2 min
  restart   3/5    eval   124   this Q       651.6   best Q       424.5   246.4 min
  restart   3/5    eval   125   this Q       728.1   best Q       424.5   246.7 min
  restart   3/5    eval   126   this Q       950.3   best Q       424.5   246.9 min
  restart   3/5    eval   127   this Q       688.4   best Q       424.5   247.1 min
  restart   3/5    eval   128   this Q         868   best Q       424.5   247.3 min
  restart   3/5    eval   129   this Q       886.8   best Q       424.5   247.5 min
  restart   3/5    eval   130   this Q       676.7   best Q       424.5   247.8 min
  restart   3/5    eval   131   this Q       963.8   best Q       424.5   248.0 min
  restart   3/5    eval   132   this Q         628   best Q       424.5   248.2 min
  restart   3/5    eval   133   this Q       897.1   best Q       424.5   248.4 min
  restart   3/5    eval   134   this Q       689.6   best Q       424.5   248.7 min
  restart   3/5    eval   135   this Q       906.2   best Q       424.5   248.9 min
  restart   3/5    eval   136   this Q       657.1   best Q       424.5   249.1 min
  restart   3/5    eval   137   this Q       633.2   best Q       424.5   249.3 min
  restart   3/5    eval   138   this Q         746   best Q       424.5   249.6 min
  restart   3/5    eval   139   this Q       722.4   best Q       424.5   249.8 min
  restart   3/5    eval   140   this Q       662.9   best Q       424.5   250.0 min
  restart   3/5    eval   141   this Q         887   best Q       424.5   250.2 min
  restart   3/5    eval   142   this Q       578.1   best Q       424.5   250.5 min
  restart   3/5    eval   143   this Q       812.9   best Q       424.5   250.7 min
  restart   3/5    eval   144   this Q       635.7   best Q       424.5   250.9 min
  restart   3/5    eval   145   this Q       762.4   best Q       424.5   251.1 min
  restart   3/5    eval   146   this Q       627.5   best Q       424.5   251.4 min
  restart   3/5    eval   147   this Q       768.2   best Q       424.5   251.6 min
  restart   3/5    eval   148   this Q       640.8   best Q       424.5   251.8 min
  restart   3/5    eval   149   this Q       736.1   best Q       424.5   252.0 min
  restart   3/5    eval   150   this Q       595.1   best Q       424.5   252.3 min
  restart   3/5    eval   151   this Q       686.8   best Q       424.5   252.5 min
  restart   3/5    eval   152   this Q       796.9   best Q       424.5   252.7 min
  restart   3/5    eval   153   this Q       614.1   best Q       424.5   252.9 min
  restart   3/5    eval   154   this Q         710   best Q       424.5   253.2 min
  restart   3/5    eval   155   this Q       597.8   best Q       424.5   253.4 min
  restart   3/5    eval   156   this Q       651.1   best Q       424.5   253.6 min
  restart   3/5    eval   157   this Q       801.9   best Q       424.5   253.8 min
  restart   3/5    eval   158   this Q       618.8   best Q       424.5   254.0 min
  restart   3/5    eval   159   this Q         707   best Q       424.5   254.2 min
  restart   3/5    eval   160   this Q       618.1   best Q       424.5   254.5 min
  restart   3/5    eval   161   this Q       665.1   best Q       424.5   254.7 min
  restart   3/5    eval   162   this Q         577   best Q       424.5   255.0 min
  restart   3/5    eval   163   this Q       724.6   best Q       424.5   255.3 min
  restart   3/5    eval   164   this Q       586.8   best Q       424.5   255.5 min
  restart   3/5    eval   165   this Q       597.9   best Q       424.5   255.7 min
  restart   3/5    eval   166   this Q       673.8   best Q       424.5   255.9 min
  restart   3/5    eval   167   this Q         604   best Q       424.5   256.1 min
  restart   3/5    eval   168   this Q       676.9   best Q       424.5   256.3 min
  restart   3/5    eval   169   this Q       602.5   best Q       424.5   256.5 min
  restart   3/5    eval   170   this Q       662.7   best Q       424.5   256.7 min
  restart   3/5    eval   171   this Q       600.2   best Q       424.5   256.9 min
  restart   3/5    eval   172   this Q         588   best Q       424.5   257.1 min
  restart   3/5    eval   173   this Q       583.8   best Q       424.5   257.3 min
  restart   3/5    eval   174   this Q         675   best Q       424.5   257.5 min
  restart   3/5    eval   175   this Q       587.8   best Q       424.5   257.8 min
  restart   3/5    eval   176   this Q       583.1   best Q       424.5   258.0 min
  restart   3/5    eval   177   this Q       699.8   best Q       424.5   258.2 min
  restart   3/5    eval   178   this Q       596.9   best Q       424.5   258.4 min
  restart   3/5    eval   179   this Q       652.4   best Q       424.5   258.6 min
  restart   3/5    eval   180   this Q       593.6   best Q       424.5   258.8 min
  restart   3/5    eval   181   this Q       662.8   best Q       424.5   259.0 min
  restart   3/5    eval   182   this Q       587.1   best Q       424.5   259.2 min
  restart   3/5    eval   183   this Q       603.5   best Q       424.5   259.4 min
  restart   3/5    eval   184   this Q       582.8   best Q       424.5   259.6 min
  restart   3/5    eval   185   this Q       599.8   best Q       424.5   259.8 min
  restart   3/5    eval   186   this Q       587.9   best Q       424.5   260.1 min
  restart   3/5    eval   187   this Q       572.1   best Q       424.5   260.3 min
  restart   3/5    eval   188   this Q       656.1   best Q       424.5   260.5 min
  restart   3/5    eval   189   this Q       582.5   best Q       424.5   260.7 min
  restart   3/5    eval   190   this Q       618.7   best Q       424.5   260.9 min
  restart   3/5    eval   191   this Q       571.7   best Q       424.5   261.1 min
  restart   3/5    eval   192   this Q       571.9   best Q       424.5   261.3 min
  restart   3/5    eval   193   this Q       590.5   best Q       424.5   261.5 min
  restart   3/5    eval   194   this Q       574.5   best Q       424.5   261.7 min
  restart   3/5    eval   195   this Q         582   best Q       424.5   261.9 min
  restart   3/5    eval   196   this Q       583.9   best Q       424.5   262.1 min
  restart   3/5    eval   197   this Q         590   best Q       424.5   262.3 min
  restart   3/5    eval   198   this Q       569.2   best Q       424.5   262.5 min
  restart   3/5    eval   199   this Q       600.3   best Q       424.5   262.7 min
  restart   3/5    eval   200   this Q       568.5   best Q       424.5   262.9 min
  restart   3/5    eval   201   this Q       572.5   best Q       424.5   263.1 min
  restart   3/5    eval   202   this Q       557.6   best Q       424.5   263.3 min
  restart   3/5    eval   203   this Q       689.8   best Q       424.5   263.5 min
  restart   3/5    eval   204   this Q         563   best Q       424.5   263.8 min
  restart   3/5    eval   205   this Q       623.4   best Q       424.5   264.0 min
  restart   3/5    eval   206   this Q       569.6   best Q       424.5   264.2 min
  restart   3/5    eval   207   this Q       601.8   best Q       424.5   264.4 min
  restart   3/5    eval   208   this Q       563.5   best Q       424.5   264.6 min
  restart   3/5    eval   209   this Q         608   best Q       424.5   264.8 min
  restart   3/5    eval   210   this Q         564   best Q       424.5   265.0 min
  restart   3/5    eval   211   this Q       581.4   best Q       424.5   265.2 min
  restart   3/5    eval   212   this Q       580.8   best Q       424.5   265.4 min
  restart   3/5    eval   213   this Q       606.3   best Q       424.5   265.6 min
  restart   3/5    eval   214   this Q       547.4   best Q       424.5   265.8 min
  restart   3/5    eval   215   this Q       571.9   best Q       424.5   266.0 min
  restart   3/5    eval   216   this Q       592.4   best Q       424.5   266.2 min
  restart   3/5    eval   217   this Q       563.3   best Q       424.5   266.4 min
  restart   3/5    eval   218   this Q       582.2   best Q       424.5   266.6 min
  restart   3/5    eval   219   this Q       563.8   best Q       424.5   266.8 min
  restart   3/5    eval   220   this Q       557.5   best Q       424.5   267.0 min
  restart   3/5    eval   221   this Q       583.2   best Q       424.5   267.2 min
  restart   3/5    eval   222   this Q       561.2   best Q       424.5   267.5 min
  restart   3/5    eval   223   this Q       576.3   best Q       424.5   267.7 min
  restart   3/5    eval   224   this Q       561.7   best Q       424.5   267.9 min
  restart   3/5    eval   225   this Q       572.2   best Q       424.5   268.1 min
  restart   3/5    eval   226   this Q       561.5   best Q       424.5   268.3 min
  restart   3/5    eval   227   this Q       574.5   best Q       424.5   268.5 min
  restart   3/5    eval   228   this Q       560.1   best Q       424.5   268.7 min
  restart   3/5    eval   229   this Q       577.9   best Q       424.5   268.9 min
  restart   3/5    eval   230   this Q         561   best Q       424.5   269.1 min
  restart   3/5    eval   231   this Q       553.5   best Q       424.5   269.3 min
  restart   3/5    eval   232   this Q       543.8   best Q       424.5   269.5 min
  restart   3/5    eval   233   this Q       588.1   best Q       424.5   269.7 min
  restart   3/5    eval   234   this Q       546.5   best Q       424.5   269.9 min
  restart   3/5    eval   235   this Q       542.8   best Q       424.5   270.1 min
  restart   3/5    eval   236   this Q       536.7   best Q       424.5   270.3 min
  restart   3/5    eval   237   this Q         555   best Q       424.5   270.6 min
  restart   3/5    eval   238   this Q         548   best Q       424.5   270.8 min
  restart   3/5    eval   239   this Q       544.3   best Q       424.5   271.0 min
  restart   3/5    eval   240   this Q       546.1   best Q       424.5   271.2 min
  restart   3/5    eval   241   this Q       559.5   best Q       424.5   271.4 min
  restart   3/5    eval   242   this Q       537.2   best Q       424.5   271.6 min
  restart   3/5    eval   243   this Q       539.8   best Q       424.5   271.8 min
  restart   3/5    eval   244   this Q       537.3   best Q       424.5   272.0 min
  restart   3/5    eval   245   this Q       536.4   best Q       424.5   272.2 min
  restart   3/5    eval   246   this Q       557.2   best Q       424.5   272.4 min
  restart   3/5    eval   247   this Q       549.7   best Q       424.5   272.6 min
  restart   3/5    eval   248   this Q       544.3   best Q       424.5   272.8 min
  restart   3/5    eval   249   this Q       546.3   best Q       424.5   273.0 min
  restart   3/5    eval   250   this Q       556.1   best Q       424.5   273.2 min
  restart   3/5    eval   251   this Q       537.3   best Q       424.5   273.4 min
  restart   3/5    eval   252   this Q         537   best Q       424.5   273.6 min
  restart   3/5    eval   253   this Q       552.4   best Q       424.5   273.8 min
  restart   3/5    eval   254   this Q       535.8   best Q       424.5   274.0 min
  restart   3/5    eval   255   this Q       550.4   best Q       424.5   274.2 min
  restart   3/5    eval   256   this Q       533.8   best Q       424.5   274.4 min
  restart   3/5    eval   257   this Q       540.2   best Q       424.5   274.6 min
  restart   3/5    eval   258   this Q       522.7   best Q       424.5   274.8 min
  restart   3/5    eval   259   this Q       521.4   best Q       424.5   275.0 min
  restart   3/5    eval   260   this Q       533.1   best Q       424.5   275.2 min
  restart   3/5    eval   261   this Q       556.3   best Q       424.5   275.4 min
  restart   3/5    eval   262   this Q       538.9   best Q       424.5   275.6 min
  restart   3/5    eval   263   this Q       526.5   best Q       424.5   275.8 min
  restart   3/5    eval   264   this Q       550.9   best Q       424.5   276.0 min
  restart   3/5    eval   265   this Q       529.7   best Q       424.5   276.2 min
  restart   3/5    eval   266   this Q       534.5   best Q       424.5   276.5 min
  restart   3/5    eval   267   this Q       521.9   best Q       424.5   276.6 min
  restart   3/5    eval   268   this Q       534.8   best Q       424.5   276.9 min
  restart   3/5    eval   269   this Q       523.5   best Q       424.5   277.1 min
  restart   3/5    eval   270   this Q       526.8   best Q       424.5   277.3 min
  restart   3/5    eval   271   this Q       531.7   best Q       424.5   277.5 min
  restart   3/5    eval   272   this Q       525.5   best Q       424.5   277.7 min
  restart   3/5    eval   273   this Q       514.6   best Q       424.5   277.9 min
  restart   3/5    eval   274   this Q       514.9   best Q       424.5   278.1 min
  restart   3/5    eval   275   this Q       530.6   best Q       424.5   278.3 min
  restart   3/5    eval   276   this Q       524.4   best Q       424.5   278.5 min
  restart   3/5    eval   277   this Q       519.6   best Q       424.5   278.7 min
  restart   3/5    eval   278   this Q       522.1   best Q       424.5   278.9 min
  restart   3/5    eval   279   this Q       522.9   best Q       424.5   279.2 min
  restart   3/5    eval   280   this Q       519.8   best Q       424.5   279.4 min
  restart   3/5    eval   281   this Q       514.1   best Q       424.5   279.6 min
  restart   3/5    eval   282   this Q       519.6   best Q       424.5   279.8 min
  restart   3/5    eval   283   this Q       518.6   best Q       424.5   280.0 min
  restart   3/5    eval   284   this Q         515   best Q       424.5   280.2 min
  restart   3/5    eval   285   this Q         521   best Q       424.5   280.4 min
  restart   3/5    eval   286   this Q       512.3   best Q       424.5   280.6 min
  restart   3/5    eval   287   this Q       523.7   best Q       424.5   280.8 min
  restart   3/5    eval   288   this Q       521.3   best Q       424.5   281.0 min
  restart   3/5    eval   289   this Q       520.4   best Q       424.5   281.2 min
  restart   3/5    eval   290   this Q       507.8   best Q       424.5   281.4 min
  restart   3/5    eval   291   this Q         505   best Q       424.5   281.6 min
  restart   3/5    eval   292   this Q       522.3   best Q       424.5   281.8 min
  restart   3/5    eval   293   this Q       521.3   best Q       424.5   282.0 min
  restart   3/5    eval   294   this Q       528.6   best Q       424.5   282.2 min
  restart   3/5    eval   295   this Q       512.3   best Q       424.5   282.4 min
  restart   3/5    eval   296   this Q       519.4   best Q       424.5   282.6 min
  restart   3/5    eval   297   this Q       510.4   best Q       424.5   282.8 min
  restart   3/5    eval   298   this Q         507   best Q       424.5   283.0 min
  restart   3/5    eval   299   this Q       505.2   best Q       424.5   283.2 min
  restart   3/5    eval   300   this Q       526.1   best Q       424.5   283.4 min
  restart   3/5    eval   301   this Q       513.6   best Q       424.5   283.6 min
  restart   3/5    eval   302   this Q       515.4   best Q       424.5   283.8 min
  restart   3/5    eval   303   this Q       510.9   best Q       424.5   284.0 min
  restart   3/5    eval   304   this Q       530.8   best Q       424.5   284.2 min
  restart   3/5    eval   305   this Q       513.1   best Q       424.5   284.4 min
  restart   3/5    eval   306   this Q       518.3   best Q       424.5   284.6 min
  restart   3/5    eval   307   this Q       506.1   best Q       424.5   284.8 min
  restart   3/5    eval   308   this Q       506.3   best Q       424.5   285.0 min
  restart   3/5    eval   309   this Q         508   best Q       424.5   285.2 min
  restart   3/5    eval   310   this Q       512.8   best Q       424.5   285.4 min
  restart   3/5    eval   311   this Q       513.2   best Q       424.5   285.6 min
  restart   3/5    eval   312   this Q       513.9   best Q       424.5   285.8 min
  restart   3/5    eval   313   this Q       506.8   best Q       424.5   286.0 min
  restart   3/5    eval   314   this Q       501.1   best Q       424.5   286.2 min
  restart   3/5    eval   315   this Q       509.8   best Q       424.5   286.4 min
  restart   3/5    eval   316   this Q       514.5   best Q       424.5   286.6 min
  restart   3/5    eval   317   this Q       509.9   best Q       424.5   286.8 min
  restart   3/5    eval   318   this Q       500.6   best Q       424.5   287.0 min
  restart   3/5    eval   319   this Q       524.1   best Q       424.5   287.2 min
  restart   3/5    eval   320   this Q       514.5   best Q       424.5   287.4 min
  restart   3/5    eval   321   this Q       508.3   best Q       424.5   287.6 min
  restart   3/5    eval   322   this Q         499   best Q       424.5   287.8 min
  restart   3/5    eval   323   this Q       511.2   best Q       424.5   288.0 min
  restart   3/5    eval   324   this Q       515.4   best Q       424.5   288.2 min
  restart   3/5    eval   325   this Q         505   best Q       424.5   288.4 min
  restart   3/5    eval   326   this Q       500.3   best Q       424.5   288.6 min
  restart   3/5    eval   327   this Q       498.7   best Q       424.5   288.8 min
  restart   3/5    eval   328   this Q       505.1   best Q       424.5   289.0 min
  restart   3/5    eval   329   this Q       506.9   best Q       424.5   289.2 min
  restart   3/5    eval   330   this Q         500   best Q       424.5   289.4 min
  restart   3/5    eval   331   this Q       499.1   best Q       424.5   289.6 min
  restart   3/5    eval   332   this Q         499   best Q       424.5   289.8 min
  restart   3/5    eval   333   this Q       510.5   best Q       424.5   290.0 min
  restart   3/5    eval   334   this Q       502.4   best Q       424.5   290.2 min
  restart   3/5    eval   335   this Q       498.6   best Q       424.5   290.4 min
  restart   3/5    eval   336   this Q       526.2   best Q       424.5   290.6 min
  restart   3/5    eval   337   this Q       522.9   best Q       424.5   290.8 min
  restart   3/5    eval   338   this Q       500.9   best Q       424.5   291.0 min
  restart   3/5    eval   339   this Q       519.1   best Q       424.5   291.2 min
  restart   3/5    eval   340   this Q       500.6   best Q       424.5   291.4 min
  restart   3/5    eval   341   this Q       501.2   best Q       424.5   291.6 min
  restart   3/5    eval   342   this Q       499.7   best Q       424.5   291.8 min
  restart   3/5    eval   343   this Q       494.5   best Q       424.5   292.0 min
  restart   3/5    eval   344   this Q       495.8   best Q       424.5   292.2 min
  restart   3/5    eval   345   this Q       495.3   best Q       424.5   292.4 min
  restart   3/5    eval   346   this Q       504.6   best Q       424.5   292.6 min
  restart   3/5    eval   347   this Q       495.1   best Q       424.5   292.8 min
  restart   3/5    eval   348   this Q       496.2   best Q       424.5   293.0 min
  restart   3/5    eval   349   this Q       501.4   best Q       424.5   293.2 min
  restart   3/5    eval   350   this Q       496.8   best Q       424.5   293.4 min
  restart   3/5    eval   351   this Q       494.6   best Q       424.5   293.6 min
  restart   3/5    eval   352   this Q       499.6   best Q       424.5   293.8 min
  restart   3/5    eval   353   this Q       494.1   best Q       424.5   294.0 min
  restart   3/5    eval   354   this Q       491.7   best Q       424.5   294.2 min
  restart   3/5    eval   355   this Q       497.3   best Q       424.5   294.4 min
  restart   3/5    eval   356   this Q       498.4   best Q       424.5   294.6 min
  restart   3/5    eval   357   this Q       498.5   best Q       424.5   294.8 min
  restart   3/5    eval   358   this Q       509.9   best Q       424.5   295.0 min
  restart   3/5    eval   359   this Q       495.8   best Q       424.5   295.2 min
  restart   3/5    eval   360   this Q       499.1   best Q       424.5   295.4 min
  restart   3/5    eval   361   this Q         493   best Q       424.5   295.6 min
  restart   3/5    eval   362   this Q       497.8   best Q       424.5   295.8 min
  restart   3/5    eval   363   this Q       491.2   best Q       424.5   296.0 min
  restart   3/5    eval   364   this Q       489.9   best Q       424.5   296.2 min
  restart   3/5    eval   365   this Q       490.6   best Q       424.5   296.4 min
  restart   3/5    eval   366   this Q         496   best Q       424.5   296.6 min
  restart   3/5    eval   367   this Q       491.8   best Q       424.5   296.8 min
  restart   3/5    eval   368   this Q       497.4   best Q       424.5   297.0 min
  restart   3/5    eval   369   this Q       493.9   best Q       424.5   297.2 min
  restart   3/5    eval   370   this Q       491.5   best Q       424.5   297.4 min
  restart   3/5    eval   371   this Q       493.4   best Q       424.5   297.6 min
  restart   3/5    eval   372   this Q       493.3   best Q       424.5   297.8 min
  restart   3/5    eval   373   this Q       487.7   best Q       424.5   298.0 min
  restart   3/5    eval   374   this Q       486.5   best Q       424.5   298.2 min
  restart   3/5    eval   375   this Q       490.5   best Q       424.5   298.4 min
  restart   3/5    eval   376   this Q       499.9   best Q       424.5   298.6 min
  restart   3/5    eval   377   this Q       491.2   best Q       424.5   298.8 min
  restart   3/5    eval   378   this Q         486   best Q       424.5   299.0 min
  restart   3/5    eval   379   this Q       485.9   best Q       424.5   299.2 min
  restart   3/5    eval   380   this Q       490.7   best Q       424.5   299.4 min
  restart   3/5    eval   381   this Q       481.7   best Q       424.5   299.6 min
  restart   3/5    eval   382   this Q       482.2   best Q       424.5   299.8 min
  restart   3/5    eval   383   this Q       486.6   best Q       424.5   300.0 min
  restart   3/5    eval   384   this Q         485   best Q       424.5   300.2 min
  restart   3/5    eval   385   this Q       490.1   best Q       424.5   300.4 min
  restart   3/5    eval   386   this Q       493.9   best Q       424.5   300.6 min
  restart   3/5    eval   387   this Q       489.6   best Q       424.5   300.8 min
  restart   3/5    eval   388   this Q       485.4   best Q       424.5   301.0 min
  restart   3/5    eval   389   this Q       483.5   best Q       424.5   301.2 min
  restart   3/5    eval   390   this Q       487.6   best Q       424.5   301.4 min
  restart   3/5    eval   391   this Q       482.7   best Q       424.5   301.6 min
  restart   3/5    eval   392   this Q         483   best Q       424.5   301.8 min
  restart   3/5    eval   393   this Q       487.6   best Q       424.5   302.0 min
  restart   3/5    eval   394   this Q       486.9   best Q       424.5   302.2 min
  restart   3/5    eval   395   this Q       483.6   best Q       424.5   302.4 min
  restart   3/5    eval   396   this Q       482.1   best Q       424.5   302.6 min
  restart   3/5    eval   397   this Q       480.6   best Q       424.5   302.8 min
  restart   3/5    eval   398   this Q       482.4   best Q       424.5   303.0 min
  restart   3/5    eval   399   this Q       484.2   best Q       424.5   303.2 min
  restart   3/5    eval   400   this Q       488.9   best Q       424.5   303.4 min
  restart   3/5    eval   401   this Q       483.1   best Q       424.5   303.6 min
  restart   3/5    eval   402   this Q       483.1   best Q       424.5   303.8 min
  restart   3/5    eval   403   this Q       481.4   best Q       424.5   304.0 min
  restart   3/5    eval   404   this Q         485   best Q       424.5   304.2 min
  restart   3/5    eval   405   this Q       476.8   best Q       424.5   304.4 min
  restart   3/5    eval   406   this Q       474.4   best Q       424.5   304.6 min
  restart   3/5    eval   407   this Q       479.6   best Q       424.5   304.8 min
  restart   3/5    eval   408   this Q       478.9   best Q       424.5   305.0 min
  restart   3/5    eval   409   this Q       478.1   best Q       424.5   305.2 min
  restart   3/5    eval   410   this Q       476.9   best Q       424.5   305.4 min
  restart   3/5    eval   411   this Q       480.8   best Q       424.5   305.6 min
  restart   3/5    eval   412   this Q       483.3   best Q       424.5   305.8 min
  restart   3/5    eval   413   this Q       479.9   best Q       424.5   306.0 min
  restart   3/5    eval   414   this Q       476.7   best Q       424.5   306.2 min
  restart   3/5    eval   415   this Q       482.5   best Q       424.5   306.4 min
  restart   3/5    eval   416   this Q       480.4   best Q       424.5   306.6 min
  restart   3/5    eval   417   this Q       477.1   best Q       424.5   306.8 min
  restart   3/5    eval   418   this Q       474.1   best Q       424.5   307.0 min
  restart   3/5    eval   419   this Q       476.5   best Q       424.5   307.2 min
  restart   3/5    eval   420   this Q       477.1   best Q       424.5   307.4 min
  restart   3/5    eval   421   this Q       478.2   best Q       424.5   307.6 min
  restart   3/5    eval   422   this Q       476.4   best Q       424.5   307.8 min
  restart   3/5    eval   423   this Q       474.4   best Q       424.5   308.0 min
  restart   3/5    eval   424   this Q       472.3   best Q       424.5   308.2 min
  restart   3/5    eval   425   this Q       472.4   best Q       424.5   308.4 min
  restart   3/5    eval   426   this Q       477.5   best Q       424.5   308.6 min
  restart   3/5    eval   427   this Q       472.8   best Q       424.5   308.8 min
  restart   3/5    eval   428   this Q       474.6   best Q       424.5   309.0 min
  restart   3/5    eval   429   this Q       473.7   best Q       424.5   309.2 min
  restart   3/5    eval   430   this Q       471.5   best Q       424.5   309.4 min
  restart   3/5    eval   431   this Q       475.9   best Q       424.5   309.6 min
  restart   3/5    eval   432   this Q       469.8   best Q       424.5   309.8 min
  restart   3/5    eval   433   this Q       473.2   best Q       424.5   310.0 min
  restart   3/5    eval   434   this Q       475.9   best Q       424.5   310.2 min
  restart   3/5    eval   435   this Q       469.9   best Q       424.5   310.4 min
  restart   3/5    eval   436   this Q       474.8   best Q       424.5   310.6 min
  restart   3/5    eval   437   this Q       472.4   best Q       424.5   310.8 min
  restart   3/5    eval   438   this Q       471.8   best Q       424.5   311.0 min
  restart   3/5    eval   439   this Q       469.5   best Q       424.5   311.2 min
  restart   3/5    eval   440   this Q       473.5   best Q       424.5   311.4 min
  restart   3/5    eval   441   this Q       468.7   best Q       424.5   311.6 min
  restart   3/5    eval   442   this Q       472.2   best Q       424.5   311.8 min
  restart   3/5    eval   443   this Q       473.6   best Q       424.5   312.0 min
  restart   3/5    eval   444   this Q       470.2   best Q       424.5   312.2 min
  restart   3/5    eval   445   this Q       473.4   best Q       424.5   312.4 min
  restart   3/5    eval   446   this Q         476   best Q       424.5   312.6 min
  restart   3/5    eval   447   this Q       473.1   best Q       424.5   312.8 min
  restart   3/5    eval   448   this Q       469.1   best Q       424.5   313.0 min
  restart   3/5    eval   449   this Q       467.1   best Q       424.5   313.2 min
  restart   3/5    eval   450   this Q         468   best Q       424.5   313.4 min
  restart   3/5    eval   451   this Q       467.9   best Q       424.5   313.6 min
  restart   3/5    eval   452   this Q       468.3   best Q       424.5   313.8 min
  restart   3/5    eval   453   this Q       473.4   best Q       424.5   314.0 min
  restart   3/5    eval   454   this Q       469.9   best Q       424.5   314.2 min
  restart   3/5    eval   455   this Q       469.9   best Q       424.5   314.4 min
  restart   3/5    eval   456   this Q       468.2   best Q       424.5   314.6 min
  restart   3/5    eval   457   this Q       468.1   best Q       424.5   314.8 min
  restart   3/5    eval   458   this Q       469.7   best Q       424.5   315.0 min
  restart   3/5    eval   459   this Q         465   best Q       424.5   315.2 min
  restart   3/5    eval   460   this Q       466.3   best Q       424.5   315.4 min
  restart   3/5    eval   461   this Q       471.2   best Q       424.5   315.6 min
  restart   3/5    eval   462   this Q       468.3   best Q       424.5   315.8 min
  restart   3/5    eval   463   this Q       470.8   best Q       424.5   316.0 min
  restart   3/5    eval   464   this Q       468.1   best Q       424.5   316.2 min
  restart   3/5    eval   465   this Q       466.7   best Q       424.5   316.4 min
  restart   3/5    eval   466   this Q       471.6   best Q       424.5   316.6 min
  restart   3/5    eval   467   this Q       466.8   best Q       424.5   316.8 min
  restart   3/5    eval   468   this Q       465.5   best Q       424.5   317.0 min
  restart   3/5    eval   469   this Q       466.9   best Q       424.5   317.2 min
  restart   3/5    eval   470   this Q         464   best Q       424.5   317.4 min
  restart   3/5    eval   471   this Q       466.4   best Q       424.5   317.6 min
  restart   3/5    eval   472   this Q       467.6   best Q       424.5   317.8 min
  restart   3/5    eval   473   this Q       464.7   best Q       424.5   318.0 min
  restart   3/5    eval   474   this Q       465.3   best Q       424.5   318.2 min
  restart   3/5    eval   475   this Q       467.8   best Q       424.5   318.4 min
  restart   3/5    eval   476   this Q       469.5   best Q       424.5   318.6 min
  restart   3/5    eval   477   this Q         466   best Q       424.5   318.8 min
  restart   3/5    eval   478   this Q         469   best Q       424.5   319.0 min
  restart   3/5    eval   479   this Q       466.6   best Q       424.5   319.2 min
  restart   3/5    eval   480   this Q       465.4   best Q       424.5   319.4 min
  restart   3/5    eval   481   this Q       465.3   best Q       424.5   319.6 min
  restart   3/5    eval   482   this Q       462.9   best Q       424.5   319.8 min
  restart   3/5    eval   483   this Q       462.7   best Q       424.5   320.0 min
  restart   3/5    eval   484   this Q       464.9   best Q       424.5   320.2 min
  restart   3/5    eval   485   this Q       468.1   best Q       424.5   320.4 min
  restart   3/5    eval   486   this Q       464.9   best Q       424.5   320.6 min
  restart   3/5    eval   487   this Q       465.8   best Q       424.5   320.8 min
  restart   3/5    eval   488   this Q       464.1   best Q       424.5   321.0 min
  restart   3/5    eval   489   this Q       465.2   best Q       424.5   321.2 min
  restart   3/5    eval   490   this Q       463.8   best Q       424.5   321.4 min
  restart   3/5    eval   491   this Q         463   best Q       424.5   321.6 min
  restart   3/5    eval   492   this Q       461.4   best Q       424.5   321.8 min
  restart   3/5    eval   493   this Q         462   best Q       424.5   322.0 min
  restart   3/5    eval   494   this Q       463.1   best Q       424.5   322.2 min
  restart   3/5    eval   495   this Q       463.8   best Q       424.5   322.4 min
  restart   3/5    eval   496   this Q       462.4   best Q       424.5   322.6 min
  restart   3/5    eval   497   this Q       462.7   best Q       424.5   322.8 min
  restart   3/5    eval   498   this Q         465   best Q       424.5   323.0 min
  restart   3/5    eval   499   this Q       466.6   best Q       424.5   323.2 min
  restart   3/5    eval   500   this Q       463.3   best Q       424.5   323.4 min
  restart   3/5    eval   501   this Q       461.7   best Q       424.5   323.6 min
  restart   3/5   DONE   this       461.4   best Q       424.5   323.6 min, ~216 min left
  restart   4/5    eval     1   this Q        1094   best Q       424.5   323.8 min
  restart   4/5    eval     2   this Q        1094   best Q       424.5   324.0 min
  restart   4/5    eval     3   this Q   1.102e+04   best Q       424.5   324.2 min
  restart   4/5    eval     4   this Q   1.002e+04   best Q       424.5   324.4 min
  restart   4/5    eval     5   this Q   1.512e+04   best Q       424.5   324.6 min
  restart   4/5    eval     6   this Q       1e+06   best Q       424.5   324.8 min
  restart   4/5    eval     7   this Q       1e+06   best Q       424.5   325.0 min
  restart   4/5    eval     8   this Q       1e+06   best Q       424.5   325.2 min
  restart   4/5    eval     9   this Q        6458   best Q       424.5   325.4 min
  restart   4/5    eval    10   this Q        2618   best Q       424.5   325.6 min
  restart   4/5    eval    11   this Q       1e+06   best Q       424.5   325.8 min
  restart   4/5    eval    12   this Q        1144   best Q       424.5   326.0 min
  restart   4/5    eval    13   this Q       1e+06   best Q       424.5   326.2 min
  restart   4/5    eval    14   this Q        1261   best Q       424.5   326.4 min
  restart   4/5    eval    15   this Q       1e+06   best Q       424.5   326.6 min
  restart   4/5    eval    16   this Q        2751   best Q       424.5   326.8 min
  restart   4/5    eval    17   this Q        1174   best Q       424.5   327.0 min
  restart   4/5    eval    18   this Q        1015   best Q       424.5   327.2 min
  restart   4/5    eval    19   this Q        8546   best Q       424.5   327.4 min
  restart   4/5    eval    20   this Q   1.693e+04   best Q       424.5   327.6 min
  restart   4/5    eval    21   this Q   2.291e+04   best Q       424.5   327.8 min
  restart   4/5    eval    22   this Q   3.848e+04   best Q       424.5   328.0 min
  restart   4/5    eval    23   this Q   6.551e+04   best Q       424.5   328.2 min
  restart   4/5    eval    24   this Q       1e+06   best Q       424.5   328.5 min
  restart   4/5    eval    25   this Q   1.568e+05   best Q       424.5   328.7 min
  restart   4/5    eval    26   this Q       1e+06   best Q       424.5   328.9 min
  restart   4/5    eval    27   this Q   5.188e+04   best Q       424.5   329.1 min
  restart   4/5    eval    28   this Q       1e+06   best Q       424.5   329.3 min
  restart   4/5    eval    29   this Q   2.697e+04   best Q       424.5   329.5 min
  restart   4/5    eval    30   this Q   1.599e+04   best Q       424.5   329.7 min
  restart   4/5    eval    31   this Q       1e+06   best Q       424.5   329.9 min
  restart   4/5    eval    32   this Q   1.475e+04   best Q       424.5   330.1 min
  restart   4/5    eval    33   this Q       1e+06   best Q       424.5   330.3 min
  restart   4/5    eval    34   this Q   1.085e+04   best Q       424.5   330.5 min
  restart   4/5    eval    35   this Q       1e+06   best Q       424.5   330.8 min
  restart   4/5    eval    36   this Q   1.011e+04   best Q       424.5   331.0 min
  restart   4/5    eval    37   this Q       1e+06   best Q       424.5   331.2 min
  restart   4/5    eval    38   this Q        5255   best Q       424.5   331.4 min
  restart   4/5    eval    39   this Q    3.93e+04   best Q       424.5   331.6 min
  restart   4/5    eval    40   this Q        2463   best Q       424.5   331.8 min
  restart   4/5    eval    41   this Q        9466   best Q       424.5   332.0 min
  restart   4/5    eval    42   this Q       1e+06   best Q       424.5   332.2 min
  restart   4/5    eval    43   this Q        5914   best Q       424.5   332.4 min
  restart   4/5    eval    44   this Q   1.049e+04   best Q       424.5   332.6 min
  restart   4/5    eval    45   this Q        6701   best Q       424.5   332.8 min
  restart   4/5    eval    46   this Q   1.378e+04   best Q       424.5   333.0 min
  restart   4/5    eval    47   this Q        5316   best Q       424.5   333.3 min
  restart   4/5    eval    48   this Q   1.562e+04   best Q       424.5   333.5 min
  restart   4/5    eval    49   this Q        4258   best Q       424.5   333.7 min
  restart   4/5    eval    50   this Q        7792   best Q       424.5   333.9 min
  restart   4/5    eval    51   this Q   1.124e+04   best Q       424.5   334.1 min
  restart   4/5    eval    52   this Q        4391   best Q       424.5   334.3 min
  restart   4/5    eval    53   this Q   1.046e+04   best Q       424.5   334.5 min
  restart   4/5    eval    54   this Q        3393   best Q       424.5   334.7 min
  restart   4/5    eval    55   this Q        9694   best Q       424.5   334.9 min
  restart   4/5    eval    56   this Q        2213   best Q       424.5   335.1 min
  restart   4/5    eval    57   this Q        8187   best Q       424.5   335.3 min
  restart   4/5    eval    58   this Q        2139   best Q       424.5   335.6 min
  restart   4/5    eval    59   this Q        2410   best Q       424.5   335.8 min
  restart   4/5    eval    60   this Q        4284   best Q       424.5   336.0 min
  restart   4/5    eval    61   this Q        3098   best Q       424.5   336.2 min
  restart   4/5    eval    62   this Q       1e+06   best Q       424.5   336.4 min
  restart   4/5    eval    63   this Q        2125   best Q       424.5   336.6 min
  restart   4/5    eval    64   this Q        1911   best Q       424.5   336.8 min
  restart   4/5    eval    65   this Q        4831   best Q       424.5   337.0 min
  restart   4/5    eval    66   this Q        1653   best Q       424.5   337.2 min
  restart   4/5    eval    67   this Q        4860   best Q       424.5   337.4 min
  restart   4/5    eval    68   this Q        1942   best Q       424.5   337.6 min
  restart   4/5    eval    69   this Q        4248   best Q       424.5   337.8 min
  restart   4/5    eval    70   this Q        1704   best Q       424.5   338.0 min
  restart   4/5    eval    71   this Q        4708   best Q       424.5   338.3 min
  restart   4/5    eval    72   this Q        1081   best Q       424.5   338.5 min
  restart   4/5    eval    73   this Q        1428   best Q       424.5   338.7 min
  restart   4/5    eval    74   this Q        1420   best Q       424.5   338.9 min
  restart   4/5    eval    75   this Q        3885   best Q       424.5   339.1 min
  restart   4/5    eval    76   this Q        1235   best Q       424.5   339.3 min
  restart   4/5    eval    77   this Q        3386   best Q       424.5   339.5 min
  restart   4/5    eval    78   this Q        1595   best Q       424.5   339.7 min
  restart   4/5    eval    79   this Q        3420   best Q       424.5   339.9 min
  restart   4/5    eval    80   this Q        1109   best Q       424.5   340.1 min
  restart   4/5    eval    81   this Q        2279   best Q       424.5   340.3 min
  restart   4/5    eval    82   this Q        1333   best Q       424.5   340.5 min
  restart   4/5    eval    83   this Q        3116   best Q       424.5   340.7 min
  restart   4/5    eval    84   this Q        1453   best Q       424.5   341.0 min
  restart   4/5    eval    85   this Q        1418   best Q       424.5   341.2 min
  restart   4/5    eval    86   this Q        4185   best Q       424.5   341.4 min
  restart   4/5    eval    87   this Q        1137   best Q       424.5   341.6 min
  restart   4/5    eval    88   this Q        1327   best Q       424.5   341.8 min
  restart   4/5    eval    89   this Q        1556   best Q       424.5   342.0 min
  restart   4/5    eval    90   this Q        1052   best Q       424.5   342.2 min
  restart   4/5    eval    91   this Q        1664   best Q       424.5   342.4 min
  restart   4/5    eval    92   this Q        1143   best Q       424.5   342.6 min
  restart   4/5    eval    93   this Q        2404   best Q       424.5   342.8 min
  restart   4/5    eval    94   this Q        1177   best Q       424.5   343.0 min
  restart   4/5    eval    95   this Q        3416   best Q       424.5   343.3 min
  restart   4/5    eval    96   this Q        1149   best Q       424.5   343.5 min
  restart   4/5    eval    97   this Q        2829   best Q       424.5   343.7 min
  restart   4/5    eval    98   this Q        1172   best Q       424.5   343.9 min
  restart   4/5    eval    99   this Q        1443   best Q       424.5   344.1 min
  restart   4/5    eval   100   this Q        1050   best Q       424.5   344.3 min
  restart   4/5    eval   101   this Q       789.5   best Q       424.5   344.5 min
  restart   4/5    eval   102   this Q         884   best Q       424.5   344.7 min
  restart   4/5    eval   103   this Q        1708   best Q       424.5   344.9 min
  restart   4/5    eval   104   this Q       951.3   best Q       424.5   345.1 min
  restart   4/5    eval   105   this Q       826.9   best Q       424.5   345.4 min
  restart   4/5    eval   106   this Q        1218   best Q       424.5   345.6 min
  restart   4/5    eval   107   this Q       956.2   best Q       424.5   345.8 min
  restart   4/5    eval   108   this Q       866.1   best Q       424.5   346.0 min
  restart   4/5    eval   109   this Q       923.3   best Q       424.5   346.2 min
  restart   4/5    eval   110   this Q       844.2   best Q       424.5   346.4 min
  restart   4/5    eval   111   this Q        1087   best Q       424.5   346.6 min
  restart   4/5    eval   112   this Q       697.6   best Q       424.5   346.8 min
  restart   4/5    eval   113   this Q       997.9   best Q       424.5   347.0 min
  restart   4/5    eval   114   this Q       857.8   best Q       424.5   347.2 min
  restart   4/5    eval   115   this Q        1862   best Q       424.5   347.5 min
  restart   4/5    eval   116   this Q       766.6   best Q       424.5   347.7 min
  restart   4/5    eval   117   this Q        1954   best Q       424.5   347.9 min
  restart   4/5    eval   118   this Q       935.3   best Q       424.5   348.1 min
  restart   4/5    eval   119   this Q       778.3   best Q       424.5   348.3 min
  restart   4/5    eval   120   this Q       971.9   best Q       424.5   348.5 min
  restart   4/5    eval   121   this Q       929.5   best Q       424.5   348.7 min
  restart   4/5    eval   122   this Q        1011   best Q       424.5   348.9 min
  restart   4/5    eval   123   this Q       679.5   best Q       424.5   349.1 min
  restart   4/5    eval   124   this Q       953.9   best Q       424.5   349.4 min
  restart   4/5    eval   125   this Q       881.3   best Q       424.5   349.6 min
  restart   4/5    eval   126   this Q       914.4   best Q       424.5   349.8 min
  restart   4/5    eval   127   this Q       890.3   best Q       424.5   350.0 min
  restart   4/5    eval   128   this Q       746.2   best Q       424.5   350.2 min
  restart   4/5    eval   129   this Q       741.7   best Q       424.5   350.4 min
  restart   4/5    eval   130   this Q       766.5   best Q       424.5   350.6 min
  restart   4/5    eval   131   this Q       988.6   best Q       424.5   350.8 min
  restart   4/5    eval   132   this Q       677.9   best Q       424.5   351.0 min
  restart   4/5    eval   133   this Q       913.5   best Q       424.5   351.3 min
  restart   4/5    eval   134   this Q         745   best Q       424.5   351.5 min
  restart   4/5    eval   135   this Q       921.9   best Q       424.5   351.7 min
  restart   4/5    eval   136   this Q       608.2   best Q       424.5   351.9 min
  restart   4/5    eval   137   this Q       733.8   best Q       424.5   352.1 min
  restart   4/5    eval   138   this Q       783.8   best Q       424.5   352.3 min
  restart   4/5    eval   139   this Q       795.8   best Q       424.5   352.5 min
  restart   4/5    eval   140   this Q       877.8   best Q       424.5   352.7 min
  restart   4/5    eval   141   this Q       607.4   best Q       424.5   353.0 min
  restart   4/5    eval   142   this Q       799.9   best Q       424.5   353.2 min
  restart   4/5    eval   143   this Q       629.3   best Q       424.5   353.4 min
  restart   4/5    eval   144   this Q       976.5   best Q       424.5   353.6 min
  restart   4/5    eval   145   this Q       649.4   best Q       424.5   353.8 min
  restart   4/5    eval   146   this Q         731   best Q       424.5   354.0 min
  restart   4/5    eval   147   this Q       612.2   best Q       424.5   354.2 min
  restart   4/5    eval   148   this Q       932.3   best Q       424.5   354.4 min
  restart   4/5    eval   149   this Q       568.8   best Q       424.5   354.6 min
  restart   4/5    eval   150   this Q       712.5   best Q       424.5   354.9 min
  restart   4/5    eval   151   this Q         675   best Q       424.5   355.1 min
  restart   4/5    eval   152   this Q       758.6   best Q       424.5   355.3 min
  restart   4/5    eval   153   this Q       631.5   best Q       424.5   355.5 min
  restart   4/5    eval   154   this Q       902.5   best Q       424.5   355.7 min
  restart   4/5    eval   155   this Q       576.9   best Q       424.5   355.9 min
  restart   4/5    eval   156   this Q       781.7   best Q       424.5   356.1 min
  restart   4/5    eval   157   this Q       602.5   best Q       424.5   356.3 min
  restart   4/5    eval   158   this Q       642.8   best Q       424.5   356.6 min
  restart   4/5    eval   159   this Q        1034   best Q       424.5   356.8 min
  restart   4/5    eval   160   this Q       643.9   best Q       424.5   357.0 min
  restart   4/5    eval   161   this Q       785.2   best Q       424.5   357.2 min
  restart   4/5    eval   162   this Q       562.1   best Q       424.5   357.4 min
  restart   4/5    eval   163   this Q       814.5   best Q       424.5   357.6 min
  restart   4/5    eval   164   this Q       576.4   best Q       424.5   357.8 min
  restart   4/5    eval   165   this Q         804   best Q       424.5   358.0 min
  restart   4/5    eval   166   this Q       602.5   best Q       424.5   358.3 min
  restart   4/5    eval   167   this Q       682.6   best Q       424.5   358.5 min
  restart   4/5    eval   168   this Q       569.5   best Q       424.5   358.7 min
  restart   4/5    eval   169   this Q       570.1   best Q       424.5   358.9 min
  restart   4/5    eval   170   this Q       724.3   best Q       424.5   359.1 min
  restart   4/5    eval   171   this Q       558.5   best Q       424.5   359.3 min
  restart   4/5    eval   172   this Q       722.5   best Q       424.5   359.5 min
  restart   4/5    eval   173   this Q       565.5   best Q       424.5   359.7 min
  restart   4/5    eval   174   this Q         586   best Q       424.5   359.9 min
  restart   4/5    eval   175   this Q       681.7   best Q       424.5   360.1 min
  restart   4/5    eval   176   this Q       555.4   best Q       424.5   360.4 min
  restart   4/5    eval   177   this Q       677.5   best Q       424.5   360.6 min
  restart   4/5    eval   178   this Q       560.6   best Q       424.5   360.8 min
  restart   4/5    eval   179   this Q       722.9   best Q       424.5   361.0 min
  restart   4/5    eval   180   this Q       547.6   best Q       424.5   361.2 min
  restart   4/5    eval   181   this Q         696   best Q       424.5   361.4 min
  restart   4/5    eval   182   this Q       540.3   best Q       424.5   361.6 min
  restart   4/5    eval   183   this Q       567.2   best Q       424.5   361.8 min
  restart   4/5    eval   184   this Q       556.7   best Q       424.5   362.1 min
  restart   4/5    eval   185   this Q       558.3   best Q       424.5   362.3 min
  restart   4/5    eval   186   this Q       607.6   best Q       424.5   362.5 min
  restart   4/5    eval   187   this Q       545.8   best Q       424.5   362.7 min
  restart   4/5    eval   188   this Q       634.4   best Q       424.5   362.9 min
  restart   4/5    eval   189   this Q       530.8   best Q       424.5   363.1 min
  restart   4/5    eval   190   this Q       559.1   best Q       424.5   363.3 min
  restart   4/5    eval   191   this Q       571.9   best Q       424.5   363.5 min
  restart   4/5    eval   192   this Q       530.3   best Q       424.5   363.7 min
  restart   4/5    eval   193   this Q       635.7   best Q       424.5   364.0 min
  restart   4/5    eval   194   this Q       524.7   best Q       424.5   364.2 min
  restart   4/5    eval   195   this Q         548   best Q       424.5   364.4 min
  restart   4/5    eval   196   this Q       606.7   best Q       424.5   364.6 min
  restart   4/5    eval   197   this Q         527   best Q       424.5   364.8 min
  restart   4/5    eval   198   this Q         624   best Q       424.5   365.0 min
  restart   4/5    eval   199   this Q       531.9   best Q       424.5   365.2 min
  restart   4/5    eval   200   this Q       585.2   best Q       424.5   365.4 min
  restart   4/5    eval   201   this Q       536.5   best Q       424.5   365.6 min
  restart   4/5    eval   202   this Q       554.7   best Q       424.5   365.8 min
  restart   4/5    eval   203   this Q       533.3   best Q       424.5   366.1 min
  restart   4/5    eval   204   this Q       607.6   best Q       424.5   366.3 min
  restart   4/5    eval   205   this Q       521.1   best Q       424.5   366.5 min
  restart   4/5    eval   206   this Q       515.7   best Q       424.5   366.7 min
  restart   4/5    eval   207   this Q       566.6   best Q       424.5   366.9 min
  restart   4/5    eval   208   this Q       574.9   best Q       424.5   367.1 min
  restart   4/5    eval   209   this Q       519.6   best Q       424.5   367.3 min
  restart   4/5    eval   210   this Q       588.8   best Q       424.5   367.5 min
  restart   4/5    eval   211   this Q       521.2   best Q       424.5   367.7 min
  restart   4/5    eval   212   this Q       552.3   best Q       424.5   367.9 min
  restart   4/5    eval   213   this Q       548.3   best Q       424.5   368.2 min
  restart   4/5    eval   214   this Q       567.3   best Q       424.5   368.4 min
  restart   4/5    eval   215   this Q       520.4   best Q       424.5   368.6 min
  restart   4/5    eval   216   this Q       550.8   best Q       424.5   368.8 min
  restart   4/5    eval   217   this Q       519.5   best Q       424.5   369.0 min
  restart   4/5    eval   218   this Q       547.8   best Q       424.5   369.2 min
  restart   4/5    eval   219   this Q       523.7   best Q       424.5   369.4 min
  restart   4/5    eval   220   this Q         528   best Q       424.5   369.6 min
  restart   4/5    eval   221   this Q       520.5   best Q       424.5   369.8 min
  restart   4/5    eval   222   this Q       539.2   best Q       424.5   370.0 min
  restart   4/5    eval   223   this Q         517   best Q       424.5   370.3 min
  restart   4/5    eval   224   this Q       513.9   best Q       424.5   370.5 min
  restart   4/5    eval   225   this Q       562.8   best Q       424.5   370.7 min
  restart   4/5    eval   226   this Q       543.6   best Q       424.5   370.9 min
  restart   4/5    eval   227   this Q       512.1   best Q       424.5   371.1 min
  restart   4/5    eval   228   this Q         528   best Q       424.5   371.3 min
  restart   4/5    eval   229   this Q       518.7   best Q       424.5   371.5 min
  restart   4/5    eval   230   this Q       510.7   best Q       424.5   371.7 min
  restart   4/5    eval   231   this Q       544.4   best Q       424.5   371.9 min
  restart   4/5    eval   232   this Q         532   best Q       424.5   372.2 min
  restart   4/5    eval   233   this Q       509.5   best Q       424.5   372.4 min
  restart   4/5    eval   234   this Q       562.3   best Q       424.5   372.6 min
  restart   4/5    eval   235   this Q       509.5   best Q       424.5   372.8 min
  restart   4/5    eval   236   this Q         522   best Q       424.5   373.0 min
  restart   4/5    eval   237   this Q       522.2   best Q       424.5   373.2 min
  restart   4/5    eval   238   this Q       516.3   best Q       424.5   373.4 min
  restart   4/5    eval   239   this Q       524.5   best Q       424.5   373.6 min
  restart   4/5    eval   240   this Q       509.4   best Q       424.5   373.8 min
  restart   4/5    eval   241   this Q       527.9   best Q       424.5   374.1 min
  restart   4/5    eval   242   this Q       508.7   best Q       424.5   374.3 min
  restart   4/5    eval   243   this Q       516.8   best Q       424.5   374.5 min
  restart   4/5    eval   244   this Q       517.2   best Q       424.5   374.7 min
  restart   4/5    eval   245   this Q       514.6   best Q       424.5   374.9 min
  restart   4/5    eval   246   this Q       516.4   best Q       424.5   375.1 min
  restart   4/5    eval   247   this Q       511.8   best Q       424.5   375.3 min
  restart   4/5    eval   248   this Q         504   best Q       424.5   375.5 min
  restart   4/5    eval   249   this Q       517.3   best Q       424.5   375.7 min
  restart   4/5    eval   250   this Q       513.1   best Q       424.5   375.9 min
  restart   4/5    eval   251   this Q       524.7   best Q       424.5   376.2 min
  restart   4/5    eval   252   this Q       504.1   best Q       424.5   376.4 min
  restart   4/5    eval   253   this Q       509.3   best Q       424.5   376.6 min
  restart   4/5    eval   254   this Q       511.7   best Q       424.5   376.8 min
  restart   4/5    eval   255   this Q       516.3   best Q       424.5   377.0 min
  restart   4/5    eval   256   this Q       505.8   best Q       424.5   377.2 min
  restart   4/5    eval   257   this Q       508.2   best Q       424.5   377.4 min
  restart   4/5    eval   258   this Q       515.9   best Q       424.5   377.6 min
  restart   4/5    eval   259   this Q       506.8   best Q       424.5   377.9 min
  restart   4/5    eval   260   this Q       512.3   best Q       424.5   378.1 min
  restart   4/5    eval   261   this Q       510.7   best Q       424.5   378.3 min
  restart   4/5    eval   262   this Q       521.4   best Q       424.5   378.5 min
  restart   4/5    eval   263   this Q       505.6   best Q       424.5   378.7 min
  restart   4/5    eval   264   this Q       520.8   best Q       424.5   378.9 min
  restart   4/5    eval   265   this Q       502.8   best Q       424.5   379.1 min
  restart   4/5    eval   266   this Q       507.2   best Q       424.5   379.3 min
  restart   4/5    eval   267   this Q       510.1   best Q       424.5   379.5 min
  restart   4/5    eval   268   this Q       504.2   best Q       424.5   379.8 min
  restart   4/5    eval   269   this Q       506.6   best Q       424.5   380.0 min
  restart   4/5    eval   270   this Q       509.8   best Q       424.5   380.2 min
  restart   4/5    eval   271   this Q       507.3   best Q       424.5   380.4 min
  restart   4/5    eval   272   this Q       511.1   best Q       424.5   380.6 min
  restart   4/5    eval   273   this Q       501.3   best Q       424.5   380.8 min
  restart   4/5    eval   274   this Q       501.8   best Q       424.5   381.0 min
  restart   4/5    eval   275   this Q         521   best Q       424.5   381.2 min
  restart   4/5    eval   276   this Q       501.4   best Q       424.5   381.4 min
  restart   4/5    eval   277   this Q       496.9   best Q       424.5   381.6 min
  restart   4/5    eval   278   this Q       501.3   best Q       424.5   381.9 min
  restart   4/5    eval   279   this Q       513.8   best Q       424.5   382.1 min
  restart   4/5    eval   280   this Q       500.2   best Q       424.5   382.3 min
  restart   4/5    eval   281   this Q       497.7   best Q       424.5   382.5 min
  restart   4/5    eval   282   this Q       512.3   best Q       424.5   382.7 min
  restart   4/5    eval   283   this Q       501.4   best Q       424.5   382.9 min
  restart   4/5    eval   284   this Q       504.5   best Q       424.5   383.1 min
  restart   4/5    eval   285   this Q       518.7   best Q       424.5   383.3 min
  restart   4/5    eval   286   this Q       500.4   best Q       424.5   383.5 min
  restart   4/5    eval   287   this Q       501.3   best Q       424.5   383.8 min
  restart   4/5    eval   288   this Q       503.9   best Q       424.5   384.0 min
  restart   4/5    eval   289   this Q       495.8   best Q       424.5   384.2 min
  restart   4/5    eval   290   this Q       505.6   best Q       424.5   384.4 min
  restart   4/5    eval   291   this Q       498.1   best Q       424.5   384.6 min
  restart   4/5    eval   292   this Q       501.3   best Q       424.5   384.8 min
  restart   4/5    eval   293   this Q       500.2   best Q       424.5   385.0 min
  restart   4/5    eval   294   this Q       496.6   best Q       424.5   385.2 min
  restart   4/5    eval   295   this Q       496.2   best Q       424.5   385.5 min
  restart   4/5    eval   296   this Q       500.9   best Q       424.5   385.7 min
  restart   4/5    eval   297   this Q       497.2   best Q       424.5   385.9 min
  restart   4/5    eval   298   this Q       498.1   best Q       424.5   386.1 min
  restart   4/5    eval   299   this Q       494.2   best Q       424.5   386.3 min
  restart   4/5    eval   300   this Q       504.6   best Q       424.5   386.5 min
  restart   4/5    eval   301   this Q       494.4   best Q       424.5   386.7 min
  restart   4/5    eval   302   this Q       493.3   best Q       424.5   386.9 min
  restart   4/5    eval   303   this Q         499   best Q       424.5   387.1 min
  restart   4/5    eval   304   this Q       495.5   best Q       424.5   387.3 min
  restart   4/5    eval   305   this Q       500.8   best Q       424.5   387.6 min
  restart   4/5    eval   306   this Q       498.2   best Q       424.5   387.8 min
  restart   4/5    eval   307   this Q       500.4   best Q       424.5   388.0 min
  restart   4/5    eval   308   this Q       494.3   best Q       424.5   388.2 min
  restart   4/5    eval   309   this Q       492.3   best Q       424.5   388.4 min
  restart   4/5    eval   310   this Q       502.1   best Q       424.5   388.6 min
  restart   4/5    eval   311   this Q       489.1   best Q       424.5   388.8 min
  restart   4/5    eval   312   this Q       490.5   best Q       424.5   389.0 min
  restart   4/5    eval   313   this Q       496.3   best Q       424.5   389.2 min
  restart   4/5    eval   314   this Q       499.8   best Q       424.5   389.4 min
  restart   4/5    eval   315   this Q         493   best Q       424.5   389.7 min
  restart   4/5    eval   316   this Q       494.8   best Q       424.5   389.9 min
  restart   4/5    eval   317   this Q       493.1   best Q       424.5   390.1 min
  restart   4/5    eval   318   this Q       490.9   best Q       424.5   390.3 min
  restart   4/5    eval   319   this Q       495.5   best Q       424.5   390.5 min
  restart   4/5    eval   320   this Q       493.1   best Q       424.5   390.7 min
  restart   4/5    eval   321   this Q         503   best Q       424.5   390.9 min
  restart   4/5    eval   322   this Q       492.7   best Q       424.5   391.1 min
  restart   4/5    eval   323   this Q       495.5   best Q       424.5   391.3 min
  restart   4/5    eval   324   this Q       495.3   best Q       424.5   391.6 min
  restart   4/5    eval   325   this Q       488.1   best Q       424.5   391.8 min
  restart   4/5    eval   326   this Q       489.9   best Q       424.5   392.0 min
  restart   4/5    eval   327   this Q       490.5   best Q       424.5   392.2 min
  restart   4/5    eval   328   this Q         499   best Q       424.5   392.4 min
  restart   4/5    eval   329   this Q         492   best Q       424.5   392.6 min
  restart   4/5    eval   330   this Q       494.8   best Q       424.5   392.8 min
  restart   4/5    eval   331   this Q       493.7   best Q       424.5   393.0 min
  restart   4/5    eval   332   this Q       496.6   best Q       424.5   393.2 min
  restart   4/5    eval   333   this Q       491.5   best Q       424.5   393.4 min
  restart   4/5    eval   334   this Q       496.5   best Q       424.5   393.7 min
  restart   4/5    eval   335   this Q       489.3   best Q       424.5   393.9 min
  restart   4/5    eval   336   this Q       490.4   best Q       424.5   394.1 min
  restart   4/5    eval   337   this Q       488.7   best Q       424.5   394.3 min
  restart   4/5    eval   338   this Q       489.1   best Q       424.5   394.5 min
  restart   4/5    eval   339   this Q       492.9   best Q       424.5   394.7 min
  restart   4/5    eval   340   this Q         489   best Q       424.5   394.9 min
  restart   4/5    eval   341   this Q         494   best Q       424.5   395.1 min
  restart   4/5    eval   342   this Q         490   best Q       424.5   395.3 min
  restart   4/5    eval   343   this Q       489.2   best Q       424.5   395.6 min
  restart   4/5    eval   344   this Q       487.6   best Q       424.5   395.8 min
  restart   4/5    eval   345   this Q         490   best Q       424.5   396.0 min
  restart   4/5    eval   346   this Q       493.6   best Q       424.5   396.2 min
  restart   4/5    eval   347   this Q       489.7   best Q       424.5   396.4 min
  restart   4/5    eval   348   this Q       488.4   best Q       424.5   396.6 min
  restart   4/5    eval   349   this Q         488   best Q       424.5   396.8 min
  restart   4/5    eval   350   this Q       486.5   best Q       424.5   397.0 min
  restart   4/5    eval   351   this Q       485.8   best Q       424.5   397.2 min
  restart   4/5    eval   352   this Q       484.4   best Q       424.5   397.4 min
  restart   4/5    eval   353   this Q       484.2   best Q       424.5   397.7 min
  restart   4/5    eval   354   this Q       489.7   best Q       424.5   397.9 min
  restart   4/5    eval   355   this Q       488.1   best Q       424.5   398.1 min
  restart   4/5    eval   356   this Q       484.2   best Q       424.5   398.3 min
  restart   4/5    eval   357   this Q       484.2   best Q       424.5   398.5 min
  restart   4/5    eval   358   this Q       485.2   best Q       424.5   398.7 min
  restart   4/5    eval   359   this Q         489   best Q       424.5   398.9 min
  restart   4/5    eval   360   this Q         484   best Q       424.5   399.1 min
  restart   4/5    eval   361   this Q       490.8   best Q       424.5   399.3 min
  restart   4/5    eval   362   this Q       485.1   best Q       424.5   399.5 min
  restart   4/5    eval   363   this Q       482.9   best Q       424.5   399.8 min
  restart   4/5    eval   364   this Q       482.6   best Q       424.5   400.0 min
  restart   4/5    eval   365   this Q       484.3   best Q       424.5   400.2 min
  restart   4/5    eval   366   this Q       484.6   best Q       424.5   400.4 min
  restart   4/5    eval   367   this Q       484.6   best Q       424.5   400.6 min
  restart   4/5    eval   368   this Q       480.6   best Q       424.5   400.8 min
  restart   4/5    eval   369   this Q       480.1   best Q       424.5   401.0 min
  restart   4/5    eval   370   this Q       482.4   best Q       424.5   401.2 min
  restart   4/5    eval   371   this Q       483.7   best Q       424.5   401.4 min
  restart   4/5    eval   372   this Q       482.2   best Q       424.5   401.6 min
  restart   4/5    eval   373   this Q       480.5   best Q       424.5   401.9 min
  restart   4/5    eval   374   this Q       479.3   best Q       424.5   402.1 min
  restart   4/5    eval   375   this Q       487.5   best Q       424.5   402.3 min
  restart   4/5    eval   376   this Q       482.6   best Q       424.5   402.5 min
  restart   4/5    eval   377   this Q       480.7   best Q       424.5   402.7 min
  restart   4/5    eval   378   this Q       484.9   best Q       424.5   402.9 min
  restart   4/5    eval   379   this Q       479.6   best Q       424.5   403.1 min
  restart   4/5    eval   380   this Q       485.4   best Q       424.5   403.3 min
  restart   4/5    eval   381   this Q       481.6   best Q       424.5   403.5 min
  restart   4/5    eval   382   this Q       481.4   best Q       424.5   403.7 min
  restart   4/5    eval   383   this Q       481.8   best Q       424.5   403.9 min
  restart   4/5    eval   384   this Q       493.2   best Q       424.5   404.2 min
  restart   4/5    eval   385   this Q       481.6   best Q       424.5   404.4 min
  restart   4/5    eval   386   this Q       478.2   best Q       424.5   404.6 min
  restart   4/5    eval   387   this Q       484.6   best Q       424.5   404.8 min
  restart   4/5    eval   388   this Q       479.5   best Q       424.5   405.0 min
  restart   4/5    eval   389   this Q       477.3   best Q       424.5   405.2 min
  restart   4/5    eval   390   this Q       485.4   best Q       424.5   405.4 min
  restart   4/5    eval   391   this Q       482.2   best Q       424.5   405.6 min
  restart   4/5    eval   392   this Q       478.1   best Q       424.5   405.8 min
  restart   4/5    eval   393   this Q       477.7   best Q       424.5   406.0 min
  restart   4/5    eval   394   this Q       483.7   best Q       424.5   406.2 min
  restart   4/5    eval   395   this Q         479   best Q       424.5   406.5 min
  restart   4/5    eval   396   this Q       478.8   best Q       424.5   406.7 min
  restart   4/5    eval   397   this Q       481.7   best Q       424.5   406.9 min
  restart   4/5    eval   398   this Q         480   best Q       424.5   407.1 min
  restart   4/5    eval   399   this Q       481.6   best Q       424.5   407.3 min
  restart   4/5    eval   400   this Q       476.8   best Q       424.5   407.5 min
  restart   4/5    eval   401   this Q       481.5   best Q       424.5   407.7 min
  restart   4/5    eval   402   this Q       485.3   best Q       424.5   407.9 min
  restart   4/5    eval   403   this Q       479.5   best Q       424.5   408.1 min
  restart   4/5    eval   404   this Q       480.5   best Q       424.5   408.3 min
  restart   4/5    eval   405   this Q       478.8   best Q       424.5   408.6 min
  restart   4/5    eval   406   this Q       476.3   best Q       424.5   408.8 min
  restart   4/5    eval   407   this Q       483.8   best Q       424.5   409.0 min
  restart   4/5    eval   408   this Q       479.1   best Q       424.5   409.2 min
  restart   4/5    eval   409   this Q       479.1   best Q       424.5   409.4 min
  restart   4/5    eval   410   this Q       478.6   best Q       424.5   409.6 min
  restart   4/5    eval   411   this Q       481.9   best Q       424.5   409.8 min
  restart   4/5    eval   412   this Q         478   best Q       424.5   410.0 min
  restart   4/5    eval   413   this Q         477   best Q       424.5   410.2 min
  restart   4/5    eval   414   this Q       478.8   best Q       424.5   410.4 min
  restart   4/5    eval   415   this Q       482.5   best Q       424.5   410.6 min
  restart   4/5    eval   416   this Q       478.1   best Q       424.5   410.8 min
  restart   4/5    eval   417   this Q       477.1   best Q       424.5   411.1 min
  restart   4/5    eval   418   this Q       478.5   best Q       424.5   411.3 min
  restart   4/5    eval   419   this Q       479.1   best Q       424.5   411.5 min
  restart   4/5    eval   420   this Q       477.1   best Q       424.5   411.7 min
  restart   4/5    eval   421   this Q       478.3   best Q       424.5   411.9 min
  restart   4/5    eval   422   this Q       478.5   best Q       424.5   412.1 min
  restart   4/5    eval   423   this Q       479.7   best Q       424.5   412.3 min
  restart   4/5    eval   424   this Q       477.1   best Q       424.5   412.5 min
  restart   4/5    eval   425   this Q       478.8   best Q       424.5   412.7 min
  restart   4/5    eval   426   this Q       476.9   best Q       424.5   412.9 min
  restart   4/5    eval   427   this Q       477.3   best Q       424.5   413.1 min
  restart   4/5    eval   428   this Q       478.5   best Q       424.5   413.4 min
  restart   4/5    eval   429   this Q       476.9   best Q       424.5   413.6 min
  restart   4/5    eval   430   this Q       477.3   best Q       424.5   413.8 min
  restart   4/5    eval   431   this Q       479.3   best Q       424.5   414.0 min
  restart   4/5    eval   432   this Q       475.5   best Q       424.5   414.2 min
  restart   4/5    eval   433   this Q         477   best Q       424.5   414.4 min
  restart   4/5    eval   434   this Q       475.1   best Q       424.5   414.6 min
  restart   4/5    eval   435   this Q       477.4   best Q       424.5   414.8 min
  restart   4/5    eval   436   this Q       480.9   best Q       424.5   415.0 min
  restart   4/5    eval   437   this Q       477.3   best Q       424.5   415.2 min
  restart   4/5    eval   438   this Q       482.7   best Q       424.5   415.4 min
  restart   4/5    eval   439   this Q       476.8   best Q       424.5   415.7 min
  restart   4/5    eval   440   this Q       476.7   best Q       424.5   415.9 min
  restart   4/5    eval   441   this Q       477.8   best Q       424.5   416.1 min
  restart   4/5    eval   442   this Q       476.2   best Q       424.5   416.3 min
  restart   4/5    eval   443   this Q       478.4   best Q       424.5   416.5 min
  restart   4/5    eval   444   this Q         476   best Q       424.5   416.7 min
  restart   4/5    eval   445   this Q       475.3   best Q       424.5   416.9 min
  restart   4/5    eval   446   this Q       476.7   best Q       424.5   417.1 min
  restart   4/5    eval   447   this Q       476.8   best Q       424.5   417.3 min
  restart   4/5    eval   448   this Q       476.6   best Q       424.5   417.5 min
  restart   4/5    eval   449   this Q       476.1   best Q       424.5   417.7 min
  restart   4/5    eval   450   this Q       481.8   best Q       424.5   417.9 min
  restart   4/5    eval   451   this Q       475.9   best Q       424.5   418.2 min
  restart   4/5    eval   452   this Q       477.4   best Q       424.5   418.4 min
  restart   4/5    eval   453   this Q       475.7   best Q       424.5   418.6 min
  restart   4/5    eval   454   this Q         475   best Q       424.5   418.8 min
  restart   4/5    eval   455   this Q       476.5   best Q       424.5   419.0 min
  restart   4/5    eval   456   this Q       479.7   best Q       424.5   419.2 min
  restart   4/5    eval   457   this Q       476.2   best Q       424.5   419.4 min
  restart   4/5    eval   458   this Q       481.7   best Q       424.5   419.6 min
  restart   4/5    eval   459   this Q       476.4   best Q       424.5   419.8 min
  restart   4/5    eval   460   this Q       475.4   best Q       424.5   420.0 min
  restart   4/5    eval   461   this Q       476.6   best Q       424.5   420.2 min
  restart   4/5    eval   462   this Q       476.9   best Q       424.5   420.4 min
  restart   4/5    eval   463   this Q       476.1   best Q       424.5   420.7 min
  restart   4/5    eval   464   this Q       478.1   best Q       424.5   420.9 min
  restart   4/5    eval   465   this Q       475.6   best Q       424.5   421.1 min
  restart   4/5    eval   466   this Q       477.9   best Q       424.5   421.3 min
  restart   4/5    eval   467   this Q       476.1   best Q       424.5   421.5 min
  restart   4/5    eval   468   this Q       476.6   best Q       424.5   421.7 min
  restart   4/5    eval   469   this Q       475.4   best Q       424.5   421.9 min
  restart   4/5    eval   470   this Q       475.3   best Q       424.5   422.1 min
  restart   4/5    eval   471   this Q       477.1   best Q       424.5   422.3 min
  restart   4/5    eval   472   this Q         476   best Q       424.5   422.5 min
  restart   4/5    eval   473   this Q       474.6   best Q       424.5   422.8 min
  restart   4/5    eval   474   this Q       478.9   best Q       424.5   423.0 min
  restart   4/5    eval   475   this Q       475.3   best Q       424.5   423.2 min
  restart   4/5    eval   476   this Q       475.5   best Q       424.5   423.4 min
  restart   4/5    eval   477   this Q       474.9   best Q       424.5   423.6 min
  restart   4/5    eval   478   this Q       475.2   best Q       424.5   423.8 min
  restart   4/5    eval   479   this Q       475.7   best Q       424.5   424.0 min
  restart   4/5    eval   480   this Q       475.5   best Q       424.5   424.2 min
  restart   4/5    eval   481   this Q       477.7   best Q       424.5   424.4 min
  restart   4/5    eval   482   this Q       475.5   best Q       424.5   424.6 min
  restart   4/5    eval   483   this Q       475.8   best Q       424.5   424.8 min
  restart   4/5    eval   484   this Q       475.1   best Q       424.5   425.0 min
  restart   4/5    eval   485   this Q       474.7   best Q       424.5   425.3 min
  restart   4/5    eval   486   this Q       476.5   best Q       424.5   425.5 min
  restart   4/5    eval   487   this Q         475   best Q       424.5   425.7 min
  restart   4/5    eval   488   this Q       474.7   best Q       424.5   425.9 min
  restart   4/5    eval   489   this Q       475.4   best Q       424.5   426.1 min
  restart   4/5    eval   490   this Q       474.9   best Q       424.5   426.3 min
  restart   4/5    eval   491   this Q       475.7   best Q       424.5   426.5 min
  restart   4/5    eval   492   this Q       474.9   best Q       424.5   426.7 min
  restart   4/5    eval   493   this Q       474.8   best Q       424.5   426.9 min
  restart   4/5    eval   494   this Q       476.6   best Q       424.5   427.1 min
  restart   4/5    eval   495   this Q       475.3   best Q       424.5   427.3 min
  restart   4/5    eval   496   this Q       475.5   best Q       424.5   427.6 min
  restart   4/5    eval   497   this Q       475.4   best Q       424.5   427.8 min
  restart   4/5    eval   498   this Q       474.7   best Q       424.5   428.0 min
  restart   4/5    eval   499   this Q       474.8   best Q       424.5   428.2 min
  restart   4/5    eval   500   this Q       474.7   best Q       424.5   428.4 min
  restart   4/5    eval   501   this Q       474.9   best Q       424.5   428.6 min
  restart   4/5   DONE   this       474.6   best Q       424.5   428.6 min, ~107 min left
  restart   5/5    eval     1   this Q       433.6   best Q       424.5   428.8 min
  restart   5/5    eval     2   this Q       433.6   best Q       424.5   429.0 min
  restart   5/5    eval     3   this Q    1.75e+04   best Q       424.5   429.2 min
  restart   5/5    eval     4   this Q        8435   best Q       424.5   429.4 min
  restart   5/5    eval     5   this Q   1.676e+04   best Q       424.5   429.6 min
  restart   5/5    eval     6   this Q       1e+06   best Q       424.5   429.8 min
  restart   5/5    eval     7   this Q       1e+06   best Q       424.5   430.0 min
  restart   5/5    eval     8   this Q       1e+06   best Q       424.5   430.2 min
  restart   5/5    eval     9   this Q        5561   best Q       424.5   430.4 min
  restart   5/5    eval    10   this Q        2696   best Q       424.5   430.6 min
  restart   5/5    eval    11   this Q       1e+06   best Q       424.5   430.8 min
  restart   5/5    eval    12   this Q       504.1   best Q       424.5   431.0 min
  restart   5/5    eval    13   this Q       1e+06   best Q       424.5   431.2 min
  restart   5/5    eval    14   this Q       751.6   best Q       424.5   431.4 min
  restart   5/5    eval    15   this Q       1e+06   best Q       424.5   431.6 min
  restart   5/5    eval    16   this Q        3778   best Q       424.5   431.8 min
  restart   5/5    eval    17   this Q       592.7   best Q       424.5   432.0 min
  restart   5/5    eval    18   this Q       446.4   best Q       424.5   432.2 min
  restart   5/5    eval    19   this Q        7900   best Q       424.5   432.4 min
  restart   5/5    eval    20   this Q   1.633e+04   best Q       424.5   432.6 min
  restart   5/5    eval    21   this Q   2.152e+04   best Q       424.5   432.8 min
  restart   5/5    eval    22   this Q   3.744e+04   best Q       424.5   433.0 min
  restart   5/5    eval    23   this Q   5.009e+04   best Q       424.5   433.2 min
  restart   5/5    eval    24   this Q       1e+06   best Q       424.5   433.4 min
  restart   5/5    eval    25   this Q    1.51e+05   best Q       424.5   433.6 min
  restart   5/5    eval    26   this Q       1e+06   best Q       424.5   433.8 min
  restart   5/5    eval    27   this Q   4.834e+04   best Q       424.5   434.0 min
  restart   5/5    eval    28   this Q       1e+06   best Q       424.5   434.2 min
  restart   5/5    eval    29   this Q   2.048e+04   best Q       424.5   434.4 min
  restart   5/5    eval    30   this Q       1e+06   best Q       424.5   434.6 min
  restart   5/5    eval    31   this Q   1.886e+04   best Q       424.5   434.9 min
  restart   5/5    eval    32   this Q       1e+06   best Q       424.5   435.1 min
  restart   5/5    eval    33   this Q   1.531e+04   best Q       424.5   435.3 min
  restart   5/5    eval    34   this Q       1e+06   best Q       424.5   435.5 min
  restart   5/5    eval    35   this Q   1.076e+04   best Q       424.5   435.7 min
  restart   5/5    eval    36   this Q        7485   best Q       424.5   435.9 min
  restart   5/5    eval    37   this Q        8689   best Q       424.5   436.1 min
  restart   5/5    eval    38   this Q        9941   best Q       424.5   436.3 min
  restart   5/5    eval    39   this Q   1.418e+04   best Q       424.5   436.5 min
  restart   5/5    eval    40   this Q       1e+06   best Q       424.5   436.7 min
  restart   5/5    eval    41   this Q        3772   best Q       424.5   436.9 min
  restart   5/5    eval    42   this Q       1e+06   best Q       424.5   437.1 min
  restart   5/5    eval    43   this Q        5072   best Q       424.5   437.3 min
  restart   5/5    eval    44   this Q   1.547e+04   best Q       424.5   437.6 min
  restart   5/5    eval    45   this Q        4138   best Q       424.5   437.8 min
  restart   5/5    eval    46   this Q       1e+06   best Q       424.5   438.0 min
  restart   5/5    eval    47   this Q        4006   best Q       424.5   438.2 min
  restart   5/5    eval    48   this Q       1e+06   best Q       424.5   438.4 min
  restart   5/5    eval    49   this Q        4010   best Q       424.5   438.6 min
  restart   5/5    eval    50   this Q   1.204e+04   best Q       424.5   438.8 min
  restart   5/5    eval    51   this Q        1767   best Q       424.5   439.0 min
  restart   5/5    eval    52   this Q   1.069e+04   best Q       424.5   439.2 min
  restart   5/5    eval    53   this Q        3324   best Q       424.5   439.4 min
  restart   5/5    eval    54   this Q       1e+06   best Q       424.5   439.6 min
  restart   5/5    eval    55   this Q        2948   best Q       424.5   439.8 min
  restart   5/5    eval    56   this Q        9290   best Q       424.5   440.1 min
  restart   5/5    eval    57   this Q        1489   best Q       424.5   440.3 min
  restart   5/5    eval    58   this Q        2274   best Q       424.5   440.5 min
  restart   5/5    eval    59   this Q        3906   best Q       424.5   440.7 min
  restart   5/5    eval    60   this Q        3684   best Q       424.5   440.9 min
  restart   5/5    eval    61   this Q        4585   best Q       424.5   441.1 min
  restart   5/5    eval    62   this Q        1885   best Q       424.5   441.3 min
  restart   5/5    eval    63   this Q        3690   best Q       424.5   441.5 min
  restart   5/5    eval    64   this Q        4634   best Q       424.5   441.7 min
  restart   5/5    eval    65   this Q        1035   best Q       424.5   441.9 min
  restart   5/5    eval    66   this Q        2353   best Q       424.5   442.1 min
  restart   5/5    eval    67   this Q       1e+06   best Q       424.5   442.3 min
  restart   5/5    eval    68   this Q        1755   best Q       424.5   442.5 min
  restart   5/5    eval    69   this Q        4829   best Q       424.5   442.7 min
  restart   5/5    eval    70   this Q       903.6   best Q       424.5   443.0 min
  restart   5/5    eval    71   this Q        4508   best Q       424.5   443.2 min
  restart   5/5    eval    72   this Q        1688   best Q       424.5   443.4 min
  restart   5/5    eval    73   this Q        2454   best Q       424.5   443.6 min
  restart   5/5    eval    74   this Q        3728   best Q       424.5   443.8 min
  restart   5/5    eval    75   this Q        1404   best Q       424.5   444.0 min
  restart   5/5    eval    76   this Q        1506   best Q       424.5   444.2 min
  restart   5/5    eval    77   this Q        3328   best Q       424.5   444.4 min
  restart   5/5    eval    78   this Q        1074   best Q       424.5   444.6 min
  restart   5/5    eval    79   this Q        4554   best Q       424.5   444.8 min
  restart   5/5    eval    80   this Q        1363   best Q       424.5   445.0 min
  restart   5/5    eval    81   this Q        4085   best Q       424.5   445.2 min
  restart   5/5    eval    82   this Q        1275   best Q       424.5   445.5 min
  restart   5/5    eval    83   this Q        1895   best Q       424.5   445.6 min
  restart   5/5    eval    84   this Q        1053   best Q       424.5   445.9 min
  restart   5/5    eval    85   this Q        2329   best Q       424.5   446.1 min
  restart   5/5    eval    86   this Q         874   best Q       424.5   446.3 min
  restart   5/5    eval    87   this Q       1e+06   best Q       424.5   446.5 min
  restart   5/5    eval    88   this Q        1089   best Q       424.5   446.7 min
  restart   5/5    eval    89   this Q        2101   best Q       424.5   446.9 min
  restart   5/5    eval    90   this Q       966.1   best Q       424.5   447.1 min
  restart   5/5    eval    91   this Q        2382   best Q       424.5   447.3 min
  restart   5/5    eval    92   this Q        1034   best Q       424.5   447.5 min
  restart   5/5    eval    93   this Q        1654   best Q       424.5   447.7 min
  restart   5/5    eval    94   this Q         757   best Q       424.5   447.9 min
  restart   5/5    eval    95   this Q        1290   best Q       424.5   448.1 min
  restart   5/5    eval    96   this Q        1556   best Q       424.5   448.3 min
  restart   5/5    eval    97   this Q       928.1   best Q       424.5   448.6 min
  restart   5/5    eval    98   this Q        1337   best Q       424.5   448.8 min
  restart   5/5    eval    99   this Q       633.3   best Q       424.5   449.0 min
  restart   5/5    eval   100   this Q        1376   best Q       424.5   449.2 min
  restart   5/5    eval   101   this Q       886.5   best Q       424.5   449.4 min
  restart   5/5    eval   102   this Q        2376   best Q       424.5   449.6 min
  restart   5/5    eval   103   this Q       849.1   best Q       424.5   449.8 min
  restart   5/5    eval   104   this Q        1077   best Q       424.5   450.0 min
  restart   5/5    eval   105   this Q       781.3   best Q       424.5   450.2 min
  restart   5/5    eval   106   this Q        1211   best Q       424.5   450.4 min
  restart   5/5    eval   107   this Q       769.7   best Q       424.5   450.6 min
  restart   5/5    eval   108   this Q        1031   best Q       424.5   450.8 min
  restart   5/5    eval   109   this Q       856.4   best Q       424.5   451.0 min
  restart   5/5    eval   110   this Q        1075   best Q       424.5   451.3 min
  restart   5/5    eval   111   this Q       685.9   best Q       424.5   451.5 min
  restart   5/5    eval   112   this Q        1001   best Q       424.5   451.7 min
  restart   5/5    eval   113   this Q       676.5   best Q       424.5   451.9 min
  restart   5/5    eval   114   this Q       825.9   best Q       424.5   452.1 min
  restart   5/5    eval   115   this Q       785.5   best Q       424.5   452.3 min
  restart   5/5    eval   116   this Q        1034   best Q       424.5   452.5 min
  restart   5/5    eval   117   this Q       683.7   best Q       424.5   452.7 min
  restart   5/5    eval   118   this Q       674.4   best Q       424.5   452.9 min
  restart   5/5    eval   119   this Q       937.3   best Q       424.5   453.1 min
  restart   5/5    eval   120   this Q       489.5   best Q       424.5   453.3 min
  restart   5/5    eval   121   this Q        1352   best Q       424.5   453.5 min
  restart   5/5    eval   122   this Q       717.3   best Q       424.5   453.8 min
  restart   5/5    eval   123   this Q       952.9   best Q       424.5   454.0 min
  restart   5/5    eval   124   this Q       493.2   best Q       424.5   454.2 min
  restart   5/5    eval   125   this Q       750.5   best Q       424.5   454.4 min
  restart   5/5    eval   126   this Q       655.5   best Q       424.5   454.6 min
  restart   5/5    eval   127   this Q       863.7   best Q       424.5   454.8 min
  restart   5/5    eval   128   this Q       602.1   best Q       424.5   455.0 min
  restart   5/5    eval   129   this Q       649.5   best Q       424.5   455.2 min
  restart   5/5    eval   130   this Q       590.9   best Q       424.5   455.4 min
  restart   5/5    eval   131   this Q       777.8   best Q       424.5   455.7 min
  restart   5/5    eval   132   this Q       521.1   best Q       424.5   455.9 min
  restart   5/5    eval   133   this Q       739.6   best Q       424.5   456.1 min
  restart   5/5    eval   134   this Q       585.6   best Q       424.5   456.3 min
  restart   5/5    eval   135   this Q       637.8   best Q       424.5   456.5 min
  restart   5/5    eval   136   this Q       762.7   best Q       424.5   456.7 min
  restart   5/5    eval   137   this Q       539.9   best Q       424.5   456.9 min
  restart   5/5    eval   138   this Q       716.2   best Q       424.5   457.1 min
  restart   5/5    eval   139   this Q       508.1   best Q       424.5   457.3 min
  restart   5/5    eval   140   this Q       775.9   best Q       424.5   457.5 min
  restart   5/5    eval   141   this Q       498.1   best Q       424.5   457.7 min
  restart   5/5    eval   142   this Q       674.5   best Q       424.5   458.0 min
  restart   5/5    eval   143   this Q         467   best Q       424.5   458.2 min
  restart   5/5    eval   144   this Q       749.1   best Q       424.5   458.4 min
  restart   5/5    eval   145   this Q       487.1   best Q       424.5   458.6 min
  restart   5/5    eval   146   this Q       661.5   best Q       424.5   458.8 min
  restart   5/5    eval   147   this Q       479.5   best Q       424.5   459.0 min
  restart   5/5    eval   148   this Q         655   best Q       424.5   459.2 min
  restart   5/5    eval   149   this Q       499.3   best Q       424.5   459.4 min
  restart   5/5    eval   150   this Q       507.5   best Q       424.5   459.6 min
  restart   5/5    eval   151   this Q       548.6   best Q       424.5   459.8 min
  restart   5/5    eval   152   this Q       612.3   best Q       424.5   460.1 min
  restart   5/5    eval   153   this Q       498.9   best Q       424.5   460.3 min
  restart   5/5    eval   154   this Q       651.3   best Q       424.5   460.5 min
  restart   5/5    eval   155   this Q       490.6   best Q       424.5   460.7 min
  restart   5/5    eval   156   this Q       581.9   best Q       424.5   460.9 min
  restart   5/5    eval   157   this Q       462.3   best Q       424.5   461.1 min
  restart   5/5    eval   158   this Q       593.3   best Q       424.5   461.3 min
  restart   5/5    eval   159   this Q       477.8   best Q       424.5   461.5 min
  restart   5/5    eval   160   this Q       458.3   best Q       424.5   461.7 min
  restart   5/5    eval   161   this Q       562.5   best Q       424.5   461.9 min
  restart   5/5    eval   162   this Q         456   best Q       424.5   462.1 min
  restart   5/5    eval   163   this Q       570.5   best Q       424.5   462.3 min
  restart   5/5    eval   164   this Q       468.7   best Q       424.5   462.6 min
  restart   5/5    eval   165   this Q       489.2   best Q       424.5   462.8 min
  restart   5/5    eval   166   this Q       507.6   best Q       424.5   463.0 min
  restart   5/5    eval   167   this Q       454.8   best Q       424.5   463.2 min
  restart   5/5    eval   168   this Q       534.1   best Q       424.5   463.4 min
  restart   5/5    eval   169   this Q       470.2   best Q       424.5   463.6 min
  restart   5/5    eval   170   this Q       489.2   best Q       424.5   463.8 min
  restart   5/5    eval   171   this Q         467   best Q       424.5   464.0 min
  restart   5/5    eval   172   this Q       467.4   best Q       424.5   464.2 min
  restart   5/5    eval   173   this Q       503.4   best Q       424.5   464.4 min
  restart   5/5    eval   174   this Q       447.2   best Q       424.5   464.6 min
  restart   5/5    eval   175   this Q       477.1   best Q       424.5   464.8 min
  restart   5/5    eval   176   this Q       492.8   best Q       424.5   465.0 min
  restart   5/5    eval   177   this Q       452.6   best Q       424.5   465.2 min
  restart   5/5    eval   178   this Q       483.2   best Q       424.5   465.5 min
  restart   5/5    eval   179   this Q       447.8   best Q       424.5   465.7 min
  restart   5/5    eval   180   this Q         448   best Q       424.5   465.9 min
  restart   5/5    eval   181   this Q       436.8   best Q       424.5   466.1 min
  restart   5/5    eval   182   this Q       477.7   best Q       424.5   466.3 min
  restart   5/5    eval   183   this Q       452.1   best Q       424.5   466.5 min
  restart   5/5    eval   184   this Q       485.4   best Q       424.5   466.7 min
  restart   5/5    eval   185   this Q       435.8   best Q       424.5   466.9 min
  restart   5/5    eval   186   this Q       469.7   best Q       424.5   467.2 min
  restart   5/5    eval   187   this Q       443.8   best Q       424.5   467.4 min
  restart   5/5    eval   188   this Q       485.7   best Q       424.5   467.6 min
  restart   5/5    eval   189   this Q       438.2   best Q       424.5   467.8 min
  restart   5/5    eval   190   this Q       490.1   best Q       424.5   468.0 min
  restart   5/5    eval   191   this Q       442.2   best Q       424.5   468.2 min
  restart   5/5    eval   192   this Q         509   best Q       424.5   468.4 min
  restart   5/5    eval   193   this Q       454.8   best Q       424.5   468.6 min
  restart   5/5    eval   194   this Q       455.4   best Q       424.5   468.8 min
  restart   5/5    eval   195   this Q       495.4   best Q       424.5   469.1 min
  restart   5/5    eval   196   this Q       435.8   best Q       424.5   469.3 min
  restart   5/5    eval   197   this Q       445.7   best Q       424.5   469.5 min
  restart   5/5    eval   198   this Q       475.4   best Q       424.5   469.7 min
  restart   5/5    eval   199   this Q       446.9   best Q       424.5   469.9 min
  restart   5/5    eval   200   this Q       475.9   best Q       424.5   470.1 min
  restart   5/5    eval   201   this Q       429.1   best Q       424.5   470.3 min
  restart   5/5    eval   202   this Q       434.7   best Q       424.5   470.5 min
  restart   5/5    eval   203   this Q       433.6   best Q       424.5   470.7 min
  restart   5/5    eval   204   this Q       434.3   best Q       424.5   471.0 min
  restart   5/5    eval   205   this Q       510.2   best Q       424.5   471.2 min
  restart   5/5    eval   206   this Q       429.5   best Q       424.5   471.4 min
  restart   5/5    eval   207   this Q       456.8   best Q       424.5   471.6 min
  restart   5/5    eval   208   this Q       436.8   best Q       424.5   471.8 min
  restart   5/5    eval   209   this Q       433.1   best Q       424.5   472.0 min
  restart   5/5    eval   210   this Q       432.4   best Q       424.5   472.3 min
  restart   5/5    eval   211   this Q       429.6   best Q       424.5   472.5 min
  restart   5/5    eval   212   this Q       464.9   best Q       424.5   472.7 min
  restart   5/5    eval   213   this Q       431.6   best Q       424.5   472.9 min
  restart   5/5    eval   214   this Q       436.1   best Q       424.5   473.1 min
  restart   5/5    eval   215   this Q       438.9   best Q       424.5   473.3 min
  restart   5/5    eval   216   this Q       437.7   best Q       424.5   473.6 min
  restart   5/5    eval   217   this Q       443.3   best Q       424.5   473.8 min
  restart   5/5    eval   218   this Q       434.9   best Q       424.5   474.0 min
  restart   5/5    eval   219   this Q       433.9   best Q       424.5   474.2 min
  restart   5/5    eval   220   this Q       439.1   best Q       424.5   474.4 min
  restart   5/5    eval   221   this Q       432.4   best Q       424.5   474.6 min
  restart   5/5    eval   222   this Q       443.9   best Q       424.5   474.8 min
  restart   5/5    eval   223   this Q       428.2   best Q       424.5   475.0 min
  restart   5/5    eval   224   this Q       440.4   best Q       424.5   475.3 min
  restart   5/5    eval   225   this Q       431.1   best Q       424.5   475.5 min
  restart   5/5    eval   226   this Q       473.3   best Q       424.5   475.7 min
  restart   5/5    eval   227   this Q       428.5   best Q       424.5   475.9 min
  restart   5/5    eval   228   this Q       428.7   best Q       424.5   476.1 min
  restart   5/5    eval   229   this Q         432   best Q       424.5   476.3 min
  restart   5/5    eval   230   this Q       448.1   best Q       424.5   476.5 min
  restart   5/5    eval   231   this Q       430.7   best Q       424.5   476.7 min
  restart   5/5    eval   232   this Q       433.4   best Q       424.5   477.0 min
  restart   5/5    eval   233   this Q       434.7   best Q       424.5   477.2 min
  restart   5/5    eval   234   this Q         433   best Q       424.5   477.4 min
  restart   5/5    eval   235   this Q         442   best Q       424.5   477.6 min
  restart   5/5    eval   236   this Q       429.4   best Q       424.5   477.8 min
  restart   5/5    eval   237   this Q       429.5   best Q       424.5   478.0 min
  restart   5/5    eval   238   this Q       433.8   best Q       424.5   478.2 min
  restart   5/5    eval   239   this Q       429.5   best Q       424.5   478.4 min
  restart   5/5    eval   240   this Q       446.7   best Q       424.5   478.6 min
  restart   5/5    eval   241   this Q       429.7   best Q       424.5   478.9 min
  restart   5/5    eval   242   this Q       430.4   best Q       424.5   479.1 min
  restart   5/5    eval   243   this Q       432.9   best Q       424.5   479.3 min
  restart   5/5    eval   244   this Q         433   best Q       424.5   479.5 min
  restart   5/5    eval   245   this Q       427.1   best Q       424.5   479.7 min
  restart   5/5    eval   246   this Q       427.5   best Q       424.5   479.9 min
  restart   5/5    eval   247   this Q         427   best Q       424.5   480.1 min
  restart   5/5    eval   248   this Q       429.6   best Q       424.5   480.3 min
  restart   5/5    eval   249   this Q       427.1   best Q       424.5   480.6 min
  restart   5/5    eval   250   this Q       434.9   best Q       424.5   480.8 min
  restart   5/5    eval   251   this Q       430.8   best Q       424.5   481.0 min
  restart   5/5    eval   252   this Q       426.6   best Q       424.5   481.2 min
  restart   5/5    eval   253   this Q         427   best Q       424.5   481.4 min
  restart   5/5    eval   254   this Q       428.6   best Q       424.5   481.6 min
  restart   5/5    eval   255   this Q       427.6   best Q       424.5   481.8 min
  restart   5/5    eval   256   this Q       428.7   best Q       424.5   482.0 min
  restart   5/5    eval   257   this Q       427.3   best Q       424.5   482.2 min
  restart   5/5    eval   258   this Q       432.9   best Q       424.5   482.5 min
  restart   5/5    eval   259   this Q       436.2   best Q       424.5   482.7 min
  restart   5/5    eval   260   this Q       428.4   best Q       424.5   482.9 min
  restart   5/5    eval   261   this Q         430   best Q       424.5   483.1 min
  restart   5/5    eval   262   this Q       426.6   best Q       424.5   483.3 min
  restart   5/5    eval   263   this Q       429.8   best Q       424.5   483.5 min
  restart   5/5    eval   264   this Q       430.4   best Q       424.5   483.7 min
  restart   5/5    eval   265   this Q         429   best Q       424.5   483.9 min
  restart   5/5    eval   266   this Q       428.1   best Q       424.5   484.2 min
  restart   5/5    eval   267   this Q       429.1   best Q       424.5   484.4 min
  restart   5/5    eval   268   this Q       430.2   best Q       424.5   484.6 min
  restart   5/5    eval   269   this Q       427.6   best Q       424.5   484.8 min
  restart   5/5    eval   270   this Q       429.8   best Q       424.5   485.0 min
  restart   5/5    eval   271   this Q       427.5   best Q       424.5   485.2 min
  restart   5/5    eval   272   this Q       428.8   best Q       424.5   485.4 min
  restart   5/5    eval   273   this Q       427.3   best Q       424.5   485.6 min
  restart   5/5    eval   274   this Q       428.1   best Q       424.5   485.9 min
  restart   5/5    eval   275   this Q       427.4   best Q       424.5   486.1 min
  restart   5/5    eval   276   this Q       430.4   best Q       424.5   486.3 min
  restart   5/5    eval   277   this Q       428.5   best Q       424.5   486.5 min
  restart   5/5    eval   278   this Q       426.1   best Q       424.5   486.7 min
  restart   5/5    eval   279   this Q       426.8   best Q       424.5   486.9 min
  restart   5/5    eval   280   this Q       426.7   best Q       424.5   487.1 min
  restart   5/5    eval   281   this Q       426.6   best Q       424.5   487.3 min
  restart   5/5    eval   282   this Q       426.6   best Q       424.5   487.5 min
  restart   5/5    eval   283   this Q       426.1   best Q       424.5   487.8 min
  restart   5/5    eval   284   this Q       426.7   best Q       424.5   488.0 min
  restart   5/5    eval   285   this Q       426.8   best Q       424.5   488.2 min
  restart   5/5    eval   286   this Q       426.3   best Q       424.5   488.4 min
  restart   5/5    eval   287   this Q       426.7   best Q       424.5   488.6 min
  restart   5/5    eval   288   this Q       426.7   best Q       424.5   488.8 min
  restart   5/5    eval   289   this Q       426.4   best Q       424.5   489.0 min
  restart   5/5    eval   290   this Q       426.8   best Q       424.5   489.2 min
  restart   5/5    eval   291   this Q       426.6   best Q       424.5   489.4 min
  restart   5/5    eval   292   this Q       427.1   best Q       424.5   489.7 min
  restart   5/5    eval   293   this Q       427.9   best Q       424.5   489.9 min
  restart   5/5    eval   294   this Q       427.5   best Q       424.5   490.1 min
  restart   5/5    eval   295   this Q       426.7   best Q       424.5   490.3 min
  restart   5/5    eval   296   this Q       426.3   best Q       424.5   490.5 min
  restart   5/5    eval   297   this Q       426.5   best Q       424.5   490.7 min
  restart   5/5    eval   298   this Q         426   best Q       424.5   490.9 min
  restart   5/5    eval   299   this Q         426   best Q       424.5   491.1 min
  restart   5/5    eval   300   this Q       426.6   best Q       424.5   491.4 min
  restart   5/5    eval   301   this Q       426.1   best Q       424.5   491.6 min
  restart   5/5    eval   302   this Q       427.6   best Q       424.5   491.8 min
  restart   5/5    eval   303   this Q       426.7   best Q       424.5   492.0 min
  restart   5/5    eval   304   this Q       426.3   best Q       424.5   492.2 min
  restart   5/5    eval   305   this Q       426.1   best Q       424.5   492.4 min
  restart   5/5    eval   306   this Q       427.7   best Q       424.5   492.6 min
  restart   5/5    eval   307   this Q       426.4   best Q       424.5   492.9 min
  restart   5/5    eval   308   this Q       426.7   best Q       424.5   493.1 min
  restart   5/5    eval   309   this Q       426.3   best Q       424.5   493.3 min
  restart   5/5    eval   310   this Q         426   best Q       424.5   493.5 min
  restart   5/5    eval   311   this Q       426.4   best Q       424.5   493.7 min
  restart   5/5    eval   312   this Q       426.1   best Q       424.5   493.9 min
  restart   5/5    eval   313   this Q       426.4   best Q       424.5   494.2 min
  restart   5/5    eval   314   this Q       426.9   best Q       424.5   494.4 min
  restart   5/5    eval   315   this Q       426.4   best Q       424.5   494.6 min
  restart   5/5    eval   316   this Q       425.8   best Q       424.5   494.8 min
  restart   5/5    eval   317   this Q       425.7   best Q       424.5   495.1 min
  restart   5/5    eval   318   this Q         426   best Q       424.5   495.3 min
  restart   5/5    eval   319   this Q       426.5   best Q       424.5   495.5 min
  restart   5/5    eval   320   this Q       426.1   best Q       424.5   495.8 min
  restart   5/5    eval   321   this Q       427.5   best Q       424.5   496.0 min
  restart   5/5    eval   322   this Q       426.1   best Q       424.5   496.2 min
  restart   5/5    eval   323   this Q       426.5   best Q       424.5   496.4 min
  restart   5/5    eval   324   this Q         426   best Q       424.5   496.7 min
  restart   5/5    eval   325   this Q       426.1   best Q       424.5   496.9 min
  restart   5/5    eval   326   this Q       426.3   best Q       424.5   497.1 min
  restart   5/5    eval   327   this Q         426   best Q       424.5   497.4 min
  restart   5/5    eval   328   this Q       425.9   best Q       424.5   497.6 min
  restart   5/5    eval   329   this Q       426.3   best Q       424.5   497.8 min
  restart   5/5    eval   330   this Q       426.2   best Q       424.5   498.1 min
  restart   5/5    eval   331   this Q       426.5   best Q       424.5   498.3 min
  restart   5/5    eval   332   this Q         426   best Q       424.5   498.5 min
  restart   5/5    eval   333   this Q       426.3   best Q       424.5   498.7 min
  restart   5/5    eval   334   this Q       426.1   best Q       424.5   499.0 min
  restart   5/5    eval   335   this Q         426   best Q       424.5   499.2 min
  restart   5/5    eval   336   this Q       427.7   best Q       424.5   499.4 min
  restart   5/5    eval   337   this Q         426   best Q       424.5   499.6 min
  restart   5/5   DONE   this       425.7   best Q       424.5   499.6 min, ~0 min left

============================================================================
Finished in 499.6 min -- 3342 evaluations
============================================================================
Q: sobol-best 451.653  ->  pre-polish 424.511  ->  final 424.511
incumbent Q was 451.653  (improvement 6.0%)

how the local searches ended
  MAXEVAL_REACHED            4   (limit)
  FTOL_REACHED               1   (converged)
                             1 converged / 4 hit a budget / 0 other
polish: SKIPPED by --skip-polish (0 evaluations); the pre-polish point is final

!! 4 of 5 restarts stopped on a BUDGET, not a convergence test.
   Raise --local-evals, or read the trace before quoting this as a minimum.

search ran at the full grid -- no refinement stage needed

penalised evaluations: 980 of 3342 (29.3%)
  invalid_sim_child_nonfinite    894
  AssertionError               55
  infeasible_sigma_2           17
  ErrorException               13
  invalid_sim_assets_below_min      1
(a penalised draw is a parameter vector the model cannot be solved at --
 scored 1e6 rather than crashed on. A high rate means the SEARCH BOX is
 too wide, not that the model is wrong.)

============================================================================
Estimated calibration
============================================================================

Parameters
--------------------------------------------------------------
  phi_2            0.1997   (was 0.1897)
  phi_3            1.5010   (was 1.2478)
  lambda_2        14.5257   (was 10.6722)
  R_0             48.3480   (was 50.4519)
  sigma_1_0       -0.9065   (was -0.7374)
  sigma_1_1       -0.0897   (was -0.0851)
  sigma_2_0       -3.7272   (was -3.6233)
  sigma_2_1       -0.0937   (was -0.0830)
  sigma_4_0       -6.0198   (was -5.7707)
  sigma_4_1        0.1262   (was 0.1327)
  kappa_0          0.7048   (was 0.0587)
  kappa_theta     -2.6107   (was -0.0342)
  kappa_ParEd     -1.1984   (was -0.0070)
  kappa_terminal     9.1426   (was 5.0000)
  sigma_eta        0.0292   (was 0.0300)
  sigma_eps        0.2779   (was 0.5000)

Targeted moments -- 17 moments, 16 parameters (over-identified)
--------------------------------------------------------------------------------------------------------
  moment                     model        data     gap %         t  Q share   source
  mean_c_p                  3.0617      3.1155     -1.7%      -1.5     0.5%   cons_exhous_real_w99
  mean_h_p                  0.3074      0.3073      0.0%       0.0     0.0%   (wh_mom + wh_dad)/2 / 112
  mean_t_p_early            0.4450      0.4544     -2.1%      -1.3     0.4%   par_time_tot / 112, child ages 1-9
  mean_t_p_late             0.3397      0.3333      1.9%       0.9     0.2%   par_time_tot / 112, child ages 10-17
  mean_e_p_early            0.3441      0.3429      0.3%       0.1     0.0%   m_method2_final_w99, child ages 1-9
  mean_e_p_late             0.3897      0.3911     -0.3%      -0.1     0.0%   m_method2_final_w99, child ages 10-17
  mean_i_c_early            0.0392      0.0393     -0.3%      -0.0     0.0%   study_hrs / 112 (own study only), child ages 6-9
  mean_i_c_late             0.0488      0.0496     -1.6%      -0.3     0.0%   study_hrs / 112 (own study only), child ages 10-17
  mean_hc_early             6.0746      6.0737      0.1%       0.2     0.0%   x_gach (log PCA composite), child ages 3-9
  mean_hc_late              6.2589      6.2589      0.0%       0.0     0.0%   x_gach (log PCA composite), child ages 12-17
  ---------------------------------------- TAS block ----------------------------------------
  k0_complete               0.2105      0.3226    -34.8%      -9.8    22.5%   y_complete | hf_complete
  kth_ga17_gap              0.0230      0.0312    -26.2%      -2.6     1.6%   ln(g_ACH) | hf_complete, ach_age==17: completers minus non-completers
  kpe_g0_c                  0.0000      0.2108   -100.0%     -16.5    63.9%   y_complete | hf_complete, pared_col==0
  kpe_g1_c                  0.6913      0.6013     15.0%       4.9     5.6%   y_complete | hf_complete, pared_col==1
  kterm_x_strict_w99       25.3427     33.1977    -23.7%      -2.4     1.4%   pwx_strict winsorised at p99 (cut = 4,448,695 USD) | ever_strict
  kse_w_gap                 7.4678     36.8431    -79.7%      -3.9     3.6%   pwx_strict winsorised at p99 | ever_strict & hf_complete: completers minus non-completers
  sd_ga17                   0.0344      0.0329      4.4%       0.8     0.1%   sample SD of ln(g_ACH) | hf_complete, ach_age==17
  Q                                                                  424.5113

  Q concentration: top 3 moments carry 92.1% of Q  (kpe_g0_c 64%, k0_complete 23%, kpe_g1_c 6%)
  WARNING: kpe_g0_c alone carries 64% of Q. The other 16 moments are
           barely influencing the estimate. Treat this as a scaling decision
           to be taken deliberately, NOT as a converged seventeen-moment fit.

TAS block -- college completion and terminal wealth
----------------------------------------------------------------------------
  college completion      0.2105  vs data 0.3226   (421 of 2000 simulated children)
  ability gap (log HC)  +0.0230  vs data +0.0312   (completers 6.2746 / non 6.2516; data 6.2843 / 6.2532)
  SD log HC at 17       0.0344  vs data 0.0329   (sample SD; the sigma_eta moment)
  ability tertiles      T1 0.087  T2 0.210  T3 0.335   (model, DIAGNOSTIC since 2026-09-11)
                        T1 0.113  T2 0.245  T3 0.629   (data)
  wealth gap (retained) +7.468  vs data +36.843   (10k USD, completers minus non; the sigma_eps moment)
  wealth tertiles       T1 0.004  T2 0.121  T3 0.506   (model, diagnostic)
                        T1 0.207  T2 0.357  T3 0.617   (data; completion on the wealth frame 0.394 -- data-only)
  SD log HC by age      model 3:0.040 4:0.042 5:0.043 6:0.042 7:0.037 8:0.036 9:0.034 10:0.033 11:0.034 12:0.033 13:0.033 14:0.033 15:0.033 16:0.033 17:0.034 
                        data  3:0.083 4:0.053 5:0.044 6:0.054 7:0.059 8:0.045 9:0.031 10:0.023 11:0.030 12:0.029 13:0.028 14:0.021 15:0.022 16:0.030 17:0.031   (CDS panel, data-only diagnostic)
  parental education    g0 0.000  g1 0.691   (model; 609 of 2000 are BothCollege)
                        g0 0.211  g1 0.601   (data -- EITHER-parent, see ERRORS.md P7c)
  mean transfer          17.5468  (175468 USD)
  retained assets        25.3427  (253427 USD)  vs data 331977 USD
  pre-transfer assets    42.8896  (428896 USD)  -- NOT the target; the target is post-transfer
  LIMITATION: the data is measured at a median child age of ~29, a median 4 years
  after independence; the model's object is assets at the transfer, child age 18.

  c_p           30617 USD/yr  vs data 31155
  h_p            34.4 hrs/wk  vs data 34.4
  t_p  1-9       49.8 hrs/wk  vs data 50.9
  t_p 10-17      38.1 hrs/wk  vs data 37.3
  e_p  1-9       3441 USD/yr  vs data 3429
  e_p 10-17      3897 USD/yr  vs data 3911

  t_p late/early  model 0.76x  vs data 0.73x
  e_p late/early  model 1.13x  vs data 1.14x
  l_p (residual)  model 33.3 hrs/wk  vs 33.1 implied by the h_p/t_p targets
                  (measured leisure is 59.2 hrs/wk -- par_time_tot overlaps it)

Untargeted -- does the fit stay believable?
--------------------------------------------------------------
  after-tax income        4.6801  (46801 USD/yr)
  implied saving rate       35.1%
  terminal assets        42.8896  (428896 USD)
  leisure l_p             0.2971  (33.3 hrs/wk)
  invalid sim cells            0
  assets above a_max=100  max 100.0  (households: 1 ever (0.05%), 0 at t=1, 1 at handoff)
     1 households CROSS the ceiling during t = 1..17 -- not just the initial draw
  HC in [50, 1500]      range 297.7 - 597.4  (households: 0 ever above, 0 ever below, 0 above at handoff)

  off-grid states by period (n = 2000 households)
    t      a>a_max      max a    hc>hi    hc<lo     max hc
    T+1          1      100.0        0        0      573.1
    (rows with no off-grid state are omitted; T+1 is the age-18 handoff)

all parameters interior to their boxes

acceptance -- about the RETAINED WINNER, not about the other restarts
  winner came from        local restart 1
  its own return code     MAXEVAL_REACHED  (limit)  NO
  refinement              skipped (ret NOT_RUN, 0 evals)  yes
  no objective exceptions yes  (0)
  final sim in domain     yes  (0 invalid cells)
  no parameter on a bound yes  (all interior)
  objective finite        yes  (Q = 424.511)
  (for context: 1 of 5 restarts converged, 4 hit a budget, 0 other)
  NOT ACCEPTED -- do not quote this point. Fix the failing condition above first;
  a finite Q is not a certification, and neither is another restart's convergence.

wrote output/smm_runs/2026-09-11_142509_exp16/run_record.toml
wrote output/smm_runs/2026-09-11_142509_exp16/restarts.csv
wrote output/smm_runs/2026-09-11_142509_exp16/estimates.toml
wrote output/smm_runs/2026-09-11_142509_exp16/run.log
