
============================================================================
SMM: parent-block moments
============================================================================
started    2026-09-09 12:33:33
host       haflinger.ceu.edu
machine    112 cores, 503 GB RAM, load average 17.7
workers    20 of 112 cores (18%) -- capped by shared-server budget
budget     2000 Sobol points, 5 restarts (<= 500 evals each, polish 500)
grids      Na=Nhc=30 for both the search and the report
writing to output/smm_runs/2026-09-09_123333
           (also reachable as output/smm_runs/latest -- tail that, no timestamp needed)
7.5s
running on 21 process(es): 1 master + 20 worker(s), 1 BLAS thread each
10.4s
30.8s (all processes at once)

============================================================================
Targets  (output/smm_runs/2026-09-09_123333/targets.toml)
============================================================================
10 moments, 10 parameters -- just-identified, Q can reach 0
parameters: phi_2, phi_3, lambda_2, R_0, sigma_1_0, sigma_1_1, sigma_2_0, sigma_2_1, sigma_4_0, sigma_4_1
moment           mean         sd        N   source
mean_c_p       3.1155     1.6993     6742   cons_exhous_real_w99
mean_h_p       0.3073     0.0999    15665   (wh_mom + wh_dad)/2 / 112
mean_t_p_early     0.4544     0.1656      475   par_time_tot / 112, child ages 1-9
mean_t_p_late     0.3333     0.1669      590   par_time_tot / 112, child ages 10-17
mean_e_p_early     0.3429     0.4794     8178   m_method2_final_w99, child ages 1-9
mean_e_p_late     0.3911     0.6638     7182   m_method2_final_w99, child ages 10-17
mean_i_c_early     0.0393     0.0358      171   study_hrs / 112 (own study only), child ages 6-9
mean_i_c_late     0.0496     0.0595      584   study_hrs / 112 (own study only), child ages 10-17
mean_hc_early     6.0737     0.1081      252   x_gach (log PCA composite), child ages 3-9
mean_hc_late     6.2589     0.0302      459   x_gach (log PCA composite), child ages 12-17

SDs are shown but NOT targeted: the model's cross-sectional dispersion comes
from a 5-node wage shock plus initial draws and cannot reach the data's
(leisure SD is 7.4x too small). Targeting them would distort the means.

settings written to output/smm_runs/2026-09-09_123333/run_record.toml  (status = started)
17.9s

projected runtime
  sobol stage     2001 evals / 20 workers  =   29.8 min   (parallel)
  local stage      825 evals, sequential    =  245.9 min   (cannot be parallelised)
  total                                     275.7 min

The local stage dominates because TikTak's restarts are sequential by
construction. More workers shorten the first line only -- to use a wide
machine well, raise --sobol (better seeds), not --restarts.

============================================================================
Incumbent calibration
============================================================================
Q = 19.981312

Parameters
--------------------------------------------------------------
  phi_2            0.1904   (was 0.1904)
  phi_3            1.4071   (was 1.4071)
  lambda_2        60.2529   (was 60.2529)
  R_0             43.4481   (was 43.4481)
  sigma_1_0       -1.2936   (was -1.2936)
  sigma_1_1       -0.1594   (was -0.1594)
  sigma_2_0       -4.3175   (was -4.3175)
  sigma_2_1       -0.1552   (was -0.1552)
  sigma_4_0       -4.0407   (was -4.0407)
  sigma_4_1        0.0200   (was 0.0200)

Targeted moments
----------------------------------------------------------------------------
  moment          model       data     gap %   source
  mean_c_p       3.3874     3.1155      8.7%   cons_exhous_real_w99
  mean_h_p       0.3365     0.3073      9.5%   (wh_mom + wh_dad)/2 / 112
  mean_t_p_early     0.4259     0.4544     -6.3%   par_time_tot / 112, child ages 1-9
  mean_t_p_late     0.2622     0.3333    -21.3%   par_time_tot / 112, child ages 10-17
  mean_e_p_early     0.3688     0.3429      7.6%   m_method2_final_w99, child ages 1-9
  mean_e_p_late     0.4176     0.3911      6.8%   m_method2_final_w99, child ages 10-17
  mean_i_c_early     0.1777     0.0393    352.4%   study_hrs / 112 (own study only), child ages 6-9
  mean_i_c_late     0.2245     0.0496    352.6%   study_hrs / 112 (own study only), child ages 10-17
  mean_hc_early     6.0656     6.0737     -0.8%   x_gach (log PCA composite), child ages 3-9
  mean_hc_late     6.2189     6.2589     -3.9%   x_gach (log PCA composite), child ages 12-17
  Q                                 19.9813    (gap % is in LEVELS for log moments)

  c_p           33874 USD/yr  vs data 31155
  h_p            37.7 hrs/wk  vs data 34.4
  t_p  1-9       47.7 hrs/wk  vs data 50.9
  t_p 10-17      29.4 hrs/wk  vs data 37.3
  e_p  1-9       3688 USD/yr  vs data 3429
  e_p 10-17      4176 USD/yr  vs data 3911

  t_p late/early  model 0.62x  vs data 0.73x
  e_p late/early  model 1.13x  vs data 1.14x
  l_p (residual)  model 35.2 hrs/wk  vs 33.1 implied by the h_p/t_p targets
                  (measured leisure is 59.2 hrs/wk -- par_time_tot overlaps it)

Untargeted -- does the fit stay believable?
--------------------------------------------------------------
  after-tax income        5.0230  (50230 USD/yr)
  implied saving rate       32.8%
  terminal assets        41.8597  (418597 USD)
  leisure l_p             0.3146  (35.2 hrs/wk)
  invalid sim cells            0
  assets above a_max=100  max 99.4  (households: 0 ever (0.00%), 0 at t=1, 0 at handoff)
  HC in [50, 1500]      range 297.7 - 512.3  (households: 0 ever above, 0 ever below, 0 above at handoff)
  every simulated state is inside both grids

============================================================================
TikTak search
============================================================================
  sobol        1/2001    0%   best Q       79.82     0.3 min elapsed, ~556 min left
  sobol        3/2001    0%   best Q       79.82     0.3 min elapsed, ~220 min left
  sobol       11/2001    1%   best Q       21.42     0.4 min elapsed, ~66 min left
  sobol       19/2001    1%   best Q       8.505     0.4 min elapsed, ~42 min left
  sobol       22/2001    1%   best Q       8.505     0.4 min elapsed, ~40 min left
  sobol       24/2001    1%   best Q       8.505     0.5 min elapsed, ~40 min left
  sobol       31/2001    2%   best Q       6.375     0.5 min elapsed, ~33 min left
  sobol       37/2001    2%   best Q       6.375     0.6 min elapsed, ~30 min left
  sobol       43/2001    2%   best Q       5.168     0.6 min elapsed, ~28 min left
  sobol       47/2001    2%   best Q       5.168     0.7 min elapsed, ~27 min left
  sobol       53/2001    3%   best Q       5.168     0.7 min elapsed, ~26 min left
  sobol       60/2001    3%   best Q       5.168     0.7 min elapsed, ~24 min left
  sobol       64/2001    3%   best Q        3.07     0.8 min elapsed, ~24 min left
  sobol       70/2001    3%   best Q        3.07     0.8 min elapsed, ~23 min left
  sobol       74/2001    4%   best Q        3.07     0.9 min elapsed, ~23 min left
  sobol       80/2001    4%   best Q        3.07     0.9 min elapsed, ~22 min left
  sobol       86/2001    4%   best Q        3.07     1.0 min elapsed, ~21 min left
  sobol       92/2001    5%   best Q        3.07     1.0 min elapsed, ~21 min left
  sobol       96/2001    5%   best Q        3.07     1.1 min elapsed, ~21 min left
  sobol      105/2001    5%   best Q        3.07     1.1 min elapsed, ~20 min left
  sobol      107/2001    5%   best Q        3.07     1.1 min elapsed, ~20 min left
  sobol      115/2001    6%   best Q        3.07     1.2 min elapsed, ~19 min left
  sobol      117/2001    6%   best Q        3.07     1.2 min elapsed, ~20 min left
  sobol      123/2001    6%   best Q        3.07     1.3 min elapsed, ~19 min left
  sobol      128/2001    6%   best Q        3.07     1.3 min elapsed, ~19 min left
  sobol      131/2001    7%   best Q        3.07     1.3 min elapsed, ~19 min left
  sobol      138/2001    7%   best Q       3.023     1.4 min elapsed, ~19 min left
  sobol      144/2001    7%   best Q       3.023     1.4 min elapsed, ~18 min left
  sobol      149/2001    7%   best Q       3.023     1.5 min elapsed, ~18 min left
  sobol      155/2001    8%   best Q       3.023     1.5 min elapsed, ~18 min left
  sobol      160/2001    8%   best Q       3.023     1.5 min elapsed, ~18 min left
  sobol      163/2001    8%   best Q       3.023     1.6 min elapsed, ~18 min left
  sobol      167/2001    8%   best Q       3.023     1.6 min elapsed, ~18 min left
  sobol      172/2001    9%   best Q       3.023     1.6 min elapsed, ~17 min left
  sobol      177/2001    9%   best Q       3.023     1.7 min elapsed, ~17 min left
  sobol      183/2001    9%   best Q       3.023     1.7 min elapsed, ~17 min left
  sobol      186/2001    9%   best Q       3.023     1.8 min elapsed, ~17 min left
  sobol      193/2001   10%   best Q       3.023     1.8 min elapsed, ~17 min left
  sobol      200/2001   10%   best Q       3.023     1.8 min elapsed, ~17 min left
  sobol      205/2001   10%   best Q       3.023     1.9 min elapsed, ~17 min left
  sobol      209/2001   10%   best Q       3.023     1.9 min elapsed, ~17 min left
  sobol      215/2001   11%   best Q       3.023     2.0 min elapsed, ~16 min left
  sobol      220/2001   11%   best Q       3.023     2.0 min elapsed, ~16 min left
  sobol      225/2001   11%   best Q       3.023     2.1 min elapsed, ~16 min left
  sobol      228/2001   11%   best Q       3.023     2.1 min elapsed, ~16 min left
  sobol      235/2001   12%   best Q       3.023     2.1 min elapsed, ~16 min left
  sobol      239/2001   12%   best Q       3.023     2.2 min elapsed, ~16 min left
  sobol      246/2001   12%   best Q       3.023     2.2 min elapsed, ~16 min left
  sobol      249/2001   12%   best Q       3.023     2.2 min elapsed, ~16 min left
  sobol      255/2001   13%   best Q       3.023     2.3 min elapsed, ~16 min left
  sobol      259/2001   13%   best Q       3.023     2.3 min elapsed, ~16 min left
  sobol      266/2001   13%   best Q       3.023     2.4 min elapsed, ~15 min left
  sobol      267/2001   13%   best Q       3.023     2.4 min elapsed, ~16 min left
  sobol      276/2001   14%   best Q       3.023     2.4 min elapsed, ~15 min left
  sobol      281/2001   14%   best Q       3.023     2.5 min elapsed, ~15 min left
  sobol      286/2001   14%   best Q       3.023     2.5 min elapsed, ~15 min left
  sobol      291/2001   15%   best Q       3.023     2.6 min elapsed, ~15 min left
  sobol      301/2001   15%   best Q       3.023     2.6 min elapsed, ~15 min left
  sobol      304/2001   15%   best Q       3.023     2.7 min elapsed, ~15 min left
  sobol      308/2001   15%   best Q       3.023     2.7 min elapsed, ~15 min left
  sobol      315/2001   16%   best Q       3.023     2.7 min elapsed, ~15 min left
  sobol      322/2001   16%   best Q       3.023     2.8 min elapsed, ~15 min left
  sobol      326/2001   16%   best Q       3.023     2.8 min elapsed, ~15 min left
  sobol      331/2001   17%   best Q       3.023     2.9 min elapsed, ~14 min left
  sobol      337/2001   17%   best Q       3.023     2.9 min elapsed, ~14 min left
  sobol      340/2001   17%   best Q       3.023     2.9 min elapsed, ~14 min left
  sobol      347/2001   17%   best Q       3.023     3.0 min elapsed, ~14 min left
  sobol      352/2001   18%   best Q       3.023     3.0 min elapsed, ~14 min left
  sobol      359/2001   18%   best Q       3.023     3.1 min elapsed, ~14 min left
  sobol      361/2001   18%   best Q       3.023     3.1 min elapsed, ~14 min left
  sobol      368/2001   18%   best Q       3.023     3.1 min elapsed, ~14 min left
  sobol      371/2001   19%   best Q       3.023     3.2 min elapsed, ~14 min left
  sobol      376/2001   19%   best Q       3.023     3.2 min elapsed, ~14 min left
  sobol      380/2001   19%   best Q       3.023     3.3 min elapsed, ~14 min left
  sobol      386/2001   19%   best Q       3.023     3.3 min elapsed, ~14 min left
  sobol      393/2001   20%   best Q       3.023     3.3 min elapsed, ~14 min left
  sobol      397/2001   20%   best Q       3.023     3.4 min elapsed, ~14 min left
  sobol      404/2001   20%   best Q       2.563     3.4 min elapsed, ~13 min left
  sobol      408/2001   20%   best Q       2.563     3.5 min elapsed, ~14 min left
  sobol      415/2001   21%   best Q       2.563     3.5 min elapsed, ~13 min left
  sobol      423/2001   21%   best Q       2.563     3.6 min elapsed, ~13 min left
  sobol      429/2001   21%   best Q       2.563     3.6 min elapsed, ~13 min left
  sobol      431/2001   22%   best Q       1.855     3.6 min elapsed, ~13 min left
  sobol      435/2001   22%   best Q       1.855     3.7 min elapsed, ~13 min left
  sobol      439/2001   22%   best Q       1.855     3.7 min elapsed, ~13 min left
  sobol      446/2001   22%   best Q       1.855     3.8 min elapsed, ~13 min left
  sobol      451/2001   23%   best Q       1.855     3.8 min elapsed, ~13 min left
  sobol      454/2001   23%   best Q       1.855     3.9 min elapsed, ~13 min left
  sobol      460/2001   23%   best Q       1.855     3.9 min elapsed, ~13 min left
  sobol      466/2001   23%   best Q       1.855     3.9 min elapsed, ~13 min left
  sobol      470/2001   23%   best Q       1.855     4.0 min elapsed, ~13 min left
  sobol      474/2001   24%   best Q       1.855     4.0 min elapsed, ~13 min left
  sobol      475/2001   24%   best Q       1.855     4.0 min elapsed, ~13 min left
  sobol      483/2001   24%   best Q       1.855     4.1 min elapsed, ~13 min left
  sobol      491/2001   25%   best Q       1.592     4.1 min elapsed, ~13 min left
  sobol      493/2001   25%   best Q       1.592     4.1 min elapsed, ~13 min left
  sobol      495/2001   25%   best Q       1.592     4.2 min elapsed, ~13 min left
  sobol      503/2001   25%   best Q       1.592     4.2 min elapsed, ~13 min left
  sobol      509/2001   25%   best Q       1.592     4.3 min elapsed, ~13 min left
  sobol      513/2001   26%   best Q       1.592     4.3 min elapsed, ~12 min left
  sobol      518/2001   26%   best Q       1.592     4.3 min elapsed, ~12 min left
  sobol      522/2001   26%   best Q       1.592     4.4 min elapsed, ~12 min left
  sobol      528/2001   26%   best Q       1.592     4.4 min elapsed, ~12 min left
  sobol      533/2001   27%   best Q       1.592     4.5 min elapsed, ~12 min left
  sobol      537/2001   27%   best Q       1.592     4.5 min elapsed, ~12 min left
  sobol      542/2001   27%   best Q       1.592     4.5 min elapsed, ~12 min left
  sobol      548/2001   27%   best Q       1.592     4.6 min elapsed, ~12 min left
  sobol      553/2001   28%   best Q       1.592     4.6 min elapsed, ~12 min left
  sobol      557/2001   28%   best Q       1.592     4.6 min elapsed, ~12 min left
  sobol      561/2001   28%   best Q       1.592     4.7 min elapsed, ~12 min left
  sobol      567/2001   28%   best Q       1.592     4.7 min elapsed, ~12 min left
  sobol      572/2001   29%   best Q       1.592     4.8 min elapsed, ~12 min left
  sobol      576/2001   29%   best Q       1.592     4.8 min elapsed, ~12 min left
  sobol      582/2001   29%   best Q       1.592     4.8 min elapsed, ~12 min left
  sobol      586/2001   29%   best Q       1.592     4.9 min elapsed, ~12 min left
  sobol      593/2001   30%   best Q       1.592     4.9 min elapsed, ~12 min left
  sobol      598/2001   30%   best Q       1.592     5.0 min elapsed, ~12 min left
  sobol      604/2001   30%   best Q       1.592     5.0 min elapsed, ~12 min left
  sobol      608/2001   30%   best Q       1.592     5.0 min elapsed, ~12 min left
  sobol      612/2001   31%   best Q       1.592     5.1 min elapsed, ~11 min left
  sobol      615/2001   31%   best Q       1.592     5.1 min elapsed, ~11 min left
  sobol      622/2001   31%   best Q       1.592     5.1 min elapsed, ~11 min left
  sobol      628/2001   31%   best Q       1.592     5.2 min elapsed, ~11 min left
  sobol      631/2001   32%   best Q       1.592     5.2 min elapsed, ~11 min left
  sobol      636/2001   32%   best Q       1.592     5.3 min elapsed, ~11 min left
  sobol      642/2001   32%   best Q       1.592     5.3 min elapsed, ~11 min left
  sobol      648/2001   32%   best Q       1.592     5.3 min elapsed, ~11 min left
  sobol      653/2001   33%   best Q       1.592     5.4 min elapsed, ~11 min left
  sobol      656/2001   33%   best Q       1.592     5.4 min elapsed, ~11 min left
  sobol      662/2001   33%   best Q       1.592     5.5 min elapsed, ~11 min left
  sobol      667/2001   33%   best Q       1.592     5.5 min elapsed, ~11 min left
  sobol      673/2001   34%   best Q       1.592     5.5 min elapsed, ~11 min left
  sobol      678/2001   34%   best Q       1.592     5.6 min elapsed, ~11 min left
  sobol      685/2001   34%   best Q       1.592     5.6 min elapsed, ~11 min left
  sobol      692/2001   35%   best Q       1.592     5.7 min elapsed, ~11 min left
  sobol      694/2001   35%   best Q       1.592     5.7 min elapsed, ~11 min left
  sobol      699/2001   35%   best Q       1.592     5.7 min elapsed, ~11 min left
  sobol      703/2001   35%   best Q       1.592     5.8 min elapsed, ~11 min left
  sobol      710/2001   35%   best Q       1.592     5.8 min elapsed, ~11 min left
  sobol      715/2001   36%   best Q       1.592     5.9 min elapsed, ~11 min left
  sobol      720/2001   36%   best Q       1.592     5.9 min elapsed, ~11 min left
  sobol      724/2001   36%   best Q       1.592     6.0 min elapsed, ~11 min left
  sobol      731/2001   37%   best Q       1.592     6.0 min elapsed, ~10 min left
  sobol      735/2001   37%   best Q       1.592     6.0 min elapsed, ~10 min left
  sobol      741/2001   37%   best Q       1.592     6.1 min elapsed, ~10 min left
  sobol      747/2001   37%   best Q       1.592     6.1 min elapsed, ~10 min left
  sobol      750/2001   37%   best Q       1.592     6.2 min elapsed, ~10 min left
  sobol      757/2001   38%   best Q       1.592     6.2 min elapsed, ~10 min left
  sobol      762/2001   38%   best Q       1.592     6.2 min elapsed, ~10 min left
  sobol      764/2001   38%   best Q       1.592     6.3 min elapsed, ~10 min left
  sobol      771/2001   39%   best Q       1.592     6.3 min elapsed, ~10 min left
  sobol      777/2001   39%   best Q       1.592     6.4 min elapsed, ~10 min left
  sobol      783/2001   39%   best Q       1.592     6.4 min elapsed, ~10 min left
  sobol      786/2001   39%   best Q       1.592     6.4 min elapsed, ~10 min left
  sobol      792/2001   40%   best Q       1.592     6.5 min elapsed, ~10 min left
  sobol      798/2001   40%   best Q       1.592     6.5 min elapsed, ~10 min left
  sobol      806/2001   40%   best Q       1.592     6.6 min elapsed, ~10 min left
  sobol      808/2001   40%   best Q       1.592     6.6 min elapsed, ~10 min left
  sobol      814/2001   41%   best Q       1.592     6.6 min elapsed, ~10 min left
  sobol      818/2001   41%   best Q       1.592     6.7 min elapsed, ~10 min left
  sobol      825/2001   41%   best Q       1.592     6.7 min elapsed, ~10 min left
  sobol      828/2001   41%   best Q       1.592     6.8 min elapsed, ~10 min left
  sobol      833/2001   42%   best Q       1.592     6.8 min elapsed, ~10 min left
  sobol      841/2001   42%   best Q       1.592     6.9 min elapsed, ~9 min left
  sobol      848/2001   42%   best Q       1.592     6.9 min elapsed, ~9 min left
  sobol      853/2001   43%   best Q       1.592     6.9 min elapsed, ~9 min left
  sobol      857/2001   43%   best Q       1.592     7.0 min elapsed, ~9 min left
  sobol      863/2001   43%   best Q       1.592     7.0 min elapsed, ~9 min left
  sobol      865/2001   43%   best Q       1.592     7.1 min elapsed, ~9 min left
  sobol      871/2001   44%   best Q       1.592     7.1 min elapsed, ~9 min left
  sobol      878/2001   44%   best Q       1.592     7.1 min elapsed, ~9 min left
  sobol      881/2001   44%   best Q       1.592     7.2 min elapsed, ~9 min left
  sobol      885/2001   44%   best Q       1.592     7.2 min elapsed, ~9 min left
  sobol      889/2001   44%   best Q       1.592     7.2 min elapsed, ~9 min left
  sobol      897/2001   45%   best Q       1.592     7.3 min elapsed, ~9 min left
  sobol      903/2001   45%   best Q       1.592     7.4 min elapsed, ~9 min left
  sobol      910/2001   45%   best Q       1.592     7.4 min elapsed, ~9 min left
  sobol      914/2001   46%   best Q       1.592     7.4 min elapsed, ~9 min left
  sobol      920/2001   46%   best Q       1.592     7.5 min elapsed, ~9 min left
  sobol      923/2001   46%   best Q       1.592     7.5 min elapsed, ~9 min left
  sobol      931/2001   47%   best Q       1.592     7.6 min elapsed, ~9 min left
  sobol      938/2001   47%   best Q       1.592     7.6 min elapsed, ~9 min left
  sobol      941/2001   47%   best Q       1.592     7.6 min elapsed, ~9 min left
  sobol      947/2001   47%   best Q       1.592     7.7 min elapsed, ~9 min left
  sobol      951/2001   48%   best Q       1.592     7.7 min elapsed, ~9 min left
  sobol      954/2001   48%   best Q       1.592     7.7 min elapsed, ~9 min left
  sobol      961/2001   48%   best Q       1.592     7.8 min elapsed, ~8 min left
  sobol      967/2001   48%   best Q       1.592     7.8 min elapsed, ~8 min left
  sobol      974/2001   49%   best Q       1.592     7.9 min elapsed, ~8 min left
  sobol      980/2001   49%   best Q       1.592     7.9 min elapsed, ~8 min left
  sobol      985/2001   49%   best Q       1.592     8.0 min elapsed, ~8 min left
  sobol      989/2001   49%   best Q       1.592     8.0 min elapsed, ~8 min left
  sobol      994/2001   50%   best Q       1.592     8.0 min elapsed, ~8 min left
  sobol      998/2001   50%   best Q       1.592     8.1 min elapsed, ~8 min left
  sobol     1001/2001   50%   best Q       1.592     8.1 min elapsed, ~8 min left
  sobol     1007/2001   50%   best Q       1.592     8.2 min elapsed, ~8 min left
  sobol     1015/2001   51%   best Q       1.592     8.2 min elapsed, ~8 min left
  sobol     1021/2001   51%   best Q       1.592     8.2 min elapsed, ~8 min left
  sobol     1028/2001   51%   best Q       1.592     8.3 min elapsed, ~8 min left
  sobol     1032/2001   52%   best Q       1.592     8.3 min elapsed, ~8 min left
  sobol     1037/2001   52%   best Q       1.592     8.4 min elapsed, ~8 min left
  sobol     1043/2001   52%   best Q       1.592     8.4 min elapsed, ~8 min left
  sobol     1047/2001   52%   best Q       1.592     8.5 min elapsed, ~8 min left
  sobol     1054/2001   53%   best Q       1.592     8.5 min elapsed, ~8 min left
  sobol     1057/2001   53%   best Q       1.592     8.5 min elapsed, ~8 min left
  sobol     1065/2001   53%   best Q       1.592     8.6 min elapsed, ~8 min left
  sobol     1072/2001   54%   best Q       1.592     8.6 min elapsed, ~7 min left
  sobol     1075/2001   54%   best Q       1.592     8.7 min elapsed, ~7 min left
  sobol     1079/2001   54%   best Q       1.592     8.7 min elapsed, ~7 min left
  sobol     1083/2001   54%   best Q       1.592     8.7 min elapsed, ~7 min left
  sobol     1089/2001   54%   best Q       1.592     8.8 min elapsed, ~7 min left
  sobol     1096/2001   55%   best Q       1.592     8.8 min elapsed, ~7 min left
  sobol     1100/2001   55%   best Q       1.592     8.9 min elapsed, ~7 min left
  sobol     1108/2001   55%   best Q       1.592     8.9 min elapsed, ~7 min left
  sobol     1116/2001   56%   best Q       1.592     9.0 min elapsed, ~7 min left
  sobol     1122/2001   56%   best Q       1.592     9.0 min elapsed, ~7 min left
  sobol     1126/2001   56%   best Q       1.592     9.1 min elapsed, ~7 min left
  sobol     1132/2001   57%   best Q       1.592     9.1 min elapsed, ~7 min left
  sobol     1139/2001   57%   best Q       1.592     9.1 min elapsed, ~7 min left
  sobol     1143/2001   57%   best Q       1.592     9.2 min elapsed, ~7 min left
  sobol     1150/2001   57%   best Q       1.592     9.2 min elapsed, ~7 min left
  sobol     1154/2001   58%   best Q       1.592     9.3 min elapsed, ~7 min left
  sobol     1163/2001   58%   best Q       1.592     9.4 min elapsed, ~7 min left
  sobol     1169/2001   58%   best Q       1.592     9.4 min elapsed, ~7 min left
  sobol     1176/2001   59%   best Q       1.592     9.4 min elapsed, ~7 min left
  sobol     1178/2001   59%   best Q       1.592     9.5 min elapsed, ~7 min left
  sobol     1182/2001   59%   best Q       1.592     9.5 min elapsed, ~7 min left
  sobol     1189/2001   59%   best Q       1.592     9.5 min elapsed, ~7 min left
  sobol     1194/2001   60%   best Q       1.592     9.6 min elapsed, ~6 min left
  sobol     1200/2001   60%   best Q       1.592     9.6 min elapsed, ~6 min left
  sobol     1203/2001   60%   best Q       1.592     9.7 min elapsed, ~6 min left
  sobol     1211/2001   61%   best Q       1.592     9.7 min elapsed, ~6 min left
  sobol     1214/2001   61%   best Q       1.592     9.7 min elapsed, ~6 min left
  sobol     1220/2001   61%   best Q       1.592     9.8 min elapsed, ~6 min left
  sobol     1223/2001   61%   best Q       1.592     9.8 min elapsed, ~6 min left
  sobol     1231/2001   62%   best Q       1.592     9.9 min elapsed, ~6 min left
  sobol     1235/2001   62%   best Q       1.592     9.9 min elapsed, ~6 min left
  sobol     1240/2001   62%   best Q       1.592     9.9 min elapsed, ~6 min left
  sobol     1244/2001   62%   best Q       1.592    10.0 min elapsed, ~6 min left
  sobol     1249/2001   62%   best Q       1.592    10.0 min elapsed, ~6 min left
  sobol     1253/2001   63%   best Q       1.592    10.0 min elapsed, ~6 min left
  sobol     1260/2001   63%   best Q       1.592    10.1 min elapsed, ~6 min left
  sobol     1263/2001   63%   best Q       1.592    10.1 min elapsed, ~6 min left
  sobol     1269/2001   63%   best Q       1.592    10.2 min elapsed, ~6 min left
  sobol     1273/2001   64%   best Q       1.592    10.2 min elapsed, ~6 min left
  sobol     1282/2001   64%   best Q       1.592    10.2 min elapsed, ~6 min left
  sobol     1285/2001   64%   best Q       1.592    10.3 min elapsed, ~6 min left
  sobol     1292/2001   65%   best Q       1.592    10.3 min elapsed, ~6 min left
  sobol     1298/2001   65%   best Q       1.592    10.4 min elapsed, ~6 min left
  sobol     1302/2001   65%   best Q       1.592    10.4 min elapsed, ~6 min left
  sobol     1307/2001   65%   best Q       1.592    10.5 min elapsed, ~6 min left
  sobol     1314/2001   66%   best Q       1.592    10.5 min elapsed, ~5 min left
  sobol     1320/2001   66%   best Q       1.592    10.5 min elapsed, ~5 min left
  sobol     1325/2001   66%   best Q       1.592    10.6 min elapsed, ~5 min left
  sobol     1330/2001   66%   best Q       1.592    10.6 min elapsed, ~5 min left
  sobol     1335/2001   67%   best Q       1.592    10.7 min elapsed, ~5 min left
  sobol     1340/2001   67%   best Q       1.592    10.7 min elapsed, ~5 min left
  sobol     1346/2001   67%   best Q       1.592    10.7 min elapsed, ~5 min left
  sobol     1352/2001   68%   best Q       1.592    10.8 min elapsed, ~5 min left
  sobol     1360/2001   68%   best Q       1.592    10.9 min elapsed, ~5 min left
  sobol     1363/2001   68%   best Q       1.592    10.9 min elapsed, ~5 min left
  sobol     1369/2001   68%   best Q       1.592    10.9 min elapsed, ~5 min left
  sobol     1373/2001   69%   best Q       1.592    11.0 min elapsed, ~5 min left
  sobol     1377/2001   69%   best Q       1.592    11.0 min elapsed, ~5 min left
  sobol     1383/2001   69%   best Q       1.592    11.0 min elapsed, ~5 min left
  sobol     1388/2001   69%   best Q       1.592    11.1 min elapsed, ~5 min left
  sobol     1394/2001   70%   best Q       1.592    11.1 min elapsed, ~5 min left
  sobol     1397/2001   70%   best Q       1.592    11.2 min elapsed, ~5 min left
  sobol     1404/2001   70%   best Q       1.592    11.2 min elapsed, ~5 min left
  sobol     1410/2001   70%   best Q       1.592    11.2 min elapsed, ~5 min left
  sobol     1414/2001   71%   best Q       1.592    11.3 min elapsed, ~5 min left
  sobol     1418/2001   71%   best Q       1.592    11.3 min elapsed, ~5 min left
  sobol     1423/2001   71%   best Q       1.592    11.4 min elapsed, ~5 min left
  sobol     1428/2001   71%   best Q       1.592    11.4 min elapsed, ~5 min left
  sobol     1436/2001   72%   best Q       1.592    11.5 min elapsed, ~5 min left
  sobol     1437/2001   72%   best Q       1.592    11.5 min elapsed, ~5 min left
  sobol     1444/2001   72%   best Q       1.592    11.5 min elapsed, ~4 min left
  sobol     1447/2001   72%   best Q       1.592    11.6 min elapsed, ~4 min left
  sobol     1455/2001   73%   best Q       1.592    11.6 min elapsed, ~4 min left
  sobol     1460/2001   73%   best Q       1.592    11.7 min elapsed, ~4 min left
  sobol     1466/2001   73%   best Q       1.592    11.7 min elapsed, ~4 min left
  sobol     1471/2001   74%   best Q       1.592    11.8 min elapsed, ~4 min left
  sobol     1478/2001   74%   best Q       1.592    11.8 min elapsed, ~4 min left
  sobol     1483/2001   74%   best Q       1.592    11.8 min elapsed, ~4 min left
  sobol     1489/2001   74%   best Q       1.592    11.9 min elapsed, ~4 min left
  sobol     1494/2001   75%   best Q       1.592    11.9 min elapsed, ~4 min left
  sobol     1499/2001   75%   best Q       1.592    12.0 min elapsed, ~4 min left
  sobol     1506/2001   75%   best Q       1.592    12.0 min elapsed, ~4 min left
  sobol     1511/2001   76%   best Q       1.592    12.1 min elapsed, ~4 min left
  sobol     1518/2001   76%   best Q       1.592    12.1 min elapsed, ~4 min left
  sobol     1523/2001   76%   best Q       1.592    12.1 min elapsed, ~4 min left
  sobol     1528/2001   76%   best Q       1.592    12.2 min elapsed, ~4 min left
  sobol     1531/2001   77%   best Q       1.592    12.2 min elapsed, ~4 min left
  sobol     1533/2001   77%   best Q       1.592    12.3 min elapsed, ~4 min left
  sobol     1541/2001   77%   best Q       1.592    12.3 min elapsed, ~4 min left
  sobol     1547/2001   77%   best Q       1.592    12.3 min elapsed, ~4 min left
  sobol     1552/2001   78%   best Q       1.592    12.4 min elapsed, ~4 min left
  sobol     1558/2001   78%   best Q       1.592    12.4 min elapsed, ~4 min left
  sobol     1566/2001   78%   best Q       1.592    12.5 min elapsed, ~3 min left
  sobol     1571/2001   79%   best Q       1.592    12.5 min elapsed, ~3 min left
  sobol     1574/2001   79%   best Q       1.592    12.6 min elapsed, ~3 min left
  sobol     1580/2001   79%   best Q       1.592    12.6 min elapsed, ~3 min left
  sobol     1584/2001   79%   best Q       1.592    12.6 min elapsed, ~3 min left
  sobol     1589/2001   79%   best Q       1.592    12.7 min elapsed, ~3 min left
  sobol     1596/2001   80%   best Q       1.592    12.7 min elapsed, ~3 min left
  sobol     1600/2001   80%   best Q       1.592    12.8 min elapsed, ~3 min left
  sobol     1604/2001   80%   best Q       1.592    12.8 min elapsed, ~3 min left
  sobol     1609/2001   80%   best Q       1.592    12.8 min elapsed, ~3 min left
  sobol     1615/2001   81%   best Q       1.592    12.9 min elapsed, ~3 min left
  sobol     1620/2001   81%   best Q       1.592    12.9 min elapsed, ~3 min left
  sobol     1623/2001   81%   best Q       1.592    12.9 min elapsed, ~3 min left
  sobol     1628/2001   81%   best Q       1.592    13.0 min elapsed, ~3 min left
  sobol     1635/2001   82%   best Q       1.592    13.0 min elapsed, ~3 min left
  sobol     1641/2001   82%   best Q       1.592    13.1 min elapsed, ~3 min left
  sobol     1643/2001   82%   best Q       1.592    13.1 min elapsed, ~3 min left
  sobol     1648/2001   82%   best Q       1.592    13.1 min elapsed, ~3 min left
  sobol     1654/2001   83%   best Q       1.592    13.2 min elapsed, ~3 min left
  sobol     1658/2001   83%   best Q       1.592    13.2 min elapsed, ~3 min left
  sobol     1663/2001   83%   best Q       1.592    13.3 min elapsed, ~3 min left
  sobol     1668/2001   83%   best Q       1.592    13.3 min elapsed, ~3 min left
  sobol     1676/2001   84%   best Q       1.592    13.3 min elapsed, ~3 min left
  sobol     1679/2001   84%   best Q       1.592    13.4 min elapsed, ~3 min left
  sobol     1685/2001   84%   best Q       1.592    13.4 min elapsed, ~3 min left
  sobol     1692/2001   85%   best Q       1.592    13.5 min elapsed, ~2 min left
  sobol     1696/2001   85%   best Q       1.592    13.5 min elapsed, ~2 min left
  sobol     1700/2001   85%   best Q       1.592    13.6 min elapsed, ~2 min left
  sobol     1706/2001   85%   best Q       1.592    13.6 min elapsed, ~2 min left
  sobol     1711/2001   86%   best Q       1.592    13.6 min elapsed, ~2 min left
  sobol     1714/2001   86%   best Q       1.592    13.7 min elapsed, ~2 min left
  sobol     1720/2001   86%   best Q       1.592    13.7 min elapsed, ~2 min left
  sobol     1727/2001   86%   best Q       1.592    13.8 min elapsed, ~2 min left
  sobol     1732/2001   87%   best Q       1.592    13.8 min elapsed, ~2 min left
  sobol     1734/2001   87%   best Q       1.592    13.8 min elapsed, ~2 min left
  sobol     1738/2001   87%   best Q       1.592    13.9 min elapsed, ~2 min left
  sobol     1744/2001   87%   best Q       1.592    13.9 min elapsed, ~2 min left
  sobol     1751/2001   88%   best Q       1.592    13.9 min elapsed, ~2 min left
  sobol     1754/2001   88%   best Q       1.592    14.0 min elapsed, ~2 min left
  sobol     1758/2001   88%   best Q       1.592    14.0 min elapsed, ~2 min left
  sobol     1769/2001   88%   best Q       1.592    14.1 min elapsed, ~2 min left
  sobol     1772/2001   89%   best Q       1.592    14.1 min elapsed, ~2 min left
  sobol     1775/2001   89%   best Q       1.592    14.2 min elapsed, ~2 min left
  sobol     1783/2001   89%   best Q       1.592    14.2 min elapsed, ~2 min left
  sobol     1790/2001   89%   best Q       1.592    14.3 min elapsed, ~2 min left
  sobol     1794/2001   90%   best Q       1.592    14.3 min elapsed, ~2 min left
  sobol     1802/2001   90%   best Q       1.592    14.4 min elapsed, ~2 min left
  sobol     1810/2001   90%   best Q       1.592    14.4 min elapsed, ~2 min left
  sobol     1815/2001   91%   best Q       1.592    14.4 min elapsed, ~1 min left
  sobol     1818/2001   91%   best Q       1.592    14.5 min elapsed, ~1 min left
  sobol     1824/2001   91%   best Q       1.592    14.5 min elapsed, ~1 min left
  sobol     1830/2001   91%   best Q       1.592    14.6 min elapsed, ~1 min left
  sobol     1833/2001   92%   best Q       1.592    14.6 min elapsed, ~1 min left
  sobol     1839/2001   92%   best Q       1.592    14.6 min elapsed, ~1 min left
  sobol     1844/2001   92%   best Q       1.592    14.7 min elapsed, ~1 min left
  sobol     1847/2001   92%   best Q       1.592    14.7 min elapsed, ~1 min left
  sobol     1852/2001   93%   best Q       1.592    14.8 min elapsed, ~1 min left
  sobol     1860/2001   93%   best Q       1.592    14.8 min elapsed, ~1 min left
  sobol     1864/2001   93%   best Q       1.592    14.8 min elapsed, ~1 min left
  sobol     1867/2001   93%   best Q       1.592    14.9 min elapsed, ~1 min left
  sobol     1874/2001   94%   best Q       1.592    14.9 min elapsed, ~1 min left
  sobol     1877/2001   94%   best Q       1.592    15.0 min elapsed, ~1 min left
  sobol     1883/2001   94%   best Q       1.592    15.0 min elapsed, ~1 min left
  sobol     1885/2001   94%   best Q       1.592    15.0 min elapsed, ~1 min left
  sobol     1891/2001   95%   best Q       1.592    15.1 min elapsed, ~1 min left
  sobol     1895/2001   95%   best Q       1.592    15.1 min elapsed, ~1 min left
  sobol     1901/2001   95%   best Q       1.592    15.1 min elapsed, ~1 min left
  sobol     1905/2001   95%   best Q       1.592    15.2 min elapsed, ~1 min left
  sobol     1908/2001   95%   best Q       1.592    15.2 min elapsed, ~1 min left
  sobol     1914/2001   96%   best Q       1.592    15.2 min elapsed, ~1 min left
  sobol     1920/2001   96%   best Q       1.592    15.3 min elapsed, ~1 min left
  sobol     1924/2001   96%   best Q       1.592    15.3 min elapsed, ~1 min left
  sobol     1931/2001   97%   best Q       1.592    15.4 min elapsed, ~1 min left
  sobol     1937/2001   97%   best Q       1.592    15.4 min elapsed, ~1 min left
  sobol     1940/2001   97%   best Q       1.592    15.4 min elapsed, ~0 min left
  sobol     1945/2001   97%   best Q       1.592    15.5 min elapsed, ~0 min left
  sobol     1949/2001   97%   best Q       1.592    15.5 min elapsed, ~0 min left
  sobol     1955/2001   98%   best Q       1.592    15.6 min elapsed, ~0 min left
  sobol     1962/2001   98%   best Q       1.592    15.6 min elapsed, ~0 min left
  sobol     1967/2001   98%   best Q       1.592    15.6 min elapsed, ~0 min left
  sobol     1973/2001   99%   best Q       1.592    15.7 min elapsed, ~0 min left
  sobol     1977/2001   99%   best Q       1.592    15.7 min elapsed, ~0 min left
  sobol     1982/2001   99%   best Q       1.592    15.8 min elapsed, ~0 min left
  sobol     1985/2001   99%   best Q       1.592    15.8 min elapsed, ~0 min left
  sobol     1990/2001   99%   best Q       1.592    15.8 min elapsed, ~0 min left
  sobol     1996/2001  100%   best Q       1.592    15.9 min elapsed, ~0 min left
  sobol     1997/2001  100%   best Q       1.592    15.9 min elapsed, ~0 min left
  sobol     2001/2001  100%   best Q       1.592    15.9 min elapsed, ~0 min left
  sobol    complete: 2001 evaluations, best Q 1.592, 15.9 min
  restart   1/5    eval     1   this Q       1.592   best Q       1.592    16.1 min
  restart   1/5    eval     2   this Q       1.592   best Q       1.592    16.3 min
  restart   1/5    eval     3   this Q       1.415   best Q       1.415    16.5 min
  restart   1/5    eval     4   this Q       1.854   best Q       1.415    16.7 min
  restart   1/5    eval     5   this Q       1.325   best Q       1.325    16.9 min
  restart   1/5    eval     6   this Q       2.961   best Q       1.325    17.0 min
  restart   1/5    eval     7   this Q       1.773   best Q       1.325    17.2 min
  restart   1/5    eval     8   this Q       2.104   best Q       1.325    17.4 min
  restart   1/5    eval     9   this Q       1.201   best Q       1.201    17.5 min
  restart   1/5    eval    10   this Q       4.512   best Q       1.201    17.7 min
  restart   1/5    eval    11   this Q       2.884   best Q       1.201    17.9 min
  restart   1/5    eval    12   this Q        1.15   best Q        1.15    18.0 min
  restart   1/5    eval    13   this Q       2.216   best Q        1.15    18.2 min
  restart   1/5    eval    14   this Q       2.176   best Q        1.15    18.4 min
  restart   1/5    eval    15   this Q       2.623   best Q        1.15    18.6 min
  restart   1/5    eval    16   this Q       2.181   best Q        1.15    18.8 min
  restart   1/5    eval    17   this Q       3.542   best Q        1.15    18.9 min
  restart   1/5    eval    18   this Q       1.821   best Q        1.15    19.1 min
  restart   1/5    eval    19   this Q      0.4928   best Q      0.4928    19.3 min
  restart   1/5    eval    20   this Q       2.696   best Q      0.4928    19.4 min
  restart   1/5    eval    21   this Q       2.963   best Q      0.4928    19.6 min
  restart   1/5    eval    22   this Q       1.454   best Q      0.4928    19.8 min
  restart   1/5    eval    23   this Q      0.9765   best Q      0.4928    20.0 min
  restart   1/5    eval    24   this Q       1.021   best Q      0.4928    20.1 min
  restart   1/5    eval    25   this Q       1.224   best Q      0.4928    20.3 min
  restart   1/5    eval    26   this Q        1.11   best Q      0.4928    20.5 min
  restart   1/5    eval    27   this Q       1.074   best Q      0.4928    20.6 min
  restart   1/5    eval    28   this Q       1.039   best Q      0.4928    20.8 min
  restart   1/5    eval    29   this Q       2.288   best Q      0.4928    21.0 min
  restart   1/5    eval    30   this Q       1.074   best Q      0.4928    21.1 min
  restart   1/5    eval    31   this Q       1.298   best Q      0.4928    21.3 min
  restart   1/5    eval    32   this Q      0.8647   best Q      0.4928    21.5 min
  restart   1/5    eval    33   this Q      0.8371   best Q      0.4928    21.6 min
  restart   1/5    eval    34   this Q       0.515   best Q      0.4928    21.8 min
  restart   1/5    eval    35   this Q       0.553   best Q      0.4928    22.0 min
  restart   1/5    eval    36   this Q      0.8865   best Q      0.4928    22.1 min
  restart   1/5    eval    37   this Q      0.5103   best Q      0.4928    22.3 min
  restart   1/5    eval    38   this Q       1.037   best Q      0.4928    22.5 min
  restart   1/5    eval    39   this Q      0.7352   best Q      0.4928    22.6 min
  restart   1/5    eval    40   this Q       1.182   best Q      0.4928    22.8 min
  restart   1/5    eval    41   this Q      0.7244   best Q      0.4928    23.0 min
  restart   1/5    eval    42   this Q       1.558   best Q      0.4928    23.2 min
  restart   1/5    eval    43   this Q      0.7748   best Q      0.4928    23.3 min
  restart   1/5    eval    44   this Q      0.5755   best Q      0.4928    23.5 min
  restart   1/5    eval    45   this Q      0.6428   best Q      0.4928    23.6 min
  restart   1/5    eval    46   this Q      0.7388   best Q      0.4928    23.8 min
  restart   1/5    eval    47   this Q      0.5043   best Q      0.4928    24.0 min
  restart   1/5    eval    48   this Q       1.123   best Q      0.4928    24.1 min
  restart   1/5    eval    49   this Q      0.5625   best Q      0.4928    24.3 min
  restart   1/5    eval    50   this Q      0.7542   best Q      0.4928    24.4 min
  restart   1/5    eval    51   this Q      0.5363   best Q      0.4928    24.6 min
  restart   1/5    eval    52   this Q      0.4764   best Q      0.4764    24.8 min
  restart   1/5    eval    53   this Q       1.938   best Q      0.4764    24.9 min
  restart   1/5    eval    54   this Q      0.9087   best Q      0.4764    25.1 min
  restart   1/5    eval    55   this Q      0.5046   best Q      0.4764    25.2 min
  restart   1/5    eval    56   this Q      0.7234   best Q      0.4764    25.4 min
  restart   1/5    eval    57   this Q      0.4481   best Q      0.4481    25.6 min
  restart   1/5    eval    58   this Q      0.7156   best Q      0.4481    25.7 min
  restart   1/5    eval    59   this Q      0.4276   best Q      0.4276    25.9 min
  restart   1/5    eval    60   this Q      0.5638   best Q      0.4276    26.0 min
  restart   1/5    eval    61   this Q      0.4543   best Q      0.4276    26.2 min
  restart   1/5    eval    62   this Q      0.2775   best Q      0.2775    26.4 min
  restart   1/5    eval    63   this Q      0.3812   best Q      0.2775    26.5 min
  restart   1/5    eval    64   this Q      0.4998   best Q      0.2775    26.7 min
  restart   1/5    eval    65   this Q      0.2616   best Q      0.2616    26.8 min
  restart   1/5    eval    66   this Q      0.5491   best Q      0.2616    27.0 min
  restart   1/5    eval    67   this Q      0.3916   best Q      0.2616    27.2 min
  restart   1/5    eval    68   this Q       0.318   best Q      0.2616    27.3 min
  restart   1/5    eval    69   this Q      0.6161   best Q      0.2616    27.5 min
  restart   1/5    eval    70   this Q      0.3394   best Q      0.2616    27.6 min
  restart   1/5    eval    71   this Q      0.4128   best Q      0.2616    27.8 min
  restart   1/5    eval    72   this Q      0.3391   best Q      0.2616    28.0 min
  restart   1/5    eval    73   this Q      0.6062   best Q      0.2616    28.1 min
  restart   1/5    eval    74   this Q      0.3213   best Q      0.2616    28.3 min
  restart   1/5    eval    75   this Q      0.2698   best Q      0.2616    28.4 min
  restart   1/5    eval    76   this Q      0.2191   best Q      0.2191    28.6 min
  restart   1/5    eval    77   this Q      0.8004   best Q      0.2191    28.7 min
  restart   1/5    eval    78   this Q      0.2512   best Q      0.2191    28.9 min
  restart   1/5    eval    79   this Q      0.5422   best Q      0.2191    29.1 min
  restart   1/5    eval    80   this Q       0.295   best Q      0.2191    29.2 min
  restart   1/5    eval    81   this Q      0.8889   best Q      0.2191    29.4 min
  restart   1/5    eval    82   this Q      0.2764   best Q      0.2191    29.5 min
  restart   1/5    eval    83   this Q      0.2096   best Q      0.2096    29.7 min
  restart   1/5    eval    84   this Q      0.5834   best Q      0.2096    29.8 min
  restart   1/5    eval    85   this Q      0.4523   best Q      0.2096    30.0 min
  restart   1/5    eval    86   this Q      0.2387   best Q      0.2096    30.1 min
  restart   1/5    eval    87   this Q      0.2343   best Q      0.2096    30.3 min
  restart   1/5    eval    88   this Q      0.1885   best Q      0.1885    30.5 min
  restart   1/5    eval    89   this Q      0.2583   best Q      0.1885    30.6 min
  restart   1/5    eval    90   this Q      0.2811   best Q      0.1885    30.8 min
  restart   1/5    eval    91   this Q      0.1927   best Q      0.1885    30.9 min
  restart   1/5    eval    92   this Q      0.2026   best Q      0.1885    31.1 min
  restart   1/5    eval    93   this Q      0.5492   best Q      0.1885    31.3 min
  restart   1/5    eval    94   this Q      0.2063   best Q      0.1885    31.4 min
  restart   1/5    eval    95   this Q      0.1438   best Q      0.1438    31.6 min
  restart   1/5    eval    96   this Q      0.1822   best Q      0.1438    31.7 min
  restart   1/5    eval    97   this Q      0.1184   best Q      0.1184    31.9 min
  restart   1/5    eval    98   this Q      0.1411   best Q      0.1184    32.0 min
  restart   1/5    eval    99   this Q      0.1554   best Q      0.1184    32.2 min
  restart   1/5    eval   100   this Q      0.2247   best Q      0.1184    32.3 min
  restart   1/5    eval   101   this Q       0.136   best Q      0.1184    32.5 min
  restart   1/5    eval   102   this Q       0.242   best Q      0.1184    32.7 min
  restart   1/5    eval   103   this Q      0.1488   best Q      0.1184    32.8 min
  restart   1/5    eval   104   this Q      0.1722   best Q      0.1184    33.0 min
  restart   1/5    eval   105   this Q      0.1729   best Q      0.1184    33.1 min
  restart   1/5    eval   106   this Q      0.1206   best Q      0.1184    33.3 min
  restart   1/5    eval   107   this Q      0.1844   best Q      0.1184    33.4 min
  restart   1/5    eval   108   this Q      0.1282   best Q      0.1184    33.6 min
  restart   1/5    eval   109   this Q     0.09265   best Q     0.09265    33.8 min
  restart   1/5    eval   110   this Q       0.263   best Q     0.09265    33.9 min
  restart   1/5    eval   111   this Q      0.1639   best Q     0.09265    34.1 min
  restart   1/5    eval   112   this Q      0.2018   best Q     0.09265    34.2 min
  restart   1/5    eval   113   this Q      0.1185   best Q     0.09265    34.4 min
  restart   1/5    eval   114   this Q      0.1955   best Q     0.09265    34.5 min
  restart   1/5    eval   115   this Q       0.115   best Q     0.09265    34.7 min
  restart   1/5    eval   116   this Q      0.1773   best Q     0.09265    34.8 min
  restart   1/5    eval   117   this Q      0.1079   best Q     0.09265    35.0 min
  restart   1/5    eval   118   this Q      0.1279   best Q     0.09265    35.2 min
  restart   1/5    eval   119   this Q      0.1092   best Q     0.09265    35.3 min
  restart   1/5    eval   120   this Q      0.1069   best Q     0.09265    35.5 min
  restart   1/5    eval   121   this Q      0.1198   best Q     0.09265    35.6 min
  restart   1/5    eval   122   this Q      0.1908   best Q     0.09265    35.8 min
  restart   1/5    eval   123   this Q     0.09219   best Q     0.09219    35.9 min
  restart   1/5    eval   124   this Q      0.1196   best Q     0.09219    36.1 min
  restart   1/5    eval   125   this Q      0.1606   best Q     0.09219    36.3 min
  restart   1/5    eval   126   this Q     0.08535   best Q     0.08535    36.4 min
  restart   1/5    eval   127   this Q      0.1317   best Q     0.08535    36.6 min
  restart   1/5    eval   128   this Q     0.09261   best Q     0.08535    36.7 min
  restart   1/5    eval   129   this Q      0.1303   best Q     0.08535    36.9 min
  restart   1/5    eval   130   this Q     0.09211   best Q     0.08535    37.0 min
  restart   1/5    eval   131   this Q     0.07287   best Q     0.07287    37.2 min
  restart   1/5    eval   132   this Q      0.1107   best Q     0.07287    37.4 min
  restart   1/5    eval   133   this Q     0.06746   best Q     0.06746    37.5 min
  restart   1/5    eval   134   this Q      0.1017   best Q     0.06746    37.7 min
  restart   1/5    eval   135   this Q     0.08741   best Q     0.06746    37.8 min
  restart   1/5    eval   136   this Q      0.1225   best Q     0.06746    38.0 min
  restart   1/5    eval   137   this Q     0.08038   best Q     0.06746    38.1 min
  restart   1/5    eval   138   this Q      0.0547   best Q      0.0547    38.3 min
  restart   1/5    eval   139   this Q     0.06086   best Q      0.0547    38.4 min
  restart   1/5    eval   140   this Q     0.08052   best Q      0.0547    38.6 min
  restart   1/5    eval   141   this Q      0.1107   best Q      0.0547    38.8 min
  restart   1/5    eval   142   this Q     0.07025   best Q      0.0547    38.9 min
  restart   1/5    eval   143   this Q     0.08101   best Q      0.0547    39.1 min
  restart   1/5    eval   144   this Q      0.1116   best Q      0.0547    39.2 min
  restart   1/5    eval   145   this Q     0.07192   best Q      0.0547    39.4 min
  restart   1/5    eval   146   this Q     0.08492   best Q      0.0547    39.5 min
  restart   1/5    eval   147   this Q     0.09459   best Q      0.0547    39.7 min
  restart   1/5    eval   148   this Q     0.06825   best Q      0.0547    39.8 min
  restart   1/5    eval   149   this Q     0.05447   best Q     0.05447    40.0 min
  restart   1/5    eval   150   this Q     0.06443   best Q     0.05447    40.1 min
  restart   1/5    eval   151   this Q     0.08016   best Q     0.05447    40.3 min
  restart   1/5    eval   152   this Q     0.07545   best Q     0.05447    40.5 min
  restart   1/5    eval   153   this Q     0.09991   best Q     0.05447    40.6 min
  restart   1/5    eval   154   this Q     0.06354   best Q     0.05447    40.8 min
  restart   1/5    eval   155   this Q      0.0639   best Q     0.05447    40.9 min
  restart   1/5    eval   156   this Q     0.07516   best Q     0.05447    41.1 min
  restart   1/5    eval   157   this Q      0.1009   best Q     0.05447    41.2 min
  restart   1/5    eval   158   this Q     0.06079   best Q     0.05447    41.4 min
  restart   1/5    eval   159   this Q     0.07795   best Q     0.05447    41.5 min
  restart   1/5    eval   160   this Q     0.06149   best Q     0.05447    41.7 min
  restart   1/5    eval   161   this Q     0.06153   best Q     0.05447    41.8 min
  restart   1/5    eval   162   this Q     0.06732   best Q     0.05447    42.0 min
  restart   1/5    eval   163   this Q     0.05343   best Q     0.05343    42.2 min
  restart   1/5    eval   164   this Q     0.06404   best Q     0.05343    42.3 min
  restart   1/5    eval   165   this Q     0.05513   best Q     0.05343    42.5 min
  restart   1/5    eval   166   this Q     0.04835   best Q     0.04835    42.6 min
  restart   1/5    eval   167   this Q       0.054   best Q     0.04835    42.8 min
  restart   1/5    eval   168   this Q     0.06494   best Q     0.04835    42.9 min
  restart   1/5    eval   169   this Q     0.05564   best Q     0.04835    43.1 min
  restart   1/5    eval   170   this Q     0.06189   best Q     0.04835    43.2 min
  restart   1/5    eval   171   this Q     0.05842   best Q     0.04835    43.4 min
  restart   1/5    eval   172   this Q     0.05861   best Q     0.04835    43.6 min
  restart   1/5    eval   173   this Q     0.05237   best Q     0.04835    43.7 min
  restart   1/5    eval   174   this Q     0.04952   best Q     0.04835    43.9 min
  restart   1/5    eval   175   this Q     0.06317   best Q     0.04835    44.0 min
  restart   1/5    eval   176   this Q     0.05195   best Q     0.04835    44.2 min
  restart   1/5    eval   177   this Q     0.06194   best Q     0.04835    44.3 min
  restart   1/5    eval   178   this Q     0.05094   best Q     0.04835    44.5 min
  restart   1/5    eval   179   this Q      0.0544   best Q     0.04835    44.6 min
  restart   1/5    eval   180   this Q     0.04875   best Q     0.04835    44.8 min
  restart   1/5    eval   181   this Q     0.05817   best Q     0.04835    44.9 min
  restart   1/5    eval   182   this Q     0.04938   best Q     0.04835    45.1 min
  restart   1/5    eval   183   this Q      0.0481   best Q      0.0481    45.3 min
  restart   1/5    eval   184   this Q     0.05739   best Q      0.0481    45.4 min
  restart   1/5    eval   185   this Q     0.04859   best Q      0.0481    45.6 min
  restart   1/5    eval   186   this Q      0.0542   best Q      0.0481    45.7 min
  restart   1/5    eval   187   this Q     0.04845   best Q      0.0481    45.9 min
  restart   1/5    eval   188   this Q      0.0432   best Q      0.0432    46.0 min
  restart   1/5    eval   189   this Q     0.04466   best Q      0.0432    46.2 min
  restart   1/5    eval   190   this Q     0.05415   best Q      0.0432    46.3 min
  restart   1/5    eval   191   this Q     0.04712   best Q      0.0432    46.5 min
  restart   1/5    eval   192   this Q     0.04795   best Q      0.0432    46.6 min
  restart   1/5    eval   193   this Q     0.04082   best Q     0.04082    46.8 min
  restart   1/5    eval   194   this Q     0.03912   best Q     0.03912    47.0 min
  restart   1/5    eval   195   this Q     0.05489   best Q     0.03912    47.1 min
  restart   1/5    eval   196   this Q     0.04488   best Q     0.03912    47.3 min
  restart   1/5    eval   197   this Q     0.04444   best Q     0.03912    47.4 min
  restart   1/5    eval   198   this Q     0.04532   best Q     0.03912    47.6 min
  restart   1/5    eval   199   this Q     0.04484   best Q     0.03912    47.7 min
  restart   1/5    eval   200   this Q     0.04081   best Q     0.03912    47.9 min
  restart   1/5    eval   201   this Q     0.03998   best Q     0.03912    48.0 min
  restart   1/5    eval   202   this Q     0.04313   best Q     0.03912    48.2 min
  restart   1/5    eval   203   this Q     0.04269   best Q     0.03912    48.3 min
  restart   1/5    eval   204   this Q     0.04087   best Q     0.03912    48.5 min
  restart   1/5    eval   205   this Q     0.03999   best Q     0.03912    48.6 min
  restart   1/5    eval   206   this Q     0.03821   best Q     0.03821    48.8 min
  restart   1/5    eval   207   this Q     0.04254   best Q     0.03821    49.0 min
  restart   1/5    eval   208   this Q     0.04085   best Q     0.03821    49.1 min
  restart   1/5    eval   209   this Q     0.03735   best Q     0.03735    49.3 min
  restart   1/5    eval   210   this Q     0.04177   best Q     0.03735    49.4 min
  restart   1/5    eval   211   this Q     0.03992   best Q     0.03735    49.6 min
  restart   1/5    eval   212   this Q      0.0349   best Q      0.0349    49.7 min
  restart   1/5    eval   213   this Q     0.03664   best Q      0.0349    49.9 min
  restart   1/5    eval   214   this Q     0.03858   best Q      0.0349    50.0 min
  restart   1/5    eval   215   this Q     0.03753   best Q      0.0349    50.2 min
  restart   1/5    eval   216   this Q     0.04445   best Q      0.0349    50.3 min
  restart   1/5    eval   217   this Q     0.03689   best Q      0.0349    50.5 min
  restart   1/5    eval   218   this Q     0.04209   best Q      0.0349    50.6 min
  restart   1/5    eval   219   this Q     0.03714   best Q      0.0349    50.8 min
  restart   1/5    eval   220   this Q     0.03615   best Q      0.0349    50.9 min
  restart   1/5    eval   221   this Q     0.03645   best Q      0.0349    51.1 min
  restart   1/5    eval   222   this Q     0.03935   best Q      0.0349    51.3 min
  restart   1/5    eval   223   this Q     0.03624   best Q      0.0349    51.4 min
  restart   1/5    eval   224   this Q     0.03494   best Q      0.0349    51.6 min
  restart   1/5    eval   225   this Q     0.04027   best Q      0.0349    51.7 min
  restart   1/5    eval   226   this Q     0.03559   best Q      0.0349    51.9 min
  restart   1/5    eval   227   this Q     0.03396   best Q     0.03396    52.0 min
  restart   1/5    eval   228   this Q     0.03565   best Q     0.03396    52.2 min
  restart   1/5    eval   229   this Q     0.04221   best Q     0.03396    52.3 min
  restart   1/5    eval   230   this Q     0.03486   best Q     0.03396    52.5 min
  restart   1/5    eval   231   this Q     0.03809   best Q     0.03396    52.6 min
  restart   1/5    eval   232   this Q      0.0353   best Q     0.03396    52.8 min
  restart   1/5    eval   233   this Q     0.03314   best Q     0.03314    52.9 min
  restart   1/5    eval   234   this Q     0.03314   best Q     0.03314    53.1 min
  restart   1/5    eval   235   this Q     0.03414   best Q     0.03314    53.2 min
  restart   1/5    eval   236   this Q       0.036   best Q     0.03314    53.4 min
  restart   1/5    eval   237   this Q     0.03227   best Q     0.03227    53.6 min
  restart   1/5    eval   238   this Q     0.03165   best Q     0.03165    53.7 min
  restart   1/5    eval   239   this Q     0.03348   best Q     0.03165    53.9 min
  restart   1/5    eval   240   this Q     0.03438   best Q     0.03165    54.0 min
  restart   1/5    eval   241   this Q     0.03357   best Q     0.03165    54.2 min
  restart   1/5    eval   242   this Q     0.03161   best Q     0.03161    54.3 min
  restart   1/5    eval   243   this Q     0.03196   best Q     0.03161    54.5 min
  restart   1/5    eval   244   this Q     0.03293   best Q     0.03161    54.6 min
  restart   1/5    eval   245   this Q     0.03076   best Q     0.03076    54.8 min
  restart   1/5    eval   246   this Q     0.03055   best Q     0.03055    54.9 min
  restart   1/5    eval   247   this Q     0.03243   best Q     0.03055    55.1 min
  restart   1/5    eval   248   this Q     0.03199   best Q     0.03055    55.2 min
  restart   1/5    eval   249   this Q     0.03096   best Q     0.03055    55.4 min
  restart   1/5    eval   250   this Q     0.03143   best Q     0.03055    55.6 min
  restart   1/5    eval   251   this Q     0.02979   best Q     0.02979    55.7 min
  restart   1/5    eval   252   this Q     0.03097   best Q     0.02979    55.9 min
  restart   1/5    eval   253   this Q     0.03284   best Q     0.02979    56.0 min
  restart   1/5    eval   254   this Q     0.02932   best Q     0.02932    56.2 min
  restart   1/5    eval   255   this Q     0.03027   best Q     0.02932    56.3 min
  restart   1/5    eval   256   this Q     0.02985   best Q     0.02932    56.5 min
  restart   1/5    eval   257   this Q     0.03142   best Q     0.02932    56.6 min
  restart   1/5    eval   258   this Q     0.03029   best Q     0.02932    56.8 min
  restart   1/5    eval   259   this Q     0.03146   best Q     0.02932    56.9 min
  restart   1/5    eval   260   this Q     0.02801   best Q     0.02801    57.1 min
  restart   1/5    eval   261   this Q     0.02785   best Q     0.02785    57.2 min
  restart   1/5    eval   262   this Q      0.0305   best Q     0.02785    57.4 min
  restart   1/5    eval   263   this Q     0.03093   best Q     0.02785    57.5 min
  restart   1/5    eval   264   this Q     0.02741   best Q     0.02741    57.7 min
  restart   1/5    eval   265   this Q     0.02772   best Q     0.02741    57.8 min
  restart   1/5    eval   266   this Q     0.03067   best Q     0.02741    58.0 min
  restart   1/5    eval   267   this Q     0.02789   best Q     0.02741    58.2 min
  restart   1/5    eval   268   this Q     0.03035   best Q     0.02741    58.3 min
  restart   1/5    eval   269   this Q     0.02984   best Q     0.02741    58.5 min
  restart   1/5    eval   270   this Q     0.02821   best Q     0.02741    58.6 min
  restart   1/5    eval   271   this Q     0.02914   best Q     0.02741    58.8 min
  restart   1/5    eval   272   this Q     0.03292   best Q     0.02741    58.9 min
  restart   1/5    eval   273   this Q     0.02806   best Q     0.02741    59.1 min
  restart   1/5    eval   274   this Q     0.02803   best Q     0.02741    59.2 min
  restart   1/5    eval   275   this Q     0.02787   best Q     0.02741    59.4 min
  restart   1/5    eval   276   this Q     0.02674   best Q     0.02674    59.5 min
  restart   1/5    eval   277   this Q     0.02852   best Q     0.02674    59.7 min
  restart   1/5    eval   278   this Q     0.02678   best Q     0.02674    59.8 min
  restart   1/5    eval   279   this Q     0.02534   best Q     0.02534    60.0 min
  restart   1/5    eval   280   this Q      0.0269   best Q     0.02534    60.1 min
  restart   1/5    eval   281   this Q     0.02855   best Q     0.02534    60.3 min
  restart   1/5    eval   282   this Q      0.0268   best Q     0.02534    60.5 min
  restart   1/5    eval   283   this Q     0.02687   best Q     0.02534    60.6 min
  restart   1/5    eval   284   this Q     0.02733   best Q     0.02534    60.8 min
  restart   1/5    eval   285   this Q     0.02754   best Q     0.02534    60.9 min
  restart   1/5    eval   286   this Q     0.02577   best Q     0.02534    61.1 min
  restart   1/5    eval   287   this Q     0.02806   best Q     0.02534    61.2 min
  restart   1/5    eval   288   this Q     0.02635   best Q     0.02534    61.4 min
  restart   1/5    eval   289   this Q     0.02551   best Q     0.02534    61.5 min
  restart   1/5    eval   290   this Q     0.02655   best Q     0.02534    61.7 min
  restart   1/5    eval   291   this Q     0.02654   best Q     0.02534    61.8 min
  restart   1/5    eval   292   this Q     0.02569   best Q     0.02534    62.0 min
  restart   1/5    eval   293   this Q     0.02596   best Q     0.02534    62.1 min
  restart   1/5    eval   294   this Q     0.02427   best Q     0.02427    62.3 min
  restart   1/5    eval   295   this Q     0.02414   best Q     0.02414    62.4 min
  restart   1/5    eval   296   this Q     0.02424   best Q     0.02414    62.6 min
  restart   1/5    eval   297   this Q     0.02417   best Q     0.02414    62.8 min
  restart   1/5    eval   298   this Q     0.02595   best Q     0.02414    62.9 min
  restart   1/5    eval   299   this Q     0.02673   best Q     0.02414    63.1 min
  restart   1/5    eval   300   this Q     0.02493   best Q     0.02414    63.2 min
  restart   1/5    eval   301   this Q     0.02264   best Q     0.02264    63.4 min
  restart   1/5    eval   302   this Q     0.02157   best Q     0.02157    63.5 min
  restart   1/5    eval   303   this Q     0.02319   best Q     0.02157    63.7 min
  restart   1/5    eval   304   this Q     0.02536   best Q     0.02157    63.8 min
  restart   1/5    eval   305   this Q       0.025   best Q     0.02157    64.0 min
  restart   1/5    eval   306   this Q     0.02423   best Q     0.02157    64.1 min
  restart   1/5    eval   307   this Q     0.02476   best Q     0.02157    64.3 min
  restart   1/5    eval   308   this Q     0.02569   best Q     0.02157    64.4 min
  restart   1/5    eval   309   this Q     0.02379   best Q     0.02157    64.6 min
  restart   1/5    eval   310   this Q     0.02174   best Q     0.02157    64.7 min
  restart   1/5    eval   311   this Q     0.02459   best Q     0.02157    64.9 min
  restart   1/5    eval   312   this Q     0.02268   best Q     0.02157    65.1 min
  restart   1/5    eval   313   this Q      0.0245   best Q     0.02157    65.2 min
  restart   1/5    eval   314   this Q     0.02415   best Q     0.02157    65.4 min
  restart   1/5    eval   315   this Q     0.02519   best Q     0.02157    65.5 min
  restart   1/5    eval   316   this Q     0.02307   best Q     0.02157    65.7 min
  restart   1/5    eval   317   this Q      0.0232   best Q     0.02157    65.8 min
  restart   1/5    eval   318   this Q      0.0222   best Q     0.02157    66.0 min
  restart   1/5    eval   319   this Q     0.02264   best Q     0.02157    66.1 min
  restart   1/5    eval   320   this Q     0.02317   best Q     0.02157    66.3 min
  restart   1/5    eval   321   this Q     0.02154   best Q     0.02154    66.4 min
  restart   1/5    eval   322   this Q     0.02376   best Q     0.02154    66.6 min
  restart   1/5    eval   323   this Q     0.02075   best Q     0.02075    66.7 min
  restart   1/5    eval   324   this Q     0.02076   best Q     0.02075    66.9 min
  restart   1/5    eval   325   this Q     0.02252   best Q     0.02075    67.0 min
  restart   1/5    eval   326   this Q     0.02019   best Q     0.02019    67.2 min
  restart   1/5    eval   327   this Q     0.01941   best Q     0.01941    67.4 min
  restart   1/5    eval   328   this Q     0.02255   best Q     0.01941    67.5 min
  restart   1/5    eval   329   this Q     0.02031   best Q     0.01941    67.7 min
  restart   1/5    eval   330   this Q     0.02138   best Q     0.01941    67.8 min
  restart   1/5    eval   331   this Q     0.01978   best Q     0.01941    68.0 min
  restart   1/5    eval   332   this Q     0.02132   best Q     0.01941    68.1 min
  restart   1/5    eval   333   this Q     0.02091   best Q     0.01941    68.3 min
  restart   1/5    eval   334   this Q     0.01987   best Q     0.01941    68.4 min
  restart   1/5    eval   335   this Q      0.0194   best Q      0.0194    68.6 min
  restart   1/5    eval   336   this Q     0.02084   best Q      0.0194    68.7 min
  restart   1/5    eval   337   this Q     0.01863   best Q     0.01863    68.9 min
  restart   1/5    eval   338   this Q     0.01847   best Q     0.01847    69.0 min
  restart   1/5    eval   339   this Q     0.01793   best Q     0.01793    69.2 min
  restart   1/5    eval   340   this Q     0.01762   best Q     0.01762    69.4 min
  restart   1/5    eval   341   this Q     0.02113   best Q     0.01762    69.5 min
  restart   1/5    eval   342   this Q     0.01926   best Q     0.01762    69.7 min
  restart   1/5    eval   343   this Q     0.02097   best Q     0.01762    69.8 min
  restart   1/5    eval   344   this Q     0.01925   best Q     0.01762    70.0 min
  restart   1/5    eval   345   this Q     0.01752   best Q     0.01752    70.1 min
  restart   1/5    eval   346   this Q     0.01786   best Q     0.01752    70.3 min
  restart   1/5    eval   347   this Q     0.01781   best Q     0.01752    70.4 min
  restart   1/5    eval   348   this Q     0.01753   best Q     0.01752    70.6 min
  restart   1/5    eval   349   this Q     0.01652   best Q     0.01652    70.7 min
  restart   1/5    eval   350   this Q     0.01623   best Q     0.01623    70.9 min
  restart   1/5    eval   351   this Q     0.01786   best Q     0.01623    71.0 min
  restart   1/5    eval   352   this Q     0.01549   best Q     0.01549    71.2 min
  restart   1/5    eval   353   this Q     0.01474   best Q     0.01474    71.4 min
  restart   1/5    eval   354   this Q     0.01542   best Q     0.01474    71.5 min
  restart   1/5    eval   355   this Q     0.01479   best Q     0.01474    71.7 min
  restart   1/5    eval   356   this Q     0.01379   best Q     0.01379    71.8 min
  restart   1/5    eval   357   this Q     0.01366   best Q     0.01366    72.0 min
  restart   1/5    eval   358   this Q     0.01532   best Q     0.01366    72.1 min
  restart   1/5    eval   359   this Q     0.01357   best Q     0.01357    72.3 min
  restart   1/5    eval   360   this Q     0.01439   best Q     0.01357    72.4 min
  restart   1/5    eval   361   this Q     0.01261   best Q     0.01261    72.6 min
  restart   1/5    eval   362   this Q     0.01281   best Q     0.01261    72.8 min
  restart   1/5    eval   363   this Q     0.01363   best Q     0.01261    72.9 min
  restart   1/5    eval   364   this Q     0.01264   best Q     0.01261    73.1 min
  restart   1/5    eval   365   this Q     0.01134   best Q     0.01134    73.2 min
  restart   1/5    eval   366   this Q     0.01256   best Q     0.01134    73.4 min
  restart   1/5    eval   367   this Q     0.01208   best Q     0.01134    73.5 min
  restart   1/5    eval   368   this Q     0.01209   best Q     0.01134    73.7 min
  restart   1/5    eval   369   this Q     0.01143   best Q     0.01134    73.8 min
  restart   1/5    eval   370   this Q     0.01138   best Q     0.01134    74.0 min
  restart   1/5    eval   371   this Q    0.009786   best Q    0.009786    74.1 min
  restart   1/5    eval   372   this Q     0.01075   best Q    0.009786    74.3 min
  restart   1/5    eval   373   this Q     0.01181   best Q    0.009786    74.5 min
  restart   1/5    eval   374   this Q     0.01022   best Q    0.009786    74.6 min
  restart   1/5    eval   375   this Q     0.01162   best Q    0.009786    74.8 min
  restart   1/5    eval   376   this Q     0.01104   best Q    0.009786    74.9 min
  restart   1/5    eval   377   this Q     0.01008   best Q    0.009786    75.1 min
  restart   1/5    eval   378   this Q    0.009742   best Q    0.009742    75.2 min
  restart   1/5    eval   379   this Q     0.01222   best Q    0.009742    75.4 min
  restart   1/5    eval   380   this Q    0.009297   best Q    0.009297    75.6 min
  restart   1/5    eval   381   this Q     0.01127   best Q    0.009297    75.7 min
  restart   1/5    eval   382   this Q     0.01493   best Q    0.009297    75.9 min
  restart   1/5    eval   383   this Q    0.009714   best Q    0.009297    76.0 min
  restart   1/5    eval   384   this Q    0.009696   best Q    0.009297    76.2 min
  restart   1/5    eval   385   this Q     0.01192   best Q    0.009297    76.3 min
  restart   1/5    eval   386   this Q    0.009741   best Q    0.009297    76.5 min
  restart   1/5    eval   387   this Q    0.008631   best Q    0.008631    76.6 min
  restart   1/5    eval   388   this Q    0.009884   best Q    0.008631    76.8 min
  restart   1/5    eval   389   this Q    0.008263   best Q    0.008263    77.0 min
  restart   1/5    eval   390   this Q    0.009547   best Q    0.008263    77.1 min
  restart   1/5    eval   391   this Q    0.009624   best Q    0.008263    77.3 min
  restart   1/5    eval   392   this Q    0.009831   best Q    0.008263    77.4 min
  restart   1/5    eval   393   this Q     0.01107   best Q    0.008263    77.6 min
  restart   1/5    eval   394   this Q    0.008847   best Q    0.008263    77.7 min
  restart   1/5    eval   395   this Q     0.01019   best Q    0.008263    77.9 min
  restart   1/5    eval   396   this Q    0.008862   best Q    0.008263    78.0 min
  restart   1/5    eval   397   this Q    0.008267   best Q    0.008263    78.2 min
  restart   1/5    eval   398   this Q     0.01121   best Q    0.008263    78.4 min
  restart   1/5    eval   399   this Q    0.008607   best Q    0.008263    78.5 min
  restart   1/5    eval   400   this Q    0.007591   best Q    0.007591    78.7 min
  restart   1/5    eval   401   this Q    0.007353   best Q    0.007353    78.8 min
  restart   1/5    eval   402   this Q    0.007381   best Q    0.007353    79.0 min
  restart   1/5    eval   403   this Q    0.008942   best Q    0.007353    79.1 min
  restart   1/5    eval   404   this Q    0.008167   best Q    0.007353    79.3 min
  restart   1/5    eval   405   this Q    0.006989   best Q    0.006989    79.5 min
  restart   1/5    eval   406   this Q    0.007302   best Q    0.006989    79.6 min
  restart   1/5    eval   407   this Q      0.0094   best Q    0.006989    79.8 min
  restart   1/5    eval   408   this Q    0.007856   best Q    0.006989    79.9 min
  restart   1/5    eval   409   this Q    0.007024   best Q    0.006989    80.1 min
  restart   1/5    eval   410   this Q     0.00644   best Q     0.00644    80.2 min
  restart   1/5    eval   411   this Q    0.006318   best Q    0.006318    80.4 min
  restart   1/5    eval   412   this Q    0.006555   best Q    0.006318    80.5 min
  restart   1/5    eval   413   this Q    0.006539   best Q    0.006318    80.7 min
  restart   1/5    eval   414   this Q    0.007382   best Q    0.006318    80.9 min
  restart   1/5    eval   415   this Q    0.005785   best Q    0.005785    81.0 min
  restart   1/5    eval   416   this Q    0.006073   best Q    0.005785    81.2 min
  restart   1/5    eval   417   this Q    0.005699   best Q    0.005699    81.3 min
  restart   1/5    eval   418   this Q    0.006357   best Q    0.005699    81.5 min
  restart   1/5    eval   419   this Q    0.005435   best Q    0.005435    81.6 min
  restart   1/5    eval   420   this Q    0.006005   best Q    0.005435    81.8 min
  restart   1/5    eval   421   this Q    0.006776   best Q    0.005435    81.9 min
  restart   1/5    eval   422   this Q    0.005078   best Q    0.005078    82.1 min
  restart   1/5    eval   423   this Q    0.005243   best Q    0.005078    82.3 min
  restart   1/5    eval   424   this Q    0.005681   best Q    0.005078    82.4 min
  restart   1/5    eval   425   this Q    0.004931   best Q    0.004931    82.6 min
  restart   1/5    eval   426   this Q     0.00547   best Q    0.004931    82.7 min
  restart   1/5    eval   427   this Q    0.005246   best Q    0.004931    82.9 min
  restart   1/5    eval   428   this Q    0.006421   best Q    0.004931    83.1 min
  restart   1/5    eval   429   this Q    0.006404   best Q    0.004931    83.2 min
  restart   1/5    eval   430   this Q     0.00416   best Q     0.00416    83.4 min
  restart   1/5    eval   431   this Q     0.00389   best Q     0.00389    83.5 min
  restart   1/5    eval   432   this Q     0.00585   best Q     0.00389    83.7 min
  restart   1/5    eval   433   this Q    0.005844   best Q     0.00389    83.8 min
  restart   1/5    eval   434   this Q    0.004408   best Q     0.00389    84.0 min
  restart   1/5    eval   435   this Q     0.00553   best Q     0.00389    84.2 min
  restart   1/5    eval   436   this Q    0.005586   best Q     0.00389    84.3 min
  restart   1/5    eval   437   this Q    0.004439   best Q     0.00389    84.5 min
  restart   1/5    eval   438   this Q    0.004094   best Q     0.00389    84.6 min
  restart   1/5    eval   439   this Q    0.005115   best Q     0.00389    84.8 min
  restart   1/5    eval   440   this Q     0.00426   best Q     0.00389    84.9 min
  restart   1/5    eval   441   this Q    0.004817   best Q     0.00389    85.1 min
  restart   1/5    eval   442   this Q    0.003527   best Q    0.003527    85.2 min
  restart   1/5    eval   443   this Q    0.004241   best Q    0.003527    85.4 min
  restart   1/5    eval   444   this Q     0.00313   best Q     0.00313    85.6 min
  restart   1/5    eval   445   this Q    0.003414   best Q     0.00313    85.7 min
  restart   1/5    eval   446   this Q    0.004677   best Q     0.00313    85.9 min
  restart   1/5    eval   447   this Q     0.00331   best Q     0.00313    86.0 min
  restart   1/5    eval   448   this Q    0.002481   best Q    0.002481    86.2 min
  restart   1/5    eval   449   this Q    0.002461   best Q    0.002461    86.3 min
  restart   1/5    eval   450   this Q    0.003563   best Q    0.002461    86.5 min
  restart   1/5    eval   451   this Q     0.00383   best Q    0.002461    86.7 min
  restart   1/5    eval   452   this Q     0.00308   best Q    0.002461    86.8 min
  restart   1/5    eval   453   this Q    0.003426   best Q    0.002461    87.0 min
  restart   1/5    eval   454   this Q    0.002757   best Q    0.002461    87.1 min
  restart   1/5    eval   455   this Q      0.0039   best Q    0.002461    87.3 min
  restart   1/5    eval   456   this Q    0.002858   best Q    0.002461    87.5 min
  restart   1/5    eval   457   this Q    0.001996   best Q    0.001996    87.6 min
  restart   1/5    eval   458   this Q    0.002531   best Q    0.001996    87.8 min
  restart   1/5    eval   459   this Q    0.003106   best Q    0.001996    87.9 min
  restart   1/5    eval   460   this Q    0.003486   best Q    0.001996    88.1 min
  restart   1/5    eval   461   this Q    0.003213   best Q    0.001996    88.2 min
  restart   1/5    eval   462   this Q    0.003584   best Q    0.001996    88.4 min
  restart   1/5    eval   463   this Q    0.002561   best Q    0.001996    88.6 min
  restart   1/5    eval   464   this Q    0.002999   best Q    0.001996    88.7 min
  restart   1/5    eval   465   this Q    0.002399   best Q    0.001996    88.9 min
  restart   1/5    eval   466   this Q    0.003101   best Q    0.001996    89.0 min
  restart   1/5    eval   467   this Q    0.002334   best Q    0.001996    89.2 min
  restart   1/5    eval   468   this Q    0.003426   best Q    0.001996    89.3 min
  restart   1/5    eval   469   this Q     0.00227   best Q    0.001996    89.5 min
  restart   1/5    eval   470   this Q    0.003332   best Q    0.001996    89.7 min
  restart   1/5    eval   471   this Q    0.002285   best Q    0.001996    89.8 min
  restart   1/5    eval   472   this Q    0.002374   best Q    0.001996    90.0 min
  restart   1/5    eval   473   this Q    0.002931   best Q    0.001996    90.1 min
  restart   1/5    eval   474   this Q    0.002212   best Q    0.001996    90.3 min
  restart   1/5    eval   475   this Q    0.001988   best Q    0.001988    90.4 min
  restart   1/5    eval   476   this Q    0.003037   best Q    0.001988    90.6 min
  restart   1/5    eval   477   this Q    0.003023   best Q    0.001988    90.8 min
  restart   1/5    eval   478   this Q    0.002082   best Q    0.001988    90.9 min
  restart   1/5    eval   479   this Q    0.002166   best Q    0.001988    91.1 min
  restart   1/5    eval   480   this Q    0.001775   best Q    0.001775    91.2 min
  restart   1/5    eval   481   this Q    0.002279   best Q    0.001775    91.4 min
  restart   1/5    eval   482   this Q    0.002283   best Q    0.001775    91.5 min
  restart   1/5    eval   483   this Q    0.002288   best Q    0.001775    91.7 min
  restart   1/5    eval   484   this Q    0.002349   best Q    0.001775    91.9 min
  restart   1/5    eval   485   this Q    0.001913   best Q    0.001775    92.0 min
  restart   1/5    eval   486   this Q     0.00238   best Q    0.001775    92.2 min
  restart   1/5    eval   487   this Q    0.001894   best Q    0.001775    92.3 min
  restart   1/5    eval   488   this Q    0.002186   best Q    0.001775    92.5 min
  restart   1/5    eval   489   this Q    0.002456   best Q    0.001775    92.6 min
  restart   1/5    eval   490   this Q     0.00188   best Q    0.001775    92.8 min
  restart   1/5    eval   491   this Q    0.002234   best Q    0.001775    93.0 min
  restart   1/5    eval   492   this Q    0.001877   best Q    0.001775    93.1 min
  restart   1/5    eval   493   this Q     0.00182   best Q    0.001775    93.3 min
  restart   1/5    eval   494   this Q    0.002105   best Q    0.001775    93.4 min
  restart   1/5    eval   495   this Q    0.002113   best Q    0.001775    93.6 min
  restart   1/5    eval   496   this Q    0.001809   best Q    0.001775    93.7 min
  restart   1/5    eval   497   this Q    0.002076   best Q    0.001775    93.9 min
  restart   1/5    eval   498   this Q    0.002012   best Q    0.001775    94.1 min
  restart   1/5    eval   499   this Q    0.002203   best Q    0.001775    94.2 min
  restart   1/5    eval   500   this Q    0.001784   best Q    0.001775    94.4 min
  restart   1/5    eval   501   this Q     0.00205   best Q    0.001775    94.5 min
  restart   1/5   DONE   this    0.001775   best Q    0.001775    94.5 min, ~378 min left
  restart   2/5    eval     1   this Q      0.3697   best Q    0.001775    94.7 min
  restart   2/5    eval     2   this Q      0.3697   best Q    0.001775    94.9 min
  restart   2/5    eval     3   this Q       2.982   best Q    0.001775    95.0 min
  restart   2/5    eval     4   this Q      0.7113   best Q    0.001775    95.2 min
  restart   2/5    eval     5   this Q       2.728   best Q    0.001775    95.4 min
  restart   2/5    eval     6   this Q       1.789   best Q    0.001775    95.5 min
  restart   2/5    eval     7   this Q      0.7388   best Q    0.001775    95.7 min
  restart   2/5    eval     8   this Q      0.9518   best Q    0.001775    95.8 min
  restart   2/5    eval     9   this Q      0.4129   best Q    0.001775    96.0 min
  restart   2/5    eval    10   this Q      0.5105   best Q    0.001775    96.2 min
  restart   2/5    eval    11   this Q       30.22   best Q    0.001775    96.3 min
  restart   2/5    eval    12   this Q       0.805   best Q    0.001775    96.5 min
  restart   2/5    eval    13   this Q       1.634   best Q    0.001775    96.6 min
  restart   2/5    eval    14   this Q       1.321   best Q    0.001775    96.8 min
  restart   2/5    eval    15   this Q      0.7588   best Q    0.001775    97.0 min
  restart   2/5    eval    16   this Q       1.789   best Q    0.001775    97.1 min
  restart   2/5    eval    17   this Q      0.6322   best Q    0.001775    97.3 min
  restart   2/5    eval    18   this Q       17.95   best Q    0.001775    97.5 min
  restart   2/5    eval    19   this Q      0.9109   best Q    0.001775    97.6 min
  restart   2/5    eval    20   this Q       2.627   best Q    0.001775    97.8 min
  restart   2/5    eval    21   this Q      0.5052   best Q    0.001775    98.0 min
  restart   2/5    eval    22   this Q      0.4067   best Q    0.001775    98.1 min
  restart   2/5    eval    23   this Q       3.499   best Q    0.001775    98.3 min
  restart   2/5    eval    24   this Q      0.4182   best Q    0.001775    98.5 min
  restart   2/5    eval    25   this Q      0.7963   best Q    0.001775    98.6 min
  restart   2/5    eval    26   this Q      0.3622   best Q    0.001775    98.8 min
  restart   2/5    eval    27   this Q       2.976   best Q    0.001775    99.0 min
  restart   2/5    eval    28   this Q      0.3922   best Q    0.001775    99.1 min
  restart   2/5    eval    29   this Q       1.334   best Q    0.001775    99.3 min
  restart   2/5    eval    30   this Q      0.3339   best Q    0.001775    99.5 min
  restart   2/5    eval    31   this Q      0.4094   best Q    0.001775    99.6 min
  restart   2/5    eval    32   this Q      0.2874   best Q    0.001775    99.8 min
  restart   2/5    eval    33   this Q       1.415   best Q    0.001775    99.9 min
  restart   2/5    eval    34   this Q      0.6795   best Q    0.001775   100.1 min
  restart   2/5    eval    35   this Q     0.06686   best Q    0.001775   100.3 min
  restart   2/5    eval    36   this Q      0.2757   best Q    0.001775   100.4 min
  restart   2/5    eval    37   this Q      0.3012   best Q    0.001775   100.6 min
  restart   2/5    eval    38   this Q      0.4961   best Q    0.001775   100.8 min
  restart   2/5    eval    39   this Q      0.0738   best Q    0.001775   100.9 min
  restart   2/5    eval    40   this Q      0.6515   best Q    0.001775   101.1 min
  restart   2/5    eval    41   this Q     0.09794   best Q    0.001775   101.2 min
  restart   2/5    eval    42   this Q      0.6174   best Q    0.001775   101.4 min
  restart   2/5    eval    43   this Q      0.1194   best Q    0.001775   101.6 min
  restart   2/5    eval    44   this Q      0.5625   best Q    0.001775   101.7 min
  restart   2/5    eval    45   this Q      0.1699   best Q    0.001775   101.9 min
  restart   2/5    eval    46   this Q      0.6414   best Q    0.001775   102.1 min
  restart   2/5    eval    47   this Q      0.1378   best Q    0.001775   102.2 min
  restart   2/5    eval    48   this Q      0.3981   best Q    0.001775   102.4 min
  restart   2/5    eval    49   this Q      0.1213   best Q    0.001775   102.5 min
  restart   2/5    eval    50   this Q      0.3934   best Q    0.001775   102.7 min
  restart   2/5    eval    51   this Q      0.1143   best Q    0.001775   102.9 min
  restart   2/5    eval    52   this Q       0.318   best Q    0.001775   103.0 min
  restart   2/5    eval    53   this Q     0.08637   best Q    0.001775   103.2 min
  restart   2/5    eval    54   this Q      0.4528   best Q    0.001775   103.3 min
  restart   2/5    eval    55   this Q     0.07785   best Q    0.001775   103.5 min
  restart   2/5    eval    56   this Q      0.2487   best Q    0.001775   103.7 min
  restart   2/5    eval    57   this Q     0.09327   best Q    0.001775   103.8 min
  restart   2/5    eval    58   this Q      0.1341   best Q    0.001775   104.0 min
  restart   2/5    eval    59   this Q      0.2616   best Q    0.001775   104.2 min
  restart   2/5    eval    60   this Q      0.0523   best Q    0.001775   104.3 min
  restart   2/5    eval    61   this Q      0.1604   best Q    0.001775   104.5 min
  restart   2/5    eval    62   this Q     0.03694   best Q    0.001775   104.6 min
  restart   2/5    eval    63   this Q     0.06335   best Q    0.001775   104.8 min
  restart   2/5    eval    64   this Q      0.1197   best Q    0.001775   105.0 min
  restart   2/5    eval    65   this Q     0.04946   best Q    0.001775   105.1 min
  restart   2/5    eval    66   this Q      0.1808   best Q    0.001775   105.3 min
  restart   2/5    eval    67   this Q     0.04328   best Q    0.001775   105.5 min
  restart   2/5    eval    68   this Q      0.2445   best Q    0.001775   105.6 min
  restart   2/5    eval    69   this Q      0.0274   best Q    0.001775   105.8 min
  restart   2/5    eval    70   this Q      0.1135   best Q    0.001775   105.9 min
  restart   2/5    eval    71   this Q     0.03792   best Q    0.001775   106.1 min
  restart   2/5    eval    72   this Q     0.07817   best Q    0.001775   106.3 min
  restart   2/5    eval    73   this Q     0.03314   best Q    0.001775   106.4 min
  restart   2/5    eval    74   this Q     0.09091   best Q    0.001775   106.6 min
  restart   2/5    eval    75   this Q      0.0332   best Q    0.001775   106.8 min
  restart   2/5    eval    76   this Q     0.05499   best Q    0.001775   106.9 min
  restart   2/5    eval    77   this Q     0.05198   best Q    0.001775   107.1 min
  restart   2/5    eval    78   this Q      0.1354   best Q    0.001775   107.2 min
  restart   2/5    eval    79   this Q     0.02093   best Q    0.001775   107.4 min
  restart   2/5    eval    80   this Q     0.06285   best Q    0.001775   107.6 min
  restart   2/5    eval    81   this Q     0.03019   best Q    0.001775   107.7 min
  restart   2/5    eval    82   this Q     0.04581   best Q    0.001775   107.9 min
  restart   2/5    eval    83   this Q        0.09   best Q    0.001775   108.1 min
  restart   2/5    eval    84   this Q     0.02614   best Q    0.001775   108.2 min
  restart   2/5    eval    85   this Q     0.04452   best Q    0.001775   108.4 min
  restart   2/5    eval    86   this Q      0.0456   best Q    0.001775   108.6 min
  restart   2/5    eval    87   this Q      0.0261   best Q    0.001775   108.7 min
  restart   2/5    eval    88   this Q     0.04936   best Q    0.001775   108.9 min
  restart   2/5    eval    89   this Q     0.02397   best Q    0.001775   109.0 min
  restart   2/5    eval    90   this Q     0.03386   best Q    0.001775   109.2 min
  restart   2/5    eval    91   this Q     0.02265   best Q    0.001775   109.4 min
  restart   2/5    eval    92   this Q     0.04385   best Q    0.001775   109.5 min
  restart   2/5    eval    93   this Q     0.02008   best Q    0.001775   109.7 min
  restart   2/5    eval    94   this Q     0.03949   best Q    0.001775   109.9 min
  restart   2/5    eval    95   this Q     0.01931   best Q    0.001775   110.0 min
  restart   2/5    eval    96   this Q     0.02164   best Q    0.001775   110.2 min
  restart   2/5    eval    97   this Q     0.03292   best Q    0.001775   110.3 min
  restart   2/5    eval    98   this Q     0.01979   best Q    0.001775   110.5 min
  restart   2/5    eval    99   this Q     0.01601   best Q    0.001775   110.7 min
  restart   2/5    eval   100   this Q     0.03535   best Q    0.001775   110.9 min
  restart   2/5    eval   101   this Q     0.02935   best Q    0.001775   111.0 min
  restart   2/5    eval   102   this Q     0.01725   best Q    0.001775   111.2 min
  restart   2/5    eval   103   this Q     0.03738   best Q    0.001775   111.3 min
  restart   2/5    eval   104   this Q     0.01632   best Q    0.001775   111.5 min
  restart   2/5    eval   105   this Q     0.02601   best Q    0.001775   111.7 min
  restart   2/5    eval   106   this Q     0.01662   best Q    0.001775   111.8 min
  restart   2/5    eval   107   this Q     0.01965   best Q    0.001775   112.0 min
  restart   2/5    eval   108   this Q     0.01915   best Q    0.001775   112.1 min
  restart   2/5    eval   109   this Q     0.03163   best Q    0.001775   112.3 min
  restart   2/5    eval   110   this Q     0.01451   best Q    0.001775   112.5 min
  restart   2/5    eval   111   this Q     0.02035   best Q    0.001775   112.6 min
  restart   2/5    eval   112   this Q     0.01506   best Q    0.001775   112.8 min
  restart   2/5    eval   113   this Q     0.02056   best Q    0.001775   113.0 min
  restart   2/5    eval   114   this Q     0.01487   best Q    0.001775   113.1 min
  restart   2/5    eval   115   this Q     0.01725   best Q    0.001775   113.3 min
  restart   2/5    eval   116   this Q     0.02504   best Q    0.001775   113.5 min
  restart   2/5    eval   117   this Q     0.01416   best Q    0.001775   113.6 min
  restart   2/5    eval   118   this Q     0.01313   best Q    0.001775   113.8 min
  restart   2/5    eval   119   this Q     0.02015   best Q    0.001775   113.9 min
  restart   2/5    eval   120   this Q     0.01898   best Q    0.001775   114.1 min
  restart   2/5    eval   121   this Q     0.01401   best Q    0.001775   114.3 min
  restart   2/5    eval   122   this Q     0.02159   best Q    0.001775   114.4 min
  restart   2/5    eval   123   this Q     0.01312   best Q    0.001775   114.6 min
  restart   2/5    eval   124   this Q     0.01316   best Q    0.001775   114.7 min
  restart   2/5    eval   125   this Q     0.01297   best Q    0.001775   114.9 min
  restart   2/5    eval   126   this Q     0.01928   best Q    0.001775   115.1 min
  restart   2/5    eval   127   this Q     0.01913   best Q    0.001775   115.2 min
  restart   2/5    eval   128   this Q     0.01271   best Q    0.001775   115.4 min
  restart   2/5    eval   129   this Q     0.01935   best Q    0.001775   115.6 min
  restart   2/5    eval   130   this Q      0.0125   best Q    0.001775   115.7 min
  restart   2/5    eval   131   this Q     0.01298   best Q    0.001775   115.9 min
  restart   2/5    eval   132   this Q     0.01142   best Q    0.001775   116.0 min
  restart   2/5    eval   133   this Q     0.01454   best Q    0.001775   116.2 min
  restart   2/5    eval   134   this Q     0.01396   best Q    0.001775   116.3 min
  restart   2/5    eval   135   this Q     0.01048   best Q    0.001775   116.5 min
  restart   2/5    eval   136   this Q     0.01234   best Q    0.001775   116.7 min
  restart   2/5    eval   137   this Q      0.0148   best Q    0.001775   116.8 min
  restart   2/5    eval   138   this Q     0.01162   best Q    0.001775   117.0 min
  restart   2/5    eval   139   this Q     0.01376   best Q    0.001775   117.1 min
  restart   2/5    eval   140   this Q     0.01161   best Q    0.001775   117.3 min
  restart   2/5    eval   141   this Q     0.01419   best Q    0.001775   117.5 min
  restart   2/5    eval   142   this Q     0.01134   best Q    0.001775   117.6 min
  restart   2/5    eval   143   this Q     0.01269   best Q    0.001775   117.8 min
  restart   2/5    eval   144   this Q     0.01326   best Q    0.001775   117.9 min
  restart   2/5    eval   145   this Q      0.0114   best Q    0.001775   118.1 min
  restart   2/5    eval   146   this Q      0.0128   best Q    0.001775   118.3 min
  restart   2/5    eval   147   this Q     0.01313   best Q    0.001775   118.4 min
  restart   2/5    eval   148   this Q     0.01138   best Q    0.001775   118.6 min
  restart   2/5    eval   149   this Q     0.01293   best Q    0.001775   118.8 min
  restart   2/5    eval   150   this Q     0.01133   best Q    0.001775   118.9 min
  restart   2/5    eval   151   this Q      0.0112   best Q    0.001775   119.1 min
  restart   2/5    eval   152   this Q     0.01244   best Q    0.001775   119.2 min
  restart   2/5    eval   153   this Q     0.01083   best Q    0.001775   119.4 min
  restart   2/5    eval   154   this Q     0.01162   best Q    0.001775   119.6 min
  restart   2/5    eval   155   this Q     0.01053   best Q    0.001775   119.7 min
  restart   2/5    eval   156   this Q     0.01245   best Q    0.001775   119.9 min
  restart   2/5    eval   157   this Q     0.01058   best Q    0.001775   120.1 min
  restart   2/5    eval   158   this Q     0.01018   best Q    0.001775   120.2 min
  restart   2/5    eval   159   this Q     0.01134   best Q    0.001775   120.4 min
  restart   2/5    eval   160   this Q     0.01314   best Q    0.001775   120.5 min
  restart   2/5    eval   161   this Q     0.01036   best Q    0.001775   120.7 min
  restart   2/5    eval   162   this Q     0.01011   best Q    0.001775   120.9 min
  restart   2/5    eval   163   this Q     0.01111   best Q    0.001775   121.0 min
  restart   2/5    eval   164   this Q    0.009446   best Q    0.001775   121.2 min
  restart   2/5    eval   165   this Q    0.009627   best Q    0.001775   121.3 min
  restart   2/5    eval   166   this Q    0.009975   best Q    0.001775   121.5 min
  restart   2/5    eval   167   this Q     0.01007   best Q    0.001775   121.7 min
  restart   2/5    eval   168   this Q     0.01118   best Q    0.001775   121.8 min
  restart   2/5    eval   169   this Q      0.0101   best Q    0.001775   122.0 min
  restart   2/5    eval   170   this Q     0.01077   best Q    0.001775   122.1 min
  restart   2/5    eval   171   this Q    0.009956   best Q    0.001775   122.3 min
  restart   2/5    eval   172   this Q      0.0102   best Q    0.001775   122.5 min
  restart   2/5    eval   173   this Q    0.009979   best Q    0.001775   122.6 min
  restart   2/5    eval   174   this Q    0.009548   best Q    0.001775   122.8 min
  restart   2/5    eval   175   this Q    0.009691   best Q    0.001775   122.9 min
  restart   2/5    eval   176   this Q    0.009735   best Q    0.001775   123.1 min
  restart   2/5    eval   177   this Q    0.009607   best Q    0.001775   123.3 min
  restart   2/5    eval   178   this Q    0.008897   best Q    0.001775   123.4 min
  restart   2/5    eval   179   this Q    0.008842   best Q    0.001775   123.6 min
  restart   2/5    eval   180   this Q     0.01007   best Q    0.001775   123.7 min
  restart   2/5    eval   181   this Q    0.009771   best Q    0.001775   123.9 min
  restart   2/5    eval   182   this Q    0.009985   best Q    0.001775   124.1 min
  restart   2/5    eval   183   this Q    0.009369   best Q    0.001775   124.2 min
  restart   2/5    eval   184   this Q    0.009158   best Q    0.001775   124.4 min
  restart   2/5    eval   185   this Q    0.009687   best Q    0.001775   124.5 min
  restart   2/5    eval   186   this Q    0.008299   best Q    0.001775   124.7 min
  restart   2/5    eval   187   this Q    0.007861   best Q    0.001775   124.9 min
  restart   2/5    eval   188   this Q    0.009739   best Q    0.001775   125.0 min
  restart   2/5    eval   189   this Q    0.009062   best Q    0.001775   125.2 min
  restart   2/5    eval   190   this Q    0.008902   best Q    0.001775   125.3 min
  restart   2/5    eval   191   this Q    0.008963   best Q    0.001775   125.5 min
  restart   2/5    eval   192   this Q    0.009419   best Q    0.001775   125.7 min
  restart   2/5    eval   193   this Q    0.008841   best Q    0.001775   125.8 min
  restart   2/5    eval   194   this Q    0.008628   best Q    0.001775   126.0 min
  restart   2/5    eval   195   this Q    0.008114   best Q    0.001775   126.1 min
  restart   2/5    eval   196   this Q    0.009135   best Q    0.001775   126.3 min
  restart   2/5    eval   197   this Q    0.008615   best Q    0.001775   126.4 min
  restart   2/5    eval   198   this Q    0.007987   best Q    0.001775   126.6 min
  restart   2/5    eval   199   this Q     0.00874   best Q    0.001775   126.8 min
  restart   2/5    eval   200   this Q     0.00808   best Q    0.001775   126.9 min
  restart   2/5    eval   201   this Q    0.008299   best Q    0.001775   127.1 min
  restart   2/5    eval   202   this Q    0.008285   best Q    0.001775   127.2 min
  restart   2/5    eval   203   this Q    0.008156   best Q    0.001775   127.4 min
  restart   2/5    eval   204   this Q    0.007909   best Q    0.001775   127.6 min
  restart   2/5    eval   205   this Q    0.008056   best Q    0.001775   127.7 min
  restart   2/5    eval   206   this Q    0.007852   best Q    0.001775   127.9 min
  restart   2/5    eval   207   this Q    0.009046   best Q    0.001775   128.0 min
  restart   2/5    eval   208   this Q    0.007817   best Q    0.001775   128.2 min
  restart   2/5    eval   209   this Q    0.009106   best Q    0.001775   128.3 min
  restart   2/5    eval   210   this Q    0.007891   best Q    0.001775   128.5 min
  restart   2/5    eval   211   this Q    0.008225   best Q    0.001775   128.7 min
  restart   2/5    eval   212   this Q    0.007725   best Q    0.001775   128.8 min
  restart   2/5    eval   213   this Q    0.007677   best Q    0.001775   129.0 min
  restart   2/5    eval   214   this Q     0.00858   best Q    0.001775   129.1 min
  restart   2/5    eval   215   this Q    0.007987   best Q    0.001775   129.3 min
  restart   2/5    eval   216   this Q    0.007153   best Q    0.001775   129.5 min
  restart   2/5    eval   217   this Q    0.007157   best Q    0.001775   129.6 min
  restart   2/5    eval   218   this Q    0.008788   best Q    0.001775   129.8 min
  restart   2/5    eval   219   this Q    0.007505   best Q    0.001775   129.9 min
  restart   2/5    eval   220   this Q    0.008078   best Q    0.001775   130.1 min
  restart   2/5    eval   221   this Q    0.007565   best Q    0.001775   130.2 min
  restart   2/5    eval   222   this Q    0.007634   best Q    0.001775   130.4 min
  restart   2/5    eval   223   this Q    0.007654   best Q    0.001775   130.6 min
  restart   2/5    eval   224   this Q    0.008031   best Q    0.001775   130.7 min
  restart   2/5    eval   225   this Q    0.007501   best Q    0.001775   130.9 min
  restart   2/5    eval   226   this Q    0.007214   best Q    0.001775   131.0 min
  restart   2/5    eval   227   this Q    0.007498   best Q    0.001775   131.2 min
  restart   2/5    eval   228   this Q     0.00761   best Q    0.001775   131.4 min
  restart   2/5    eval   229   this Q      0.0074   best Q    0.001775   131.5 min
  restart   2/5    eval   230   this Q    0.007246   best Q    0.001775   131.7 min
  restart   2/5    eval   231   this Q    0.007448   best Q    0.001775   131.8 min
  restart   2/5    eval   232   this Q     0.00785   best Q    0.001775   132.0 min
  restart   2/5    eval   233   this Q    0.007269   best Q    0.001775   132.2 min
  restart   2/5    eval   234   this Q    0.007543   best Q    0.001775   132.3 min
  restart   2/5    eval   235   this Q    0.006955   best Q    0.001775   132.5 min
  restart   2/5    eval   236   this Q    0.007005   best Q    0.001775   132.6 min
  restart   2/5    eval   237   this Q     0.00736   best Q    0.001775   132.8 min
  restart   2/5    eval   238   this Q    0.006998   best Q    0.001775   133.0 min
  restart   2/5    eval   239   this Q     0.00691   best Q    0.001775   133.1 min
  restart   2/5    eval   240   this Q    0.007131   best Q    0.001775   133.3 min
  restart   2/5    eval   241   this Q    0.007236   best Q    0.001775   133.4 min
  restart   2/5    eval   242   this Q    0.007016   best Q    0.001775   133.6 min
  restart   2/5    eval   243   this Q    0.007317   best Q    0.001775   133.8 min
  restart   2/5    eval   244   this Q    0.007297   best Q    0.001775   133.9 min
  restart   2/5    eval   245   this Q    0.007253   best Q    0.001775   134.1 min
  restart   2/5    eval   246   this Q    0.007476   best Q    0.001775   134.2 min
  restart   2/5    eval   247   this Q    0.006992   best Q    0.001775   134.4 min
  restart   2/5    eval   248   this Q    0.006679   best Q    0.001775   134.6 min
  restart   2/5    eval   249   this Q    0.006627   best Q    0.001775   134.7 min
  restart   2/5    eval   250   this Q    0.007057   best Q    0.001775   134.9 min
  restart   2/5    eval   251   this Q    0.006795   best Q    0.001775   135.0 min
  restart   2/5    eval   252   this Q    0.006985   best Q    0.001775   135.2 min
  restart   2/5    eval   253   this Q    0.006638   best Q    0.001775   135.4 min
  restart   2/5    eval   254   this Q    0.006487   best Q    0.001775   135.5 min
  restart   2/5    eval   255   this Q    0.006558   best Q    0.001775   135.7 min
  restart   2/5    eval   256   this Q    0.007133   best Q    0.001775   135.8 min
  restart   2/5    eval   257   this Q    0.006743   best Q    0.001775   136.0 min
  restart   2/5    eval   258   this Q    0.006941   best Q    0.001775   136.2 min
  restart   2/5    eval   259   this Q    0.006515   best Q    0.001775   136.3 min
  restart   2/5    eval   260   this Q    0.006452   best Q    0.001775   136.5 min
  restart   2/5    eval   261   this Q    0.006634   best Q    0.001775   136.6 min
  restart   2/5    eval   262   this Q    0.006593   best Q    0.001775   136.8 min
  restart   2/5    eval   263   this Q    0.006504   best Q    0.001775   137.0 min
  restart   2/5    eval   264   this Q    0.006747   best Q    0.001775   137.1 min
  restart   2/5    eval   265   this Q    0.006246   best Q    0.001775   137.3 min
  restart   2/5    eval   266   this Q    0.006348   best Q    0.001775   137.4 min
  restart   2/5    eval   267   this Q    0.006223   best Q    0.001775   137.6 min
  restart   2/5    eval   268   this Q    0.006358   best Q    0.001775   137.8 min
  restart   2/5    eval   269   this Q    0.006522   best Q    0.001775   137.9 min
  restart   2/5    eval   270   this Q    0.006143   best Q    0.001775   138.1 min
  restart   2/5    eval   271   this Q    0.006289   best Q    0.001775   138.2 min
  restart   2/5    eval   272   this Q    0.006419   best Q    0.001775   138.4 min
  restart   2/5    eval   273   this Q    0.006309   best Q    0.001775   138.6 min
  restart   2/5    eval   274   this Q    0.006174   best Q    0.001775   138.7 min
  restart   2/5    eval   275   this Q    0.006445   best Q    0.001775   138.9 min
  restart   2/5    eval   276   this Q    0.006035   best Q    0.001775   139.1 min
  restart   2/5    eval   277   this Q    0.006179   best Q    0.001775   139.2 min
  restart   2/5    eval   278   this Q     0.00603   best Q    0.001775   139.4 min
  restart   2/5    eval   279   this Q     0.00628   best Q    0.001775   139.5 min
  restart   2/5    eval   280   this Q    0.006237   best Q    0.001775   139.7 min
  restart   2/5    eval   281   this Q    0.005986   best Q    0.001775   139.9 min
  restart   2/5    eval   282   this Q    0.006273   best Q    0.001775   140.0 min
  restart   2/5    eval   283   this Q    0.005982   best Q    0.001775   140.2 min
  restart   2/5    eval   284   this Q    0.006387   best Q    0.001775   140.3 min
  restart   2/5    eval   285   this Q    0.006148   best Q    0.001775   140.5 min
  restart   2/5    eval   286   this Q    0.006446   best Q    0.001775   140.7 min
  restart   2/5    eval   287   this Q    0.006031   best Q    0.001775   140.8 min
  restart   2/5    eval   288   this Q    0.006032   best Q    0.001775   141.0 min
  restart   2/5    eval   289   this Q      0.0064   best Q    0.001775   141.1 min
  restart   2/5    eval   290   this Q    0.005995   best Q    0.001775   141.3 min
  restart   2/5    eval   291   this Q    0.005864   best Q    0.001775   141.5 min
  restart   2/5    eval   292   this Q    0.006034   best Q    0.001775   141.6 min
  restart   2/5    eval   293   this Q    0.005861   best Q    0.001775   141.8 min
  restart   2/5    eval   294   this Q    0.006069   best Q    0.001775   141.9 min
  restart   2/5    eval   295   this Q    0.006239   best Q    0.001775   142.1 min
  restart   2/5    eval   296   this Q     0.00593   best Q    0.001775   142.3 min
  restart   2/5    eval   297   this Q    0.005709   best Q    0.001775   142.4 min
  restart   2/5    eval   298   this Q    0.005707   best Q    0.001775   142.6 min
  restart   2/5    eval   299   this Q    0.005847   best Q    0.001775   142.8 min
  restart   2/5    eval   300   this Q    0.005853   best Q    0.001775   142.9 min
  restart   2/5    eval   301   this Q    0.005661   best Q    0.001775   143.1 min
  restart   2/5    eval   302   this Q    0.005704   best Q    0.001775   143.2 min
  restart   2/5    eval   303   this Q    0.005718   best Q    0.001775   143.4 min
  restart   2/5    eval   304   this Q    0.005707   best Q    0.001775   143.5 min
  restart   2/5    eval   305   this Q    0.006037   best Q    0.001775   143.7 min
  restart   2/5    eval   306   this Q    0.005768   best Q    0.001775   143.9 min
  restart   2/5    eval   307   this Q    0.005534   best Q    0.001775   144.0 min
  restart   2/5    eval   308   this Q    0.005565   best Q    0.001775   144.2 min
  restart   2/5    eval   309   this Q    0.005495   best Q    0.001775   144.4 min
  restart   2/5    eval   310   this Q    0.005519   best Q    0.001775   144.5 min
  restart   2/5    eval   311   this Q    0.005888   best Q    0.001775   144.7 min
  restart   2/5    eval   312   this Q    0.005674   best Q    0.001775   144.8 min
  restart   2/5    eval   313   this Q    0.005664   best Q    0.001775   145.0 min
  restart   2/5    eval   314   this Q    0.005545   best Q    0.001775   145.2 min
  restart   2/5    eval   315   this Q    0.005715   best Q    0.001775   145.3 min
  restart   2/5    eval   316   this Q    0.005471   best Q    0.001775   145.5 min
  restart   2/5    eval   317   this Q    0.005542   best Q    0.001775   145.6 min
  restart   2/5    eval   318   this Q    0.005657   best Q    0.001775   145.8 min
  restart   2/5    eval   319   this Q    0.005808   best Q    0.001775   146.0 min
  restart   2/5    eval   320   this Q    0.005557   best Q    0.001775   146.1 min
  restart   2/5    eval   321   this Q    0.005473   best Q    0.001775   146.3 min
  restart   2/5    eval   322   this Q    0.005496   best Q    0.001775   146.4 min
  restart   2/5    eval   323   this Q    0.005493   best Q    0.001775   146.6 min
  restart   2/5    eval   324   this Q    0.005529   best Q    0.001775   146.8 min
  restart   2/5    eval   325   this Q    0.005318   best Q    0.001775   146.9 min
  restart   2/5    eval   326   this Q    0.005292   best Q    0.001775   147.1 min
  restart   2/5    eval   327   this Q    0.005496   best Q    0.001775   147.2 min
  restart   2/5    eval   328   this Q    0.005331   best Q    0.001775   147.4 min
  restart   2/5    eval   329   this Q    0.005344   best Q    0.001775   147.6 min
  restart   2/5    eval   330   this Q    0.005298   best Q    0.001775   147.7 min
  restart   2/5    eval   331   this Q    0.005431   best Q    0.001775   147.9 min
  restart   2/5    eval   332   this Q    0.005381   best Q    0.001775   148.0 min
  restart   2/5    eval   333   this Q    0.005485   best Q    0.001775   148.2 min
  restart   2/5    eval   334   this Q    0.005359   best Q    0.001775   148.4 min
  restart   2/5    eval   335   this Q    0.005309   best Q    0.001775   148.5 min
  restart   2/5    eval   336   this Q    0.005448   best Q    0.001775   148.7 min
  restart   2/5    eval   337   this Q    0.005289   best Q    0.001775   148.8 min
  restart   2/5    eval   338   this Q    0.005511   best Q    0.001775   149.0 min
  restart   2/5    eval   339   this Q    0.005293   best Q    0.001775   149.2 min
  restart   2/5    eval   340   this Q    0.005391   best Q    0.001775   149.3 min
  restart   2/5    eval   341   this Q    0.005218   best Q    0.001775   149.5 min
  restart   2/5    eval   342   this Q    0.005379   best Q    0.001775   149.7 min
  restart   2/5    eval   343   this Q     0.00542   best Q    0.001775   149.8 min
  restart   2/5    eval   344   this Q    0.005263   best Q    0.001775   150.0 min
  restart   2/5    eval   345   this Q    0.005247   best Q    0.001775   150.1 min
  restart   2/5    eval   346   this Q     0.00525   best Q    0.001775   150.3 min
  restart   2/5    eval   347   this Q    0.005424   best Q    0.001775   150.5 min
  restart   2/5    eval   348   this Q    0.005231   best Q    0.001775   150.6 min
  restart   2/5    eval   349   this Q    0.005319   best Q    0.001775   150.8 min
  restart   2/5    eval   350   this Q    0.005233   best Q    0.001775   151.0 min
  restart   2/5    eval   351   this Q    0.005299   best Q    0.001775   151.1 min
  restart   2/5    eval   352   this Q    0.005224   best Q    0.001775   151.3 min
  restart   2/5    eval   353   this Q    0.005146   best Q    0.001775   151.5 min
  restart   2/5    eval   354   this Q    0.005148   best Q    0.001775   151.6 min
  restart   2/5    eval   355   this Q    0.005242   best Q    0.001775   151.8 min
  restart   2/5    eval   356   this Q     0.00511   best Q    0.001775   151.9 min
  restart   2/5    eval   357   this Q    0.005094   best Q    0.001775   152.1 min
  restart   2/5    eval   358   this Q    0.005241   best Q    0.001775   152.3 min
  restart   2/5    eval   359   this Q    0.005186   best Q    0.001775   152.4 min
  restart   2/5    eval   360   this Q     0.00523   best Q    0.001775   152.6 min
  restart   2/5    eval   361   this Q    0.005194   best Q    0.001775   152.7 min
  restart   2/5    eval   362   this Q     0.00526   best Q    0.001775   152.9 min
  restart   2/5    eval   363   this Q    0.005166   best Q    0.001775   153.1 min
  restart   2/5    eval   364   this Q    0.005251   best Q    0.001775   153.2 min
  restart   2/5    eval   365   this Q    0.005166   best Q    0.001775   153.4 min
  restart   2/5    eval   366   this Q    0.005177   best Q    0.001775   153.5 min
  restart   2/5    eval   367   this Q    0.005124   best Q    0.001775   153.7 min
  restart   2/5    eval   368   this Q    0.005242   best Q    0.001775   153.9 min
  restart   2/5    eval   369   this Q    0.005152   best Q    0.001775   154.0 min
  restart   2/5    eval   370   this Q    0.005043   best Q    0.001775   154.2 min
  restart   2/5    eval   371   this Q       0.005   best Q    0.001775   154.4 min
  restart   2/5    eval   372   this Q    0.005069   best Q    0.001775   154.5 min
  restart   2/5    eval   373   this Q     0.00517   best Q    0.001775   154.7 min
  restart   2/5    eval   374   this Q    0.005062   best Q    0.001775   154.8 min
  restart   2/5    eval   375   this Q    0.005051   best Q    0.001775   155.0 min
  restart   2/5    eval   376   this Q    0.005168   best Q    0.001775   155.2 min
  restart   2/5    eval   377   this Q     0.00509   best Q    0.001775   155.3 min
  restart   2/5    eval   378   this Q    0.004999   best Q    0.001775   155.5 min
  restart   2/5    eval   379   this Q    0.004992   best Q    0.001775   155.6 min
  restart   2/5    eval   380   this Q    0.004984   best Q    0.001775   155.8 min
  restart   2/5    eval   381   this Q    0.005021   best Q    0.001775   156.0 min
  restart   2/5    eval   382   this Q    0.004929   best Q    0.001775   156.1 min
  restart   2/5    eval   383   this Q    0.004897   best Q    0.001775   156.3 min
  restart   2/5    eval   384   this Q    0.004951   best Q    0.001775   156.4 min
  restart   2/5    eval   385   this Q    0.004936   best Q    0.001775   156.6 min
  restart   2/5    eval   386   this Q    0.004845   best Q    0.001775   156.8 min
  restart   2/5    eval   387   this Q    0.004781   best Q    0.001775   156.9 min
  restart   2/5    eval   388   this Q    0.004844   best Q    0.001775   157.1 min
  restart   2/5    eval   389   this Q    0.004829   best Q    0.001775   157.3 min
  restart   2/5    eval   390   this Q    0.004833   best Q    0.001775   157.4 min
  restart   2/5    eval   391   this Q    0.004794   best Q    0.001775   157.6 min
  restart   2/5    eval   392   this Q    0.004878   best Q    0.001775   157.7 min
  restart   2/5    eval   393   this Q    0.004778   best Q    0.001775   157.9 min
  restart   2/5    eval   394   this Q    0.004879   best Q    0.001775   158.1 min
  restart   2/5    eval   395   this Q    0.004677   best Q    0.001775   158.2 min
  restart   2/5    eval   396   this Q    0.004639   best Q    0.001775   158.4 min
  restart   2/5    eval   397   this Q    0.004763   best Q    0.001775   158.5 min
  restart   2/5    eval   398   this Q    0.004683   best Q    0.001775   158.7 min
  restart   2/5    eval   399   this Q    0.004636   best Q    0.001775   158.9 min
  restart   2/5    eval   400   this Q    0.004668   best Q    0.001775   159.0 min
  restart   2/5    eval   401   this Q    0.004675   best Q    0.001775   159.2 min
  restart   2/5    eval   402   this Q    0.004598   best Q    0.001775   159.3 min
  restart   2/5    eval   403   this Q    0.004618   best Q    0.001775   159.5 min
  restart   2/5    eval   404   this Q     0.00456   best Q    0.001775   159.7 min
  restart   2/5    eval   405   this Q    0.004563   best Q    0.001775   159.8 min
  restart   2/5    eval   406   this Q     0.00451   best Q    0.001775   160.0 min
  restart   2/5    eval   407   this Q    0.004491   best Q    0.001775   160.1 min
  restart   2/5    eval   408   this Q    0.004487   best Q    0.001775   160.3 min
  restart   2/5    eval   409   this Q    0.004525   best Q    0.001775   160.5 min
  restart   2/5    eval   410   this Q    0.004737   best Q    0.001775   160.6 min
  restart   2/5    eval   411   this Q    0.004588   best Q    0.001775   160.8 min
  restart   2/5    eval   412   this Q    0.004475   best Q    0.001775   160.9 min
  restart   2/5    eval   413   this Q     0.00459   best Q    0.001775   161.1 min
  restart   2/5    eval   414   this Q    0.004639   best Q    0.001775   161.3 min
  restart   2/5    eval   415   this Q    0.004437   best Q    0.001775   161.4 min
  restart   2/5    eval   416   this Q     0.00449   best Q    0.001775   161.6 min
  restart   2/5    eval   417   this Q    0.004514   best Q    0.001775   161.7 min
  restart   2/5    eval   418   this Q    0.004415   best Q    0.001775   161.9 min
  restart   2/5    eval   419   this Q    0.004489   best Q    0.001775   162.1 min
  restart   2/5    eval   420   this Q    0.004594   best Q    0.001775   162.2 min
  restart   2/5    eval   421   this Q    0.004376   best Q    0.001775   162.4 min
  restart   2/5    eval   422   this Q    0.004454   best Q    0.001775   162.6 min
  restart   2/5    eval   423   this Q    0.004359   best Q    0.001775   162.7 min
  restart   2/5    eval   424   this Q    0.004424   best Q    0.001775   162.9 min
  restart   2/5    eval   425   this Q    0.004449   best Q    0.001775   163.0 min
  restart   2/5    eval   426   this Q    0.004293   best Q    0.001775   163.2 min
  restart   2/5    eval   427   this Q    0.004334   best Q    0.001775   163.4 min
  restart   2/5    eval   428   this Q    0.004237   best Q    0.001775   163.5 min
  restart   2/5    eval   429   this Q    0.004225   best Q    0.001775   163.7 min
  restart   2/5    eval   430   this Q    0.004333   best Q    0.001775   163.9 min
  restart   2/5    eval   431   this Q    0.004391   best Q    0.001775   164.0 min
  restart   2/5    eval   432   this Q    0.004243   best Q    0.001775   164.2 min
  restart   2/5    eval   433   this Q    0.004237   best Q    0.001775   164.4 min
  restart   2/5    eval   434   this Q    0.004322   best Q    0.001775   164.5 min
  restart   2/5    eval   435   this Q    0.004098   best Q    0.001775   164.7 min
  restart   2/5    eval   436   this Q     0.00406   best Q    0.001775   164.8 min
  restart   2/5    eval   437   this Q    0.004245   best Q    0.001775   165.0 min
  restart   2/5    eval   438   this Q    0.004459   best Q    0.001775   165.2 min
  restart   2/5    eval   439   this Q    0.004226   best Q    0.001775   165.3 min
  restart   2/5    eval   440   this Q    0.004087   best Q    0.001775   165.5 min
  restart   2/5    eval   441   this Q    0.003978   best Q    0.001775   165.6 min
  restart   2/5    eval   442   this Q    0.003883   best Q    0.001775   165.8 min
  restart   2/5    eval   443   this Q    0.004037   best Q    0.001775   166.0 min
  restart   2/5    eval   444   this Q      0.0039   best Q    0.001775   166.1 min
  restart   2/5    eval   445   this Q    0.004105   best Q    0.001775   166.3 min
  restart   2/5    eval   446   this Q    0.004003   best Q    0.001775   166.4 min
  restart   2/5    eval   447   this Q    0.003922   best Q    0.001775   166.6 min
  restart   2/5    eval   448   this Q    0.003888   best Q    0.001775   166.8 min
  restart   2/5    eval   449   this Q    0.003804   best Q    0.001775   166.9 min
  restart   2/5    eval   450   this Q    0.003882   best Q    0.001775   167.1 min
  restart   2/5    eval   451   this Q    0.003727   best Q    0.001775   167.3 min
  restart   2/5    eval   452   this Q    0.003785   best Q    0.001775   167.4 min
  restart   2/5    eval   453   this Q    0.003837   best Q    0.001775   167.6 min
  restart   2/5    eval   454   this Q    0.003668   best Q    0.001775   167.7 min
  restart   2/5    eval   455   this Q    0.003669   best Q    0.001775   167.9 min
  restart   2/5    eval   456   this Q    0.003608   best Q    0.001775   168.1 min
  restart   2/5    eval   457   this Q    0.003577   best Q    0.001775   168.2 min
  restart   2/5    eval   458   this Q    0.003646   best Q    0.001775   168.4 min
  restart   2/5    eval   459   this Q    0.003545   best Q    0.001775   168.5 min
  restart   2/5    eval   460   this Q    0.003614   best Q    0.001775   168.7 min
  restart   2/5    eval   461   this Q    0.003609   best Q    0.001775   168.9 min
  restart   2/5    eval   462   this Q    0.003525   best Q    0.001775   169.0 min
  restart   2/5    eval   463   this Q    0.003661   best Q    0.001775   169.2 min
  restart   2/5    eval   464   this Q    0.003512   best Q    0.001775   169.3 min
  restart   2/5    eval   465   this Q    0.003698   best Q    0.001775   169.5 min
  restart   2/5    eval   466   this Q    0.003349   best Q    0.001775   169.7 min
  restart   2/5    eval   467   this Q    0.003332   best Q    0.001775   169.8 min
  restart   2/5    eval   468   this Q    0.003354   best Q    0.001775   170.0 min
  restart   2/5    eval   469   this Q    0.003416   best Q    0.001775   170.2 min
  restart   2/5    eval   470   this Q    0.003178   best Q    0.001775   170.3 min
  restart   2/5    eval   471   this Q    0.003108   best Q    0.001775   170.5 min
  restart   2/5    eval   472   this Q    0.003364   best Q    0.001775   170.6 min
  restart   2/5    eval   473   this Q     0.00306   best Q    0.001775   170.8 min
  restart   2/5    eval   474   this Q    0.002982   best Q    0.001775   171.0 min
  restart   2/5    eval   475   this Q    0.003095   best Q    0.001775   171.1 min
  restart   2/5    eval   476   this Q    0.003095   best Q    0.001775   171.3 min
  restart   2/5    eval   477   this Q    0.002903   best Q    0.001775   171.4 min
  restart   2/5    eval   478   this Q    0.002942   best Q    0.001775   171.6 min
  restart   2/5    eval   479   this Q    0.002927   best Q    0.001775   171.8 min
  restart   2/5    eval   480   this Q    0.002716   best Q    0.001775   171.9 min
  restart   2/5    eval   481   this Q    0.002711   best Q    0.001775   172.1 min
  restart   2/5    eval   482   this Q    0.002834   best Q    0.001775   172.3 min
  restart   2/5    eval   483   this Q    0.002807   best Q    0.001775   172.4 min
  restart   2/5    eval   484   this Q    0.002444   best Q    0.001775   172.6 min
  restart   2/5    eval   485   this Q    0.002366   best Q    0.001775   172.8 min
  restart   2/5    eval   486   this Q    0.002968   best Q    0.001775   172.9 min
  restart   2/5    eval   487   this Q    0.002695   best Q    0.001775   173.1 min
  restart   2/5    eval   488   this Q    0.002407   best Q    0.001775   173.2 min
  restart   2/5    eval   489   this Q    0.002717   best Q    0.001775   173.4 min
  restart   2/5    eval   490   this Q    0.002724   best Q    0.001775   173.6 min
  restart   2/5    eval   491   this Q    0.002987   best Q    0.001775   173.7 min
  restart   2/5    eval   492   this Q    0.002618   best Q    0.001775   173.9 min
  restart   2/5    eval   493   this Q     0.00276   best Q    0.001775   174.0 min
  restart   2/5    eval   494   this Q    0.002832   best Q    0.001775   174.2 min
  restart   2/5    eval   495   this Q    0.002486   best Q    0.001775   174.4 min
  restart   2/5    eval   496   this Q    0.002757   best Q    0.001775   174.5 min
  restart   2/5    eval   497   this Q    0.002783   best Q    0.001775   174.7 min
  restart   2/5    eval   498   this Q     0.00252   best Q    0.001775   174.9 min
  restart   2/5    eval   499   this Q     0.00282   best Q    0.001775   175.0 min
  restart   2/5    eval   500   this Q    0.002506   best Q    0.001775   175.2 min
  restart   2/5    eval   501   this Q    0.002814   best Q    0.001775   175.4 min
  restart   2/5   DONE   this    0.002366   best Q    0.001775   175.4 min, ~263 min left
  restart   3/5    eval     1   this Q      0.1476   best Q    0.001775   175.5 min
  restart   3/5    eval     2   this Q      0.1476   best Q    0.001775   175.7 min
  restart   3/5    eval     3   this Q       1.512   best Q    0.001775   175.8 min
  restart   3/5    eval     4   this Q       1.147   best Q    0.001775   176.0 min
  restart   3/5    eval     5   this Q       6.047   best Q    0.001775   176.2 min
  restart   3/5    eval     6   this Q       1.584   best Q    0.001775   176.3 min
  restart   3/5    eval     7   this Q      0.4798   best Q    0.001775   176.5 min
  restart   3/5    eval     8   this Q      0.6345   best Q    0.001775   176.6 min
  restart   3/5    eval     9   this Q        5.54   best Q    0.001775   176.8 min
  restart   3/5    eval    10   this Q       2.419   best Q    0.001775   177.0 min
  restart   3/5    eval    11   this Q       16.99   best Q    0.001775   177.1 min
  restart   3/5    eval    12   this Q     0.05989   best Q    0.001775   177.3 min
  restart   3/5    eval    13   this Q       1.955   best Q    0.001775   177.4 min
  restart   3/5    eval    14   this Q      0.9526   best Q    0.001775   177.6 min
  restart   3/5    eval    15   this Q       1.522   best Q    0.001775   177.9 min
  restart   3/5    eval    16   this Q       1.533   best Q    0.001775   178.1 min
  restart   3/5    eval    17   this Q       9.136   best Q    0.001775   178.2 min
  restart   3/5    eval    18   this Q       1.037   best Q    0.001775   178.4 min
  restart   3/5    eval    19   this Q       2.098   best Q    0.001775   178.5 min
  restart   3/5    eval    20   this Q      0.7131   best Q    0.001775   178.7 min
  restart   3/5    eval    21   this Q       1.518   best Q    0.001775   178.9 min
  restart   3/5    eval    22   this Q       3.873   best Q    0.001775   179.0 min
  restart   3/5    eval    23   this Q      0.8113   best Q    0.001775   179.2 min
  restart   3/5    eval    24   this Q         1.4   best Q    0.001775   179.3 min
  restart   3/5    eval    25   this Q       1.398   best Q    0.001775   179.5 min
  restart   3/5    eval    26   this Q       1.687   best Q    0.001775   179.7 min
  restart   3/5    eval    27   this Q      0.9071   best Q    0.001775   179.8 min
  restart   3/5    eval    28   this Q       1.397   best Q    0.001775   180.0 min
  restart   3/5    eval    29   this Q      0.4851   best Q    0.001775   180.1 min
  restart   3/5    eval    30   this Q       1.692   best Q    0.001775   180.3 min
  restart   3/5    eval    31   this Q      0.4294   best Q    0.001775   180.4 min
  restart   3/5    eval    32   this Q       0.829   best Q    0.001775   180.6 min
  restart   3/5    eval    33   this Q      0.5813   best Q    0.001775   180.8 min
  restart   3/5    eval    34   this Q      0.2317   best Q    0.001775   180.9 min
  restart   3/5    eval    35   this Q       1.157   best Q    0.001775   181.1 min
  restart   3/5    eval    36   this Q      0.2611   best Q    0.001775   181.2 min
  restart   3/5    eval    37   this Q      0.3305   best Q    0.001775   181.4 min
  restart   3/5    eval    38   this Q      0.4679   best Q    0.001775   181.6 min
  restart   3/5    eval    39   this Q      0.8497   best Q    0.001775   181.7 min
  restart   3/5    eval    40   this Q      0.2667   best Q    0.001775   181.9 min
  restart   3/5    eval    41   this Q      0.6638   best Q    0.001775   182.0 min
  restart   3/5    eval    42   this Q      0.1923   best Q    0.001775   182.2 min
  restart   3/5    eval    43   this Q      0.1547   best Q    0.001775   182.4 min
  restart   3/5    eval    44   this Q      0.7271   best Q    0.001775   182.5 min
  restart   3/5    eval    45   this Q      0.1876   best Q    0.001775   182.7 min
  restart   3/5    eval    46   this Q      0.5318   best Q    0.001775   182.8 min
  restart   3/5    eval    47   this Q      0.1374   best Q    0.001775   183.0 min
  restart   3/5    eval    48   this Q      0.3874   best Q    0.001775   183.2 min
  restart   3/5    eval    49   this Q      0.1147   best Q    0.001775   183.3 min
  restart   3/5    eval    50   this Q       0.372   best Q    0.001775   183.5 min
  restart   3/5    eval    51   this Q     0.06352   best Q    0.001775   183.6 min
  restart   3/5    eval    52   this Q      0.3588   best Q    0.001775   183.8 min
  restart   3/5    eval    53   this Q      0.1052   best Q    0.001775   183.9 min
  restart   3/5    eval    54   this Q      0.7069   best Q    0.001775   184.1 min
  restart   3/5    eval    55   this Q     0.09811   best Q    0.001775   184.3 min
  restart   3/5    eval    56   this Q      0.2306   best Q    0.001775   184.4 min
  restart   3/5    eval    57   this Q         0.1   best Q    0.001775   184.6 min
  restart   3/5    eval    58   this Q      0.1398   best Q    0.001775   184.7 min
  restart   3/5    eval    59   this Q      0.1292   best Q    0.001775   184.9 min
  restart   3/5    eval    60   this Q      0.3959   best Q    0.001775   185.1 min
  restart   3/5    eval    61   this Q     0.03651   best Q    0.001775   185.2 min
  restart   3/5    eval    62   this Q      0.2157   best Q    0.001775   185.4 min
  restart   3/5    eval    63   this Q     0.04836   best Q    0.001775   185.5 min
  restart   3/5    eval    64   this Q      0.1514   best Q    0.001775   185.7 min
  restart   3/5    eval    65   this Q     0.04716   best Q    0.001775   185.9 min
  restart   3/5    eval    66   this Q     0.05404   best Q    0.001775   186.0 min
  restart   3/5    eval    67   this Q      0.1683   best Q    0.001775   186.2 min
  restart   3/5    eval    68   this Q     0.03181   best Q    0.001775   186.3 min
  restart   3/5    eval    69   this Q      0.1517   best Q    0.001775   186.5 min
  restart   3/5    eval    70   this Q     0.03802   best Q    0.001775   186.6 min
  restart   3/5    eval    71   this Q     0.07965   best Q    0.001775   186.8 min
  restart   3/5    eval    72   this Q      0.1417   best Q    0.001775   187.0 min
  restart   3/5    eval    73   this Q     0.03244   best Q    0.001775   187.1 min
  restart   3/5    eval    74   this Q     0.06292   best Q    0.001775   187.3 min
  restart   3/5    eval    75   this Q     0.06521   best Q    0.001775   187.4 min
  restart   3/5    eval    76   this Q     0.02126   best Q    0.001775   187.6 min
  restart   3/5    eval    77   this Q      0.0951   best Q    0.001775   187.8 min
  restart   3/5    eval    78   this Q     0.01668   best Q    0.001775   187.9 min
  restart   3/5    eval    79   this Q      0.1101   best Q    0.001775   188.1 min
  restart   3/5    eval    80   this Q     0.01222   best Q    0.001775   188.2 min
  restart   3/5    eval    81   this Q     0.07138   best Q    0.001775   188.4 min
  restart   3/5    eval    82   this Q     0.02131   best Q    0.001775   188.5 min
  restart   3/5    eval    83   this Q       0.109   best Q    0.001775   188.7 min
  restart   3/5    eval    84   this Q     0.01412   best Q    0.001775   188.9 min
  restart   3/5    eval    85   this Q     0.04127   best Q    0.001775   189.0 min
  restart   3/5    eval    86   this Q     0.03952   best Q    0.001775   189.2 min
  restart   3/5    eval    87   this Q     0.02982   best Q    0.001775   189.3 min
  restart   3/5    eval    88   this Q     0.06156   best Q    0.001775   189.5 min
  restart   3/5    eval    89   this Q     0.01231   best Q    0.001775   189.7 min
  restart   3/5    eval    90   this Q     0.02319   best Q    0.001775   189.8 min
  restart   3/5    eval    91   this Q     0.06432   best Q    0.001775   190.0 min
  restart   3/5    eval    92   this Q      0.0106   best Q    0.001775   190.2 min
  restart   3/5    eval    93   this Q      0.0241   best Q    0.001775   190.3 min
  restart   3/5    eval    94   this Q     0.02843   best Q    0.001775   190.5 min
  restart   3/5    eval    95   this Q     0.02272   best Q    0.001775   190.6 min
  restart   3/5    eval    96   this Q     0.04283   best Q    0.001775   190.8 min
  restart   3/5    eval    97   this Q    0.009054   best Q    0.001775   190.9 min
  restart   3/5    eval    98   this Q     0.02488   best Q    0.001775   191.1 min
  restart   3/5    eval    99   this Q    0.008144   best Q    0.001775   191.3 min
  restart   3/5    eval   100   this Q     0.02896   best Q    0.001775   191.4 min
  restart   3/5    eval   101   this Q    0.007529   best Q    0.001775   191.7 min
  restart   3/5    eval   102   this Q     0.02847   best Q    0.001775   191.9 min
  restart   3/5    eval   103   this Q    0.007233   best Q    0.001775   192.1 min
  restart   3/5    eval   104   this Q     0.03398   best Q    0.001775   192.2 min
  restart   3/5    eval   105   this Q    0.007186   best Q    0.001775   192.4 min
  restart   3/5    eval   106   this Q     0.02552   best Q    0.001775   192.6 min
  restart   3/5    eval   107   this Q    0.007822   best Q    0.001775   192.7 min
  restart   3/5    eval   108   this Q     0.00776   best Q    0.001775   192.9 min
  restart   3/5    eval   109   this Q     0.02311   best Q    0.001775   193.1 min
  restart   3/5    eval   110   this Q    0.004838   best Q    0.001775   193.2 min
  restart   3/5    eval   111   this Q     0.01833   best Q    0.001775   193.4 min
  restart   3/5    eval   112   this Q    0.004713   best Q    0.001775   193.6 min
  restart   3/5    eval   113   this Q     0.01316   best Q    0.001775   193.7 min
  restart   3/5    eval   114   this Q    0.004977   best Q    0.001775   193.9 min
  restart   3/5    eval   115   this Q     0.01495   best Q    0.001775   194.0 min
  restart   3/5    eval   116   this Q    0.004348   best Q    0.001775   194.2 min
  restart   3/5    eval   117   this Q    0.007943   best Q    0.001775   194.4 min
  restart   3/5    eval   118   this Q     0.00729   best Q    0.001775   194.5 min
  restart   3/5    eval   119   this Q     0.01089   best Q    0.001775   194.7 min
  restart   3/5    eval   120   this Q    0.003599   best Q    0.001775   194.9 min
  restart   3/5    eval   121   this Q    0.007061   best Q    0.001775   195.0 min
  restart   3/5    eval   122   this Q     0.01272   best Q    0.001775   195.2 min
  restart   3/5    eval   123   this Q    0.003438   best Q    0.001775   195.4 min
  restart   3/5    eval   124   this Q    0.006574   best Q    0.001775   195.5 min
  restart   3/5    eval   125   this Q     0.01106   best Q    0.001775   195.7 min
  restart   3/5    eval   126   this Q    0.003478   best Q    0.001775   195.9 min
  restart   3/5    eval   127   this Q    0.007564   best Q    0.001775   196.0 min
  restart   3/5    eval   128   this Q    0.003701   best Q    0.001775   196.2 min
  restart   3/5    eval   129   this Q    0.004978   best Q    0.001775   196.4 min
  restart   3/5    eval   130   this Q     0.00739   best Q    0.001775   196.5 min
  restart   3/5    eval   131   this Q    0.003551   best Q    0.001775   196.7 min
  restart   3/5    eval   132   this Q    0.006736   best Q    0.001775   196.8 min
  restart   3/5    eval   133   this Q    0.003432   best Q    0.001775   197.0 min
  restart   3/5    eval   134   this Q    0.006989   best Q    0.001775   197.2 min
  restart   3/5    eval   135   this Q    0.002854   best Q    0.001775   197.3 min
  restart   3/5    eval   136   this Q    0.004976   best Q    0.001775   197.5 min
  restart   3/5    eval   137   this Q    0.003071   best Q    0.001775   197.7 min
  restart   3/5    eval   138   this Q    0.006947   best Q    0.001775   197.9 min
  restart   3/5    eval   139   this Q    0.002807   best Q    0.001775   198.0 min
  restart   3/5    eval   140   this Q    0.004598   best Q    0.001775   198.2 min
  restart   3/5    eval   141   this Q    0.002948   best Q    0.001775   198.3 min
  restart   3/5    eval   142   this Q    0.005389   best Q    0.001775   198.5 min
  restart   3/5    eval   143   this Q    0.002787   best Q    0.001775   198.7 min
  restart   3/5    eval   144   this Q    0.003676   best Q    0.001775   198.9 min
  restart   3/5    eval   145   this Q    0.002737   best Q    0.001775   199.0 min
  restart   3/5    eval   146   this Q    0.003128   best Q    0.001775   199.2 min
  restart   3/5    eval   147   this Q    0.003482   best Q    0.001775   199.4 min
  restart   3/5    eval   148   this Q     0.00264   best Q    0.001775   199.5 min
  restart   3/5    eval   149   this Q    0.002388   best Q    0.001775   199.7 min
  restart   3/5    eval   150   this Q    0.003755   best Q    0.001775   199.9 min
  restart   3/5    eval   151   this Q    0.003888   best Q    0.001775   200.0 min
  restart   3/5    eval   152   this Q    0.002503   best Q    0.001775   200.2 min
  restart   3/5    eval   153   this Q    0.003771   best Q    0.001775   200.3 min
  restart   3/5    eval   154   this Q    0.002518   best Q    0.001775   200.5 min
  restart   3/5    eval   155   this Q     0.00323   best Q    0.001775   200.7 min
  restart   3/5    eval   156   this Q    0.002472   best Q    0.001775   200.8 min
  restart   3/5    eval   157   this Q    0.002615   best Q    0.001775   201.0 min
  restart   3/5    eval   158   this Q     0.00242   best Q    0.001775   201.2 min
  restart   3/5    eval   159   this Q    0.003647   best Q    0.001775   201.3 min
  restart   3/5    eval   160   this Q    0.002264   best Q    0.001775   201.5 min
  restart   3/5    eval   161   this Q    0.002642   best Q    0.001775   201.6 min
  restart   3/5    eval   162   this Q    0.002744   best Q    0.001775   201.8 min
  restart   3/5    eval   163   this Q    0.002304   best Q    0.001775   202.0 min
  restart   3/5    eval   164   this Q    0.002409   best Q    0.001775   202.1 min
  restart   3/5    eval   165   this Q    0.002628   best Q    0.001775   202.3 min
  restart   3/5    eval   166   this Q    0.002702   best Q    0.001775   202.4 min
  restart   3/5    eval   167   this Q    0.002251   best Q    0.001775   202.6 min
  restart   3/5    eval   168   this Q    0.002636   best Q    0.001775   202.8 min
  restart   3/5    eval   169   this Q    0.002251   best Q    0.001775   202.9 min
  restart   3/5    eval   170   this Q    0.002812   best Q    0.001775   203.1 min
  restart   3/5    eval   171   this Q    0.002228   best Q    0.001775   203.2 min
  restart   3/5    eval   172   this Q    0.002517   best Q    0.001775   203.4 min
  restart   3/5    eval   173   this Q    0.002224   best Q    0.001775   203.6 min
  restart   3/5    eval   174   this Q    0.002468   best Q    0.001775   203.7 min
  restart   3/5    eval   175   this Q    0.002435   best Q    0.001775   203.9 min
  restart   3/5    eval   176   this Q    0.002289   best Q    0.001775   204.0 min
  restart   3/5    eval   177   this Q    0.002637   best Q    0.001775   204.2 min
  restart   3/5    eval   178   this Q    0.002164   best Q    0.001775   204.4 min
  restart   3/5    eval   179   this Q    0.002637   best Q    0.001775   204.5 min
  restart   3/5    eval   180   this Q    0.002163   best Q    0.001775   204.7 min
  restart   3/5    eval   181   this Q    0.002589   best Q    0.001775   204.8 min
  restart   3/5    eval   182   this Q    0.002163   best Q    0.001775   205.0 min
  restart   3/5    eval   183   this Q    0.002553   best Q    0.001775   205.2 min
  restart   3/5    eval   184   this Q    0.002162   best Q    0.001775   205.3 min
  restart   3/5    eval   185   this Q    0.002231   best Q    0.001775   205.5 min
  restart   3/5    eval   186   this Q    0.002404   best Q    0.001775   205.7 min
  restart   3/5    eval   187   this Q    0.002137   best Q    0.001775   205.8 min
  restart   3/5    eval   188   this Q    0.002245   best Q    0.001775   206.0 min
  restart   3/5    eval   189   this Q    0.002186   best Q    0.001775   206.1 min
  restart   3/5    eval   190   this Q    0.002364   best Q    0.001775   206.3 min
  restart   3/5    eval   191   this Q    0.002126   best Q    0.001775   206.5 min
  restart   3/5    eval   192   this Q    0.002345   best Q    0.001775   206.6 min
  restart   3/5    eval   193   this Q    0.002125   best Q    0.001775   206.8 min
  restart   3/5    eval   194   this Q    0.002262   best Q    0.001775   206.9 min
  restart   3/5    eval   195   this Q     0.00213   best Q    0.001775   207.1 min
  restart   3/5    eval   196   this Q     0.00218   best Q    0.001775   207.3 min
  restart   3/5    eval   197   this Q    0.002188   best Q    0.001775   207.4 min
  restart   3/5    eval   198   this Q    0.002111   best Q    0.001775   207.6 min
  restart   3/5    eval   199   this Q    0.002219   best Q    0.001775   207.7 min
  restart   3/5    eval   200   this Q    0.002112   best Q    0.001775   207.9 min
  restart   3/5    eval   201   this Q    0.002212   best Q    0.001775   208.1 min
  restart   3/5    eval   202   this Q    0.002112   best Q    0.001775   208.2 min
  restart   3/5    eval   203   this Q    0.002144   best Q    0.001775   208.4 min
  restart   3/5    eval   204   this Q    0.002131   best Q    0.001775   208.6 min
  restart   3/5    eval   205   this Q    0.002117   best Q    0.001775   208.7 min
  restart   3/5    eval   206   this Q    0.002194   best Q    0.001775   208.9 min
  restart   3/5    eval   207   this Q      0.0021   best Q    0.001775   209.1 min
  restart   3/5    eval   208   this Q    0.002113   best Q    0.001775   209.2 min
  restart   3/5    eval   209   this Q    0.002135   best Q    0.001775   209.4 min
  restart   3/5    eval   210   this Q    0.002094   best Q    0.001775   209.5 min
  restart   3/5    eval   211   this Q    0.002187   best Q    0.001775   209.7 min
  restart   3/5    eval   212   this Q    0.002087   best Q    0.001775   209.9 min
  restart   3/5    eval   213   this Q    0.002089   best Q    0.001775   210.0 min
  restart   3/5    eval   214   this Q    0.002128   best Q    0.001775   210.2 min
  restart   3/5    eval   215   this Q    0.002087   best Q    0.001775   210.3 min
  restart   3/5    eval   216   this Q    0.002113   best Q    0.001775   210.5 min
  restart   3/5    eval   217   this Q    0.002194   best Q    0.001775   210.7 min
  restart   3/5    eval   218   this Q    0.002079   best Q    0.001775   210.8 min
  restart   3/5    eval   219   this Q    0.002122   best Q    0.001775   211.0 min
  restart   3/5    eval   220   this Q    0.002086   best Q    0.001775   211.1 min
  restart   3/5    eval   221   this Q    0.002112   best Q    0.001775   211.3 min
  restart   3/5    eval   222   this Q    0.002117   best Q    0.001775   211.5 min
  restart   3/5    eval   223   this Q    0.002087   best Q    0.001775   211.6 min
  restart   3/5    eval   224   this Q    0.002111   best Q    0.001775   211.8 min
  restart   3/5    eval   225   this Q    0.002107   best Q    0.001775   212.0 min
  restart   3/5    eval   226   this Q    0.002101   best Q    0.001775   212.1 min
  restart   3/5    eval   227   this Q     0.00211   best Q    0.001775   212.3 min
  restart   3/5    eval   228   this Q    0.002084   best Q    0.001775   212.4 min
  restart   3/5    eval   229   this Q     0.00211   best Q    0.001775   212.6 min
  restart   3/5    eval   230   this Q    0.002081   best Q    0.001775   212.8 min
  restart   3/5    eval   231   this Q    0.002104   best Q    0.001775   212.9 min
  restart   3/5    eval   232   this Q    0.002079   best Q    0.001775   213.1 min
  restart   3/5    eval   233   this Q    0.002071   best Q    0.001775   213.2 min
  restart   3/5    eval   234   this Q    0.002093   best Q    0.001775   213.4 min
  restart   3/5    eval   235   this Q    0.002099   best Q    0.001775   213.6 min
  restart   3/5    eval   236   this Q    0.002078   best Q    0.001775   213.7 min
  restart   3/5    eval   237   this Q    0.002109   best Q    0.001775   213.9 min
  restart   3/5    eval   238   this Q    0.002075   best Q    0.001775   214.0 min
  restart   3/5    eval   239   this Q    0.002084   best Q    0.001775   214.2 min
  restart   3/5    eval   240   this Q    0.002082   best Q    0.001775   214.4 min
  restart   3/5    eval   241   this Q    0.002068   best Q    0.001775   214.5 min
  restart   3/5    eval   242   this Q    0.002081   best Q    0.001775   214.7 min
  restart   3/5    eval   243   this Q      0.0021   best Q    0.001775   214.8 min
  restart   3/5    eval   244   this Q    0.002073   best Q    0.001775   215.0 min
  restart   3/5    eval   245   this Q    0.002088   best Q    0.001775   215.2 min
  restart   3/5    eval   246   this Q    0.002073   best Q    0.001775   215.3 min
  restart   3/5    eval   247   this Q    0.002074   best Q    0.001775   215.5 min
  restart   3/5    eval   248   this Q    0.002079   best Q    0.001775   215.7 min
  restart   3/5    eval   249   this Q    0.002067   best Q    0.001775   215.8 min
  restart   3/5    eval   250   this Q    0.002071   best Q    0.001775   216.0 min
  restart   3/5    eval   251   this Q    0.002071   best Q    0.001775   216.1 min
  restart   3/5    eval   252   this Q     0.00208   best Q    0.001775   216.3 min
  restart   3/5    eval   253   this Q    0.002068   best Q    0.001775   216.4 min
  restart   3/5    eval   254   this Q    0.002066   best Q    0.001775   216.6 min
  restart   3/5    eval   255   this Q    0.002079   best Q    0.001775   216.8 min
  restart   3/5    eval   256   this Q    0.002065   best Q    0.001775   216.9 min
  restart   3/5    eval   257   this Q    0.002068   best Q    0.001775   217.1 min
  restart   3/5    eval   258   this Q    0.002069   best Q    0.001775   217.2 min
  restart   3/5    eval   259   this Q    0.002067   best Q    0.001775   217.4 min
  restart   3/5    eval   260   this Q    0.002055   best Q    0.001775   217.6 min
  restart   3/5    eval   261   this Q    0.002052   best Q    0.001775   217.7 min
  restart   3/5    eval   262   this Q    0.002046   best Q    0.001775   217.9 min
  restart   3/5    eval   263   this Q    0.002036   best Q    0.001775   218.0 min
  restart   3/5    eval   264   this Q    0.002072   best Q    0.001775   218.2 min
  restart   3/5    eval   265   this Q    0.002062   best Q    0.001775   218.4 min
  restart   3/5    eval   266   this Q    0.002062   best Q    0.001775   218.5 min
  restart   3/5    eval   267   this Q    0.002069   best Q    0.001775   218.7 min
  restart   3/5    eval   268   this Q    0.002059   best Q    0.001775   218.8 min
  restart   3/5    eval   269   this Q    0.002057   best Q    0.001775   219.0 min
  restart   3/5    eval   270   this Q    0.002045   best Q    0.001775   219.2 min
  restart   3/5    eval   271   this Q    0.002052   best Q    0.001775   219.3 min
  restart   3/5    eval   272   this Q    0.002053   best Q    0.001775   219.5 min
  restart   3/5    eval   273   this Q    0.002042   best Q    0.001775   219.6 min
  restart   3/5    eval   274   this Q     0.00205   best Q    0.001775   219.8 min
  restart   3/5    eval   275   this Q    0.002035   best Q    0.001775   220.0 min
  restart   3/5    eval   276   this Q    0.002031   best Q    0.001775   220.1 min
  restart   3/5    eval   277   this Q    0.002042   best Q    0.001775   220.3 min
  restart   3/5    eval   278   this Q    0.002043   best Q    0.001775   220.4 min
  restart   3/5    eval   279   this Q     0.00203   best Q    0.001775   220.6 min
  restart   3/5    eval   280   this Q    0.002026   best Q    0.001775   220.8 min
  restart   3/5    eval   281   this Q    0.002034   best Q    0.001775   220.9 min
  restart   3/5    eval   282   this Q    0.002029   best Q    0.001775   221.1 min
  restart   3/5    eval   283   this Q    0.002018   best Q    0.001775   221.2 min
  restart   3/5    eval   284   this Q    0.002013   best Q    0.001775   221.4 min
  restart   3/5    eval   285   this Q    0.002011   best Q    0.001775   221.6 min
  restart   3/5    eval   286   this Q    0.002001   best Q    0.001775   221.7 min
  restart   3/5    eval   287   this Q    0.002009   best Q    0.001775   221.9 min
  restart   3/5    eval   288   this Q    0.002018   best Q    0.001775   222.0 min
  restart   3/5    eval   289   this Q    0.001996   best Q    0.001775   222.2 min
  restart   3/5    eval   290   this Q    0.001992   best Q    0.001775   222.4 min
  restart   3/5    eval   291   this Q    0.001982   best Q    0.001775   222.5 min
  restart   3/5    eval   292   this Q     0.00196   best Q    0.001775   222.7 min
  restart   3/5    eval   293   this Q    0.001989   best Q    0.001775   222.8 min
  restart   3/5    eval   294   this Q    0.001988   best Q    0.001775   223.0 min
  restart   3/5    eval   295   this Q    0.001978   best Q    0.001775   223.2 min
  restart   3/5    eval   296   this Q    0.001973   best Q    0.001775   223.3 min
  restart   3/5    eval   297   this Q    0.001951   best Q    0.001775   223.5 min
  restart   3/5    eval   298   this Q    0.001931   best Q    0.001775   223.6 min
  restart   3/5    eval   299   this Q    0.001954   best Q    0.001775   223.8 min
  restart   3/5    eval   300   this Q    0.001986   best Q    0.001775   224.0 min
  restart   3/5    eval   301   this Q     0.00194   best Q    0.001775   224.1 min
  restart   3/5    eval   302   this Q    0.001944   best Q    0.001775   224.3 min
  restart   3/5    eval   303   this Q    0.001954   best Q    0.001775   224.4 min
  restart   3/5    eval   304   this Q    0.001935   best Q    0.001775   224.6 min
  restart   3/5    eval   305   this Q    0.001915   best Q    0.001775   224.8 min
  restart   3/5    eval   306   this Q    0.001902   best Q    0.001775   224.9 min
  restart   3/5    eval   307   this Q    0.001943   best Q    0.001775   225.1 min
  restart   3/5    eval   308   this Q    0.001903   best Q    0.001775   225.2 min
  restart   3/5    eval   309   this Q    0.001911   best Q    0.001775   225.4 min
  restart   3/5    eval   310   this Q    0.001901   best Q    0.001775   225.6 min
  restart   3/5    eval   311   this Q    0.001916   best Q    0.001775   225.7 min
  restart   3/5    eval   312   this Q    0.001912   best Q    0.001775   225.9 min
  restart   3/5    eval   313   this Q    0.001895   best Q    0.001775   226.0 min
  restart   3/5    eval   314   this Q    0.001909   best Q    0.001775   226.2 min
  restart   3/5    eval   315   this Q    0.001896   best Q    0.001775   226.4 min
  restart   3/5    eval   316   this Q    0.001899   best Q    0.001775   226.5 min
  restart   3/5    eval   317   this Q     0.00191   best Q    0.001775   226.7 min
  restart   3/5    eval   318   this Q      0.0019   best Q    0.001775   226.8 min
  restart   3/5    eval   319   this Q     0.00191   best Q    0.001775   227.0 min
  restart   3/5    eval   320   this Q    0.001885   best Q    0.001775   227.2 min
  restart   3/5    eval   321   this Q    0.001897   best Q    0.001775   227.3 min
  restart   3/5    eval   322   this Q    0.001874   best Q    0.001775   227.5 min
  restart   3/5    eval   323   this Q    0.001879   best Q    0.001775   227.7 min
  restart   3/5    eval   324   this Q     0.00191   best Q    0.001775   227.8 min
  restart   3/5    eval   325   this Q     0.00189   best Q    0.001775   228.0 min
  restart   3/5    eval   326   this Q    0.001902   best Q    0.001775   228.1 min
  restart   3/5    eval   327   this Q    0.001893   best Q    0.001775   228.3 min
  restart   3/5    eval   328   this Q     0.00187   best Q    0.001775   228.5 min
  restart   3/5    eval   329   this Q    0.001863   best Q    0.001775   228.6 min
  restart   3/5    eval   330   this Q    0.001913   best Q    0.001775   228.8 min
  restart   3/5    eval   331   this Q    0.001882   best Q    0.001775   228.9 min
  restart   3/5    eval   332   this Q    0.001875   best Q    0.001775   229.1 min
  restart   3/5    eval   333   this Q    0.001885   best Q    0.001775   229.3 min
  restart   3/5    eval   334   this Q    0.001894   best Q    0.001775   229.4 min
  restart   3/5    eval   335   this Q    0.001888   best Q    0.001775   229.6 min
  restart   3/5    eval   336   this Q     0.00186   best Q    0.001775   229.7 min
  restart   3/5    eval   337   this Q    0.001857   best Q    0.001775   229.9 min
  restart   3/5    eval   338   this Q    0.001898   best Q    0.001775   230.1 min
  restart   3/5    eval   339   this Q    0.001874   best Q    0.001775   230.2 min
  restart   3/5    eval   340   this Q    0.001875   best Q    0.001775   230.4 min
  restart   3/5    eval   341   this Q    0.001867   best Q    0.001775   230.5 min
  restart   3/5    eval   342   this Q     0.00186   best Q    0.001775   230.7 min
  restart   3/5    eval   343   this Q    0.001851   best Q    0.001775   230.9 min
  restart   3/5    eval   344   this Q     0.00186   best Q    0.001775   231.0 min
  restart   3/5    eval   345   this Q    0.001867   best Q    0.001775   231.2 min
  restart   3/5    eval   346   this Q    0.001848   best Q    0.001775   231.4 min
  restart   3/5    eval   347   this Q     0.00186   best Q    0.001775   231.5 min
  restart   3/5    eval   348   this Q    0.001848   best Q    0.001775   231.7 min
  restart   3/5    eval   349   this Q     0.00186   best Q    0.001775   231.8 min
  restart   3/5    eval   350   this Q    0.001877   best Q    0.001775   232.0 min
  restart   3/5    eval   351   this Q    0.001856   best Q    0.001775   232.2 min
  restart   3/5    eval   352   this Q    0.001843   best Q    0.001775   232.3 min
  restart   3/5    eval   353   this Q    0.001854   best Q    0.001775   232.5 min
  restart   3/5    eval   354   this Q    0.001836   best Q    0.001775   232.7 min
  restart   3/5    eval   355   this Q    0.001843   best Q    0.001775   232.9 min
  restart   3/5    eval   356   this Q    0.001849   best Q    0.001775   233.0 min
  restart   3/5    eval   357   this Q    0.001833   best Q    0.001775   233.2 min
  restart   3/5    eval   358   this Q    0.001831   best Q    0.001775   233.3 min
  restart   3/5    eval   359   this Q    0.001838   best Q    0.001775   233.5 min
  restart   3/5    eval   360   this Q    0.001834   best Q    0.001775   233.7 min
  restart   3/5    eval   361   this Q    0.001836   best Q    0.001775   233.8 min
  restart   3/5    eval   362   this Q    0.001814   best Q    0.001775   234.0 min
  restart   3/5    eval   363   this Q    0.001812   best Q    0.001775   234.2 min
  restart   3/5    eval   364   this Q    0.001814   best Q    0.001775   234.3 min
  restart   3/5    eval   365   this Q    0.001827   best Q    0.001775   234.5 min
  restart   3/5    eval   366   this Q    0.001811   best Q    0.001775   234.7 min
  restart   3/5    eval   367   this Q     0.00182   best Q    0.001775   234.9 min
  restart   3/5    eval   368   this Q    0.001797   best Q    0.001775   235.0 min
  restart   3/5    eval   369   this Q    0.001797   best Q    0.001775   235.2 min
  restart   3/5    eval   370   this Q    0.001787   best Q    0.001775   235.4 min
  restart   3/5    eval   371   this Q    0.001777   best Q    0.001775   235.5 min
  restart   3/5    eval   372   this Q    0.001795   best Q    0.001775   235.7 min
  restart   3/5    eval   373   this Q    0.001778   best Q    0.001775   235.9 min
  restart   3/5    eval   374   this Q    0.001802   best Q    0.001775   236.0 min
  restart   3/5    eval   375   this Q    0.001788   best Q    0.001775   236.2 min
  restart   3/5    eval   376   this Q    0.001792   best Q    0.001775   236.4 min
  restart   3/5    eval   377   this Q    0.001758   best Q    0.001758   236.5 min
  restart   3/5    eval   378   this Q    0.001764   best Q    0.001758   236.7 min
  restart   3/5    eval   379   this Q    0.001778   best Q    0.001758   236.9 min
  restart   3/5    eval   380   this Q    0.001751   best Q    0.001751   237.0 min
  restart   3/5    eval   381   this Q    0.001745   best Q    0.001745   237.2 min
  restart   3/5    eval   382   this Q    0.001794   best Q    0.001745   237.4 min
  restart   3/5    eval   383   this Q     0.00176   best Q    0.001745   237.5 min
  restart   3/5    eval   384   this Q    0.001741   best Q    0.001741   237.7 min
  restart   3/5    eval   385   this Q    0.001748   best Q    0.001741   237.9 min
  restart   3/5    eval   386   this Q    0.001773   best Q    0.001741   238.1 min
  restart   3/5    eval   387   this Q    0.001777   best Q    0.001741   238.2 min
  restart   3/5    eval   388   this Q    0.001801   best Q    0.001741   238.4 min
  restart   3/5    eval   389   this Q    0.001763   best Q    0.001741   238.6 min
  restart   3/5    eval   390   this Q     0.00174   best Q     0.00174   238.7 min
  restart   3/5    eval   391   this Q    0.001751   best Q     0.00174   238.9 min
  restart   3/5    eval   392   this Q    0.001742   best Q     0.00174   239.1 min
  restart   3/5    eval   393   this Q    0.001739   best Q    0.001739   239.2 min
  restart   3/5    eval   394   this Q    0.001766   best Q    0.001739   239.4 min
  restart   3/5    eval   395   this Q    0.001766   best Q    0.001739   239.6 min
  restart   3/5    eval   396   this Q    0.001719   best Q    0.001719   239.7 min
  restart   3/5    eval   397   this Q    0.001717   best Q    0.001717   239.9 min
  restart   3/5    eval   398   this Q    0.001752   best Q    0.001717   240.1 min
  restart   3/5    eval   399   this Q    0.001755   best Q    0.001717   240.2 min
  restart   3/5    eval   400   this Q    0.001721   best Q    0.001717   240.4 min
  restart   3/5    eval   401   this Q    0.001719   best Q    0.001717   240.6 min
  restart   3/5    eval   402   this Q    0.001715   best Q    0.001715   240.7 min
  restart   3/5    eval   403   this Q    0.001742   best Q    0.001715   240.9 min
  restart   3/5    eval   404   this Q    0.001748   best Q    0.001715   241.1 min
  restart   3/5    eval   405   this Q    0.001741   best Q    0.001715   241.2 min
  restart   3/5    eval   406   this Q    0.001748   best Q    0.001715   241.4 min
  restart   3/5    eval   407   this Q    0.001723   best Q    0.001715   241.6 min
  restart   3/5    eval   408   this Q    0.001712   best Q    0.001712   241.8 min
  restart   3/5    eval   409   this Q    0.001734   best Q    0.001712   241.9 min
  restart   3/5    eval   410   this Q    0.001718   best Q    0.001712   242.1 min
  restart   3/5    eval   411   this Q    0.001717   best Q    0.001712   242.3 min
  restart   3/5    eval   412   this Q    0.001737   best Q    0.001712   242.4 min
  restart   3/5    eval   413   this Q    0.001697   best Q    0.001697   242.6 min
  restart   3/5    eval   414   this Q    0.001707   best Q    0.001697   242.8 min
  restart   3/5    eval   415   this Q    0.001694   best Q    0.001694   242.9 min
  restart   3/5    eval   416   this Q    0.001711   best Q    0.001694   243.1 min
  restart   3/5    eval   417   this Q    0.001725   best Q    0.001694   243.3 min
  restart   3/5    eval   418   this Q    0.001704   best Q    0.001694   243.4 min
  restart   3/5    eval   419   this Q    0.001698   best Q    0.001694   243.6 min
  restart   3/5    eval   420   this Q    0.001705   best Q    0.001694   243.8 min
  restart   3/5    eval   421   this Q    0.001717   best Q    0.001694   243.9 min
  restart   3/5    eval   422   this Q    0.001692   best Q    0.001692   244.1 min
  restart   3/5    eval   423   this Q    0.001707   best Q    0.001692   244.3 min
  restart   3/5    eval   424   this Q    0.001717   best Q    0.001692   244.4 min
  restart   3/5    eval   425   this Q    0.001722   best Q    0.001692   244.6 min
  restart   3/5    eval   426   this Q    0.001695   best Q    0.001692   244.8 min
  restart   3/5    eval   427   this Q    0.001696   best Q    0.001692   244.9 min
  restart   3/5    eval   428   this Q    0.001705   best Q    0.001692   245.1 min
  restart   3/5    eval   429   this Q    0.001721   best Q    0.001692   245.3 min
  restart   3/5    eval   430   this Q    0.001697   best Q    0.001692   245.4 min
  restart   3/5    eval   431   this Q     0.00169   best Q     0.00169   245.6 min
  restart   3/5    eval   432   this Q    0.001716   best Q     0.00169   245.8 min
  restart   3/5    eval   433   this Q    0.001707   best Q     0.00169   245.9 min
  restart   3/5    eval   434   this Q    0.001692   best Q     0.00169   246.1 min
  restart   3/5    eval   435   this Q    0.001698   best Q     0.00169   246.3 min
  restart   3/5    eval   436   this Q    0.001689   best Q    0.001689   246.4 min
  restart   3/5    eval   437   this Q    0.001712   best Q    0.001689   246.6 min
  restart   3/5    eval   438   this Q    0.001701   best Q    0.001689   246.8 min
  restart   3/5    eval   439   this Q     0.00169   best Q    0.001689   246.9 min
  restart   3/5    eval   440   this Q    0.001691   best Q    0.001689   247.1 min
  restart   3/5    eval   441   this Q    0.001687   best Q    0.001687   247.3 min
  restart   3/5    eval   442   this Q    0.001697   best Q    0.001687   247.4 min
  restart   3/5    eval   443   this Q    0.001684   best Q    0.001684   247.6 min
  restart   3/5    eval   444   this Q    0.001695   best Q    0.001684   247.8 min
  restart   3/5    eval   445   this Q    0.001701   best Q    0.001684   247.9 min
  restart   3/5    eval   446   this Q    0.001687   best Q    0.001684   248.1 min
  restart   3/5    eval   447   this Q    0.001686   best Q    0.001684   248.4 min
  restart   3/5    eval   448   this Q    0.001687   best Q    0.001684   248.6 min
  restart   3/5    eval   449   this Q    0.001685   best Q    0.001684   248.7 min
  restart   3/5    eval   450   this Q    0.001684   best Q    0.001684   248.9 min
  restart   3/5    eval   451   this Q    0.001688   best Q    0.001684   249.1 min
  restart   3/5    eval   452   this Q    0.001699   best Q    0.001684   249.2 min
  restart   3/5    eval   453   this Q    0.001684   best Q    0.001684   249.4 min
  restart   3/5    eval   454   this Q    0.001686   best Q    0.001684   249.6 min
  restart   3/5    eval   455   this Q    0.001683   best Q    0.001683   249.7 min
  restart   3/5    eval   456   this Q    0.001699   best Q    0.001683   249.9 min
  restart   3/5    eval   457   this Q    0.001691   best Q    0.001683   250.0 min
  restart   3/5    eval   458   this Q    0.001682   best Q    0.001682   250.2 min
  restart   3/5    eval   459   this Q    0.001687   best Q    0.001682   250.4 min
  restart   3/5    eval   460   this Q    0.001682   best Q    0.001682   250.5 min
  restart   3/5    eval   461   this Q    0.001684   best Q    0.001682   250.7 min
  restart   3/5    eval   462   this Q    0.001682   best Q    0.001682   250.9 min
  restart   3/5    eval   463   this Q    0.001682   best Q    0.001682   251.0 min
  restart   3/5    eval   464   this Q    0.001687   best Q    0.001682   251.2 min
  restart   3/5    eval   465   this Q     0.00168   best Q     0.00168   251.3 min
  restart   3/5    eval   466   this Q     0.00168   best Q     0.00168   251.5 min
  restart   3/5    eval   467   this Q    0.001683   best Q     0.00168   251.7 min
  restart   3/5    eval   468   this Q    0.001695   best Q     0.00168   251.8 min
  restart   3/5    eval   469   this Q    0.001678   best Q    0.001678   252.0 min
  restart   3/5    eval   470   this Q    0.001679   best Q    0.001678   252.2 min
  restart   3/5    eval   471   this Q    0.001682   best Q    0.001678   252.3 min
  restart   3/5    eval   472   this Q    0.001682   best Q    0.001678   252.5 min
  restart   3/5    eval   473   this Q    0.001686   best Q    0.001678   252.7 min
  restart   3/5    eval   474   this Q     0.00168   best Q    0.001678   252.8 min
  restart   3/5    eval   475   this Q    0.001685   best Q    0.001678   253.0 min
  restart   3/5    eval   476   this Q    0.001679   best Q    0.001678   253.1 min
  restart   3/5    eval   477   this Q    0.001683   best Q    0.001678   253.3 min
  restart   3/5    eval   478   this Q    0.001679   best Q    0.001678   253.5 min
  restart   3/5    eval   479   this Q    0.001687   best Q    0.001678   253.6 min
  restart   3/5    eval   480   this Q    0.001678   best Q    0.001678   253.8 min
  restart   3/5    eval   481   this Q    0.001679   best Q    0.001678   254.0 min
  restart   3/5    eval   482   this Q    0.001686   best Q    0.001678   254.1 min
  restart   3/5    eval   483   this Q    0.001678   best Q    0.001678   254.3 min
  restart   3/5    eval   484   this Q    0.001678   best Q    0.001678   254.5 min
  restart   3/5    eval   485   this Q     0.00168   best Q    0.001678   254.6 min
  restart   3/5    eval   486   this Q    0.001676   best Q    0.001676   254.8 min
  restart   3/5    eval   487   this Q    0.001676   best Q    0.001676   255.0 min
  restart   3/5    eval   488   this Q    0.001677   best Q    0.001676   255.1 min
  restart   3/5    eval   489   this Q    0.001676   best Q    0.001676   255.3 min
  restart   3/5    eval   490   this Q    0.001682   best Q    0.001676   255.5 min
  restart   3/5    eval   491   this Q    0.001677   best Q    0.001676   255.6 min
  restart   3/5    eval   492   this Q    0.001675   best Q    0.001675   255.8 min
  restart   3/5    eval   493   this Q    0.001676   best Q    0.001675   255.9 min
  restart   3/5    eval   494   this Q    0.001677   best Q    0.001675   256.1 min
  restart   3/5    eval   495   this Q    0.001674   best Q    0.001674   256.3 min
  restart   3/5    eval   496   this Q    0.001675   best Q    0.001674   256.4 min
  restart   3/5    eval   497   this Q    0.001676   best Q    0.001674   256.6 min
  restart   3/5    eval   498   this Q    0.001677   best Q    0.001674   256.8 min
  restart   3/5    eval   499   this Q    0.001676   best Q    0.001674   257.1 min
  restart   3/5    eval   500   this Q    0.001672   best Q    0.001672   257.3 min
  restart   3/5    eval   501   this Q    0.001669   best Q    0.001669   257.4 min
  restart   3/5   DONE   this    0.001669   best Q    0.001669   257.4 min, ~172 min left
  restart   4/5    eval     1   this Q      0.1456   best Q    0.001669   257.6 min
  restart   4/5    eval     2   this Q      0.1456   best Q    0.001669   257.8 min
  restart   4/5    eval     3   this Q      0.9336   best Q    0.001669   257.9 min
  restart   4/5    eval     4   this Q       1.239   best Q    0.001669   258.1 min
  restart   4/5    eval     5   this Q       11.56   best Q    0.001669   258.3 min
  restart   4/5    eval     6   this Q        1.58   best Q    0.001669   258.4 min
  restart   4/5    eval     7   this Q      0.6783   best Q    0.001669   258.6 min
  restart   4/5    eval     8   this Q      0.8654   best Q    0.001669   258.8 min
  restart   4/5    eval     9   this Q       7.401   best Q    0.001669   258.9 min
  restart   4/5    eval    10   this Q       4.043   best Q    0.001669   259.1 min
  restart   4/5    eval    11   this Q       14.13   best Q    0.001669   259.3 min
  restart   4/5    eval    12   this Q     0.06764   best Q    0.001669   259.4 min
  restart   4/5    eval    13   this Q       2.556   best Q    0.001669   259.6 min
  restart   4/5    eval    14   this Q      0.9375   best Q    0.001669   259.7 min
  restart   4/5    eval    15   this Q       1.555   best Q    0.001669   259.9 min
  restart   4/5    eval    16   this Q       1.601   best Q    0.001669   260.1 min
  restart   4/5    eval    17   this Q       7.456   best Q    0.001669   260.2 min
  restart   4/5    eval    18   this Q       1.178   best Q    0.001669   260.4 min
  restart   4/5    eval    19   this Q       2.973   best Q    0.001669   260.5 min
  restart   4/5    eval    20   this Q      0.9752   best Q    0.001669   260.7 min
  restart   4/5    eval    21   this Q       2.128   best Q    0.001669   260.9 min
  restart   4/5    eval    22   this Q      0.6644   best Q    0.001669   261.0 min
  restart   4/5    eval    23   this Q       2.589   best Q    0.001669   261.2 min
  restart   4/5    eval    24   this Q      0.9017   best Q    0.001669   261.4 min
  restart   4/5    eval    25   this Q       1.665   best Q    0.001669   261.5 min
  restart   4/5    eval    26   this Q      0.4505   best Q    0.001669   261.7 min
  restart   4/5    eval    27   this Q      0.6958   best Q    0.001669   261.8 min
  restart   4/5    eval    28   this Q      0.1542   best Q    0.001669   262.0 min
  restart   4/5    eval    29   this Q       1.185   best Q    0.001669   262.2 min
  restart   4/5    eval    30   this Q      0.5172   best Q    0.001669   262.3 min
  restart   4/5    eval    31   this Q      0.7184   best Q    0.001669   262.5 min
  restart   4/5    eval    32   this Q      0.3599   best Q    0.001669   262.7 min
  restart   4/5    eval    33   this Q      0.2433   best Q    0.001669   262.8 min
  restart   4/5    eval    34   this Q      0.8696   best Q    0.001669   263.0 min
  restart   4/5    eval    35   this Q      0.3412   best Q    0.001669   263.2 min
  restart   4/5    eval    36   this Q       1.784   best Q    0.001669   263.3 min
  restart   4/5    eval    37   this Q      0.1202   best Q    0.001669   263.5 min
  restart   4/5    eval    38   this Q      0.4687   best Q    0.001669   263.7 min
  restart   4/5    eval    39   this Q       0.388   best Q    0.001669   263.8 min
  restart   4/5    eval    40   this Q      0.8776   best Q    0.001669   264.0 min
  restart   4/5    eval    41   this Q      0.2128   best Q    0.001669   264.2 min
  restart   4/5    eval    42   this Q      0.5585   best Q    0.001669   264.4 min
  restart   4/5    eval    43   this Q      0.1446   best Q    0.001669   264.7 min
  restart   4/5    eval    44   this Q      0.4729   best Q    0.001669   264.8 min
  restart   4/5    eval    45   this Q      0.1532   best Q    0.001669   265.0 min
  restart   4/5    eval    46   this Q       0.569   best Q    0.001669   265.2 min
  restart   4/5    eval    47   this Q      0.1056   best Q    0.001669   265.3 min
  restart   4/5    eval    48   this Q      0.3366   best Q    0.001669   265.5 min
  restart   4/5    eval    49   this Q      0.2803   best Q    0.001669   265.7 min
  restart   4/5    eval    50   this Q       0.404   best Q    0.001669   265.8 min
  restart   4/5    eval    51   this Q      0.1345   best Q    0.001669   266.0 min
  restart   4/5    eval    52   this Q      0.3193   best Q    0.001669   266.2 min
  restart   4/5    eval    53   this Q     0.08021   best Q    0.001669   266.3 min
  restart   4/5    eval    54   this Q      0.3715   best Q    0.001669   266.5 min
  restart   4/5    eval    55   this Q     0.08446   best Q    0.001669   266.6 min
  restart   4/5    eval    56   this Q     0.08918   best Q    0.001669   266.8 min
  restart   4/5    eval    57   this Q       0.176   best Q    0.001669   267.0 min
  restart   4/5    eval    58   this Q     0.04415   best Q    0.001669   267.1 min
  restart   4/5    eval    59   this Q      0.1961   best Q    0.001669   267.3 min
  restart   4/5    eval    60   this Q       0.052   best Q    0.001669   267.5 min
  restart   4/5    eval    61   this Q      0.1796   best Q    0.001669   267.6 min
  restart   4/5    eval    62   this Q     0.05698   best Q    0.001669   267.8 min
  restart   4/5    eval    63   this Q     0.09506   best Q    0.001669   267.9 min
  restart   4/5    eval    64   this Q     0.09243   best Q    0.001669   268.1 min
  restart   4/5    eval    65   this Q      0.3195   best Q    0.001669   268.3 min
  restart   4/5    eval    66   this Q     0.03839   best Q    0.001669   268.4 min
  restart   4/5    eval    67   this Q     0.06523   best Q    0.001669   268.6 min
  restart   4/5    eval    68   this Q      0.1522   best Q    0.001669   268.8 min
  restart   4/5    eval    69   this Q     0.02998   best Q    0.001669   268.9 min
  restart   4/5    eval    70   this Q      0.1478   best Q    0.001669   269.1 min
  restart   4/5    eval    71   this Q     0.02451   best Q    0.001669   269.2 min
  restart   4/5    eval    72   this Q       0.155   best Q    0.001669   269.4 min
  restart   4/5    eval    73   this Q     0.01971   best Q    0.001669   269.6 min
  restart   4/5    eval    74   this Q      0.1116   best Q    0.001669   269.7 min
  restart   4/5    eval    75   this Q     0.03155   best Q    0.001669   269.9 min
  restart   4/5    eval    76   this Q     0.08851   best Q    0.001669   270.1 min
  restart   4/5    eval    77   this Q      0.0325   best Q    0.001669   270.2 min
  restart   4/5    eval    78   this Q     0.05028   best Q    0.001669   270.4 min
  restart   4/5    eval    79   this Q     0.09891   best Q    0.001669   270.5 min
  restart   4/5    eval    80   this Q     0.02427   best Q    0.001669   270.7 min
  restart   4/5    eval    81   this Q     0.04742   best Q    0.001669   270.9 min
  restart   4/5    eval    82   this Q      0.1113   best Q    0.001669   271.0 min
  restart   4/5    eval    83   this Q     0.01799   best Q    0.001669   271.2 min
  restart   4/5    eval    84   this Q     0.03324   best Q    0.001669   271.3 min
  restart   4/5    eval    85   this Q     0.07087   best Q    0.001669   271.5 min
  restart   4/5    eval    86   this Q     0.01645   best Q    0.001669   271.7 min
  restart   4/5    eval    87   this Q     0.02097   best Q    0.001669   271.8 min
  restart   4/5    eval    88   this Q     0.04131   best Q    0.001669   272.0 min
  restart   4/5    eval    89   this Q     0.01827   best Q    0.001669   272.2 min
  restart   4/5    eval    90   this Q     0.04445   best Q    0.001669   272.3 min
  restart   4/5    eval    91   this Q     0.01506   best Q    0.001669   272.5 min
  restart   4/5    eval    92   this Q    0.005477   best Q    0.001669   272.6 min
  restart   4/5    eval    93   this Q     0.02271   best Q    0.001669   272.8 min
  restart   4/5    eval    94   this Q     0.02174   best Q    0.001669   273.0 min
  restart   4/5    eval    95   this Q     0.02222   best Q    0.001669   273.1 min
  restart   4/5    eval    96   this Q     0.03078   best Q    0.001669   273.3 min
  restart   4/5    eval    97   this Q    0.009668   best Q    0.001669   273.5 min
  restart   4/5    eval    98   this Q     0.01608   best Q    0.001669   273.6 min
  restart   4/5    eval    99   this Q     0.02761   best Q    0.001669   273.8 min
  restart   4/5    eval   100   this Q    0.008842   best Q    0.001669   274.0 min
  restart   4/5    eval   101   this Q     0.03638   best Q    0.001669   274.1 min
  restart   4/5    eval   102   this Q    0.008077   best Q    0.001669   274.3 min
  restart   4/5    eval   103   this Q     0.03333   best Q    0.001669   274.4 min
  restart   4/5    eval   104   this Q    0.008723   best Q    0.001669   274.6 min
  restart   4/5    eval   105   this Q     0.01742   best Q    0.001669   274.8 min
  restart   4/5    eval   106   this Q    0.007147   best Q    0.001669   274.9 min
  restart   4/5    eval   107   this Q     0.01684   best Q    0.001669   275.1 min
  restart   4/5    eval   108   this Q     0.03108   best Q    0.001669   275.3 min
  restart   4/5    eval   109   this Q    0.006717   best Q    0.001669   275.4 min
  restart   4/5    eval   110   this Q     0.01642   best Q    0.001669   275.6 min
  restart   4/5    eval   111   this Q     0.01524   best Q    0.001669   275.8 min
  restart   4/5    eval   112   this Q     0.01342   best Q    0.001669   275.9 min
  restart   4/5    eval   113   this Q     0.02121   best Q    0.001669   276.1 min
  restart   4/5    eval   114   this Q    0.006353   best Q    0.001669   276.3 min
  restart   4/5    eval   115   this Q     0.01765   best Q    0.001669   276.4 min
  restart   4/5    eval   116   this Q    0.006701   best Q    0.001669   276.6 min
  restart   4/5    eval   117   this Q    0.008868   best Q    0.001669   276.7 min
  restart   4/5    eval   118   this Q      0.0118   best Q    0.001669   276.9 min
  restart   4/5    eval   119   this Q    0.005253   best Q    0.001669   277.1 min
  restart   4/5    eval   120   this Q     0.00625   best Q    0.001669   277.2 min
  restart   4/5    eval   121   this Q     0.01541   best Q    0.001669   277.4 min
  restart   4/5    eval   122   this Q    0.003751   best Q    0.001669   277.6 min
  restart   4/5    eval   123   this Q    0.009308   best Q    0.001669   277.7 min
  restart   4/5    eval   124   this Q     0.00445   best Q    0.001669   277.9 min
  restart   4/5    eval   125   this Q    0.007814   best Q    0.001669   278.1 min
  restart   4/5    eval   126   this Q     0.00918   best Q    0.001669   278.2 min
  restart   4/5    eval   127   this Q    0.004139   best Q    0.001669   278.4 min
  restart   4/5    eval   128   this Q    0.008619   best Q    0.001669   278.5 min
  restart   4/5    eval   129   this Q    0.004039   best Q    0.001669   278.7 min
  restart   4/5    eval   130   this Q        0.01   best Q    0.001669   278.9 min
  restart   4/5    eval   131   this Q    0.003614   best Q    0.001669   279.0 min
  restart   4/5    eval   132   this Q    0.005272   best Q    0.001669   279.2 min
  restart   4/5    eval   133   this Q    0.004031   best Q    0.001669   279.4 min
  restart   4/5    eval   134   this Q    0.006085   best Q    0.001669   279.5 min
  restart   4/5    eval   135   this Q     0.00879   best Q    0.001669   279.7 min
  restart   4/5    eval   136   this Q    0.003298   best Q    0.001669   279.9 min
  restart   4/5    eval   137   this Q    0.006704   best Q    0.001669   280.0 min
  restart   4/5    eval   138   this Q    0.003392   best Q    0.001669   280.2 min
  restart   4/5    eval   139   this Q    0.007138   best Q    0.001669   280.3 min
  restart   4/5    eval   140   this Q    0.003158   best Q    0.001669   280.5 min
  restart   4/5    eval   141   this Q    0.005063   best Q    0.001669   280.7 min
  restart   4/5    eval   142   this Q    0.004506   best Q    0.001669   280.8 min
  restart   4/5    eval   143   this Q    0.006381   best Q    0.001669   281.0 min
  restart   4/5    eval   144   this Q    0.003051   best Q    0.001669   281.2 min
  restart   4/5    eval   145   this Q    0.004935   best Q    0.001669   281.3 min
  restart   4/5    eval   146   this Q    0.002977   best Q    0.001669   281.5 min
  restart   4/5    eval   147   this Q    0.003488   best Q    0.001669   281.6 min
  restart   4/5    eval   148   this Q    0.003956   best Q    0.001669   281.8 min
  restart   4/5    eval   149   this Q    0.004134   best Q    0.001669   282.0 min
  restart   4/5    eval   150   this Q    0.002795   best Q    0.001669   282.1 min
  restart   4/5    eval   151   this Q    0.006348   best Q    0.001669   282.3 min
  restart   4/5    eval   152   this Q     0.00258   best Q    0.001669   282.5 min
  restart   4/5    eval   153   this Q    0.004143   best Q    0.001669   282.6 min
  restart   4/5    eval   154   this Q    0.002793   best Q    0.001669   282.8 min
  restart   4/5    eval   155   this Q    0.004063   best Q    0.001669   283.0 min
  restart   4/5    eval   156   this Q    0.002726   best Q    0.001669   283.1 min
  restart   4/5    eval   157   this Q    0.004286   best Q    0.001669   283.3 min
  restart   4/5    eval   158   this Q    0.002656   best Q    0.001669   283.4 min
  restart   4/5    eval   159   this Q    0.004203   best Q    0.001669   283.6 min
  restart   4/5    eval   160   this Q    0.002631   best Q    0.001669   283.8 min
  restart   4/5    eval   161   this Q    0.003034   best Q    0.001669   283.9 min
  restart   4/5    eval   162   this Q    0.003055   best Q    0.001669   284.1 min
  restart   4/5    eval   163   this Q    0.003435   best Q    0.001669   284.3 min
  restart   4/5    eval   164   this Q     0.00256   best Q    0.001669   284.4 min
  restart   4/5    eval   165   this Q    0.003225   best Q    0.001669   284.6 min
  restart   4/5    eval   166   this Q     0.00254   best Q    0.001669   284.8 min
  restart   4/5    eval   167   this Q    0.003943   best Q    0.001669   284.9 min
  restart   4/5    eval   168   this Q     0.00248   best Q    0.001669   285.1 min
  restart   4/5    eval   169   this Q    0.003134   best Q    0.001669   285.2 min
  restart   4/5    eval   170   this Q    0.002558   best Q    0.001669   285.4 min
  restart   4/5    eval   171   this Q    0.002472   best Q    0.001669   285.6 min
  restart   4/5    eval   172   this Q    0.003236   best Q    0.001669   285.7 min
  restart   4/5    eval   173   this Q     0.00245   best Q    0.001669   285.9 min
  restart   4/5    eval   174   this Q    0.003106   best Q    0.001669   286.1 min
  restart   4/5    eval   175   this Q     0.00267   best Q    0.001669   286.2 min
  restart   4/5    eval   176   this Q    0.002225   best Q    0.001669   286.4 min
  restart   4/5    eval   177   this Q      0.0025   best Q    0.001669   286.6 min
  restart   4/5    eval   178   this Q    0.002648   best Q    0.001669   286.7 min
  restart   4/5    eval   179   this Q    0.002411   best Q    0.001669   286.9 min
  restart   4/5    eval   180   this Q    0.002655   best Q    0.001669   287.0 min
  restart   4/5    eval   181   this Q     0.00235   best Q    0.001669   287.2 min
  restart   4/5    eval   182   this Q    0.002708   best Q    0.001669   287.4 min
  restart   4/5    eval   183   this Q    0.002335   best Q    0.001669   287.5 min
  restart   4/5    eval   184   this Q    0.002808   best Q    0.001669   287.7 min
  restart   4/5    eval   185   this Q    0.002305   best Q    0.001669   287.9 min
  restart   4/5    eval   186   this Q    0.002366   best Q    0.001669   288.0 min
  restart   4/5    eval   187   this Q    0.002196   best Q    0.001669   288.2 min
  restart   4/5    eval   188   this Q    0.002492   best Q    0.001669   288.3 min
  restart   4/5    eval   189   this Q    0.002487   best Q    0.001669   288.5 min
  restart   4/5    eval   190   this Q    0.002263   best Q    0.001669   288.7 min
  restart   4/5    eval   191   this Q    0.002256   best Q    0.001669   288.8 min
  restart   4/5    eval   192   this Q    0.002497   best Q    0.001669   289.0 min
  restart   4/5    eval   193   this Q    0.002246   best Q    0.001669   289.2 min
  restart   4/5    eval   194   this Q    0.002246   best Q    0.001669   289.3 min
  restart   4/5    eval   195   this Q    0.002375   best Q    0.001669   289.5 min
  restart   4/5    eval   196   this Q    0.002203   best Q    0.001669   289.7 min
  restart   4/5    eval   197   this Q    0.002555   best Q    0.001669   289.8 min
  restart   4/5    eval   198   this Q    0.002184   best Q    0.001669   290.0 min
  restart   4/5    eval   199   this Q    0.002072   best Q    0.001669   290.2 min
  restart   4/5    eval   200   this Q    0.002134   best Q    0.001669   290.3 min
  restart   4/5    eval   201   this Q     0.00221   best Q    0.001669   290.5 min
  restart   4/5    eval   202   this Q     0.00224   best Q    0.001669   290.6 min
  restart   4/5    eval   203   this Q    0.002255   best Q    0.001669   290.8 min
  restart   4/5    eval   204   this Q    0.002475   best Q    0.001669   291.0 min
  restart   4/5    eval   205   this Q    0.002126   best Q    0.001669   291.1 min
  restart   4/5    eval   206   this Q    0.002262   best Q    0.001669   291.3 min
  restart   4/5    eval   207   this Q    0.002146   best Q    0.001669   291.5 min
  restart   4/5    eval   208   this Q    0.002027   best Q    0.001669   291.6 min
  restart   4/5    eval   209   this Q    0.002013   best Q    0.001669   291.8 min
  restart   4/5    eval   210   this Q    0.002056   best Q    0.001669   291.9 min
  restart   4/5    eval   211   this Q    0.002193   best Q    0.001669   292.1 min
  restart   4/5    eval   212   this Q    0.002377   best Q    0.001669   292.3 min
  restart   4/5    eval   213   this Q    0.002088   best Q    0.001669   292.4 min
  restart   4/5    eval   214   this Q     0.00215   best Q    0.001669   292.6 min
  restart   4/5    eval   215   this Q    0.002001   best Q    0.001669   292.8 min
  restart   4/5    eval   216   this Q    0.002053   best Q    0.001669   292.9 min
  restart   4/5    eval   217   this Q    0.002072   best Q    0.001669   293.1 min
  restart   4/5    eval   218   this Q    0.002115   best Q    0.001669   293.2 min
  restart   4/5    eval   219   this Q    0.002067   best Q    0.001669   293.4 min
  restart   4/5    eval   220   this Q    0.002088   best Q    0.001669   293.6 min
  restart   4/5    eval   221   this Q    0.001915   best Q    0.001669   293.7 min
  restart   4/5    eval   222   this Q     0.00191   best Q    0.001669   293.9 min
  restart   4/5    eval   223   this Q    0.002049   best Q    0.001669   294.1 min
  restart   4/5    eval   224   this Q    0.002044   best Q    0.001669   294.2 min
  restart   4/5    eval   225   this Q    0.001974   best Q    0.001669   294.4 min
  restart   4/5    eval   226   this Q    0.002042   best Q    0.001669   294.6 min
  restart   4/5    eval   227   this Q    0.001916   best Q    0.001669   294.7 min
  restart   4/5    eval   228   this Q    0.002079   best Q    0.001669   294.9 min
  restart   4/5    eval   229   this Q    0.001967   best Q    0.001669   295.0 min
  restart   4/5    eval   230   this Q    0.002094   best Q    0.001669   295.2 min
  restart   4/5    eval   231   this Q    0.001962   best Q    0.001669   295.4 min
  restart   4/5    eval   232   this Q    0.002078   best Q    0.001669   295.5 min
  restart   4/5    eval   233   this Q    0.001961   best Q    0.001669   295.7 min
  restart   4/5    eval   234   this Q    0.001991   best Q    0.001669   295.9 min
  restart   4/5    eval   235   this Q    0.001948   best Q    0.001669   296.0 min
  restart   4/5    eval   236   this Q    0.001989   best Q    0.001669   296.2 min
  restart   4/5    eval   237   this Q    0.001958   best Q    0.001669   296.4 min
  restart   4/5    eval   238   this Q    0.001866   best Q    0.001669   296.5 min
  restart   4/5    eval   239   this Q    0.001896   best Q    0.001669   296.7 min
  restart   4/5    eval   240   this Q    0.002002   best Q    0.001669   296.8 min
  restart   4/5    eval   241   this Q    0.001917   best Q    0.001669   297.0 min
  restart   4/5    eval   242   this Q    0.001999   best Q    0.001669   297.2 min
  restart   4/5    eval   243   this Q    0.001918   best Q    0.001669   297.3 min
  restart   4/5    eval   244   this Q    0.001906   best Q    0.001669   297.5 min
  restart   4/5    eval   245   this Q    0.001882   best Q    0.001669   297.7 min
  restart   4/5    eval   246   this Q    0.001892   best Q    0.001669   297.8 min
  restart   4/5    eval   247   this Q    0.001859   best Q    0.001669   298.0 min
  restart   4/5    eval   248   this Q    0.001933   best Q    0.001669   298.1 min
  restart   4/5    eval   249   this Q    0.001918   best Q    0.001669   298.3 min
  restart   4/5    eval   250   this Q    0.001878   best Q    0.001669   298.4 min
  restart   4/5    eval   251   this Q    0.001856   best Q    0.001669   298.6 min
  restart   4/5    eval   252   this Q    0.001934   best Q    0.001669   298.7 min
  restart   4/5    eval   253   this Q    0.001982   best Q    0.001669   298.9 min
  restart   4/5    eval   254   this Q    0.001859   best Q    0.001669   299.1 min
  restart   4/5    eval   255   this Q    0.001841   best Q    0.001669   299.2 min
  restart   4/5    eval   256   this Q    0.001899   best Q    0.001669   299.4 min
  restart   4/5    eval   257   this Q    0.001874   best Q    0.001669   299.5 min
  restart   4/5    eval   258   this Q    0.001834   best Q    0.001669   299.7 min
  restart   4/5    eval   259   this Q    0.001901   best Q    0.001669   299.8 min
  restart   4/5    eval   260   this Q    0.001945   best Q    0.001669   300.0 min
  restart   4/5    eval   261   this Q    0.001846   best Q    0.001669   300.2 min
  restart   4/5    eval   262   this Q    0.001864   best Q    0.001669   300.3 min
  restart   4/5    eval   263   this Q    0.001812   best Q    0.001669   300.5 min
  restart   4/5    eval   264   this Q    0.001839   best Q    0.001669   300.6 min
  restart   4/5    eval   265   this Q    0.001917   best Q    0.001669   300.8 min
  restart   4/5    eval   266   this Q    0.001831   best Q    0.001669   300.9 min
  restart   4/5    eval   267   this Q    0.001939   best Q    0.001669   301.1 min
  restart   4/5    eval   268   this Q    0.001832   best Q    0.001669   301.3 min
  restart   4/5    eval   269   this Q    0.001845   best Q    0.001669   301.4 min
  restart   4/5    eval   270   this Q    0.001862   best Q    0.001669   301.6 min
  restart   4/5    eval   271   this Q    0.001832   best Q    0.001669   301.7 min
  restart   4/5    eval   272   this Q    0.001829   best Q    0.001669   301.9 min
  restart   4/5    eval   273   this Q    0.001819   best Q    0.001669   302.0 min
  restart   4/5    eval   274   this Q    0.001802   best Q    0.001669   302.2 min
  restart   4/5    eval   275   this Q    0.001826   best Q    0.001669   302.3 min
  restart   4/5    eval   276   this Q    0.001815   best Q    0.001669   302.5 min
  restart   4/5    eval   277   this Q    0.001832   best Q    0.001669   302.6 min
  restart   4/5    eval   278   this Q    0.001824   best Q    0.001669   302.8 min
  restart   4/5    eval   279   this Q    0.001832   best Q    0.001669   303.0 min
  restart   4/5    eval   280   this Q     0.00184   best Q    0.001669   303.1 min
  restart   4/5    eval   281   this Q    0.001813   best Q    0.001669   303.3 min
  restart   4/5    eval   282   this Q    0.001833   best Q    0.001669   303.4 min
  restart   4/5    eval   283   this Q    0.001811   best Q    0.001669   303.6 min
  restart   4/5    eval   284   this Q    0.001792   best Q    0.001669   303.7 min
  restart   4/5    eval   285   this Q    0.001795   best Q    0.001669   303.9 min
  restart   4/5    eval   286   this Q    0.001811   best Q    0.001669   304.0 min
  restart   4/5    eval   287   this Q    0.001786   best Q    0.001669   304.2 min
  restart   4/5    eval   288   this Q    0.001798   best Q    0.001669   304.4 min
  restart   4/5    eval   289   this Q    0.001802   best Q    0.001669   304.5 min
  restart   4/5    eval   290   this Q    0.001815   best Q    0.001669   304.7 min
  restart   4/5    eval   291   this Q    0.001816   best Q    0.001669   304.8 min
  restart   4/5    eval   292   this Q    0.001798   best Q    0.001669   305.0 min
  restart   4/5    eval   293   this Q    0.001822   best Q    0.001669   305.1 min
  restart   4/5    eval   294   this Q    0.001796   best Q    0.001669   305.3 min
  restart   4/5    eval   295   this Q    0.001818   best Q    0.001669   305.5 min
  restart   4/5    eval   296   this Q    0.001797   best Q    0.001669   305.6 min
  restart   4/5    eval   297   this Q    0.001782   best Q    0.001669   305.8 min
  restart   4/5    eval   298   this Q    0.001787   best Q    0.001669   305.9 min
  restart   4/5    eval   299   this Q    0.001793   best Q    0.001669   306.1 min
  restart   4/5    eval   300   this Q    0.001798   best Q    0.001669   306.2 min
  restart   4/5    eval   301   this Q    0.001798   best Q    0.001669   306.4 min
  restart   4/5    eval   302   this Q    0.001788   best Q    0.001669   306.5 min
  restart   4/5    eval   303   this Q    0.001807   best Q    0.001669   306.7 min
  restart   4/5    eval   304   this Q    0.001788   best Q    0.001669   306.9 min
  restart   4/5    eval   305   this Q    0.001783   best Q    0.001669   307.0 min
  restart   4/5    eval   306   this Q    0.001812   best Q    0.001669   307.2 min
  restart   4/5    eval   307   this Q    0.001784   best Q    0.001669   307.3 min
  restart   4/5    eval   308   this Q      0.0018   best Q    0.001669   307.5 min
  restart   4/5    eval   309   this Q    0.001786   best Q    0.001669   307.6 min
  restart   4/5    eval   310   this Q    0.001779   best Q    0.001669   307.8 min
  restart   4/5    eval   311   this Q    0.001793   best Q    0.001669   307.9 min
  restart   4/5    eval   312   this Q    0.001778   best Q    0.001669   308.1 min
  restart   4/5    eval   313   this Q    0.001789   best Q    0.001669   308.3 min
  restart   4/5    eval   314   this Q    0.001796   best Q    0.001669   308.4 min
  restart   4/5    eval   315   this Q    0.001784   best Q    0.001669   308.6 min
  restart   4/5    eval   316   this Q    0.001778   best Q    0.001669   308.7 min
  restart   4/5    eval   317   this Q    0.001785   best Q    0.001669   308.9 min
  restart   4/5    eval   318   this Q    0.001786   best Q    0.001669   309.0 min
  restart   4/5    eval   319   this Q    0.001779   best Q    0.001669   309.2 min
  restart   4/5    eval   320   this Q     0.00179   best Q    0.001669   309.4 min
  restart   4/5    eval   321   this Q    0.001779   best Q    0.001669   309.5 min
  restart   4/5    eval   322   this Q    0.001776   best Q    0.001669   309.7 min
  restart   4/5    eval   323   this Q    0.001784   best Q    0.001669   309.8 min
  restart   4/5    eval   324   this Q    0.001784   best Q    0.001669   310.0 min
  restart   4/5    eval   325   this Q    0.001777   best Q    0.001669   310.1 min
  restart   4/5    eval   326   this Q    0.001783   best Q    0.001669   310.3 min
  restart   4/5    eval   327   this Q    0.001781   best Q    0.001669   310.4 min
  restart   4/5    eval   328   this Q    0.001775   best Q    0.001669   310.6 min
  restart   4/5    eval   329   this Q    0.001783   best Q    0.001669   310.8 min
  restart   4/5    eval   330   this Q    0.001781   best Q    0.001669   310.9 min
  restart   4/5    eval   331   this Q     0.00178   best Q    0.001669   311.1 min
  restart   4/5    eval   332   this Q     0.00178   best Q    0.001669   311.3 min
  restart   4/5    eval   333   this Q    0.001784   best Q    0.001669   311.4 min
  restart   4/5    eval   334   this Q    0.001775   best Q    0.001669   311.6 min
  restart   4/5    eval   335   this Q    0.001781   best Q    0.001669   311.7 min
  restart   4/5    eval   336   this Q    0.001774   best Q    0.001669   311.9 min
  restart   4/5    eval   337   this Q    0.001781   best Q    0.001669   312.1 min
  restart   4/5    eval   338   this Q    0.001777   best Q    0.001669   312.2 min
  restart   4/5    eval   339   this Q    0.001775   best Q    0.001669   312.4 min
  restart   4/5    eval   340   this Q    0.001775   best Q    0.001669   312.5 min
  restart   4/5    eval   341   this Q    0.001774   best Q    0.001669   312.7 min
  restart   4/5    eval   342   this Q    0.001778   best Q    0.001669   312.9 min
  restart   4/5    eval   343   this Q    0.001775   best Q    0.001669   313.0 min
  restart   4/5    eval   344   this Q    0.001773   best Q    0.001669   313.2 min
  restart   4/5    eval   345   this Q    0.001783   best Q    0.001669   313.4 min
  restart   4/5    eval   346   this Q    0.001776   best Q    0.001669   313.5 min
  restart   4/5    eval   347   this Q    0.001772   best Q    0.001669   313.7 min
  restart   4/5    eval   348   this Q    0.001776   best Q    0.001669   313.8 min
  restart   4/5    eval   349   this Q    0.001775   best Q    0.001669   314.0 min
  restart   4/5    eval   350   this Q    0.001776   best Q    0.001669   314.2 min
  restart   4/5    eval   351   this Q    0.001772   best Q    0.001669   314.3 min
  restart   4/5    eval   352   this Q    0.001777   best Q    0.001669   314.5 min
  restart   4/5    eval   353   this Q    0.001773   best Q    0.001669   314.6 min
  restart   4/5    eval   354   this Q    0.001771   best Q    0.001669   314.8 min
  restart   4/5    eval   355   this Q    0.001774   best Q    0.001669   315.0 min
  restart   4/5    eval   356   this Q    0.001776   best Q    0.001669   315.1 min
  restart   4/5    eval   357   this Q    0.001772   best Q    0.001669   315.3 min
  restart   4/5    eval   358   this Q    0.001775   best Q    0.001669   315.5 min
  restart   4/5    eval   359   this Q    0.001773   best Q    0.001669   315.6 min
  restart   4/5    eval   360   this Q    0.001775   best Q    0.001669   315.8 min
  restart   4/5    eval   361   this Q    0.001777   best Q    0.001669   315.9 min
  restart   4/5    eval   362   this Q    0.001773   best Q    0.001669   316.1 min
  restart   4/5    eval   363   this Q    0.001775   best Q    0.001669   316.3 min
  restart   4/5    eval   364   this Q    0.001771   best Q    0.001669   316.4 min
  restart   4/5    eval   365   this Q    0.001771   best Q    0.001669   316.6 min
  restart   4/5    eval   366   this Q    0.001771   best Q    0.001669   316.7 min
  restart   4/5    eval   367   this Q    0.001777   best Q    0.001669   316.9 min
  restart   4/5    eval   368   this Q    0.001771   best Q    0.001669   317.0 min
  restart   4/5    eval   369   this Q    0.001775   best Q    0.001669   317.2 min
  restart   4/5    eval   370   this Q    0.001772   best Q    0.001669   317.4 min
  restart   4/5    eval   371   this Q    0.001771   best Q    0.001669   317.5 min
  restart   4/5    eval   372   this Q    0.001771   best Q    0.001669   317.7 min
  restart   4/5    eval   373   this Q    0.001771   best Q    0.001669   317.8 min
  restart   4/5    eval   374   this Q    0.001771   best Q    0.001669   318.0 min
  restart   4/5    eval   375   this Q    0.001768   best Q    0.001669   318.2 min
  restart   4/5    eval   376   this Q    0.001767   best Q    0.001669   318.3 min
  restart   4/5    eval   377   this Q     0.00177   best Q    0.001669   318.5 min
  restart   4/5    eval   378   this Q     0.00177   best Q    0.001669   318.6 min
  restart   4/5    eval   379   this Q    0.001769   best Q    0.001669   318.8 min
  restart   4/5    eval   380   this Q    0.001768   best Q    0.001669   318.9 min
  restart   4/5    eval   381   this Q    0.001767   best Q    0.001669   319.1 min
  restart   4/5    eval   382   this Q    0.001768   best Q    0.001669   319.3 min
  restart   4/5    eval   383   this Q    0.001769   best Q    0.001669   319.4 min
  restart   4/5    eval   384   this Q    0.001767   best Q    0.001669   319.6 min
  restart   4/5    eval   385   this Q    0.001765   best Q    0.001669   319.7 min
  restart   4/5    eval   386   this Q    0.001762   best Q    0.001669   319.9 min
  restart   4/5    eval   387   this Q    0.001766   best Q    0.001669   320.0 min
  restart   4/5    eval   388   this Q    0.001766   best Q    0.001669   320.2 min
  restart   4/5    eval   389   this Q    0.001766   best Q    0.001669   320.4 min
  restart   4/5    eval   390   this Q    0.001761   best Q    0.001669   320.5 min
  restart   4/5    eval   391   this Q    0.001761   best Q    0.001669   320.7 min
  restart   4/5    eval   392   this Q    0.001763   best Q    0.001669   320.8 min
  restart   4/5    eval   393   this Q    0.001764   best Q    0.001669   321.0 min
  restart   4/5    eval   394   this Q    0.001763   best Q    0.001669   321.1 min
  restart   4/5    eval   395   this Q    0.001759   best Q    0.001669   321.3 min
  restart   4/5    eval   396   this Q     0.00176   best Q    0.001669   321.4 min
  restart   4/5    eval   397   this Q    0.001761   best Q    0.001669   321.6 min
  restart   4/5    eval   398   this Q    0.001759   best Q    0.001669   321.8 min
  restart   4/5    eval   399   this Q     0.00176   best Q    0.001669   321.9 min
  restart   4/5    eval   400   this Q    0.001761   best Q    0.001669   322.1 min
  restart   4/5    eval   401   this Q    0.001758   best Q    0.001669   322.2 min
  restart   4/5    eval   402   this Q     0.00176   best Q    0.001669   322.4 min
  restart   4/5    eval   403   this Q     0.00176   best Q    0.001669   322.5 min
  restart   4/5    eval   404   this Q    0.001762   best Q    0.001669   322.7 min
  restart   4/5    eval   405   this Q     0.00176   best Q    0.001669   322.9 min
  restart   4/5    eval   406   this Q    0.001758   best Q    0.001669   323.0 min
  restart   4/5    eval   407   this Q    0.001758   best Q    0.001669   323.2 min
  restart   4/5    eval   408   this Q    0.001757   best Q    0.001669   323.3 min
  restart   4/5    eval   409   this Q    0.001759   best Q    0.001669   323.5 min
  restart   4/5    eval   410   this Q    0.001762   best Q    0.001669   323.6 min
  restart   4/5    eval   411   this Q     0.00176   best Q    0.001669   323.8 min
  restart   4/5    eval   412   this Q    0.001757   best Q    0.001669   324.0 min
  restart   4/5    eval   413   this Q    0.001758   best Q    0.001669   324.1 min
  restart   4/5    eval   414   this Q    0.001756   best Q    0.001669   324.3 min
  restart   4/5    eval   415   this Q    0.001754   best Q    0.001669   324.5 min
  restart   4/5    eval   416   this Q     0.00176   best Q    0.001669   324.6 min
  restart   4/5    eval   417   this Q    0.001757   best Q    0.001669   324.8 min
  restart   4/5    eval   418   this Q    0.001754   best Q    0.001669   324.9 min
  restart   4/5    eval   419   this Q    0.001759   best Q    0.001669   325.1 min
  restart   4/5    eval   420   this Q    0.001755   best Q    0.001669   325.3 min
  restart   4/5    eval   421   this Q    0.001753   best Q    0.001669   325.4 min
  restart   4/5    eval   422   this Q    0.001751   best Q    0.001669   325.6 min
  restart   4/5    eval   423   this Q    0.001757   best Q    0.001669   325.7 min
  restart   4/5    eval   424   this Q    0.001753   best Q    0.001669   325.9 min
  restart   4/5    eval   425   this Q    0.001753   best Q    0.001669   326.1 min
  restart   4/5    eval   426   this Q    0.001755   best Q    0.001669   326.2 min
  restart   4/5    eval   427   this Q     0.00175   best Q    0.001669   326.4 min
  restart   4/5    eval   428   this Q    0.001749   best Q    0.001669   326.6 min
  restart   4/5    eval   429   this Q    0.001748   best Q    0.001669   326.7 min
  restart   4/5    eval   430   this Q    0.001745   best Q    0.001669   326.9 min
  restart   4/5    eval   431   this Q    0.001748   best Q    0.001669   327.1 min
  restart   4/5    eval   432   this Q    0.001747   best Q    0.001669   327.2 min
  restart   4/5    eval   433   this Q    0.001745   best Q    0.001669   327.4 min
  restart   4/5    eval   434   this Q     0.00175   best Q    0.001669   327.6 min
  restart   4/5    eval   435   this Q    0.001742   best Q    0.001669   327.7 min
  restart   4/5    eval   436   this Q    0.001744   best Q    0.001669   327.9 min
  restart   4/5    eval   437   this Q    0.001744   best Q    0.001669   328.0 min
  restart   4/5    eval   438   this Q    0.001742   best Q    0.001669   328.2 min
  restart   4/5    eval   439   this Q    0.001745   best Q    0.001669   328.4 min
  restart   4/5    eval   440   this Q    0.001739   best Q    0.001669   328.6 min
  restart   4/5    eval   441   this Q    0.001739   best Q    0.001669   328.7 min
  restart   4/5    eval   442   this Q    0.001741   best Q    0.001669   328.9 min
  restart   4/5    eval   443   this Q    0.001737   best Q    0.001669   329.0 min
  restart   4/5    eval   444   this Q    0.001734   best Q    0.001669   329.2 min
  restart   4/5    eval   445   this Q    0.001737   best Q    0.001669   329.4 min
  restart   4/5    eval   446   this Q     0.00174   best Q    0.001669   329.5 min
  restart   4/5    eval   447   this Q    0.001739   best Q    0.001669   329.7 min
  restart   4/5    eval   448   this Q    0.001738   best Q    0.001669   329.8 min
  restart   4/5    eval   449   this Q    0.001738   best Q    0.001669   330.0 min
  restart   4/5    eval   450   this Q    0.001739   best Q    0.001669   330.1 min
  restart   4/5    eval   451   this Q     0.00174   best Q    0.001669   330.3 min
  restart   4/5    eval   452   this Q    0.001733   best Q    0.001669   330.4 min
  restart   4/5    eval   453   this Q    0.001732   best Q    0.001669   330.6 min
  restart   4/5    eval   454   this Q    0.001734   best Q    0.001669   330.8 min
  restart   4/5    eval   455   this Q    0.001728   best Q    0.001669   330.9 min
  restart   4/5    eval   456   this Q    0.001723   best Q    0.001669   331.1 min
  restart   4/5    eval   457   this Q    0.001733   best Q    0.001669   331.2 min
  restart   4/5    eval   458   this Q     0.00173   best Q    0.001669   331.4 min
  restart   4/5    eval   459   this Q    0.001737   best Q    0.001669   331.5 min
  restart   4/5    eval   460   this Q    0.001728   best Q    0.001669   331.7 min
  restart   4/5    eval   461   this Q     0.00173   best Q    0.001669   331.9 min
  restart   4/5    eval   462   this Q    0.001726   best Q    0.001669   332.0 min
  restart   4/5    eval   463   this Q    0.001727   best Q    0.001669   332.2 min
  restart   4/5    eval   464   this Q    0.001725   best Q    0.001669   332.3 min
  restart   4/5    eval   465   this Q    0.001722   best Q    0.001669   332.5 min
  restart   4/5    eval   466   this Q    0.001725   best Q    0.001669   332.6 min
  restart   4/5    eval   467   this Q    0.001718   best Q    0.001669   332.8 min
  restart   4/5    eval   468   this Q    0.001712   best Q    0.001669   333.0 min
  restart   4/5    eval   469   this Q     0.00172   best Q    0.001669   333.1 min
  restart   4/5    eval   470   this Q    0.001716   best Q    0.001669   333.3 min
  restart   4/5    eval   471   this Q    0.001714   best Q    0.001669   333.4 min
  restart   4/5    eval   472   this Q    0.001716   best Q    0.001669   333.6 min
  restart   4/5    eval   473   this Q    0.001713   best Q    0.001669   333.7 min
  restart   4/5    eval   474   this Q    0.001717   best Q    0.001669   333.9 min
  restart   4/5    eval   475   this Q    0.001707   best Q    0.001669   334.1 min
  restart   4/5    eval   476   this Q    0.001705   best Q    0.001669   334.2 min
  restart   4/5    eval   477   this Q    0.001708   best Q    0.001669   334.4 min
  restart   4/5    eval   478   this Q    0.001702   best Q    0.001669   334.5 min
  restart   4/5    eval   479   this Q    0.001699   best Q    0.001669   334.7 min
  restart   4/5    eval   480   this Q    0.001703   best Q    0.001669   334.8 min
  restart   4/5    eval   481   this Q    0.001705   best Q    0.001669   335.0 min
  restart   4/5    eval   482   this Q    0.001702   best Q    0.001669   335.2 min
  restart   4/5    eval   483   this Q    0.001705   best Q    0.001669   335.3 min
  restart   4/5    eval   484   this Q    0.001696   best Q    0.001669   335.5 min
  restart   4/5    eval   485   this Q    0.001696   best Q    0.001669   335.6 min
  restart   4/5    eval   486   this Q    0.001698   best Q    0.001669   335.8 min
  restart   4/5    eval   487   this Q    0.001696   best Q    0.001669   335.9 min
  restart   4/5    eval   488   this Q    0.001684   best Q    0.001669   336.1 min
  restart   4/5    eval   489   this Q    0.001681   best Q    0.001669   336.3 min
  restart   4/5    eval   490   this Q    0.001685   best Q    0.001669   336.4 min
  restart   4/5    eval   491   this Q    0.001698   best Q    0.001669   336.6 min
  restart   4/5    eval   492   this Q    0.001708   best Q    0.001669   336.7 min
  restart   4/5    eval   493   this Q    0.001691   best Q    0.001669   336.9 min
  restart   4/5    eval   494   this Q    0.001679   best Q    0.001669   337.0 min
  restart   4/5    eval   495   this Q    0.001676   best Q    0.001669   337.2 min
  restart   4/5    eval   496   this Q    0.001677   best Q    0.001669   337.4 min
  restart   4/5    eval   497   this Q    0.001691   best Q    0.001669   337.5 min
  restart   4/5    eval   498   this Q    0.001683   best Q    0.001669   337.7 min
  restart   4/5    eval   499   this Q     0.00167   best Q    0.001669   337.8 min
  restart   4/5    eval   500   this Q    0.001671   best Q    0.001669   338.0 min
  restart   4/5    eval   501   this Q    0.001686   best Q    0.001669   338.1 min
  restart   4/5   DONE   this     0.00167   best Q    0.001669   338.1 min, ~85 min left
  restart   5/5    eval     1   this Q    0.001883   best Q    0.001669   338.3 min
  restart   5/5    eval     2   this Q    0.001883   best Q    0.001669   338.5 min
  restart   5/5    eval     3   this Q       1.331   best Q    0.001669   338.6 min
  restart   5/5    eval     4   this Q       1.285   best Q    0.001669   338.8 min
  restart   5/5    eval     5   this Q       9.467   best Q    0.001669   338.9 min
  restart   5/5    eval     6   this Q       1.533   best Q    0.001669   339.1 min
  restart   5/5    eval     7   this Q      0.4278   best Q    0.001669   339.3 min
  restart   5/5    eval     8   this Q      0.5606   best Q    0.001669   339.4 min
  restart   5/5    eval     9   this Q       6.857   best Q    0.001669   339.6 min
  restart   5/5    eval    10   this Q       3.327   best Q    0.001669   339.7 min
  restart   5/5    eval    11   this Q       23.76   best Q    0.001669   339.9 min
  restart   5/5    eval    12   this Q     0.01451   best Q    0.001669   340.1 min
  restart   5/5    eval    13   this Q       2.291   best Q    0.001669   340.2 min
  restart   5/5    eval    14   this Q      0.6698   best Q    0.001669   340.4 min
  restart   5/5    eval    15   this Q       1.342   best Q    0.001669   340.6 min
  restart   5/5    eval    16   this Q       1.399   best Q    0.001669   340.7 min
  restart   5/5    eval    17   this Q       13.09   best Q    0.001669   340.9 min
  restart   5/5    eval    18   this Q      0.9694   best Q    0.001669   341.1 min
  restart   5/5    eval    19   this Q       2.027   best Q    0.001669   341.2 min
  restart   5/5    eval    20   this Q      0.5248   best Q    0.001669   341.4 min
  restart   5/5    eval    21   this Q       2.197   best Q    0.001669   341.6 min
  restart   5/5    eval    22   this Q      0.7602   best Q    0.001669   341.7 min
  restart   5/5    eval    23   this Q       2.548   best Q    0.001669   341.9 min
  restart   5/5    eval    24   this Q      0.6827   best Q    0.001669   342.1 min
  restart   5/5    eval    25   this Q       1.264   best Q    0.001669   342.2 min
  restart   5/5    eval    26   this Q       1.314   best Q    0.001669   342.4 min
  restart   5/5    eval    27   this Q      0.4253   best Q    0.001669   342.6 min
  restart   5/5    eval    28   this Q       1.291   best Q    0.001669   342.7 min
  restart   5/5    eval    29   this Q      0.7155   best Q    0.001669   342.9 min
  restart   5/5    eval    30   this Q      0.8213   best Q    0.001669   343.1 min
  restart   5/5    eval    31   this Q      0.2118   best Q    0.001669   343.2 min
  restart   5/5    eval    32   this Q      0.1297   best Q    0.001669   343.4 min
  restart   5/5    eval    33   this Q      0.3536   best Q    0.001669   343.6 min
  restart   5/5    eval    34   this Q      0.4033   best Q    0.001669   343.7 min
  restart   5/5    eval    35   this Q       1.914   best Q    0.001669   343.9 min
  restart   5/5    eval    36   this Q      0.2769   best Q    0.001669   344.1 min
  restart   5/5    eval    37   this Q      0.3927   best Q    0.001669   344.2 min
  restart   5/5    eval    38   this Q       0.463   best Q    0.001669   344.4 min
  restart   5/5    eval    39   this Q      0.1246   best Q    0.001669   344.6 min
  restart   5/5    eval    40   this Q      0.7297   best Q    0.001669   344.7 min
  restart   5/5    eval    41   this Q      0.1042   best Q    0.001669   344.9 min
  restart   5/5    eval    42   this Q      0.4234   best Q    0.001669   345.0 min
  restart   5/5    eval    43   this Q      0.1273   best Q    0.001669   345.2 min
  restart   5/5    eval    44   this Q      0.3153   best Q    0.001669   345.4 min
  restart   5/5    eval    45   this Q      0.5427   best Q    0.001669   345.5 min
  restart   5/5    eval    46   this Q      0.1216   best Q    0.001669   345.7 min
  restart   5/5    eval    47   this Q      0.1981   best Q    0.001669   345.9 min
  restart   5/5    eval    48   this Q      0.4101   best Q    0.001669   346.0 min
  restart   5/5    eval    49   this Q      0.1233   best Q    0.001669   346.2 min
  restart   5/5    eval    50   this Q      0.3504   best Q    0.001669   346.4 min
  restart   5/5    eval    51   this Q      0.1096   best Q    0.001669   346.5 min
  restart   5/5    eval    52   this Q      0.2588   best Q    0.001669   346.7 min
  restart   5/5    eval    53   this Q     0.08472   best Q    0.001669   346.8 min
  restart   5/5    eval    54   this Q      0.3305   best Q    0.001669   347.0 min
  restart   5/5    eval    55   this Q     0.07161   best Q    0.001669   347.2 min
  restart   5/5    eval    56   this Q      0.2408   best Q    0.001669   347.3 min
  restart   5/5    eval    57   this Q     0.02167   best Q    0.001669   347.5 min
  restart   5/5    eval    58   this Q      0.1777   best Q    0.001669   347.7 min
  restart   5/5    eval    59   this Q     0.04297   best Q    0.001669   347.8 min
  restart   5/5    eval    60   this Q      0.1563   best Q    0.001669   348.0 min
  restart   5/5    eval    61   this Q     0.04469   best Q    0.001669   348.1 min
  restart   5/5    eval    62   this Q      0.0763   best Q    0.001669   348.3 min
  restart   5/5    eval    63   this Q      0.1279   best Q    0.001669   348.5 min
  restart   5/5    eval    64   this Q     0.04553   best Q    0.001669   348.6 min
  restart   5/5    eval    65   this Q     0.09223   best Q    0.001669   348.8 min
  restart   5/5    eval    66   this Q      0.1679   best Q    0.001669   349.0 min
  restart   5/5    eval    67   this Q     0.03004   best Q    0.001669   349.1 min
  restart   5/5    eval    68   this Q      0.1043   best Q    0.001669   349.3 min
  restart   5/5    eval    69   this Q     0.02658   best Q    0.001669   349.5 min
  restart   5/5    eval    70   this Q       0.108   best Q    0.001669   349.6 min
  restart   5/5    eval    71   this Q     0.03429   best Q    0.001669   349.8 min
  restart   5/5    eval    72   this Q     0.07487   best Q    0.001669   350.0 min
  restart   5/5    eval    73   this Q     0.03169   best Q    0.001669   350.1 min
  restart   5/5    eval    74   this Q     0.08726   best Q    0.001669   350.3 min
  restart   5/5    eval    75   this Q     0.02872   best Q    0.001669   350.4 min
  restart   5/5    eval    76   this Q     0.02484   best Q    0.001669   350.6 min
  restart   5/5    eval    77   this Q      0.0156   best Q    0.001669   350.8 min
  restart   5/5    eval    78   this Q     0.04537   best Q    0.001669   350.9 min
  restart   5/5    eval    79   this Q     0.01671   best Q    0.001669   351.1 min
  restart   5/5    eval    80   this Q     0.01676   best Q    0.001669   351.3 min
  restart   5/5    eval    81   this Q     0.03081   best Q    0.001669   351.4 min
  restart   5/5    eval    82   this Q     0.01011   best Q    0.001669   351.6 min
  restart   5/5    eval    83   this Q     0.03286   best Q    0.001669   351.8 min
  restart   5/5    eval    84   this Q     0.01118   best Q    0.001669   351.9 min
  restart   5/5    eval    85   this Q     0.02929   best Q    0.001669   352.1 min
  restart   5/5    eval    86   this Q     0.01104   best Q    0.001669   352.3 min
  restart   5/5    eval    87   this Q     0.01663   best Q    0.001669   352.4 min
  restart   5/5    eval    88   this Q     0.02233   best Q    0.001669   352.6 min
  restart   5/5    eval    89   this Q    0.008122   best Q    0.001669   352.7 min
  restart   5/5    eval    90   this Q     0.01269   best Q    0.001669   352.9 min
  restart   5/5    eval    91   this Q     0.02286   best Q    0.001669   353.1 min
  restart   5/5    eval    92   this Q    0.005279   best Q    0.001669   353.2 min
  restart   5/5    eval    93   this Q     0.02123   best Q    0.001669   353.4 min
  restart   5/5    eval    94   this Q    0.006436   best Q    0.001669   353.6 min
  restart   5/5    eval    95   this Q     0.02541   best Q    0.001669   353.8 min
  restart   5/5    eval    96   this Q    0.006078   best Q    0.001669   353.9 min
  restart   5/5    eval    97   this Q      0.0136   best Q    0.001669   354.1 min
  restart   5/5    eval    98   this Q     0.01652   best Q    0.001669   354.2 min
  restart   5/5    eval    99   this Q    0.005344   best Q    0.001669   354.4 min
  restart   5/5    eval   100   this Q       0.016   best Q    0.001669   354.6 min
  restart   5/5    eval   101   this Q    0.005346   best Q    0.001669   354.7 min
  restart   5/5    eval   102   this Q     0.02481   best Q    0.001669   354.9 min
  restart   5/5    eval   103   this Q    0.004831   best Q    0.001669   355.1 min
  restart   5/5    eval   104   this Q    0.007698   best Q    0.001669   355.2 min
  restart   5/5    eval   105   this Q    0.007048   best Q    0.001669   355.4 min
  restart   5/5    eval   106   this Q     0.01146   best Q    0.001669   355.6 min
  restart   5/5    eval   107   this Q    0.004157   best Q    0.001669   355.7 min
  restart   5/5    eval   108   this Q    0.007671   best Q    0.001669   355.9 min
  restart   5/5    eval   109   this Q    0.008635   best Q    0.001669   356.1 min
  restart   5/5    eval   110   this Q    0.003606   best Q    0.001669   356.2 min
  restart   5/5    eval   111   this Q    0.007506   best Q    0.001669   356.4 min
  restart   5/5    eval   112   this Q    0.003572   best Q    0.001669   356.6 min
  restart   5/5    eval   113   this Q     0.01111   best Q    0.001669   356.7 min
  restart   5/5    eval   114   this Q    0.003049   best Q    0.001669   356.9 min
  restart   5/5    eval   115   this Q    0.005242   best Q    0.001669   357.1 min
  restart   5/5    eval   116   this Q     0.01005   best Q    0.001669   357.2 min
  restart   5/5    eval   117   this Q    0.002876   best Q    0.001669   357.4 min
  restart   5/5    eval   118   this Q    0.007198   best Q    0.001669   357.6 min
  restart   5/5    eval   119   this Q    0.002847   best Q    0.001669   357.7 min
  restart   5/5    eval   120   this Q    0.004832   best Q    0.001669   357.9 min
  restart   5/5    eval   121   this Q    0.002934   best Q    0.001669   358.1 min
  restart   5/5    eval   122   this Q    0.005217   best Q    0.001669   358.2 min
  restart   5/5    eval   123   this Q    0.002902   best Q    0.001669   358.4 min
  restart   5/5    eval   124   this Q    0.006954   best Q    0.001669   358.5 min
  restart   5/5    eval   125   this Q    0.002523   best Q    0.001669   358.7 min
  restart   5/5    eval   126   this Q    0.005451   best Q    0.001669   358.9 min
  restart   5/5    eval   127   this Q    0.002716   best Q    0.001669   359.0 min
  restart   5/5    eval   128   this Q    0.004616   best Q    0.001669   359.2 min
  restart   5/5    eval   129   this Q     0.00253   best Q    0.001669   359.4 min
  restart   5/5    eval   130   this Q    0.002623   best Q    0.001669   359.5 min
  restart   5/5    eval   131   this Q    0.002972   best Q    0.001669   359.7 min
  restart   5/5    eval   132   this Q    0.004212   best Q    0.001669   359.9 min
  restart   5/5    eval   133   this Q    0.002075   best Q    0.001669   360.0 min
  restart   5/5    eval   134   this Q    0.003587   best Q    0.001669   360.2 min
  restart   5/5    eval   135   this Q    0.002138   best Q    0.001669   360.4 min
  restart   5/5    eval   136   this Q    0.003695   best Q    0.001669   360.5 min
  restart   5/5    eval   137   this Q    0.002113   best Q    0.001669   360.7 min
  restart   5/5    eval   138   this Q    0.002337   best Q    0.001669   360.8 min
  restart   5/5    eval   139   this Q    0.002076   best Q    0.001669   361.0 min
  restart   5/5    eval   140   this Q    0.002859   best Q    0.001669   361.2 min
  restart   5/5    eval   141   this Q    0.002072   best Q    0.001669   361.3 min
  restart   5/5    eval   142   this Q    0.002119   best Q    0.001669   361.5 min
  restart   5/5    eval   143   this Q    0.003143   best Q    0.001669   361.7 min
  restart   5/5    eval   144   this Q     0.00193   best Q    0.001669   361.8 min
  restart   5/5    eval   145   this Q    0.002206   best Q    0.001669   362.0 min
  restart   5/5    eval   146   this Q    0.002417   best Q    0.001669   362.2 min
  restart   5/5    eval   147   this Q    0.001882   best Q    0.001669   362.3 min
  restart   5/5    eval   148   this Q    0.002685   best Q    0.001669   362.5 min
  restart   5/5    eval   149   this Q    0.001839   best Q    0.001669   362.7 min
  restart   5/5    eval   150   this Q    0.002343   best Q    0.001669   362.8 min
  restart   5/5    eval   151   this Q     0.00183   best Q    0.001669   363.0 min
  restart   5/5    eval   152   this Q    0.001898   best Q    0.001669   363.2 min
  restart   5/5    eval   153   this Q    0.002728   best Q    0.001669   363.3 min
  restart   5/5    eval   154   this Q     0.00175   best Q    0.001669   363.5 min
  restart   5/5    eval   155   this Q    0.001884   best Q    0.001669   363.7 min
  restart   5/5    eval   156   this Q    0.001976   best Q    0.001669   363.8 min
  restart   5/5    eval   157   this Q     0.00209   best Q    0.001669   364.0 min
  restart   5/5    eval   158   this Q    0.001778   best Q    0.001669   364.2 min
  restart   5/5    eval   159   this Q    0.001926   best Q    0.001669   364.3 min
  restart   5/5    eval   160   this Q    0.001993   best Q    0.001669   364.5 min
  restart   5/5    eval   161   this Q    0.001744   best Q    0.001669   364.7 min
  restart   5/5    eval   162   this Q    0.001931   best Q    0.001669   364.8 min
  restart   5/5    eval   163   this Q    0.001734   best Q    0.001669   365.0 min
  restart   5/5    eval   164   this Q    0.002047   best Q    0.001669   365.2 min
  restart   5/5    eval   165   this Q     0.00172   best Q    0.001669   365.3 min
  restart   5/5    eval   166   this Q    0.002126   best Q    0.001669   365.5 min
  restart   5/5    eval   167   this Q    0.001706   best Q    0.001669   365.6 min
  restart   5/5    eval   168   this Q    0.002155   best Q    0.001669   365.8 min
  restart   5/5    eval   169   this Q    0.001698   best Q    0.001669   366.0 min
  restart   5/5    eval   170   this Q    0.001936   best Q    0.001669   366.1 min
  restart   5/5    eval   171   this Q    0.001724   best Q    0.001669   366.3 min
  restart   5/5    eval   172   this Q    0.001931   best Q    0.001669   366.5 min
  restart   5/5    eval   173   this Q    0.001723   best Q    0.001669   366.6 min
  restart   5/5    eval   174   this Q    0.001773   best Q    0.001669   366.8 min
  restart   5/5    eval   175   this Q    0.001767   best Q    0.001669   367.0 min
  restart   5/5    eval   176   this Q    0.001781   best Q    0.001669   367.1 min
  restart   5/5    eval   177   this Q     0.00169   best Q    0.001669   367.3 min
  restart   5/5    eval   178   this Q    0.001834   best Q    0.001669   367.5 min
  restart   5/5    eval   179   this Q    0.001687   best Q    0.001669   367.6 min
  restart   5/5    eval   180   this Q    0.001825   best Q    0.001669   367.8 min
  restart   5/5    eval   181   this Q    0.001684   best Q    0.001669   368.0 min
  restart   5/5    eval   182   this Q    0.001761   best Q    0.001669   368.1 min
  restart   5/5    eval   183   this Q    0.001684   best Q    0.001669   368.3 min
  restart   5/5    eval   184   this Q    0.001747   best Q    0.001669   368.5 min
  restart   5/5    eval   185   this Q    0.001685   best Q    0.001669   368.6 min
  restart   5/5    eval   186   this Q    0.001728   best Q    0.001669   368.8 min
  restart   5/5    eval   187   this Q    0.001677   best Q    0.001669   368.9 min
  restart   5/5    eval   188   this Q    0.001706   best Q    0.001669   369.1 min
  restart   5/5    eval   189   this Q    0.001734   best Q    0.001669   369.3 min
  restart   5/5    eval   190   this Q    0.001674   best Q    0.001669   369.4 min
  restart   5/5    eval   191   this Q    0.001786   best Q    0.001669   369.6 min
  restart   5/5    eval   192   this Q    0.001669   best Q    0.001669   369.8 min
  restart   5/5    eval   193   this Q    0.001712   best Q    0.001669   369.9 min
  restart   5/5    eval   194   this Q    0.001671   best Q    0.001669   370.1 min
  restart   5/5    eval   195   this Q     0.00169   best Q    0.001669   370.3 min
  restart   5/5    eval   196   this Q    0.001731   best Q    0.001669   370.4 min
  restart   5/5    eval   197   this Q    0.001668   best Q    0.001668   370.6 min
  restart   5/5    eval   198   this Q    0.001711   best Q    0.001668   370.8 min
  restart   5/5    eval   199   this Q    0.001667   best Q    0.001667   370.9 min
  restart   5/5    eval   200   this Q    0.001677   best Q    0.001667   371.1 min
  restart   5/5    eval   201   this Q    0.001706   best Q    0.001667   371.3 min
  restart   5/5    eval   202   this Q    0.001664   best Q    0.001664   371.4 min
  restart   5/5    eval   203   this Q    0.001698   best Q    0.001664   371.6 min
  restart   5/5    eval   204   this Q    0.001666   best Q    0.001664   371.7 min
  restart   5/5    eval   205   this Q    0.001654   best Q    0.001654   371.9 min
  restart   5/5    eval   206   this Q    0.001669   best Q    0.001654   372.1 min
  restart   5/5    eval   207   this Q    0.001685   best Q    0.001654   372.2 min
  restart   5/5    eval   208   this Q    0.001664   best Q    0.001654   372.4 min
  restart   5/5    eval   209   this Q    0.001672   best Q    0.001654   372.6 min
  restart   5/5    eval   210   this Q    0.001685   best Q    0.001654   372.7 min
  restart   5/5    eval   211   this Q    0.001662   best Q    0.001654   372.9 min
  restart   5/5    eval   212   this Q    0.001665   best Q    0.001654   373.1 min
  restart   5/5    eval   213   this Q    0.001673   best Q    0.001654   373.2 min
  restart   5/5    eval   214   this Q    0.001659   best Q    0.001654   373.4 min
  restart   5/5    eval   215   this Q    0.001671   best Q    0.001654   373.6 min
  restart   5/5    eval   216   this Q    0.001659   best Q    0.001654   373.7 min
  restart   5/5    eval   217   this Q    0.001666   best Q    0.001654   373.9 min
  restart   5/5    eval   218   this Q    0.001669   best Q    0.001654   374.1 min
  restart   5/5    eval   219   this Q    0.001658   best Q    0.001654   374.2 min
  restart   5/5    eval   220   this Q    0.001659   best Q    0.001654   374.4 min
  restart   5/5    eval   221   this Q    0.001668   best Q    0.001654   374.6 min
  restart   5/5    eval   222   this Q    0.001659   best Q    0.001654   374.7 min
  restart   5/5    eval   223   this Q    0.001655   best Q    0.001654   374.9 min
  restart   5/5    eval   224   this Q    0.001671   best Q    0.001654   375.1 min
  restart   5/5    eval   225   this Q    0.001656   best Q    0.001654   375.2 min
  restart   5/5    eval   226   this Q    0.001654   best Q    0.001654   375.4 min
  restart   5/5    eval   227   this Q     0.00166   best Q    0.001654   375.6 min
  restart   5/5    eval   228   this Q     0.00165   best Q     0.00165   375.7 min
  restart   5/5    eval   229   this Q    0.001656   best Q     0.00165   375.9 min
  restart   5/5    eval   230   this Q     0.00166   best Q     0.00165   376.1 min
  restart   5/5    eval   231   this Q    0.001653   best Q     0.00165   376.2 min
  restart   5/5    eval   232   this Q     0.00166   best Q     0.00165   376.4 min
  restart   5/5    eval   233   this Q    0.001653   best Q     0.00165   376.6 min
  restart   5/5    eval   234   this Q    0.001651   best Q     0.00165   376.7 min
  restart   5/5    eval   235   this Q    0.001656   best Q     0.00165   376.9 min
  restart   5/5    eval   236   this Q     0.00165   best Q     0.00165   377.0 min
  restart   5/5    eval   237   this Q    0.001659   best Q     0.00165   377.2 min
  restart   5/5    eval   238   this Q     0.00165   best Q     0.00165   377.4 min
  restart   5/5    eval   239   this Q    0.001653   best Q     0.00165   377.5 min
  restart   5/5    eval   240   this Q    0.001657   best Q     0.00165   377.7 min
  restart   5/5    eval   241   this Q     0.00165   best Q     0.00165   377.9 min
  restart   5/5    eval   242   this Q     0.00165   best Q     0.00165   378.1 min
  restart   5/5    eval   243   this Q    0.001655   best Q     0.00165   378.2 min
  restart   5/5    eval   244   this Q    0.001653   best Q     0.00165   378.4 min
  restart   5/5    eval   245   this Q    0.001652   best Q     0.00165   378.6 min
  restart   5/5    eval   246   this Q    0.001649   best Q    0.001649   378.7 min
  restart   5/5    eval   247   this Q    0.001655   best Q    0.001649   378.9 min
  restart   5/5    eval   248   this Q    0.001652   best Q    0.001649   379.1 min
  restart   5/5    eval   249   this Q    0.001649   best Q    0.001649   379.2 min
  restart   5/5    eval   250   this Q    0.001649   best Q    0.001649   379.4 min
  restart   5/5    eval   251   this Q    0.001651   best Q    0.001649   379.5 min
  restart   5/5    eval   252   this Q    0.001655   best Q    0.001649   379.7 min
  restart   5/5    eval   253   this Q    0.001647   best Q    0.001647   379.9 min
  restart   5/5    eval   254   this Q    0.001651   best Q    0.001647   380.0 min
  restart   5/5    eval   255   this Q    0.001649   best Q    0.001647   380.2 min
  restart   5/5    eval   256   this Q    0.001649   best Q    0.001647   380.4 min
  restart   5/5    eval   257   this Q    0.001652   best Q    0.001647   380.5 min
  restart   5/5    eval   258   this Q    0.001647   best Q    0.001647   380.7 min
  restart   5/5    eval   259   this Q    0.001651   best Q    0.001647   380.9 min
  restart   5/5    eval   260   this Q    0.001648   best Q    0.001647   381.0 min
  restart   5/5    eval   261   this Q    0.001648   best Q    0.001647   381.2 min
  restart   5/5    eval   262   this Q    0.001646   best Q    0.001646   381.3 min
  restart   5/5    eval   263   this Q     0.00165   best Q    0.001646   381.5 min
  restart   5/5    eval   264   this Q    0.001649   best Q    0.001646   381.6 min
  restart   5/5    eval   265   this Q    0.001654   best Q    0.001646   381.8 min
  restart   5/5    eval   266   this Q    0.001647   best Q    0.001646   381.9 min
  restart   5/5    eval   267   this Q    0.001646   best Q    0.001646   382.1 min
  restart   5/5    eval   268   this Q    0.001648   best Q    0.001646   382.3 min
  restart   5/5    eval   269   this Q    0.001653   best Q    0.001646   382.4 min
  restart   5/5    eval   270   this Q    0.001647   best Q    0.001646   382.6 min
  restart   5/5    eval   271   this Q    0.001649   best Q    0.001646   382.7 min
  restart   5/5    eval   272   this Q    0.001647   best Q    0.001646   382.9 min
  restart   5/5    eval   273   this Q    0.001646   best Q    0.001646   383.1 min
  restart   5/5    eval   274   this Q    0.001647   best Q    0.001646   383.2 min
  restart   5/5    eval   275   this Q    0.001646   best Q    0.001646   383.4 min
  restart   5/5    eval   276   this Q    0.001649   best Q    0.001646   383.5 min
  restart   5/5    eval   277   this Q    0.001646   best Q    0.001646   383.7 min
  restart   5/5   DONE   this    0.001646   best Q    0.001646   383.7 min, ~0 min left
  restart   5/5    eval     1   this Q    0.001646   best Q    0.001646   383.8 min
  restart   5/5    eval     2   this Q       1.329   best Q    0.001646   384.0 min
  restart   5/5    eval     3   this Q       1.309   best Q    0.001646   384.1 min
  restart   5/5    eval     4   this Q       9.621   best Q    0.001646   384.3 min
  restart   5/5    eval     5   this Q       1.523   best Q    0.001646   384.5 min
  restart   5/5    eval     6   this Q      0.4152   best Q    0.001646   384.6 min
  restart   5/5    eval     7   this Q      0.5679   best Q    0.001646   384.8 min
  restart   5/5    eval     8   this Q       6.965   best Q    0.001646   384.9 min
  restart   5/5    eval     9   this Q       3.415   best Q    0.001646   385.1 min
  restart   5/5    eval    10   this Q       23.72   best Q    0.001646   385.3 min
  restart   5/5    eval    11   this Q     0.01296   best Q    0.001646   385.4 min
  restart   5/5    eval    12   this Q        0.37   best Q    0.001646   385.6 min
  restart   5/5    eval    13   this Q      0.5231   best Q    0.001646   385.7 min
  restart   5/5    eval    14   this Q       1.041   best Q    0.001646   385.9 min
  restart   5/5    eval    15   this Q       1.526   best Q    0.001646   386.0 min
  restart   5/5    eval    16   this Q      0.4327   best Q    0.001646   386.2 min
  restart   5/5    eval    17   this Q      0.5143   best Q    0.001646   386.4 min
  restart   5/5    eval    18   this Q      0.8952   best Q    0.001646   386.5 min
  restart   5/5    eval    19   this Q      0.4942   best Q    0.001646   386.7 min
  restart   5/5    eval    20   this Q       1.245   best Q    0.001646   386.8 min
  restart   5/5    eval    21   this Q     0.01101   best Q    0.001646   387.0 min
  restart   5/5    eval    22   this Q       1.749   best Q    0.001646   387.1 min
  restart   5/5    eval    23   this Q      0.5398   best Q    0.001646   387.3 min
  restart   5/5    eval    24   this Q      0.2096   best Q    0.001646   387.4 min
  restart   5/5    eval    25   this Q     0.04385   best Q    0.001646   387.6 min
  restart   5/5    eval    26   this Q    0.009082   best Q    0.001646   387.8 min
  restart   5/5    eval    27   this Q    0.002517   best Q    0.001646   387.9 min
  restart   5/5    eval    28   this Q    0.003923   best Q    0.001646   388.1 min
  restart   5/5    eval    29   this Q    0.001713   best Q    0.001646   388.2 min
  restart   5/5    eval    30   this Q    0.001793   best Q    0.001646   388.4 min
  restart   5/5    eval    31   this Q    0.001802   best Q    0.001646   388.5 min
  restart   5/5    eval    32   this Q    0.001996   best Q    0.001646   388.7 min
  restart   5/5    eval    33   this Q    0.001698   best Q    0.001646   388.9 min
  restart   5/5    eval    34   this Q    0.001969   best Q    0.001646   389.0 min
  restart   5/5    eval    35   this Q    0.001695   best Q    0.001646   389.2 min
  restart   5/5    eval    36   this Q    0.001956   best Q    0.001646   389.3 min
  restart   5/5    eval    37   this Q    0.001646   best Q    0.001646   389.5 min
  restart   5/5    eval    38   this Q    0.001722   best Q    0.001646   389.6 min
  restart   5/5    eval    39   this Q    0.001701   best Q    0.001646   389.8 min
  restart   5/5    eval    40   this Q    0.001975   best Q    0.001646   390.0 min
  restart   5/5    eval    41   this Q    0.001755   best Q    0.001646   390.1 min
  restart   5/5    eval    42   this Q    0.001766   best Q    0.001646   390.3 min
  restart   5/5    eval    43   this Q      0.0018   best Q    0.001646   390.4 min
  restart   5/5    eval    44   this Q    0.001659   best Q    0.001646   390.6 min
  restart   5/5    eval    45   this Q    0.001678   best Q    0.001646   390.7 min
  restart   5/5    eval    46   this Q    0.001751   best Q    0.001646   390.9 min
  restart   5/5    eval    47   this Q    0.002262   best Q    0.001646   391.1 min
  restart   5/5    eval    48   this Q    0.001748   best Q    0.001646   391.2 min
  restart   5/5    eval    49   this Q    0.001647   best Q    0.001646   391.4 min
  restart   5/5    eval    50   this Q    0.001792   best Q    0.001646   391.5 min
  restart   5/5    eval    51   this Q    0.001643   best Q    0.001643   391.7 min
  restart   5/5    eval    52   this Q    0.001652   best Q    0.001643   391.8 min
  restart   5/5    eval    53   this Q    0.001645   best Q    0.001643   392.0 min
  restart   5/5    eval    54   this Q    0.001647   best Q    0.001643   392.1 min
  restart   5/5    eval    55   this Q    0.001642   best Q    0.001642   392.3 min
  restart   5/5    eval    56   this Q    0.001642   best Q    0.001642   392.5 min
  restart   5/5    eval    57   this Q    0.001643   best Q    0.001642   392.6 min
  restart   5/5    eval    58   this Q    0.001643   best Q    0.001642   392.8 min
  restart   5/5    eval    59   this Q    0.001643   best Q    0.001642   392.9 min
  restart   5/5    eval    60   this Q    0.001642   best Q    0.001642   393.1 min
  restart   5/5    eval    61   this Q    0.001642   best Q    0.001642   393.2 min
  restart   5/5    eval    62   this Q    0.001641   best Q    0.001641   393.4 min
  restart   5/5    eval    63   this Q    0.001642   best Q    0.001641   393.6 min
  restart   5/5    eval    64   this Q    0.001642   best Q    0.001641   393.7 min
  restart   5/5    eval    65   this Q    0.001642   best Q    0.001641   393.9 min
  restart   5/5    eval    66   this Q    0.001642   best Q    0.001641   394.0 min
  restart   5/5    eval    67   this Q    0.001643   best Q    0.001641   394.2 min
  restart   5/5    eval    68   this Q    0.001643   best Q    0.001641   394.4 min
  restart   5/5    eval    69   this Q    0.001642   best Q    0.001641   394.5 min
  restart   5/5    eval    70   this Q    0.001643   best Q    0.001641   394.7 min
  restart   5/5    eval    71   this Q    0.001642   best Q    0.001641   394.9 min
  restart   5/5    eval    72   this Q    0.001639   best Q    0.001639   395.0 min
  restart   5/5    eval    73   this Q    0.001641   best Q    0.001639   395.2 min
  restart   5/5    eval    74   this Q     0.00164   best Q    0.001639   395.4 min
  restart   5/5    eval    75   this Q    0.001642   best Q    0.001639   395.5 min
  restart   5/5    eval    76   this Q    0.001642   best Q    0.001639   395.7 min
  restart   5/5    eval    77   this Q    0.001641   best Q    0.001639   395.9 min
  restart   5/5    eval    78   this Q    0.001641   best Q    0.001639   396.0 min
  restart   5/5    eval    79   this Q    0.001641   best Q    0.001639   396.2 min
  restart   5/5    eval    80   this Q    0.001641   best Q    0.001639   396.3 min
  restart   5/5    eval    81   this Q    0.001641   best Q    0.001639   396.5 min
  restart   5/5    eval    82   this Q    0.001641   best Q    0.001639   396.7 min
  restart   5/5    eval    83   this Q    0.001641   best Q    0.001639   396.8 min
  restart   5/5    eval    84   this Q    0.001641   best Q    0.001639   397.0 min
  restart   5/5    eval    85   this Q     0.00164   best Q    0.001639   397.2 min
  restart   5/5    eval    86   this Q    0.001642   best Q    0.001639   397.3 min
  restart   5/5    eval    87   this Q    0.001641   best Q    0.001639   397.5 min
  restart   5/5    eval    88   this Q    0.001639   best Q    0.001639   397.7 min
  restart   5/5    eval    89   this Q    0.001639   best Q    0.001639   397.8 min
  restart   5/5    eval    90   this Q     0.00164   best Q    0.001639   398.0 min
  restart   5/5    eval    91   this Q    0.001639   best Q    0.001639   398.2 min
  restart   5/5    eval    92   this Q    0.001639   best Q    0.001639   398.3 min
  restart   5/5    eval    93   this Q     0.00164   best Q    0.001639   398.5 min
  restart   5/5    eval    94   this Q    0.001641   best Q    0.001639   398.7 min
  restart   5/5    eval    95   this Q    0.001641   best Q    0.001639   398.8 min
  restart   5/5    eval    96   this Q    0.001641   best Q    0.001639   399.0 min
  restart   5/5    eval    97   this Q    0.001641   best Q    0.001639   399.1 min
  restart   5/5    eval    98   this Q    0.001639   best Q    0.001639   399.3 min
  restart   5/5    eval    99   this Q    0.001639   best Q    0.001639   399.5 min
  restart   5/5    eval   100   this Q    0.001639   best Q    0.001639   399.6 min
  restart   5/5    eval   101   this Q    0.001639   best Q    0.001639   399.8 min
  restart   5/5    eval   102   this Q    0.001641   best Q    0.001639   400.0 min
  restart   5/5    eval   103   this Q    0.001639   best Q    0.001639   400.1 min
  restart   5/5    eval   104   this Q    0.001639   best Q    0.001639   400.3 min
  restart   5/5    eval   105   this Q    0.001639   best Q    0.001639   400.5 min
  restart   5/5    eval   106   this Q    0.001639   best Q    0.001639   400.6 min
  restart   5/5    eval   107   this Q    0.001639   best Q    0.001639   400.8 min
  restart   5/5    eval   108   this Q    0.001639   best Q    0.001639   401.0 min
  restart   5/5    eval   109   this Q    0.001639   best Q    0.001639   401.1 min
  restart   5/5    eval   110   this Q    0.001639   best Q    0.001639   401.3 min
  restart   5/5    eval   111   this Q    0.001639   best Q    0.001639   401.5 min
  restart   5/5    eval   112   this Q    0.001639   best Q    0.001639   401.6 min
  restart   5/5    eval   113   this Q    0.001639   best Q    0.001639   401.8 min
  restart   5/5    eval   114   this Q    0.001641   best Q    0.001639   402.0 min
  restart   5/5    eval   115   this Q    0.001639   best Q    0.001639   402.1 min
  restart   5/5    eval   116   this Q    0.001639   best Q    0.001639   402.3 min
  restart   5/5    eval   117   this Q    0.001639   best Q    0.001639   402.5 min
  restart   5/5    eval   118   this Q    0.001639   best Q    0.001639   402.6 min
  restart   5/5    eval   119   this Q    0.001639   best Q    0.001639   402.8 min
  restart   5/5    eval   120   this Q    0.001639   best Q    0.001639   403.0 min
  restart   5/5    eval   121   this Q    0.001639   best Q    0.001639   403.1 min
  restart   5/5    eval   122   this Q    0.001639   best Q    0.001639   403.3 min
  restart   5/5    eval   123   this Q    0.001639   best Q    0.001639   403.5 min
  restart   5/5    eval   124   this Q    0.001639   best Q    0.001639   403.6 min
  restart   5/5    eval   125   this Q    0.001639   best Q    0.001639   403.8 min
  restart   5/5    eval   126   this Q    0.001639   best Q    0.001639   404.0 min
  restart   5/5    eval   127   this Q    0.001639   best Q    0.001639   404.1 min
  restart   5/5    eval   128   this Q    0.001639   best Q    0.001639   404.3 min
  restart   5/5    eval   129   this Q    0.001639   best Q    0.001639   404.4 min
  restart   5/5    eval   130   this Q    0.001639   best Q    0.001639   404.6 min
  restart   5/5    eval   131   this Q    0.001639   best Q    0.001639   404.8 min
  restart   5/5    eval   132   this Q    0.001639   best Q    0.001639   404.9 min
  restart   5/5    eval   133   this Q    0.001639   best Q    0.001639   405.1 min
  restart   5/5    eval   134   this Q    0.001639   best Q    0.001639   405.3 min
  restart   5/5    eval   135   this Q    0.001639   best Q    0.001639   405.4 min
  restart   5/5    eval   136   this Q    0.001639   best Q    0.001639   405.6 min
  restart   5/5    eval   137   this Q    0.001639   best Q    0.001639   405.8 min
  restart   5/5    eval   138   this Q    0.001639   best Q    0.001639   405.9 min
  restart   5/5    eval   139   this Q    0.001639   best Q    0.001639   406.1 min
  restart   5/5    eval   140   this Q    0.001639   best Q    0.001639   406.3 min
  restart   5/5    eval   141   this Q    0.001639   best Q    0.001639   406.4 min
  restart   5/5    eval   142   this Q    0.001639   best Q    0.001639   406.6 min
  restart   5/5    eval   143   this Q    0.001639   best Q    0.001639   406.8 min
  restart   5/5    eval   144   this Q    0.001639   best Q    0.001639   406.9 min
  restart   5/5    eval   145   this Q    0.001639   best Q    0.001639   407.1 min
  restart   5/5    eval   146   this Q    0.001639   best Q    0.001639   407.3 min
  restart   5/5    eval   147   this Q    0.001639   best Q    0.001639   407.4 min
  restart   5/5    eval   148   this Q    0.001639   best Q    0.001639   407.6 min
  restart   5/5    eval   149   this Q    0.001639   best Q    0.001639   407.8 min
  restart   5/5    eval   150   this Q    0.001639   best Q    0.001639   407.9 min
  restart   5/5    eval   151   this Q    0.001639   best Q    0.001639   408.1 min
  restart   5/5    eval   152   this Q    0.001639   best Q    0.001639   408.3 min
  restart   5/5    eval   153   this Q    0.001639   best Q    0.001639   408.4 min
  restart   5/5    eval   154   this Q    0.001639   best Q    0.001639   408.6 min
  restart   5/5    eval   155   this Q    0.001639   best Q    0.001639   408.8 min
  restart   5/5    eval   156   this Q    0.001639   best Q    0.001639   408.9 min
  restart   5/5    eval   157   this Q    0.001639   best Q    0.001639   409.1 min
  restart   5/5    eval   158   this Q    0.001639   best Q    0.001639   409.3 min
  restart   5/5    eval   159   this Q    0.001639   best Q    0.001639   409.4 min
  restart   5/5    eval   160   this Q    0.001639   best Q    0.001639   409.6 min
  restart   5/5    eval   161   this Q    0.001639   best Q    0.001639   409.7 min
  restart   5/5    eval   162   this Q    0.001639   best Q    0.001639   409.9 min
  restart   5/5    eval   163   this Q    0.001639   best Q    0.001639   410.1 min
  restart   5/5    eval   164   this Q    0.001639   best Q    0.001639   410.2 min
  restart   5/5    eval   165   this Q    0.001639   best Q    0.001639   410.4 min
  restart   5/5    eval   166   this Q    0.001639   best Q    0.001639   410.6 min
  restart   5/5    eval   167   this Q    0.001639   best Q    0.001639   410.7 min
  restart   5/5    eval   168   this Q    0.001639   best Q    0.001639   410.9 min
  restart   5/5    eval   169   this Q    0.001639   best Q    0.001639   411.1 min
  restart   5/5    eval   170   this Q    0.001639   best Q    0.001639   411.2 min
  restart   5/5    eval   171   this Q    0.001639   best Q    0.001639   411.4 min
  restart   5/5    eval   172   this Q    0.001639   best Q    0.001639   411.5 min
  restart   5/5    eval   173   this Q    0.001639   best Q    0.001639   411.7 min
  restart   5/5    eval   174   this Q    0.001639   best Q    0.001639   411.9 min
  restart   5/5    eval   175   this Q    0.001639   best Q    0.001639   412.0 min
  restart   5/5    eval   176   this Q    0.001639   best Q    0.001639   412.2 min
  restart   5/5    eval   177   this Q    0.001639   best Q    0.001639   412.3 min
  restart   5/5    eval   178   this Q    0.001639   best Q    0.001639   412.5 min
  restart   5/5    eval   179   this Q    0.001639   best Q    0.001639   412.7 min
  restart   5/5    eval   180   this Q    0.001639   best Q    0.001639   412.8 min
  restart   5/5    eval   181   this Q    0.001639   best Q    0.001639   413.0 min
  restart   5/5    eval   182   this Q    0.001639   best Q    0.001639   413.2 min
  restart   5/5    eval   183   this Q    0.001639   best Q    0.001639   413.3 min
  restart   5/5    eval   184   this Q    0.001639   best Q    0.001639   413.5 min
  restart   5/5    eval   185   this Q    0.001639   best Q    0.001639   413.7 min
  restart   5/5    eval   186   this Q    0.001639   best Q    0.001639   413.8 min
  restart   5/5    eval   187   this Q    0.001639   best Q    0.001639   414.0 min
  restart   5/5    eval   188   this Q    0.001639   best Q    0.001639   414.1 min
  restart   5/5    eval   189   this Q    0.001639   best Q    0.001639   414.3 min
  restart   5/5    eval   190   this Q    0.001639   best Q    0.001639   414.5 min
  restart   5/5    eval   191   this Q    0.001639   best Q    0.001639   414.6 min
  restart   5/5    eval   192   this Q    0.001639   best Q    0.001639   414.8 min
  restart   5/5    eval   193   this Q    0.001639   best Q    0.001639   415.0 min
  restart   5/5    eval   194   this Q    0.001639   best Q    0.001639   415.1 min
  restart   5/5    eval   195   this Q    0.001639   best Q    0.001639   415.3 min
  restart   5/5    eval   196   this Q    0.001639   best Q    0.001639   415.5 min
  restart   5/5    eval   197   this Q    0.001639   best Q    0.001639   415.6 min
  restart   5/5    eval   198   this Q    0.001639   best Q    0.001639   415.8 min
  restart   5/5    eval   199   this Q    0.001639   best Q    0.001639   416.0 min
  restart   5/5    eval   200   this Q    0.001639   best Q    0.001639   416.1 min
  restart   5/5    eval   201   this Q    0.001639   best Q    0.001639   416.3 min
  restart   5/5    eval   202   this Q    0.001639   best Q    0.001639   416.5 min
  restart   5/5    eval   203   this Q    0.001639   best Q    0.001639   416.6 min
  restart   5/5    eval   204   this Q    0.001639   best Q    0.001639   416.8 min
  restart   5/5    eval   205   this Q    0.001639   best Q    0.001639   417.0 min
  restart   5/5    eval   206   this Q    0.001639   best Q    0.001639   417.1 min
  restart   5/5    eval   207   this Q    0.001639   best Q    0.001639   417.3 min
  restart   5/5    eval   208   this Q    0.001639   best Q    0.001639   417.5 min
  restart   5/5    eval   209   this Q    0.001639   best Q    0.001639   417.6 min
  restart   5/5    eval   210   this Q    0.001639   best Q    0.001639   417.8 min
  restart   5/5    eval   211   this Q    0.001639   best Q    0.001639   417.9 min
  restart   5/5    eval   212   this Q    0.001639   best Q    0.001639   418.1 min
  restart   5/5    eval   213   this Q    0.001639   best Q    0.001639   418.3 min
  restart   5/5    eval   214   this Q    0.001639   best Q    0.001639   418.4 min
  restart   5/5    eval   215   this Q    0.001639   best Q    0.001639   418.6 min
  restart   5/5    eval   216   this Q    0.001639   best Q    0.001639   418.8 min
  restart   5/5    eval   217   this Q    0.001639   best Q    0.001639   418.9 min
  restart   5/5    eval   218   this Q    0.001639   best Q    0.001639   419.1 min
  restart   5/5    eval   219   this Q    0.001639   best Q    0.001639   419.3 min
  restart   5/5    eval   220   this Q    0.001639   best Q    0.001639   419.4 min
  restart   5/5    eval   221   this Q    0.001639   best Q    0.001639   419.6 min
  restart   5/5    eval   222   this Q    0.001639   best Q    0.001639   419.8 min
  restart   5/5    eval   223   this Q    0.001639   best Q    0.001639   419.9 min
  restart   5/5    eval   224   this Q    0.001639   best Q    0.001639   420.1 min
  restart   5/5    eval   225   this Q    0.001639   best Q    0.001639   420.3 min
  restart   5/5    eval   226   this Q    0.001639   best Q    0.001639   420.4 min
  restart   5/5    eval   227   this Q    0.001639   best Q    0.001639   420.6 min
  restart   5/5    eval   228   this Q    0.001639   best Q    0.001639   420.8 min
  restart   5/5    eval   229   this Q    0.001639   best Q    0.001639   420.9 min
  restart   5/5    eval   230   this Q    0.001639   best Q    0.001639   421.1 min
  restart   5/5    eval   231   this Q    0.001639   best Q    0.001639   421.3 min
  restart   5/5    eval   232   this Q    0.001639   best Q    0.001639   421.4 min
  restart   5/5    eval   233   this Q    0.001639   best Q    0.001639   421.6 min
  restart   5/5    eval   234   this Q    0.001639   best Q    0.001639   421.8 min
  restart   5/5    eval   235   this Q    0.001639   best Q    0.001639   421.9 min
  restart   5/5    eval   236   this Q    0.001639   best Q    0.001639   422.1 min
  restart   5/5    eval   237   this Q    0.001639   best Q    0.001639   422.3 min
  restart   5/5    eval   238   this Q    0.001639   best Q    0.001639   422.4 min
  restart   5/5    eval   239   this Q    0.001639   best Q    0.001639   422.6 min
  restart   5/5    eval   240   this Q    0.001639   best Q    0.001639   422.8 min
  restart   5/5    eval   241   this Q    0.001639   best Q    0.001639   422.9 min
  restart   5/5    eval   242   this Q    0.001639   best Q    0.001639   423.1 min
  restart   5/5    eval   243   this Q    0.001639   best Q    0.001639   423.3 min
  restart   5/5    eval   244   this Q    0.001639   best Q    0.001639   423.4 min
  restart   5/5    eval   245   this Q    0.001639   best Q    0.001639   423.6 min
  restart   5/5    eval   246   this Q    0.001639   best Q    0.001639   423.8 min
  restart   5/5    eval   247   this Q    0.001639   best Q    0.001639   423.9 min
  restart   5/5    eval   248   this Q    0.001639   best Q    0.001639   424.1 min
  restart   5/5    eval   249   this Q    0.001639   best Q    0.001639   424.3 min
  restart   5/5    eval   250   this Q    0.001639   best Q    0.001639   424.4 min
  restart   5/5    eval   251   this Q    0.001639   best Q    0.001639   424.6 min
  restart   5/5    eval   252   this Q    0.001639   best Q    0.001639   424.7 min
  restart   5/5    eval   253   this Q    0.001639   best Q    0.001639   424.9 min
  restart   5/5    eval   254   this Q    0.001639   best Q    0.001639   425.1 min
  restart   5/5    eval   255   this Q    0.001639   best Q    0.001639   425.2 min
  restart   5/5    eval   256   this Q    0.001639   best Q    0.001639   425.4 min
  restart   5/5    eval   257   this Q    0.001639   best Q    0.001639   425.6 min
  restart   5/5    eval   258   this Q    0.001639   best Q    0.001639   425.7 min
  restart   5/5    eval   259   this Q    0.001639   best Q    0.001639   425.9 min
  restart   5/5    eval   260   this Q    0.001639   best Q    0.001639   426.1 min
  restart   5/5    eval   261   this Q    0.001639   best Q    0.001639   426.2 min
  restart   5/5    eval   262   this Q    0.001639   best Q    0.001639   426.4 min
  restart   5/5    eval   263   this Q    0.001639   best Q    0.001639   426.6 min
  restart   5/5    eval   264   this Q    0.001639   best Q    0.001639   426.7 min
  restart   5/5    eval   265   this Q    0.001639   best Q    0.001639   426.9 min
  restart   5/5    eval   266   this Q    0.001639   best Q    0.001639   427.1 min
  restart   5/5    eval   267   this Q    0.001639   best Q    0.001639   427.2 min
  restart   5/5    eval   268   this Q    0.001639   best Q    0.001639   427.4 min
  restart   5/5    eval   269   this Q    0.001639   best Q    0.001639   427.6 min
  restart   5/5    eval   270   this Q    0.001639   best Q    0.001639   427.7 min
  restart   5/5    eval   271   this Q    0.001639   best Q    0.001639   427.9 min
  restart   5/5    eval   272   this Q    0.001639   best Q    0.001639   428.1 min
  restart   5/5    eval   273   this Q    0.001639   best Q    0.001639   428.3 min
  restart   5/5    eval   274   this Q    0.001639   best Q    0.001639   428.4 min
  restart   5/5    eval   275   this Q    0.001639   best Q    0.001639   428.6 min
  restart   5/5    eval   276   this Q    0.001639   best Q    0.001639   428.8 min
  restart   5/5    eval   277   this Q    0.001639   best Q    0.001639   428.9 min
  restart   5/5    eval   278   this Q    0.001639   best Q    0.001639   429.1 min
  restart   5/5    eval   279   this Q    0.001639   best Q    0.001639   429.3 min
  restart   5/5    eval   280   this Q    0.001639   best Q    0.001639   429.4 min
  restart   5/5    eval   281   this Q    0.001639   best Q    0.001639   429.6 min
  restart   5/5    eval   282   this Q    0.001639   best Q    0.001639   429.7 min
  restart   5/5    eval   283   this Q    0.001639   best Q    0.001639   429.9 min
  restart   5/5    eval   284   this Q    0.001639   best Q    0.001639   430.1 min
  restart   5/5    eval   285   this Q    0.001639   best Q    0.001639   430.2 min
  restart   5/5    eval   286   this Q    0.001639   best Q    0.001639   430.4 min
  restart   5/5    eval   287   this Q    0.001639   best Q    0.001639   430.6 min
  restart   5/5    eval   288   this Q    0.001639   best Q    0.001639   430.7 min
  restart   5/5    eval   289   this Q    0.001639   best Q    0.001639   430.9 min
  restart   5/5    eval   290   this Q    0.001639   best Q    0.001639   431.1 min
  restart   5/5    eval   291   this Q    0.001639   best Q    0.001639   431.2 min
  restart   5/5    eval   292   this Q    0.001639   best Q    0.001639   431.4 min
  restart   5/5    eval   293   this Q    0.001639   best Q    0.001639   431.6 min
  restart   5/5    eval   294   this Q    0.001639   best Q    0.001639   431.7 min
  restart   5/5    eval   295   this Q    0.001639   best Q    0.001639   431.9 min

============================================================================
Finished in 431.9 min -- 4577 evaluations
============================================================================
Q: sobol-best 1.59179  ->  pre-polish 0.00164558  ->  final 0.00163893
incumbent Q was 19.9813  (improvement 100.0%)

how the local searches ended
  MAXEVAL_REACHED            4   (limit)
  FTOL_REACHED               1   (converged)
                             1 converged / 4 hit a budget / 0 other
polish: ret FTOL_REACHED (converged), 295 evaluations, improved the incumbent

!! 4 of 5 restarts stopped on a BUDGET, not a convergence test.
   Raise --local-evals, or read the trace before quoting this as a minimum.

search ran at the full grid -- no refinement stage needed

penalised evaluations: 158 of 4577 (3.5%)
  AssertionError               91
  infeasible_sigma_2           35
  ErrorException               30
  invalid_sim_assets_below_min      2
(a penalised draw is a parameter vector the model cannot be solved at --
 scored 1e6 rather than crashed on. A high rate means the SEARCH BOX is
 too wide, not that the model is wrong.)

============================================================================
Estimated calibration
============================================================================

Parameters
--------------------------------------------------------------
  phi_2            0.1897   (was 0.1904)
  phi_3            1.2478   (was 1.4071)
  lambda_2        10.6722   (was 60.2529)
  R_0             50.4519   (was 43.4481)
  sigma_1_0       -0.7374   (was -1.2936)
  sigma_1_1       -0.0851   (was -0.1594)
  sigma_2_0       -3.6233   (was -4.3175)
  sigma_2_1       -0.0830   (was -0.1552)
  sigma_4_0       -5.7707   (was -4.0407)
  sigma_4_1        0.1327   (was 0.0200)

Targeted moments
----------------------------------------------------------------------------
  moment          model       data     gap %   source
  mean_c_p       3.2281     3.1155      3.6%   cons_exhous_real_w99
  mean_h_p       0.3019     0.3073     -1.8%   (wh_mom + wh_dad)/2 / 112
  mean_t_p_early     0.4548     0.4544      0.1%   par_time_tot / 112, child ages 1-9
  mean_t_p_late     0.3334     0.3333      0.0%   par_time_tot / 112, child ages 10-17
  mean_e_p_early     0.3432     0.3429      0.1%   m_method2_final_w99, child ages 1-9
  mean_e_p_late     0.3913     0.3911      0.1%   m_method2_final_w99, child ages 10-17
  mean_i_c_early     0.0393     0.0393     -0.1%   study_hrs / 112 (own study only), child ages 6-9
  mean_i_c_late     0.0496     0.0496      0.0%   study_hrs / 112 (own study only), child ages 10-17
  mean_hc_early     6.0745     6.0737      0.1%   x_gach (log PCA composite), child ages 3-9
  mean_hc_late     6.2543     6.2589     -0.5%   x_gach (log PCA composite), child ages 12-17
  Q                                  0.0016    (gap % is in LEVELS for log moments)

  c_p           32281 USD/yr  vs data 31155
  h_p            33.8 hrs/wk  vs data 34.4
  t_p  1-9       50.9 hrs/wk  vs data 50.9
  t_p 10-17      37.3 hrs/wk  vs data 37.3
  e_p  1-9       3432 USD/yr  vs data 3429
  e_p 10-17      3913 USD/yr  vs data 3911

  t_p late/early  model 0.73x  vs data 0.73x
  e_p late/early  model 1.14x  vs data 1.14x
  l_p (residual)  model 33.6 hrs/wk  vs 33.1 implied by the h_p/t_p targets
                  (measured leisure is 59.2 hrs/wk -- par_time_tot overlaps it)

Untargeted -- does the fit stay believable?
--------------------------------------------------------------
  after-tax income        4.6224  (46224 USD/yr)
  implied saving rate       31.2%
  terminal assets        37.6030  (376030 USD)
  leisure l_p             0.3004  (33.6 hrs/wk)
  invalid sim cells            0
  assets above a_max=100  max 93.8  (households: 0 ever (0.00%), 0 at t=1, 0 at handoff)
  HC in [50, 1500]      range 297.7 - 551.2  (households: 0 ever above, 0 ever below, 0 above at handoff)
  every simulated state is inside both grids

all parameters interior to their boxes

acceptance -- about the RETAINED WINNER, not about the other restarts
  winner came from        polish
  its own return code     FTOL_REACHED  (converged)  yes
  refinement              skipped (ret NOT_RUN, 0 evals)  yes
  no objective exceptions yes  (0)
  final sim in domain     yes  (0 invalid cells)
  no parameter on a bound yes  (all interior)
  objective finite        yes  (Q = 0.00163893)
  (for context: 1 of 5 restarts converged, 4 hit a budget, 0 other)
  ACCEPTED -- this point may be quoted, with the caveats in docs/SMM.md

wrote output/smm_runs/2026-09-09_123333/run_record.toml
wrote output/smm_runs/2026-09-09_123333/restarts.csv
wrote output/smm_runs/2026-09-09_123333/estimates.toml
wrote output/smm_runs/2026-09-09_123333/run.log
